solid OpenSCAD_Model
  facet normal -1 0 0
    outer loop
      vertex 0 0.5880012512207031 10
      vertex 0 0 8
      vertex 0 0 17.5
    endloop
  endfacet
  facet normal -1 0 0
    outer loop
      vertex 0 0.5880012512207031 10
      vertex 0 54 10
      vertex 0 0 8
    endloop
  endfacet
  facet normal 0 -1 0
    outer loop
      vertex 0 0 17.5
      vertex 0 0 8
      vertex 68 0 8
    endloop
  endfacet
  facet normal -1 0 0
    outer loop
      vertex 0 0.5880012512207031 10
      vertex 0 0 17.5
      vertex 0 0.5880012512207031 17.5
    endloop
  endfacet
  facet normal 0 0 1
    outer loop
      vertex 12.157999992370605 2.227001190185547 17.5
      vertex 14.055000305175781 2.0410003662109375 17.5
      vertex 11.970999717712402 2.4550018310546875 17.5
    endloop
  endfacet
  facet normal 0 0 1
    outer loop
      vertex 11.970999717712402 2.4550018310546875 17.5
      vertex 14.055000305175781 2.0410003662109375 17.5
      vertex 11.833000183105469 2.7150001525878906 17.5
    endloop
  endfacet
  facet normal 0 0 1
    outer loop
      vertex 11.746999740600586 2.9970016479492188 17.5
      vertex 14.694000244140625 2.9970016479492188 17.5
      vertex 11.718000411987305 3.2900009155273438 17.5
    endloop
  endfacet
  facet normal 0 0 1
    outer loop
      vertex 11.718000411987305 3.2900009155273438 17.5
      vertex 14.694000244140625 2.9970016479492188 17.5
      vertex 11.746999740600586 3.5830001831054688 17.5
    endloop
  endfacet
  facet normal 0 0 1
    outer loop
      vertex 11.784815788269043 3.707000732421875 17.5
      vertex 11.986000061035156 4.143209457397461 17.5
      vertex 11.833000183105469 3.864999771118164 17.5
    endloop
  endfacet
  facet normal 0 0 1
    outer loop
      vertex 11.833000183105469 3.864999771118164 17.5
      vertex 11.986000061035156 4.143209457397461 17.5
      vertex 11.970999717712402 4.125 17.5
    endloop
  endfacet
  facet normal 0 0 1
    outer loop
      vertex 11.784815788269043 3.707000732421875 17.5
      vertex 12.157999992370605 4.351999282836914 17.5
      vertex 11.986000061035156 4.143209457397461 17.5
    endloop
  endfacet
  facet normal 0 0 1
    outer loop
      vertex 11.784815788269043 3.707000732421875 17.5
      vertex 12.38599967956543 4.538999557495117 17.5
      vertex 12.157999992370605 4.351999282836914 17.5
    endloop
  endfacet
  facet normal 0 0 1
    outer loop
      vertex 11.746999740600586 3.5830001831054688 17.5
      vertex 14.694000244140625 2.9970016479492188 17.5
      vertex 11.784815788269043 3.707000732421875 17.5
    endloop
  endfacet
  facet normal 0 0 1
    outer loop
      vertex 11.784815788269043 3.707000732421875 17.5
      vertex 12.645999908447266 4.677999496459961 17.5
      vertex 12.38599967956543 4.538999557495117 17.5
    endloop
  endfacet
  facet normal 0 0 1
    outer loop
      vertex 11.784815788269043 3.707000732421875 17.5
      vertex 12.928000450134277 4.763999938964844 17.5
      vertex 12.645999908447266 4.677999496459961 17.5
    endloop
  endfacet
  facet normal 0 0 1
    outer loop
      vertex 11.784815788269043 3.707000732421875 17.5
      vertex 13.220999717712402 4.791999816894531 17.5
      vertex 12.928000450134277 4.763999938964844 17.5
    endloop
  endfacet
  facet normal 0 0 1
    outer loop
      vertex 12.157999992370605 2.227001190185547 17.5
      vertex 12.38599967956543 2.0410003662109375 17.5
      vertex 14.055000305175781 2.0410003662109375 17.5
    endloop
  endfacet
  facet normal 0 0 1
    outer loop
      vertex 12.645999908447266 1.9020004272460938 17.5
      vertex 12.928000450134277 1.8160018920898438 17.5
      vertex 13.795999526977539 1.9020004272460938 17.5
    endloop
  endfacet
  facet normal 0 0 1
    outer loop
      vertex 12.38599967956543 2.0410003662109375 17.5
      vertex 12.645999908447266 1.9020004272460938 17.5
      vertex 14.055000305175781 2.0410003662109375 17.5
    endloop
  endfacet
  facet normal 0 0 1
    outer loop
      vertex 12.928000450134277 1.8160018920898438 17.5
      vertex 13.220999717712402 1.7869987487792969 17.5
      vertex 13.795999526977539 1.9020004272460938 17.5
    endloop
  endfacet
  facet normal 0 0 1
    outer loop
      vertex 13.220999717712402 1.7869987487792969 17.5
      vertex 13.513999938964844 1.8160018920898438 17.5
      vertex 13.795999526977539 1.9020004272460938 17.5
    endloop
  endfacet
  facet normal 0 0 1
    outer loop
      vertex 12.645999908447266 1.9020004272460938 17.5
      vertex 13.795999526977539 1.9020004272460938 17.5
      vertex 14.055000305175781 2.0410003662109375 17.5
    endloop
  endfacet
  facet normal 0 0 1
    outer loop
      vertex 11.833000183105469 2.7150001525878906 17.5
      vertex 14.055000305175781 2.0410003662109375 17.5
      vertex 14.282999992370605 2.227001190185547 17.5
    endloop
  endfacet
  facet normal 0 0 1
    outer loop
      vertex 11.833000183105469 2.7150001525878906 17.5
      vertex 14.282999992370605 2.227001190185547 17.5
      vertex 14.470000267028809 2.4550018310546875 17.5
    endloop
  endfacet
  facet normal 0 0 1
    outer loop
      vertex 11.833000183105469 2.7150001525878906 17.5
      vertex 14.694000244140625 2.9970016479492188 17.5
      vertex 11.746999740600586 2.9970016479492188 17.5
    endloop
  endfacet
  facet normal 0 0 1
    outer loop
      vertex 11.833000183105469 2.7150001525878906 17.5
      vertex 14.470000267028809 2.4550018310546875 17.5
      vertex 14.609000205993652 2.7150001525878906 17.5
    endloop
  endfacet
  facet normal 0 0 1
    outer loop
      vertex 11.833000183105469 2.7150001525878906 17.5
      vertex 14.609000205993652 2.7150001525878906 17.5
      vertex 14.694000244140625 2.9970016479492188 17.5
    endloop
  endfacet
  facet normal 0 0 1
    outer loop
      vertex 11.784815788269043 3.707000732421875 17.5
      vertex 14.694000244140625 2.9970016479492188 17.5
      vertex 14.722999572753906 3.2900009155273438 17.5
    endloop
  endfacet
  facet normal 0 0 1
    outer loop
      vertex 11.784815788269043 3.707000732421875 17.5
      vertex 14.722999572753906 3.2900009155273438 17.5
      vertex 14.694000244140625 3.5830001831054688 17.5
    endloop
  endfacet
  facet normal 0 0 1
    outer loop
      vertex 11.784815788269043 3.707000732421875 17.5
      vertex 14.694000244140625 3.5830001831054688 17.5
      vertex 14.609000205993652 3.864999771118164 17.5
    endloop
  endfacet
  facet normal 0 0 1
    outer loop
      vertex 11.784815788269043 3.707000732421875 17.5
      vertex 14.282999992370605 4.351999282836914 17.5
      vertex 14.055000305175781 4.538999557495117 17.5
    endloop
  endfacet
  facet normal 0 0 1
    outer loop
      vertex 11.784815788269043 3.707000732421875 17.5
      vertex 14.470000267028809 4.125 17.5
      vertex 14.282999992370605 4.351999282836914 17.5
    endloop
  endfacet
  facet normal 0 0 1
    outer loop
      vertex 11.784815788269043 3.707000732421875 17.5
      vertex 14.609000205993652 3.864999771118164 17.5
      vertex 14.470000267028809 4.125 17.5
    endloop
  endfacet
  facet normal 0 0 1
    outer loop
      vertex 11.784815788269043 3.707000732421875 17.5
      vertex 13.513999938964844 4.763999938964844 17.5
      vertex 13.220999717712402 4.791999816894531 17.5
    endloop
  endfacet
  facet normal 0 0 1
    outer loop
      vertex 11.784815788269043 3.707000732421875 17.5
      vertex 13.795999526977539 4.677999496459961 17.5
      vertex 13.513999938964844 4.763999938964844 17.5
    endloop
  endfacet
  facet normal 0 0 1
    outer loop
      vertex 11.784815788269043 3.707000732421875 17.5
      vertex 14.055000305175781 4.538999557495117 17.5
      vertex 13.795999526977539 4.677999496459961 17.5
    endloop
  endfacet
  facet normal 0 0 1
    outer loop
      vertex 0 0 17.5
      vertex 68 0 17.5
      vertex 0 0.5880012512207031 17.5
    endloop
  endfacet
  facet normal -1 0 0
    outer loop
      vertex 0 54 10
      vertex 0 54 8
      vertex 0 0 8
    endloop
  endfacet
  facet normal 0 1 0
    outer loop
      vertex 0 54 10
      vertex 12.847999572753906 54 10
      vertex 0 54 8
    endloop
  endfacet
  facet normal 0 1 0
    outer loop
      vertex 12.847999572753906 54 10
      vertex 30.919000148773193 54 10
      vertex 0 54 8
    endloop
  endfacet
  facet normal 0 1 0
    outer loop
      vertex 30.919000148773193 54 10
      vertex 65.46200180053711 54 10
      vertex 0 54 8
    endloop
  endfacet
  facet normal 0 0 1
    outer loop
      vertex 13.515999794006348 50.25100040435791 17.5
      vertex 12.963000297546387 50.92500019073486 17.5
      vertex 13.10200023651123 50.66499996185303 17.5
    endloop
  endfacet
  facet normal 0 0 1
    outer loop
      vertex 13.515999794006348 50.25100040435791 17.5
      vertex 13.10200023651123 50.66499996185303 17.5
      vertex 13.288000106811523 50.4370002746582 17.5
    endloop
  endfacet
  facet normal 0 0 1
    outer loop
      vertex 13.776000022888184 50.112000465393066 17.5
      vertex 12.963000297546387 50.92500019073486 17.5
      vertex 13.515999794006348 50.25100040435791 17.5
    endloop
  endfacet
  facet normal 0 0 1
    outer loop
      vertex 13.776000022888184 50.112000465393066 17.5
      vertex 12.876999855041504 51.207000732421875 17.5
      vertex 12.963000297546387 50.92500019073486 17.5
    endloop
  endfacet
  facet normal 0 0 1
    outer loop
      vertex 13.776000022888184 50.112000465393066 17.5
      vertex 12.847999572753906 51.5 17.5
      vertex 12.876999855041504 51.207000732421875 17.5
    endloop
  endfacet
  facet normal 0 0 1
    outer loop
      vertex 13.776000022888184 50.112000465393066 17.5
      vertex 12.876999855041504 51.792999267578125 17.5
      vertex 12.847999572753906 51.5 17.5
    endloop
  endfacet
  facet normal 0 0 1
    outer loop
      vertex 13.776000022888184 50.112000465393066 17.5
      vertex 12.963000297546387 52.07500076293945 17.5
      vertex 12.876999855041504 51.792999267578125 17.5
    endloop
  endfacet
  facet normal 0 0 1
    outer loop
      vertex 13.776000022888184 50.112000465393066 17.5
      vertex 13.10200023651123 52.334999084472656 17.5
      vertex 12.963000297546387 52.07500076293945 17.5
    endloop
  endfacet
  facet normal 0 0 1
    outer loop
      vertex 13.776000022888184 50.112000465393066 17.5
      vertex 13.288000106811523 52.5620002746582 17.5
      vertex 13.10200023651123 52.334999084472656 17.5
    endloop
  endfacet
  facet normal 0 0 1
    outer loop
      vertex 13.776000022888184 50.112000465393066 17.5
      vertex 13.515999794006348 52.749000549316406 17.5
      vertex 13.288000106811523 52.5620002746582 17.5
    endloop
  endfacet
  facet normal 0 0 1
    outer loop
      vertex 13.776000022888184 50.112000465393066 17.5
      vertex 13.776000022888184 52.88800048828125 17.5
      vertex 13.515999794006348 52.749000549316406 17.5
    endloop
  endfacet
  facet normal 0 0 1
    outer loop
      vertex 13.776000022888184 50.112000465393066 17.5
      vertex 14.057999610900879 50.026000022888184 17.5
      vertex 14.35099983215332 53.00200080871582 17.5
    endloop
  endfacet
  facet normal 0 0 1
    outer loop
      vertex 14.057999610900879 50.026000022888184 17.5
      vertex 14.35099983215332 49.996999740600586 17.5
      vertex 14.35099983215332 53.00200080871582 17.5
    endloop
  endfacet
  facet normal 0 0 1
    outer loop
      vertex 14.35099983215332 49.996999740600586 17.5
      vertex 14.644000053405762 50.026000022888184 17.5
      vertex 14.35099983215332 53.00200080871582 17.5
    endloop
  endfacet
  facet normal 0 0 1
    outer loop
      vertex 14.644000053405762 50.026000022888184 17.5
      vertex 14.925999641418457 50.112000465393066 17.5
      vertex 14.35099983215332 53.00200080871582 17.5
    endloop
  endfacet
  facet normal 0 0 1
    outer loop
      vertex 14.925999641418457 50.112000465393066 17.5
      vertex 15.185999870300293 50.25100040435791 17.5
      vertex 14.35099983215332 53.00200080871582 17.5
    endloop
  endfacet
  facet normal 0 0 1
    outer loop
      vertex 13.776000022888184 50.112000465393066 17.5
      vertex 14.057999610900879 52.97400093078613 17.5
      vertex 13.776000022888184 52.88800048828125 17.5
    endloop
  endfacet
  facet normal 0 0 1
    outer loop
      vertex 13.776000022888184 50.112000465393066 17.5
      vertex 14.35099983215332 53.00200080871582 17.5
      vertex 14.057999610900879 52.97400093078613 17.5
    endloop
  endfacet
  facet normal 0 0 1
    outer loop
      vertex 15.185999870300293 50.25100040435791 17.5
      vertex 15.413000106811523 50.4370002746582 17.5
      vertex 14.35099983215332 53.00200080871582 17.5
    endloop
  endfacet
  facet normal 0 0 1
    outer loop
      vertex 15.413000106811523 50.4370002746582 17.5
      vertex 15.600000381469727 50.66499996185303 17.5
      vertex 14.35099983215332 53.00200080871582 17.5
    endloop
  endfacet
  facet normal 0 0 1
    outer loop
      vertex 14.35099983215332 53.00200080871582 17.5
      vertex 15.600000381469727 50.66499996185303 17.5
      vertex 15.73900032043457 50.92500019073486 17.5
    endloop
  endfacet
  facet normal 0 0 1
    outer loop
      vertex 14.35099983215332 53.00200080871582 17.5
      vertex 15.73900032043457 50.92500019073486 17.5
      vertex 15.824000358581543 51.207000732421875 17.5
    endloop
  endfacet
  facet normal 0 0 1
    outer loop
      vertex 15.824000358581543 51.207000732421875 17.5
      vertex 15.852999687194824 51.5 17.5
      vertex 14.925999641418457 52.88800048828125 17.5
    endloop
  endfacet
  facet normal 0 0 1
    outer loop
      vertex 15.852999687194824 51.5 17.5
      vertex 15.413000106811523 52.5620002746582 17.5
      vertex 15.185999870300293 52.749000549316406 17.5
    endloop
  endfacet
  facet normal 0 0 1
    outer loop
      vertex 15.824000358581543 51.792999267578125 17.5
      vertex 15.600000381469727 52.334999084472656 17.5
      vertex 15.413000106811523 52.5620002746582 17.5
    endloop
  endfacet
  facet normal 0 0 1
    outer loop
      vertex 15.852999687194824 51.5 17.5
      vertex 15.824000358581543 51.792999267578125 17.5
      vertex 15.413000106811523 52.5620002746582 17.5
    endloop
  endfacet
  facet normal 0 0 1
    outer loop
      vertex 15.824000358581543 51.792999267578125 17.5
      vertex 15.73900032043457 52.07500076293945 17.5
      vertex 15.600000381469727 52.334999084472656 17.5
    endloop
  endfacet
  facet normal 0 0 1
    outer loop
      vertex 14.35099983215332 53.00200080871582 17.5
      vertex 15.824000358581543 51.207000732421875 17.5
      vertex 14.644000053405762 52.97400093078613 17.5
    endloop
  endfacet
  facet normal 0 0 1
    outer loop
      vertex 14.644000053405762 52.97400093078613 17.5
      vertex 15.824000358581543 51.207000732421875 17.5
      vertex 14.925999641418457 52.88800048828125 17.5
    endloop
  endfacet
  facet normal 0 0 1
    outer loop
      vertex 15.852999687194824 51.5 17.5
      vertex 15.185999870300293 52.749000549316406 17.5
      vertex 14.925999641418457 52.88800048828125 17.5
    endloop
  endfacet
  facet normal 0 0 1
    outer loop
      vertex 32.17799997329712 37.07100009918213 17.5
      vertex 32.664000034332275 36.83500003814697 17.5
      vertex 32.17999982833862 37.07299995422363 17.5
    endloop
  endfacet
  facet normal 0 0 1
    outer loop
      vertex 32.17999982833862 37.07299995422363 17.5
      vertex 32.664000034332275 36.83500003814697 17.5
      vertex 32.66599988937378 36.837000012397766 17.5
    endloop
  endfacet
  facet normal 0 0 1
    outer loop
      vertex 32.664000034332275 36.83500003814697 17.5
      vertex 33.20199966430664 36.687000036239624 17.5
      vertex 32.66599988937378 36.837000012397766 17.5
    endloop
  endfacet
  facet normal 0 0 1
    outer loop
      vertex 33.20300006866455 36.69000005722046 17.5
      vertex 33.20199966430664 36.687000036239624 17.5
      vertex 33.77799987792969 36.63699996471405 17.5
    endloop
  endfacet
  facet normal 0 0 1
    outer loop
      vertex 32.66599988937378 36.837000012397766 17.5
      vertex 33.20199966430664 36.687000036239624 17.5
      vertex 33.20300006866455 36.69000005722046 17.5
    endloop
  endfacet
  facet normal 0 0 1
    outer loop
      vertex 33.20300006866455 36.69000005722046 17.5
      vertex 33.77799987792969 36.63699996471405 17.5
      vertex 33.77999973297119 36.63900005817413 17.5
    endloop
  endfacet
  facet normal 0 0 1
    outer loop
      vertex 33.77999973297119 36.63900005817413 17.5
      vertex 33.77799987792969 36.63699996471405 17.5
      vertex 34.35900020599365 36.69200003147125 17.5
    endloop
  endfacet
  facet normal 0 0 1
    outer loop
      vertex 31.40500020980835 37.78200006484985 17.5
      vertex 31.407000064849854 37.782999992370605 17.5
      vertex 31.14400005340576 38.242000102996826 17.5
    endloop
  endfacet
  facet normal 0 0 1
    outer loop
      vertex 31.755000114440918 37.390000104904175 17.5
      vertex 31.756999969482422 37.39100003242493 17.5
      vertex 31.407000064849854 37.782999992370605 17.5
    endloop
  endfacet
  facet normal 0 0 1
    outer loop
      vertex 31.755000114440918 37.390000104904175 17.5
      vertex 31.407000064849854 37.782999992370605 17.5
      vertex 31.40500020980835 37.78200006484985 17.5
    endloop
  endfacet
  facet normal 0 0 1
    outer loop
      vertex 31.40500020980835 37.78200006484985 17.5
      vertex 31.14400005340576 38.242000102996826 17.5
      vertex 31.140999794006348 38.240999937057495 17.5
    endloop
  endfacet
  facet normal 0 0 1
    outer loop
      vertex 31.140999794006348 38.240999937057495 17.5
      vertex 31.14400005340576 38.242000102996826 17.5
      vertex 31.04699993133545 38.49399995803833 17.5
    endloop
  endfacet
  facet normal 0 0 1
    outer loop
      vertex 31.140999794006348 38.240999937057495 17.5
      vertex 31.04699993133545 38.49399995803833 17.5
      vertex 31.045000076293945 38.49300003051758 17.5
    endloop
  endfacet
  facet normal 0 0 1
    outer loop
      vertex 31.045000076293945 38.49300003051758 17.5
      vertex 31.04699993133545 38.49399995803833 17.5
      vertex 30.973999977111816 38.759000062942505 17.5
    endloop
  endfacet
  facet normal 0 0 1
    outer loop
      vertex 31.04699993133545 38.49399995803833 17.5
      vertex 30.97700023651123 38.759000062942505 17.5
      vertex 30.973999977111816 38.759000062942505 17.5
    endloop
  endfacet
  facet normal 0 0 1
    outer loop
      vertex 30.973999977111816 38.759000062942505 17.5
      vertex 30.97700023651123 38.759000062942505 17.5
      vertex 30.93400001525879 39.03800010681152 17.5
    endloop
  endfacet
  facet normal 0 0 1
    outer loop
      vertex 30.973999977111816 38.759000062942505 17.5
      vertex 30.93400001525879 39.03800010681152 17.5
      vertex 30.931000232696533 39.03800010681152 17.5
    endloop
  endfacet
  facet normal 0 0 1
    outer loop
      vertex 30.931000232696533 39.03800010681152 17.5
      vertex 30.93400001525879 39.03800010681152 17.5
      vertex 30.919000148773193 39.3289999961853 17.5
    endloop
  endfacet
  facet normal 0 0 1
    outer loop
      vertex 30.931000232696533 39.03800010681152 17.5
      vertex 30.919000148773193 39.3289999961853 17.5
      vertex 30.91599988937378 39.3289999961853 17.5
    endloop
  endfacet
  facet normal 0 0 1
    outer loop
      vertex 30.91599988937378 39.3289999961853 17.5
      vertex 30.919000148773193 39.3289999961853 17.5
      vertex 30.932000160217285 39.61899995803833 17.5
    endloop
  endfacet
  facet normal 0 0 1
    outer loop
      vertex 30.919000148773193 39.3289999961853 17.5
      vertex 30.93400001525879 39.61899995803833 17.5
      vertex 30.932000160217285 39.61899995803833 17.5
    endloop
  endfacet
  facet normal 0 0 1
    outer loop
      vertex 30.932000160217285 39.61899995803833 17.5
      vertex 30.93400001525879 39.61899995803833 17.5
      vertex 30.97700023651123 39.89799976348877 17.5
    endloop
  endfacet
  facet normal 0 0 1
    outer loop
      vertex 30.93400001525879 39.61899995803833 17.5
      vertex 30.979000091552734 39.89799976348877 17.5
      vertex 30.97700023651123 39.89799976348877 17.5
    endloop
  endfacet
  facet normal 0 0 1
    outer loop
      vertex 30.97700023651123 39.89799976348877 17.5
      vertex 30.979000091552734 39.89799976348877 17.5
      vertex 31.050000190734863 40.164000034332275 17.5
    endloop
  endfacet
  facet normal 0 0 1
    outer loop
      vertex 30.979000091552734 39.89799976348877 17.5
      vertex 31.05299997329712 40.16300010681152 17.5
      vertex 31.050000190734863 40.164000034332275 17.5
    endloop
  endfacet
  facet normal 0 0 1
    outer loop
      vertex 31.050000190734863 40.164000034332275 17.5
      vertex 31.05299997329712 40.16300010681152 17.5
      vertex 31.15000009536743 40.41599988937378 17.5
    endloop
  endfacet
  facet normal 0 0 1
    outer loop
      vertex 31.05299997329712 40.16300010681152 17.5
      vertex 31.151999950408936 40.41499996185303 17.5
      vertex 31.15000009536743 40.41599988937378 17.5
    endloop
  endfacet
  facet normal 0 0 1
    outer loop
      vertex 32.17799997329712 37.07100009918213 17.5
      vertex 31.756999969482422 37.39100003242493 17.5
      vertex 31.755000114440918 37.390000104904175 17.5
    endloop
  endfacet
  facet normal 0 0 1
    outer loop
      vertex 32.17799997329712 37.07100009918213 17.5
      vertex 32.17999982833862 37.07299995422363 17.5
      vertex 31.756999969482422 37.39100003242493 17.5
    endloop
  endfacet
  facet normal 0 0 1
    outer loop
      vertex 32.870999813079834 39.20100021362305 17.5
      vertex 32.86899995803833 39.63199996948242 17.5
      vertex 32.86899995803833 39.19999980926514 17.5
    endloop
  endfacet
  facet normal 0 0 1
    outer loop
      vertex 32.870999813079834 39.20100021362305 17.5
      vertex 32.870999813079834 39.63199996948242 17.5
      vertex 32.86899995803833 39.63199996948242 17.5
    endloop
  endfacet
  facet normal 0 0 1
    outer loop
      vertex 32.870999813079834 39.20100021362305 17.5
      vertex 32.86899995803833 39.19999980926514 17.5
      vertex 34.805999755859375 39.19999980926514 17.5
    endloop
  endfacet
  facet normal 0 0 1
    outer loop
      vertex 31.15000009536743 40.41599988937378 17.5
      vertex 31.151999950408936 40.41499996185303 17.5
      vertex 31.4229998588562 40.875 17.5
    endloop
  endfacet
  facet normal 0 0 1
    outer loop
      vertex 31.151999950408936 40.41499996185303 17.5
      vertex 31.425000190734863 40.87400007247925 17.5
      vertex 31.4229998588562 40.875 17.5
    endloop
  endfacet
  facet normal 0 0 1
    outer loop
      vertex 31.4229998588562 40.875 17.5
      vertex 31.425000190734863 40.87400007247925 17.5
      vertex 31.782999992370605 41.26800012588501 17.5
    endloop
  endfacet
  facet normal 0 0 1
    outer loop
      vertex 31.425000190734863 40.87400007247925 17.5
      vertex 31.78499984741211 41.26599979400635 17.5
      vertex 31.782999992370605 41.26800012588501 17.5
    endloop
  endfacet
  facet normal 0 0 1
    outer loop
      vertex 31.782999992370605 41.26800012588501 17.5
      vertex 31.78499984741211 41.26599979400635 17.5
      vertex 32.217000007629395 41.585999965667725 17.5
    endloop
  endfacet
  facet normal 0 0 1
    outer loop
      vertex 31.78499984741211 41.26599979400635 17.5
      vertex 32.2189998626709 41.58400011062622 17.5
      vertex 32.217000007629395 41.585999965667725 17.5
    endloop
  endfacet
  facet normal 0 0 1
    outer loop
      vertex 32.217000007629395 41.585999965667725 17.5
      vertex 32.2189998626709 41.58400011062622 17.5
      vertex 32.71299982070923 41.82200002670288 17.5
    endloop
  endfacet
  facet normal 0 0 1
    outer loop
      vertex 32.2189998626709 41.58400011062622 17.5
      vertex 32.71400022506714 41.82000017166138 17.5
      vertex 32.71299982070923 41.82200002670288 17.5
    endloop
  endfacet
  facet normal 0 0 1
    outer loop
      vertex 32.71299982070923 41.82200002670288 17.5
      vertex 32.71400022506714 41.82000017166138 17.5
      vertex 33.25599956512451 41.96999979019165 17.5
    endloop
  endfacet
  facet normal 0 0 1
    outer loop
      vertex 32.71400022506714 41.82000017166138 17.5
      vertex 33.25800037384033 41.967000007629395 17.5
      vertex 33.25599956512451 41.96999979019165 17.5
    endloop
  endfacet
  facet normal 0 0 1
    outer loop
      vertex 33.25599956512451 41.96999979019165 17.5
      vertex 33.25800037384033 41.967000007629395 17.5
      vertex 33.83600044250488 42.019999980926514 17.5
    endloop
  endfacet
  facet normal 0 0 1
    outer loop
      vertex 33.25800037384033 41.967000007629395 17.5
      vertex 33.83699989318848 42.01800012588501 17.5
      vertex 33.83600044250488 42.019999980926514 17.5
    endloop
  endfacet
  facet normal 1 0 0
    outer loop
      vertex 68 5.613492965698242 10
      vertex 68 0 17.5
      vertex 68 0 8
    endloop
  endfacet
  facet normal 1 0 0
    outer loop
      vertex 68 5.613492965698242 10
      vertex 68 0 8
      vertex 68 54 8
    endloop
  endfacet
  facet normal 0 -1 0
    outer loop
      vertex 0 0 17.5
      vertex 68 0 8
      vertex 68 0 17.5
    endloop
  endfacet
  facet normal 0 0 1
    outer loop
      vertex 0 0.5880012512207031 17.5
      vertex 68 0 17.5
      vertex 65.45999908447266 0.5880012512207031 17.5
    endloop
  endfacet
  facet normal 1 0 0
    outer loop
      vertex 68 5.613492965698242 10
      vertex 68 5.613492965698242 17.5
      vertex 68 0 17.5
    endloop
  endfacet
  facet normal 0 0 1
    outer loop
      vertex 65.45999908447266 0.5880012512207031 17.5
      vertex 65.51202011108398 3.0219993591308594 17.5
      vertex 65.45999908447266 3.0219993591308594 17.5
    endloop
  endfacet
  facet normal 0 0 1
    outer loop
      vertex 65.45999908447266 0.5880012512207031 17.5
      vertex 68 0 17.5
      vertex 65.51202011108398 3.0219993591308594 17.5
    endloop
  endfacet
  facet normal 0 0 1
    outer loop
      vertex 65.51202011108398 3.0219993591308594 17.5
      vertex 68 0 17.5
      vertex 68 5.613492965698242 17.5
    endloop
  endfacet
  facet normal 0 0 1
    outer loop
      vertex 65.45999908447266 3.0739994049072266 17.5
      vertex 65.51202011108398 3.0219993591308594 17.5
      vertex 68 5.613492965698242 17.5
    endloop
  endfacet
  facet normal 0 0 1
    outer loop
      vertex 64.26800155639648 7.496999740600586 17.5
      vertex 65.33100128173828 10.062000274658203 17.5
      vertex 64.08100128173828 7.725000381469727 17.5
    endloop
  endfacet
  facet normal 0 0 1
    outer loop
      vertex 64.26800155639648 7.496999740600586 17.5
      vertex 64.49599838256836 7.311000823974609 17.5
      vertex 65.33100128173828 10.062000274658203 17.5
    endloop
  endfacet
  facet normal 0 0 1
    outer loop
      vertex 64.49599838256836 7.311000823974609 17.5
      vertex 64.75600051879883 7.172000885009766 17.5
      vertex 65.33100128173828 10.062000274658203 17.5
    endloop
  endfacet
  facet normal 0 0 1
    outer loop
      vertex 64.75600051879883 7.172000885009766 17.5
      vertex 65.03799819946289 7.086000442504883 17.5
      vertex 65.33100128173828 10.062000274658203 17.5
    endloop
  endfacet
  facet normal 0 0 1
    outer loop
      vertex 65.03799819946289 7.086000442504883 17.5
      vertex 65.33100128173828 7.056999206542969 17.5
      vertex 65.33100128173828 10.062000274658203 17.5
    endloop
  endfacet
  facet normal 0 0 1
    outer loop
      vertex 65.33100128173828 7.056999206542969 17.5
      vertex 65.6240005493164 7.086000442504883 17.5
      vertex 65.33100128173828 10.062000274658203 17.5
    endloop
  endfacet
  facet normal 0 0 1
    outer loop
      vertex 65.6240005493164 7.086000442504883 17.5
      vertex 65.90599822998047 7.172000885009766 17.5
      vertex 65.33100128173828 10.062000274658203 17.5
    endloop
  endfacet
  facet normal 0 0 1
    outer loop
      vertex 65.33100128173828 10.062000274658203 17.5
      vertex 65.90599822998047 7.172000885009766 17.5
      vertex 66.16500091552734 7.311000823974609 17.5
    endloop
  endfacet
  facet normal 0 0 1
    outer loop
      vertex 63.94300079345703 7.9850006103515625 17.5
      vertex 64.08100128173828 7.725000381469727 17.5
      vertex 65.33100128173828 10.062000274658203 17.5
    endloop
  endfacet
  facet normal 0 0 1
    outer loop
      vertex 63.94300079345703 7.9850006103515625 17.5
      vertex 65.33100128173828 10.062000274658203 17.5
      vertex 63.856998443603516 8.267000198364258 17.5
    endloop
  endfacet
  facet normal 0 0 1
    outer loop
      vertex 63.856998443603516 8.267000198364258 17.5
      vertex 65.33100128173828 10.062000274658203 17.5
      vertex 63.827999114990234 8.559999465942383 17.5
    endloop
  endfacet
  facet normal 0 0 1
    outer loop
      vertex 63.827999114990234 8.559999465942383 17.5
      vertex 65.33100128173828 10.062000274658203 17.5
      vertex 63.856998443603516 8.85300064086914 17.5
    endloop
  endfacet
  facet normal 0 0 1
    outer loop
      vertex 63.94300079345703 9.135000228881836 17.5
      vertex 64.26800155639648 9.621999740600586 17.5
      vertex 64.08100128173828 9.395000457763672 17.5
    endloop
  endfacet
  facet normal 0 0 1
    outer loop
      vertex 63.94300079345703 9.135000228881836 17.5
      vertex 64.49599838256836 9.809000015258789 17.5
      vertex 64.26800155639648 9.621999740600586 17.5
    endloop
  endfacet
  facet normal 0 0 1
    outer loop
      vertex 63.856998443603516 8.85300064086914 17.5
      vertex 65.33100128173828 10.062000274658203 17.5
      vertex 63.94300079345703 9.135000228881836 17.5
    endloop
  endfacet
  facet normal 0 0 1
    outer loop
      vertex 63.94300079345703 9.135000228881836 17.5
      vertex 64.75600051879883 9.947999954223633 17.5
      vertex 64.49599838256836 9.809000015258789 17.5
    endloop
  endfacet
  facet normal 0 0 1
    outer loop
      vertex 63.94300079345703 9.135000228881836 17.5
      vertex 65.03799819946289 10.034000396728516 17.5
      vertex 64.75600051879883 9.947999954223633 17.5
    endloop
  endfacet
  facet normal 0 0 1
    outer loop
      vertex 63.94300079345703 9.135000228881836 17.5
      vertex 65.33100128173828 10.062000274658203 17.5
      vertex 65.03799819946289 10.034000396728516 17.5
    endloop
  endfacet
  facet normal 0 0 1
    outer loop
      vertex 65.33100128173828 10.062000274658203 17.5
      vertex 66.16500091552734 7.311000823974609 17.5
      vertex 66.39300155639648 7.496999740600586 17.5
    endloop
  endfacet
  facet normal 0 0 1
    outer loop
      vertex 65.33100128173828 10.062000274658203 17.5
      vertex 66.39300155639648 7.496999740600586 17.5
      vertex 66.58000183105469 7.725000381469727 17.5
    endloop
  endfacet
  facet normal 0 0 1
    outer loop
      vertex 65.33100128173828 10.062000274658203 17.5
      vertex 66.58000183105469 7.725000381469727 17.5
      vertex 66.71900177001953 7.9850006103515625 17.5
    endloop
  endfacet
  facet normal 0 0 1
    outer loop
      vertex 65.33100128173828 10.062000274658203 17.5
      vertex 66.71900177001953 7.9850006103515625 17.5
      vertex 66.80400085449219 8.267000198364258 17.5
    endloop
  endfacet
  facet normal 0 0 1
    outer loop
      vertex 66.80400085449219 8.267000198364258 17.5
      vertex 66.83300018310547 8.559999465942383 17.5
      vertex 66.16500091552734 9.809000015258789 17.5
    endloop
  endfacet
  facet normal 0 0 1
    outer loop
      vertex 66.83300018310547 8.559999465942383 17.5
      vertex 66.80400085449219 8.85300064086914 17.5
      vertex 66.16500091552734 9.809000015258789 17.5
    endloop
  endfacet
  facet normal 0 0 1
    outer loop
      vertex 66.80400085449219 8.85300064086914 17.5
      vertex 66.71900177001953 9.135000228881836 17.5
      vertex 66.58000183105469 9.395000457763672 17.5
    endloop
  endfacet
  facet normal 0 0 1
    outer loop
      vertex 65.33100128173828 10.062000274658203 17.5
      vertex 66.80400085449219 8.267000198364258 17.5
      vertex 65.6240005493164 10.034000396728516 17.5
    endloop
  endfacet
  facet normal 0 0 1
    outer loop
      vertex 65.6240005493164 10.034000396728516 17.5
      vertex 66.80400085449219 8.267000198364258 17.5
      vertex 65.90599822998047 9.947999954223633 17.5
    endloop
  endfacet
  facet normal 0 0 1
    outer loop
      vertex 66.80400085449219 8.267000198364258 17.5
      vertex 66.16500091552734 9.809000015258789 17.5
      vertex 65.90599822998047 9.947999954223633 17.5
    endloop
  endfacet
  facet normal 0 0 1
    outer loop
      vertex 66.80400085449219 8.85300064086914 17.5
      vertex 66.39300155639648 9.621999740600586 17.5
      vertex 66.16500091552734 9.809000015258789 17.5
    endloop
  endfacet
  facet normal 0 0 1
    outer loop
      vertex 66.80400085449219 8.85300064086914 17.5
      vertex 66.58000183105469 9.395000457763672 17.5
      vertex 66.39300155639648 9.621999740600586 17.5
    endloop
  endfacet
  facet normal 0 1 0
    outer loop
      vertex 65.46200180053711 54 10
      vertex 68 54 8
      vertex 0 54 8
    endloop
  endfacet
  facet normal 1 0 0
    outer loop
      vertex 68 5.613492965698242 10
      vertex 68 54 8
      vertex 68 38.56500005722046 10
    endloop
  endfacet
  facet normal 1 0 0
    outer loop
      vertex 68 38.56500005722046 10
      vertex 68 41.10300016403198 10
      vertex 68 38.56500005722046 17.5
    endloop
  endfacet
  facet normal 1 0 0
    outer loop
      vertex 68 38.56500005722046 10
      vertex 68 54 8
      vertex 68 41.10300016403198 10
    endloop
  endfacet
  facet normal 1 0 0
    outer loop
      vertex 68 41.104000091552734 10
      vertex 68 41.10300016403198 10
      vertex 68 54 8
    endloop
  endfacet
  facet normal 1 0 0
    outer loop
      vertex 68 41.104000091552734 10
      vertex 68 54 8
      vertex 68 54 17.5
    endloop
  endfacet
  facet normal 0 1 0
    outer loop
      vertex 65.46200180053711 54 10
      vertex 68 54 17.5
      vertex 68 54 8
    endloop
  endfacet
  facet normal 0 0 1
    outer loop
      vertex 33.77999973297119 36.63900005817413 17.5
      vertex 34.35900020599365 36.69200003147125 17.5
      vertex 34.359999656677246 36.69500005245209 17.5
    endloop
  endfacet
  facet normal 0 0 1
    outer loop
      vertex 34.359999656677246 36.69500005245209 17.5
      vertex 34.35900020599365 36.69200003147125 17.5
      vertex 34.90999984741211 36.85099995136261 17.5
    endloop
  endfacet
  facet normal 0 0 1
    outer loop
      vertex 34.359999656677246 36.69500005245209 17.5
      vertex 34.90999984741211 36.85099995136261 17.5
      vertex 34.90999984741211 36.85300004482269 17.5
    endloop
  endfacet
  facet normal 0 0 1
    outer loop
      vertex 34.90999984741211 36.85300004482269 17.5
      vertex 34.90999984741211 36.85099995136261 17.5
      vertex 35.42399978637695 37.1010000705719 17.5
    endloop
  endfacet
  facet normal 0 0 1
    outer loop
      vertex 34.90999984741211 36.85300004482269 17.5
      vertex 35.42399978637695 37.1010000705719 17.5
      vertex 35.42500019073486 37.1029999256134 17.5
    endloop
  endfacet
  facet normal 0 0 1
    outer loop
      vertex 38.04800033569336 37.111000061035156 17.5
      vertex 38.04800033569336 37.10899996757507 17.5
      vertex 38.54599952697754 36.860000014305115 17.5
    endloop
  endfacet
  facet normal 0 0 1
    outer loop
      vertex 35.42500019073486 37.1029999256134 17.5
      vertex 35.42399978637695 37.1010000705719 17.5
      vertex 35.89500045776367 37.431999921798706 17.5
    endloop
  endfacet
  facet normal 0 0 1
    outer loop
      vertex 35.42500019073486 37.1029999256134 17.5
      vertex 35.89500045776367 37.431999921798706 17.5
      vertex 35.895999908447266 37.43400001525879 17.5
    endloop
  endfacet
  facet normal 0 0 1
    outer loop
      vertex 35.895999908447266 37.43400001525879 17.5
      vertex 35.89500045776367 37.431999921798706 17.5
      vertex 36.31700038909912 37.83200001716614 17.5
    endloop
  endfacet
  facet normal 0 0 1
    outer loop
      vertex 35.46432876586914 38.40139174461365 17.5
      vertex 35.46500015258789 38.401999950408936 17.5
      vertex 35.70400047302246 38.687000036239624 17.5
    endloop
  endfacet
  facet normal 0 0 1
    outer loop
      vertex 32.870999813079834 39.20100021362305 17.5
      vertex 34.805999755859375 39.19999980926514 17.5
      vertex 34.805999755859375 39.20100021362305 17.5
    endloop
  endfacet
  facet normal 0 0 1
    outer loop
      vertex 35.70400047302246 38.687000036239624 17.5
      vertex 35.902000427246094 39.001999855041504 17.5
      vertex 35.901000022888184 39.001999855041504 17.5
    endloop
  endfacet
  facet normal 0 0 1
    outer loop
      vertex 35.901000022888184 39.001999855041504 17.5
      vertex 35.902000427246094 39.001999855041504 17.5
      vertex 36.05300045013428 39.33799982070923 17.5
    endloop
  endfacet
  facet normal 0 0 1
    outer loop
      vertex 36.05300045013428 39.33799982070923 17.5
      vertex 35.89299964904785 39.67399978637695 17.5
      vertex 35.89200019836426 39.67399978637695 17.5
    endloop
  endfacet
  facet normal 0 0 1
    outer loop
      vertex 35.694000244140625 39.98899984359741 17.5
      vertex 35.89200019836426 39.67399978637695 17.5
      vertex 35.89299964904785 39.67399978637695 17.5
    endloop
  endfacet
  facet normal 0 0 1
    outer loop
      vertex 35.895999908447266 37.43400001525879 17.5
      vertex 36.31700038909912 37.83200001716614 17.5
      vertex 36.31700038909912 37.83400011062622 17.5
    endloop
  endfacet
  facet normal 0 0 1
    outer loop
      vertex 36.31700038909912 37.83400011062622 17.5
      vertex 36.31700038909912 37.83200001716614 17.5
      vertex 36.680999755859375 38.289000034332275 17.5
    endloop
  endfacet
  facet normal 0 0 1
    outer loop
      vertex 36.31700038909912 37.83400011062622 17.5
      vertex 36.680999755859375 38.289000034332275 17.5
      vertex 36.680999755859375 38.28999996185303 17.5
    endloop
  endfacet
  facet normal 0 0 1
    outer loop
      vertex 36.680999755859375 38.28999996185303 17.5
      vertex 36.680999755859375 38.289000034332275 17.5
      vertex 36.757473945617676 38.4167959690094 17.5
    endloop
  endfacet
  facet normal 0 0 1
    outer loop
      vertex 36.829999923706055 38.29699993133545 17.5
      vertex 36.75747871398926 38.4175488948822 17.5
      vertex 36.757473945617676 38.4167959690094 17.5
    endloop
  endfacet
  facet normal 0 0 1
    outer loop
      vertex 36.680999755859375 38.28999996185303 17.5
      vertex 36.757473945617676 38.4167959690094 17.5
      vertex 36.75747871398926 38.4175488948822 17.5
    endloop
  endfacet
  facet normal 0 0 1
    outer loop
      vertex 36.829999923706055 38.2960000038147 17.5
      vertex 36.829999923706055 38.29699993133545 17.5
      vertex 36.757473945617676 38.4167959690094 17.5
    endloop
  endfacet
  facet normal 0 0 1
    outer loop
      vertex 37.18599987030029 37.84100008010864 17.5
      vertex 36.829999923706055 38.29699993133545 17.5
      vertex 36.829999923706055 38.2960000038147 17.5
    endloop
  endfacet
  facet normal 0 0 1
    outer loop
      vertex 37.18599987030029 37.83899998664856 17.5
      vertex 37.18599987030029 37.84100008010864 17.5
      vertex 36.829999923706055 38.2960000038147 17.5
    endloop
  endfacet
  facet normal 0 0 1
    outer loop
      vertex 37.18599987030029 37.83899998664856 17.5
      vertex 37.593000411987305 37.44099998474121 17.5
      vertex 37.18599987030029 37.84100008010864 17.5
    endloop
  endfacet
  facet normal 0 0 1
    outer loop
      vertex 37.18599987030029 37.83899998664856 17.5
      vertex 37.5939998626709 37.44000005722046 17.5
      vertex 37.593000411987305 37.44099998474121 17.5
    endloop
  endfacet
  facet normal 0 0 1
    outer loop
      vertex 38.04800033569336 37.111000061035156 17.5
      vertex 37.593000411987305 37.44099998474121 17.5
      vertex 37.5939998626709 37.44000005722046 17.5
    endloop
  endfacet
  facet normal 0 0 1
    outer loop
      vertex 38.04800033569336 37.111000061035156 17.5
      vertex 37.5939998626709 37.44000005722046 17.5
      vertex 38.04800033569336 37.10899996757507 17.5
    endloop
  endfacet
  facet normal 0 0 1
    outer loop
      vertex 36.73844909667969 40.24733114242554 17.5
      vertex 36.66600036621094 40.367000102996826 17.5
      vertex 36.738521575927734 40.246450901031494 17.5
    endloop
  endfacet
  facet normal 0 0 1
    outer loop
      vertex 36.73844909667969 40.24733114242554 17.5
      vertex 36.66600036621094 40.36800003051758 17.5
      vertex 36.66600036621094 40.367000102996826 17.5
    endloop
  endfacet
  facet normal 0 0 1
    outer loop
      vertex 36.73844909667969 40.24733114242554 17.5
      vertex 36.738521575927734 40.246450901031494 17.5
      vertex 36.8149995803833 40.37400007247925 17.5
    endloop
  endfacet
  facet normal 0 0 1
    outer loop
      vertex 36.73844909667969 40.24733114242554 17.5
      vertex 36.8149995803833 40.37400007247925 17.5
      vertex 36.8149995803833 40.375 17.5
    endloop
  endfacet
  facet normal 0 0 1
    outer loop
      vertex 37.55300045013428 39.01599979400635 17.5
      vertex 37.390000343322754 39.35200023651123 17.5
      vertex 37.388999938964844 39.35200023651123 17.5
    endloop
  endfacet
  facet normal 0 0 1
    outer loop
      vertex 37.390000343322754 39.35200023651123 17.5
      vertex 37.54300022125244 39.688000202178955 17.5
      vertex 37.388999938964844 39.35200023651123 17.5
    endloop
  endfacet
  facet normal 0 0 1
    outer loop
      vertex 37.390000343322754 39.35200023651123 17.5
      vertex 37.543999671936035 39.688000202178955 17.5
      vertex 37.54300022125244 39.688000202178955 17.5
    endloop
  endfacet
  facet normal 0 0 1
    outer loop
      vertex 37.54300022125244 39.688000202178955 17.5
      vertex 37.543999671936035 39.688000202178955 17.5
      vertex 37.74499988555908 40.002999782562256 17.5
    endloop
  endfacet
  facet normal 0 0 1
    outer loop
      vertex 37.74499988555908 40.002999782562256 17.5
      vertex 37.98900032043457 40.289000034332275 17.5
      vertex 37.98799991607666 40.289000034332275 17.5
    endloop
  endfacet
  facet normal 0 0 1
    outer loop
      vertex 37.98799991607666 40.289000034332275 17.5
      vertex 37.98900032043457 40.289000034332275 17.5
      vertex 38.12104892730713 40.40695095062256 17.5
    endloop
  endfacet
  facet normal 0 0 1
    outer loop
      vertex 38.04800033569336 37.10899996757507 17.5
      vertex 38.54599952697754 36.85800004005432 17.5
      vertex 38.54599952697754 36.860000014305115 17.5
    endloop
  endfacet
  facet normal 0 0 1
    outer loop
      vertex 38.54599952697754 36.860000014305115 17.5
      vertex 38.54599952697754 36.85800004005432 17.5
      vertex 39.08399963378906 36.70200002193451 17.5
    endloop
  endfacet
  facet normal 0 0 1
    outer loop
      vertex 39.08399963378906 36.70200002193451 17.5
      vertex 39.08500003814697 36.699000000953674 17.5
      vertex 39.659000396728516 36.646000027656555 17.5
    endloop
  endfacet
  facet normal 0 0 1
    outer loop
      vertex 38.54599952697754 36.85800004005432 17.5
      vertex 39.08500003814697 36.699000000953674 17.5
      vertex 39.08399963378906 36.70200002193451 17.5
    endloop
  endfacet
  facet normal 0 0 1
    outer loop
      vertex 39.08500003814697 36.699000000953674 17.5
      vertex 39.65999984741211 36.64400005340576 17.5
      vertex 39.659000396728516 36.646000027656555 17.5
    endloop
  endfacet
  facet normal 0 0 1
    outer loop
      vertex 39.659000396728516 36.646000027656555 17.5
      vertex 39.65999984741211 36.64400005340576 17.5
      vertex 40.23799991607666 36.69700002670288 17.5
    endloop
  endfacet
  facet normal 0 0 1
    outer loop
      vertex 39.65999984741211 36.64400005340576 17.5
      vertex 40.239999771118164 36.694000005722046 17.5
      vertex 40.23799991607666 36.69700002670288 17.5
    endloop
  endfacet
  facet normal 0 0 1
    outer loop
      vertex 40.23799991607666 36.69700002670288 17.5
      vertex 40.239999771118164 36.694000005722046 17.5
      vertex 40.781999588012695 36.84399998188019 17.5
    endloop
  endfacet
  facet normal 0 0 1
    outer loop
      vertex 40.239999771118164 36.694000005722046 17.5
      vertex 40.784000396728516 36.842000007629395 17.5
      vertex 40.781999588012695 36.84399998188019 17.5
    endloop
  endfacet
  facet normal 0 0 1
    outer loop
      vertex 40.781999588012695 36.84399998188019 17.5
      vertex 40.784000396728516 36.842000007629395 17.5
      vertex 41.277000427246094 37.081000089645386 17.5
    endloop
  endfacet
  facet normal 0 0 1
    outer loop
      vertex 40.784000396728516 36.842000007629395 17.5
      vertex 41.27899932861328 37.0789999961853 17.5
      vertex 41.277000427246094 37.081000089645386 17.5
    endloop
  endfacet
  facet normal 0 0 1
    outer loop
      vertex 39.33199977874756 38.651000022888184 17.5
      vertex 39.33199977874756 38.65000009536743 17.5
      vertex 39.862000465393066 38.651000022888184 17.5
    endloop
  endfacet
  facet normal 0 0 1
    outer loop
      vertex 39.33199977874756 38.65000009536743 17.5
      vertex 39.86400032043457 38.65000009536743 17.5
      vertex 39.862000465393066 38.651000022888184 17.5
    endloop
  endfacet
  facet normal 0 0 1
    outer loop
      vertex 39.86400032043457 38.65000009536743 17.5
      vertex 39.86400032043457 39.15000009536743 17.5
      vertex 39.862000465393066 38.651000022888184 17.5
    endloop
  endfacet
  facet normal 0 0 1
    outer loop
      vertex 39.862000465393066 38.651000022888184 17.5
      vertex 39.86400032043457 39.15000009536743 17.5
      vertex 39.862000465393066 39.15000009536743 17.5
    endloop
  endfacet
  facet normal 0 0 1
    outer loop
      vertex 39.862000465393066 39.682000160217285 17.5
      vertex 39.86400032043457 39.682000160217285 17.5
      vertex 39.86400032043457 40.18100023269653 17.5
    endloop
  endfacet
  facet normal 0 0 1
    outer loop
      vertex 39.862000465393066 39.682000160217285 17.5
      vertex 39.86400032043457 40.18100023269653 17.5
      vertex 39.862000465393066 40.18100023269653 17.5
    endloop
  endfacet
  facet normal 0 0 1
    outer loop
      vertex 41.27899932861328 37.0789999961853 17.5
      vertex 41.71100044250488 37.39800000190735 17.5
      vertex 41.277000427246094 37.081000089645386 17.5
    endloop
  endfacet
  facet normal 0 0 1
    outer loop
      vertex 41.27899932861328 37.0789999961853 17.5
      vertex 41.71299934387207 37.3970000743866 17.5
      vertex 41.71100044250488 37.39800000190735 17.5
    endloop
  endfacet
  facet normal 0 0 1
    outer loop
      vertex 41.71100044250488 37.39800000190735 17.5
      vertex 41.71299934387207 37.3970000743866 17.5
      vertex 42.07099914550781 37.78999996185303 17.5
    endloop
  endfacet
  facet normal 0 0 1
    outer loop
      vertex 41.71299934387207 37.3970000743866 17.5
      vertex 42.07299995422363 37.789000034332275 17.5
      vertex 42.07099914550781 37.78999996185303 17.5
    endloop
  endfacet
  facet normal 0 0 1
    outer loop
      vertex 42.07099914550781 37.78999996185303 17.5
      vertex 42.07299995422363 37.789000034332275 17.5
      vertex 42.3439998626709 38.24900007247925 17.5
    endloop
  endfacet
  facet normal 0 0 1
    outer loop
      vertex 42.07299995422363 37.789000034332275 17.5
      vertex 42.34600067138672 38.24799990653992 17.5
      vertex 42.3439998626709 38.24900007247925 17.5
    endloop
  endfacet
  facet normal 0 0 1
    outer loop
      vertex 42.3439998626709 38.24900007247925 17.5
      vertex 42.34600067138672 38.24799990653992 17.5
      vertex 42.44599914550781 38.5 17.5
    endloop
  endfacet
  facet normal 0 0 1
    outer loop
      vertex 42.3439998626709 38.24900007247925 17.5
      vertex 42.44599914550781 38.5 17.5
      vertex 42.444000244140625 38.50099992752075 17.5
    endloop
  endfacet
  facet normal 0 0 1
    outer loop
      vertex 42.444000244140625 38.50099992752075 17.5
      vertex 42.44599914550781 38.5 17.5
      vertex 42.51700019836426 38.76600003242493 17.5
    endloop
  endfacet
  facet normal 0 0 1
    outer loop
      vertex 42.44599914550781 38.5 17.5
      vertex 42.518999099731445 38.76600003242493 17.5
      vertex 42.51700019836426 38.76600003242493 17.5
    endloop
  endfacet
  facet normal 0 0 1
    outer loop
      vertex 40.387999534606934 39.15000009536743 17.5
      vertex 40.390000343322754 39.15000009536743 17.5
      vertex 40.390000343322754 39.682000160217285 17.5
    endloop
  endfacet
  facet normal 0 0 1
    outer loop
      vertex 40.387999534606934 39.15000009536743 17.5
      vertex 40.390000343322754 39.682000160217285 17.5
      vertex 40.387999534606934 39.682000160217285 17.5
    endloop
  endfacet
  facet normal 0 0 1
    outer loop
      vertex 42.45100021362305 40.1710000038147 17.5
      vertex 42.518999099731445 39.90500020980835 17.5
      vertex 42.52199935913086 39.9060001373291 17.5
    endloop
  endfacet
  facet normal 0 0 1
    outer loop
      vertex 42.44899940490723 40.1710000038147 17.5
      vertex 42.518999099731445 39.90500020980835 17.5
      vertex 42.45100021362305 40.1710000038147 17.5
    endloop
  endfacet
  facet normal 0 0 1
    outer loop
      vertex 42.44899940490723 40.1710000038147 17.5
      vertex 42.45100021362305 40.1710000038147 17.5
      vertex 42.35300064086914 40.4229998588562 17.5
    endloop
  endfacet
  facet normal 0 0 1
    outer loop
      vertex 42.45100021362305 40.1710000038147 17.5
      vertex 42.35499954223633 40.42399978637695 17.5
      vertex 42.35300064086914 40.4229998588562 17.5
    endloop
  endfacet
  facet normal 0 0 1
    outer loop
      vertex 42.518999099731445 38.76600003242493 17.5
      vertex 42.5620002746582 39.045000076293945 17.5
      vertex 42.51700019836426 38.76600003242493 17.5
    endloop
  endfacet
  facet normal 0 0 1
    outer loop
      vertex 42.518999099731445 38.76600003242493 17.5
      vertex 42.56399917602539 39.045000076293945 17.5
      vertex 42.5620002746582 39.045000076293945 17.5
    endloop
  endfacet
  facet normal 0 0 1
    outer loop
      vertex 42.5620002746582 39.045000076293945 17.5
      vertex 42.56399917602539 39.045000076293945 17.5
      vertex 42.57699966430664 39.335999965667725 17.5
    endloop
  endfacet
  facet normal 0 0 1
    outer loop
      vertex 42.56399917602539 39.045000076293945 17.5
      vertex 42.579999923706055 39.335999965667725 17.5
      vertex 42.57699966430664 39.335999965667725 17.5
    endloop
  endfacet
  facet normal 0 0 1
    outer loop
      vertex 42.57699966430664 39.335999965667725 17.5
      vertex 42.579999923706055 39.335999965667725 17.5
      vertex 42.5629997253418 39.62599992752075 17.5
    endloop
  endfacet
  facet normal 0 0 1
    outer loop
      vertex 42.579999923706055 39.335999965667725 17.5
      vertex 42.56500053405762 39.626999855041504 17.5
      vertex 42.5629997253418 39.62599992752075 17.5
    endloop
  endfacet
  facet normal 0 0 1
    outer loop
      vertex 42.5629997253418 39.62599992752075 17.5
      vertex 42.56500053405762 39.626999855041504 17.5
      vertex 42.518999099731445 39.90500020980835 17.5
    endloop
  endfacet
  facet normal 0 0 1
    outer loop
      vertex 42.56500053405762 39.626999855041504 17.5
      vertex 42.52199935913086 39.9060001373291 17.5
      vertex 42.518999099731445 39.90500020980835 17.5
    endloop
  endfacet
  facet normal 0 0 1
    outer loop
      vertex 33.83600044250488 42.019999980926514 17.5
      vertex 33.83699989318848 42.01800012588501 17.5
      vertex 34.41100025177002 41.96500015258789 17.5
    endloop
  endfacet
  facet normal 0 0 1
    outer loop
      vertex 33.83699989318848 42.01800012588501 17.5
      vertex 34.41199970245361 41.96199989318848 17.5
      vertex 34.41100025177002 41.96500015258789 17.5
    endloop
  endfacet
  facet normal 0 0 1
    outer loop
      vertex 34.41100025177002 41.96500015258789 17.5
      vertex 34.41199970245361 41.96199989318848 17.5
      vertex 34.94999980926514 41.80600023269653 17.5
    endloop
  endfacet
  facet normal 0 0 1
    outer loop
      vertex 34.41199970245361 41.96199989318848 17.5
      vertex 34.94999980926514 41.80399990081787 17.5
      vertex 34.94999980926514 41.80600023269653 17.5
    endloop
  endfacet
  facet normal 0 0 1
    outer loop
      vertex 35.90299987792969 41.22499990463257 17.5
      vertex 35.44900035858154 41.55399990081787 17.5
      vertex 35.90299987792969 41.223000049591064 17.5
    endloop
  endfacet
  facet normal 0 0 1
    outer loop
      vertex 35.90299987792969 41.22499990463257 17.5
      vertex 35.90299987792969 41.223000049591064 17.5
      vertex 36.3100004196167 40.82499980926514 17.5
    endloop
  endfacet
  facet normal 0 0 1
    outer loop
      vertex 34.94999980926514 41.80399990081787 17.5
      vertex 35.44799995422363 41.55600023269653 17.5
      vertex 34.94999980926514 41.80600023269653 17.5
    endloop
  endfacet
  facet normal 0 0 1
    outer loop
      vertex 34.94999980926514 41.80399990081787 17.5
      vertex 35.44900035858154 41.55399990081787 17.5
      vertex 35.44799995422363 41.55600023269653 17.5
    endloop
  endfacet
  facet normal 0 0 1
    outer loop
      vertex 35.90299987792969 41.22499990463257 17.5
      vertex 35.44799995422363 41.55600023269653 17.5
      vertex 35.44900035858154 41.55399990081787 17.5
    endloop
  endfacet
  facet normal 0 0 1
    outer loop
      vertex 36.66600036621094 40.36800003051758 17.5
      vertex 36.3100004196167 40.82499980926514 17.5
      vertex 36.3100004196167 40.82299995422363 17.5
    endloop
  endfacet
  facet normal 0 0 1
    outer loop
      vertex 36.66600036621094 40.36800003051758 17.5
      vertex 36.3100004196167 40.82299995422363 17.5
      vertex 36.66600036621094 40.367000102996826 17.5
    endloop
  endfacet
  facet normal 0 0 1
    outer loop
      vertex 35.90299987792969 41.223000049591064 17.5
      vertex 36.3100004196167 40.82299995422363 17.5
      vertex 36.3100004196167 40.82499980926514 17.5
    endloop
  endfacet
  facet normal 0 0 1
    outer loop
      vertex 36.8149995803833 40.375 17.5
      vertex 36.8149995803833 40.37400007247925 17.5
      vertex 37.17899990081787 40.83099985122681 17.5
    endloop
  endfacet
  facet normal 0 0 1
    outer loop
      vertex 36.8149995803833 40.375 17.5
      vertex 37.17899990081787 40.83099985122681 17.5
      vertex 37.17899990081787 40.83199977874756 17.5
    endloop
  endfacet
  facet normal 0 0 1
    outer loop
      vertex 37.17899990081787 40.83199977874756 17.5
      vertex 37.17899990081787 40.83099985122681 17.5
      vertex 37.60000038146973 41.230000019073486 17.5
    endloop
  endfacet
  facet normal 0 0 1
    outer loop
      vertex 37.17899990081787 40.83199977874756 17.5
      vertex 37.60000038146973 41.230000019073486 17.5
      vertex 37.60099983215332 41.23199987411499 17.5
    endloop
  endfacet
  facet normal 0 0 1
    outer loop
      vertex 37.60099983215332 41.23199987411499 17.5
      vertex 37.60000038146973 41.230000019073486 17.5
      vertex 38.07199954986572 41.56099987030029 17.5
    endloop
  endfacet
  facet normal 0 0 1
    outer loop
      vertex 37.60099983215332 41.23199987411499 17.5
      vertex 38.07199954986572 41.56099987030029 17.5
      vertex 38.07199954986572 41.563000202178955 17.5
    endloop
  endfacet
  facet normal 0 0 1
    outer loop
      vertex 38.07199954986572 41.563000202178955 17.5
      vertex 38.07199954986572 41.56099987030029 17.5
      vertex 38.58600044250488 41.81099987030029 17.5
    endloop
  endfacet
  facet normal 0 0 1
    outer loop
      vertex 38.07199954986572 41.563000202178955 17.5
      vertex 38.58600044250488 41.81099987030029 17.5
      vertex 38.58699989318848 41.813000202178955 17.5
    endloop
  endfacet
  facet normal 0 0 1
    outer loop
      vertex 38.58699989318848 41.813000202178955 17.5
      vertex 38.58600044250488 41.81099987030029 17.5
      vertex 39.13599967956543 41.96999979019165 17.5
    endloop
  endfacet
  facet normal 0 0 1
    outer loop
      vertex 38.58699989318848 41.813000202178955 17.5
      vertex 39.13599967956543 41.96999979019165 17.5
      vertex 39.13700008392334 41.97200012207031 17.5
    endloop
  endfacet
  facet normal 0 0 1
    outer loop
      vertex 39.13700008392334 41.97200012207031 17.5
      vertex 39.13599967956543 41.96999979019165 17.5
      vertex 39.715999603271484 42.02500009536743 17.5
    endloop
  endfacet
  facet normal 0 0 1
    outer loop
      vertex 39.13700008392334 41.97200012207031 17.5
      vertex 39.715999603271484 42.02500009536743 17.5
      vertex 39.718000411987305 42.02799987792969 17.5
    endloop
  endfacet
  facet normal 0 0 1
    outer loop
      vertex 39.718000411987305 42.02799987792969 17.5
      vertex 39.715999603271484 42.02500009536743 17.5
      vertex 40.29300022125244 41.973999977111816 17.5
    endloop
  endfacet
  facet normal 0 0 1
    outer loop
      vertex 39.718000411987305 42.02799987792969 17.5
      vertex 40.29300022125244 41.973999977111816 17.5
      vertex 40.293999671936035 41.97700023651123 17.5
    endloop
  endfacet
  facet normal 0 0 1
    outer loop
      vertex 40.29300022125244 41.973999977111816 17.5
      vertex 40.829999923706055 41.8270001411438 17.5
      vertex 40.293999671936035 41.97700023651123 17.5
    endloop
  endfacet
  facet normal 0 0 1
    outer loop
      vertex 40.293999671936035 41.97700023651123 17.5
      vertex 40.829999923706055 41.8270001411438 17.5
      vertex 40.83199977874756 41.8289999961853 17.5
    endloop
  endfacet
  facet normal 0 0 1
    outer loop
      vertex 40.83199977874756 41.8289999961853 17.5
      vertex 40.829999923706055 41.8270001411438 17.5
      vertex 41.31599998474121 41.59100008010864 17.5
    endloop
  endfacet
  facet normal 0 0 1
    outer loop
      vertex 40.83199977874756 41.8289999961853 17.5
      vertex 41.31599998474121 41.59100008010864 17.5
      vertex 41.31800079345703 41.59299993515015 17.5
    endloop
  endfacet
  facet normal 0 0 1
    outer loop
      vertex 41.73900032043457 41.27299976348877 17.5
      vertex 42.0890007019043 40.88100004196167 17.5
      vertex 41.742000579833984 41.27500009536743 17.5
    endloop
  endfacet
  facet normal 0 0 1
    outer loop
      vertex 42.35300064086914 40.4229998588562 17.5
      vertex 42.090999603271484 40.88199996948242 17.5
      vertex 42.0890007019043 40.88100004196167 17.5
    endloop
  endfacet
  facet normal 0 0 1
    outer loop
      vertex 42.35300064086914 40.4229998588562 17.5
      vertex 42.35499954223633 40.42399978637695 17.5
      vertex 42.090999603271484 40.88199996948242 17.5
    endloop
  endfacet
  facet normal 0 0 1
    outer loop
      vertex 41.742000579833984 41.27500009536743 17.5
      vertex 42.0890007019043 40.88100004196167 17.5
      vertex 42.090999603271484 40.88199996948242 17.5
    endloop
  endfacet
  facet normal 0 0 1
    outer loop
      vertex 41.31800079345703 41.59299993515015 17.5
      vertex 41.31599998474121 41.59100008010864 17.5
      vertex 41.73900032043457 41.27299976348877 17.5
    endloop
  endfacet
  facet normal 0 0 1
    outer loop
      vertex 41.31800079345703 41.59299993515015 17.5
      vertex 41.73900032043457 41.27299976348877 17.5
      vertex 41.742000579833984 41.27500009536743 17.5
    endloop
  endfacet
  facet normal 1 0 0
    outer loop
      vertex 68 38.56500005722046 17.5
      vertex 68 41.10300016403198 10
      vertex 68 41.10300016403198 17.5
    endloop
  endfacet
  facet normal 0 0 1
    outer loop
      vertex 64.07099914550781 35.29499998688698 17.5
      vertex 65.32099914550781 37.63199996948242 17.5
      vertex 63.93299865722656 35.55500000715256 17.5
    endloop
  endfacet
  facet normal 0 0 1
    outer loop
      vertex 64.25799942016602 35.06700000166893 17.5
      vertex 65.32099914550781 37.63199996948242 17.5
      vertex 64.07099914550781 35.29499998688698 17.5
    endloop
  endfacet
  facet normal 0 0 1
    outer loop
      vertex 64.25799942016602 35.06700000166893 17.5
      vertex 64.48600006103516 34.880999997258186 17.5
      vertex 65.32099914550781 37.63199996948242 17.5
    endloop
  endfacet
  facet normal 0 0 1
    outer loop
      vertex 63.93299865722656 35.55500000715256 17.5
      vertex 64.74599838256836 37.51799988746643 17.5
      vertex 63.84700012207031 35.837000012397766 17.5
    endloop
  endfacet
  facet normal 0 0 1
    outer loop
      vertex 63.84700012207031 35.837000012397766 17.5
      vertex 64.74599838256836 37.51799988746643 17.5
      vertex 63.81800079345703 36.12999999523163 17.5
    endloop
  endfacet
  facet normal 0 0 1
    outer loop
      vertex 63.81800079345703 36.12999999523163 17.5
      vertex 64.74599838256836 37.51799988746643 17.5
      vertex 63.84700012207031 36.42299997806549 17.5
    endloop
  endfacet
  facet normal 0 0 1
    outer loop
      vertex 63.84700012207031 36.42299997806549 17.5
      vertex 64.74599838256836 37.51799988746643 17.5
      vertex 63.93299865722656 36.705000042915344 17.5
    endloop
  endfacet
  facet normal 0 0 1
    outer loop
      vertex 63.93299865722656 36.705000042915344 17.5
      vertex 64.25799942016602 37.19199991226196 17.5
      vertex 64.07099914550781 36.9650000333786 17.5
    endloop
  endfacet
  facet normal 0 0 1
    outer loop
      vertex 63.93299865722656 36.705000042915344 17.5
      vertex 64.48600006103516 37.37899994850159 17.5
      vertex 64.25799942016602 37.19199991226196 17.5
    endloop
  endfacet
  facet normal 0 0 1
    outer loop
      vertex 63.93299865722656 35.55500000715256 17.5
      vertex 65.02799987792969 37.604000091552734 17.5
      vertex 64.74599838256836 37.51799988746643 17.5
    endloop
  endfacet
  facet normal 0 0 1
    outer loop
      vertex 63.93299865722656 35.55500000715256 17.5
      vertex 65.32099914550781 37.63199996948242 17.5
      vertex 65.02799987792969 37.604000091552734 17.5
    endloop
  endfacet
  facet normal 0 0 1
    outer loop
      vertex 64.48600006103516 34.880999997258186 17.5
      vertex 64.74599838256836 34.74200001358986 17.5
      vertex 65.32099914550781 37.63199996948242 17.5
    endloop
  endfacet
  facet normal 0 0 1
    outer loop
      vertex 64.74599838256836 34.74200001358986 17.5
      vertex 65.02799987792969 34.65599998831749 17.5
      vertex 65.32099914550781 37.63199996948242 17.5
    endloop
  endfacet
  facet normal 0 0 1
    outer loop
      vertex 65.02799987792969 34.65599998831749 17.5
      vertex 65.32099914550781 34.627000004053116 17.5
      vertex 65.32099914550781 37.63199996948242 17.5
    endloop
  endfacet
  facet normal 0 0 1
    outer loop
      vertex 65.32099914550781 34.627000004053116 17.5
      vertex 65.61399841308594 34.65599998831749 17.5
      vertex 65.32099914550781 37.63199996948242 17.5
    endloop
  endfacet
  facet normal 0 0 1
    outer loop
      vertex 65.61399841308594 34.65599998831749 17.5
      vertex 65.89599990844727 34.74200001358986 17.5
      vertex 65.32099914550781 37.63199996948242 17.5
    endloop
  endfacet
  facet normal 0 0 1
    outer loop
      vertex 65.89599990844727 34.74200001358986 17.5
      vertex 66.15499877929688 34.880999997258186 17.5
      vertex 65.32099914550781 37.63199996948242 17.5
    endloop
  endfacet
  facet normal 0 0 1
    outer loop
      vertex 66.15499877929688 34.880999997258186 17.5
      vertex 66.38299942016602 35.06700000166893 17.5
      vertex 65.32099914550781 37.63199996948242 17.5
    endloop
  endfacet
  facet normal 0 0 1
    outer loop
      vertex 66.38299942016602 35.06700000166893 17.5
      vertex 66.56999969482422 35.29499998688698 17.5
      vertex 65.32099914550781 37.63199996948242 17.5
    endloop
  endfacet
  facet normal 0 0 1
    outer loop
      vertex 66.56999969482422 35.29499998688698 17.5
      vertex 66.70899963378906 35.55500000715256 17.5
      vertex 65.32099914550781 37.63199996948242 17.5
    endloop
  endfacet
  facet normal 0 0 1
    outer loop
      vertex 66.70899963378906 35.55500000715256 17.5
      vertex 66.79399871826172 35.837000012397766 17.5
      vertex 65.32099914550781 37.63199996948242 17.5
    endloop
  endfacet
  facet normal 0 0 1
    outer loop
      vertex 66.79399871826172 35.837000012397766 17.5
      vertex 65.61399841308594 37.604000091552734 17.5
      vertex 65.32099914550781 37.63199996948242 17.5
    endloop
  endfacet
  facet normal 0 0 1
    outer loop
      vertex 66.79399871826172 35.837000012397766 17.5
      vertex 65.89599990844727 37.51799988746643 17.5
      vertex 65.61399841308594 37.604000091552734 17.5
    endloop
  endfacet
  facet normal 0 0 1
    outer loop
      vertex 66.79399871826172 35.837000012397766 17.5
      vertex 66.15499877929688 37.37899994850159 17.5
      vertex 65.89599990844727 37.51799988746643 17.5
    endloop
  endfacet
  facet normal 0 0 1
    outer loop
      vertex 66.79399871826172 35.837000012397766 17.5
      vertex 66.82300186157227 36.12999999523163 17.5
      vertex 66.15499877929688 37.37899994850159 17.5
    endloop
  endfacet
  facet normal 0 0 1
    outer loop
      vertex 66.82300186157227 36.12999999523163 17.5
      vertex 66.79399871826172 36.42299997806549 17.5
      vertex 66.15499877929688 37.37899994850159 17.5
    endloop
  endfacet
  facet normal 0 0 1
    outer loop
      vertex 66.79399871826172 36.42299997806549 17.5
      vertex 66.70899963378906 36.705000042915344 17.5
      vertex 66.56999969482422 36.9650000333786 17.5
    endloop
  endfacet
  facet normal 0 0 1
    outer loop
      vertex 66.79399871826172 36.42299997806549 17.5
      vertex 66.56999969482422 36.9650000333786 17.5
      vertex 66.38299942016602 37.19199991226196 17.5
    endloop
  endfacet
  facet normal 0 0 1
    outer loop
      vertex 66.79399871826172 36.42299997806549 17.5
      vertex 66.38299942016602 37.19199991226196 17.5
      vertex 66.15499877929688 37.37899994850159 17.5
    endloop
  endfacet
  facet normal 0 0 1
    outer loop
      vertex 63.93299865722656 36.705000042915344 17.5
      vertex 64.74599838256836 37.51799988746643 17.5
      vertex 64.48600006103516 37.37899994850159 17.5
    endloop
  endfacet
  facet normal 0 0 1
    outer loop
      vertex 68 38.56500005722046 17.5
      vertex 68 41.10300016403198 17.5
      vertex 65.46200180053711 41.10300016403198 17.5
    endloop
  endfacet
  facet normal 1 0 0
    outer loop
      vertex 68 41.104000091552734 10
      vertex 68 54 17.5
      vertex 68 41.104000091552734 17.5
    endloop
  endfacet
  facet normal 0 1 0
    outer loop
      vertex 65.46200180053711 54 10
      vertex 65.46200180053711 54 17.5
      vertex 68 54 17.5
    endloop
  endfacet
  facet normal 0 0 1
    outer loop
      vertex 65.46200180053711 41.104000091552734 17.5
      vertex 68 41.104000091552734 17.5
      vertex 65.46200180053711 54 17.5
    endloop
  endfacet
  facet normal 0 0 1
    outer loop
      vertex 68 41.104000091552734 17.5
      vertex 68 54 17.5
      vertex 65.46200180053711 54 17.5
    endloop
  endfacet
  facet normal 0 0 1
    outer loop
      vertex 0 0.5880012512207031 10
      vertex 11.718000411987305 0.5880012512207031 10
      vertex 12.157999992370605 2.227001190185547 10
    endloop
  endfacet
  facet normal 0 0 1
    outer loop
      vertex 0 0.5880012512207031 10
      vertex 11.970999717712402 2.4550018310546875 10
      vertex 11.833000183105469 2.7150001525878906 10
    endloop
  endfacet
  facet normal 0 0 1
    outer loop
      vertex 0 0.5880012512207031 10
      vertex 11.833000183105469 2.7150001525878906 10
      vertex 11.746999740600586 2.9970016479492188 10
    endloop
  endfacet
  facet normal 0 0 1
    outer loop
      vertex 0 0.5880012512207031 10
      vertex 11.746999740600586 2.9970016479492188 10
      vertex 11.718000411987305 3.2900009155273438 10
    endloop
  endfacet
  facet normal 0 0 1
    outer loop
      vertex 0 0.5880012512207031 10
      vertex 11.718000411987305 3.2900009155273438 10
      vertex 11.746999740600586 3.5830001831054688 10
    endloop
  endfacet
  facet normal 0 0 1
    outer loop
      vertex 0 0.5880012512207031 10
      vertex 12.157999992370605 2.227001190185547 10
      vertex 11.970999717712402 2.4550018310546875 10
    endloop
  endfacet
  facet normal 0 0 1
    outer loop
      vertex 0 0.5880012512207031 10
      vertex 11.746999740600586 3.5830001831054688 10
      vertex 11.833000183105469 3.864999771118164 10
    endloop
  endfacet
  facet normal 0 0 1
    outer loop
      vertex 0 0.5880012512207031 10
      vertex 11.833000183105469 3.864999771118164 10
      vertex 11.970999717712402 4.125 10
    endloop
  endfacet
  facet normal 0 0 1
    outer loop
      vertex 11.718000411987305 0.5880012512207031 10
      vertex 12.38599967956543 2.0410003662109375 10
      vertex 12.157999992370605 2.227001190185547 10
    endloop
  endfacet
  facet normal 0 0 1
    outer loop
      vertex 11.718000411987305 0.5880012512207031 10
      vertex 12.928000450134277 1.8160018920898438 10
      vertex 12.645999908447266 1.9020004272460938 10
    endloop
  endfacet
  facet normal 0 0 1
    outer loop
      vertex 11.718000411987305 0.5880012512207031 10
      vertex 12.645999908447266 1.9020004272460938 10
      vertex 12.38599967956543 2.0410003662109375 10
    endloop
  endfacet
  facet normal 0 0 1
    outer loop
      vertex 11.718000411987305 0.5880012512207031 10
      vertex 13.220999717712402 1.7869987487792969 10
      vertex 12.928000450134277 1.8160018920898438 10
    endloop
  endfacet
  facet normal 0 0 1
    outer loop
      vertex 11.718000411987305 0.5880012512207031 10
      vertex 13.513999938964844 1.8160018920898438 10
      vertex 13.220999717712402 1.7869987487792969 10
    endloop
  endfacet
  facet normal 0 1 0
    outer loop
      vertex 0 0.5880012512207031 10
      vertex 0 0.5880012512207031 17.5
      vertex 11.718000411987305 0.5880012512207031 10
    endloop
  endfacet
  facet normal -0.7732016928765401 -0.6341601864930126 0
    outer loop
      vertex 12.157999992370605 2.227001190185547 10
      vertex 11.970999717712402 2.4550018310546875 17.5
      vertex 11.970999717712402 2.4550018310546875 10
    endloop
  endfacet
  facet normal -0.6321289295226921 -0.7748632243567218 0
    outer loop
      vertex 12.157999992370605 2.227001190185547 10
      vertex 12.38599967956543 2.0410003662109375 10
      vertex 12.38599967956543 2.0410003662109375 17.5
    endloop
  endfacet
  facet normal -0.4714677572626125 -0.8818832994573388 0
    outer loop
      vertex 12.38599967956543 2.0410003662109375 10
      vertex 12.645999908447266 1.9020004272460938 10
      vertex 12.645999908447266 1.9020004272460938 17.5
    endloop
  endfacet
  facet normal -0.8832910029553268 -0.4688251316836299 0
    outer loop
      vertex 11.970999717712402 2.4550018310546875 10
      vertex 11.970999717712402 2.4550018310546875 17.5
      vertex 11.833000183105469 2.7150001525878906 10
    endloop
  endfacet
  facet normal -0.956509428495386 -0.2917014110343487 0
    outer loop
      vertex 11.833000183105469 2.7150001525878906 10
      vertex 11.833000183105469 2.7150001525878906 17.5
      vertex 11.746999740600586 2.9970016479492188 10
    endloop
  endfacet
  facet normal -0.9951377605726242 -0.09849282959943091 0
    outer loop
      vertex 11.746999740600586 2.9970016479492188 10
      vertex 11.746999740600586 2.9970016479492188 17.5
      vertex 11.718000411987305 3.2900009155273438 10
    endloop
  endfacet
  facet normal -0.9951377605726242 0.09849282959943091 0
    outer loop
      vertex 11.718000411987305 3.2900009155273438 10
      vertex 11.718000411987305 3.2900009155273438 17.5
      vertex 11.746999740600586 3.5830001831054688 10
    endloop
  endfacet
  facet normal -0.9565088780059142 0.2917032161219127 3.505265928094614e-9
    outer loop
      vertex 11.746999740600586 3.5830001831054688 10
      vertex 11.784815788269043 3.707000732421875 17.5
      vertex 11.833000183105469 3.864999771118164 10
    endloop
  endfacet
  facet normal -0.8832924271894437 0.4688224483424204 0
    outer loop
      vertex 11.833000183105469 3.864999771118164 10
      vertex 11.833000183105469 3.864999771118164 17.5
      vertex 11.970999717712402 4.125 10
    endloop
  endfacet
  facet normal -0.771830633895436 0.6358281785046704 -4.8217751422049484e-8
    outer loop
      vertex 11.970999717712402 4.125 10
      vertex 11.986000061035156 4.143209457397461 17.5
      vertex 12.157999992370605 4.351999282836914 10
    endloop
  endfacet
  facet normal -0.6341617722962681 0.773200392238685 0
    outer loop
      vertex 12.157999992370605 4.351999282836914 10
      vertex 12.157999992370605 4.351999282836914 17.5
      vertex 12.38599967956543 4.538999557495117 10
    endloop
  endfacet
  facet normal -0.4714677572626125 0.8818832994573388 0
    outer loop
      vertex 12.38599967956543 4.538999557495117 10
      vertex 12.38599967956543 4.538999557495117 17.5
      vertex 12.645999908447266 4.677999496459961 10
    endloop
  endfacet
  facet normal -0.29170231357546805 0.9565091532519275 0
    outer loop
      vertex 12.645999908447266 4.677999496459961 10
      vertex 12.645999908447266 4.677999496459961 17.5
      vertex 12.928000450134277 4.763999938964844 10
    endloop
  endfacet
  facet normal -0.2916963945697405 -0.9565109583245841 0
    outer loop
      vertex 12.645999908447266 1.9020004272460938 10
      vertex 12.928000450134277 1.8160018920898438 10
      vertex 12.928000450134277 1.8160018920898438 17.5
    endloop
  endfacet
  facet normal -0.09850566006246152 -0.9951364906060166 0
    outer loop
      vertex 12.928000450134277 1.8160018920898438 10
      vertex 13.220999717712402 1.7869987487792969 10
      vertex 12.928000450134277 1.8160018920898438 17.5
    endloop
  endfacet
  facet normal 0.09850534255155514 -0.9951365220354446 0
    outer loop
      vertex 13.220999717712402 1.7869987487792969 10
      vertex 13.513999938964844 1.8160018920898438 10
      vertex 13.513999938964844 1.8160018920898438 17.5
    endloop
  endfacet
  facet normal 0.2916972971012778 -0.9565106830892215 0
    outer loop
      vertex 13.513999938964844 1.8160018920898438 10
      vertex 13.795999526977539 1.9020004272460938 10
      vertex 13.513999938964844 1.8160018920898438 17.5
    endloop
  endfacet
  facet normal 0.47288086566039095 -0.8811263739624863 0
    outer loop
      vertex 13.795999526977539 1.9020004272460938 10
      vertex 14.055000305175781 2.0410003662109375 10
      vertex 14.055000305175781 2.0410003662109375 17.5
    endloop
  endfacet
  facet normal 0.6321289295226921 -0.7748632243567218 0
    outer loop
      vertex 14.055000305175781 2.0410003662109375 10
      vertex 14.282999992370605 2.227001190185547 10
      vertex 14.282999992370605 2.227001190185547 17.5
    endloop
  endfacet
  facet normal 0.7732016928765401 -0.6341601864930126 0
    outer loop
      vertex 14.282999992370605 2.227001190185547 10
      vertex 14.470000267028809 2.4550018310546875 10
      vertex 14.470000267028809 2.4550018310546875 17.5
    endloop
  endfacet
  facet normal 0.8818818614033793 -0.4714704471413991 0
    outer loop
      vertex 14.470000267028809 2.4550018310546875 10
      vertex 14.609000205993652 2.7150001525878906 10
      vertex 14.609000205993652 2.7150001525878906 17.5
    endloop
  endfacet
  facet normal 0.9574520763558169 -0.2885923101573135 0
    outer loop
      vertex 14.609000205993652 2.7150001525878906 10
      vertex 14.694000244140625 2.9970016479492188 10
      vertex 14.694000244140625 2.9970016479492188 17.5
    endloop
  endfacet
  facet normal 0.9951377605726242 -0.09849282959943091 0
    outer loop
      vertex 14.694000244140625 2.9970016479492188 10
      vertex 14.722999572753906 3.2900009155273438 10
      vertex 14.722999572753906 3.2900009155273438 17.5
    endloop
  endfacet
  facet normal -0.09512957445434855 0.9954648984590742 0
    outer loop
      vertex 12.928000450134277 4.763999938964844 10
      vertex 12.928000450134277 4.763999938964844 17.5
      vertex 13.220999717712402 4.791999816894531 10
    endloop
  endfacet
  facet normal 0.0951292676230817 0.9954649277807309 0
    outer loop
      vertex 13.220999717712402 4.791999816894531 10
      vertex 13.220999717712402 4.791999816894531 17.5
      vertex 13.513999938964844 4.763999938964844 10
    endloop
  endfacet
  facet normal 0.2917032161219127 0.9565088780059142 0
    outer loop
      vertex 13.513999938964844 4.763999938964844 10
      vertex 13.795999526977539 4.677999496459961 17.5
      vertex 13.795999526977539 4.677999496459961 10
    endloop
  endfacet
  facet normal 0.9951377605726242 0.09849282959943091 0
    outer loop
      vertex 14.722999572753906 3.2900009155273438 10
      vertex 14.694000244140625 3.5830001831054688 10
      vertex 14.694000244140625 3.5830001831054688 17.5
    endloop
  endfacet
  facet normal 0.957451537007578 0.2885940995270459 0
    outer loop
      vertex 14.694000244140625 3.5830001831054688 10
      vertex 14.609000205993652 3.864999771118164 10
      vertex 14.609000205993652 3.864999771118164 17.5
    endloop
  endfacet
  facet normal 0.8818832994573388 0.4714677572626125 0
    outer loop
      vertex 14.609000205993652 3.864999771118164 10
      vertex 14.470000267028809 4.125 10
      vertex 14.470000267028809 4.125 17.5
    endloop
  endfacet
  facet normal 0.47288086566039095 0.8811263739624863 0
    outer loop
      vertex 13.795999526977539 4.677999496459961 10
      vertex 13.795999526977539 4.677999496459961 17.5
      vertex 14.055000305175781 4.538999557495117 10
    endloop
  endfacet
  facet normal 0.6341617722962681 0.773200392238685 0
    outer loop
      vertex 14.055000305175781 4.538999557495117 10
      vertex 14.055000305175781 4.538999557495117 17.5
      vertex 14.282999992370605 4.351999282836914 10
    endloop
  endfacet
  facet normal 0.7718306338954369 0.6358281785046712 0
    outer loop
      vertex 14.470000267028809 4.125 10
      vertex 14.282999992370605 4.351999282836914 10
      vertex 14.282999992370605 4.351999282836914 17.5
    endloop
  endfacet
  facet normal 0 0 1
    outer loop
      vertex 0 0.5880012512207031 10
      vertex 11.970999717712402 4.125 10
      vertex 0 54 10
    endloop
  endfacet
  facet normal 0 0 1
    outer loop
      vertex 11.970999717712402 4.125 10
      vertex 12.157999992370605 4.351999282836914 10
      vertex 0 54 10
    endloop
  endfacet
  facet normal 0 0 1
    outer loop
      vertex 12.157999992370605 4.351999282836914 10
      vertex 12.38599967956543 4.538999557495117 10
      vertex 13.288000106811523 50.4370002746582 10
    endloop
  endfacet
  facet normal 0 0 1
    outer loop
      vertex 12.38599967956543 4.538999557495117 10
      vertex 12.645999908447266 4.677999496459961 10
      vertex 13.515999794006348 50.25100040435791 10
    endloop
  endfacet
  facet normal 0 0 1
    outer loop
      vertex 12.645999908447266 4.677999496459961 10
      vertex 12.928000450134277 4.763999938964844 10
      vertex 13.776000022888184 50.112000465393066 10
    endloop
  endfacet
  facet normal 0 0 1
    outer loop
      vertex 12.928000450134277 4.763999938964844 10
      vertex 13.220999717712402 4.791999816894531 10
      vertex 14.057999610900879 50.026000022888184 10
    endloop
  endfacet
  facet normal 0 0 1
    outer loop
      vertex 13.220999717712402 4.791999816894531 10
      vertex 13.513999938964844 4.763999938964844 10
      vertex 14.35099983215332 49.996999740600586 10
    endloop
  endfacet
  facet normal 0 0 1
    outer loop
      vertex 13.513999938964844 4.763999938964844 10
      vertex 13.795999526977539 4.677999496459961 10
      vertex 14.644000053405762 50.026000022888184 10
    endloop
  endfacet
  facet normal 0 0 1
    outer loop
      vertex 13.795999526977539 4.677999496459961 10
      vertex 14.055000305175781 4.538999557495117 10
      vertex 14.925999641418457 50.112000465393066 10
    endloop
  endfacet
  facet normal 0 0 1
    outer loop
      vertex 14.055000305175781 4.538999557495117 10
      vertex 14.282999992370605 4.351999282836914 10
      vertex 15.185999870300293 50.25100040435791 10
    endloop
  endfacet
  facet normal 0 0 1
    outer loop
      vertex 11.718000411987305 0.5880012512207031 10
      vertex 39.331000328063965 0.5880012512207031 10
      vertex 13.513999938964844 1.8160018920898438 10
    endloop
  endfacet
  facet normal 0 0 1
    outer loop
      vertex 13.513999938964844 1.8160018920898438 10
      vertex 39.331000328063965 0.5880012512207031 10
      vertex 13.795999526977539 1.9020004272460938 10
    endloop
  endfacet
  facet normal 0 0 1
    outer loop
      vertex 13.795999526977539 1.9020004272460938 10
      vertex 39.331000328063965 0.5880012512207031 10
      vertex 14.055000305175781 2.0410003662109375 10
    endloop
  endfacet
  facet normal 0 0 1
    outer loop
      vertex 14.055000305175781 2.0410003662109375 10
      vertex 39.331000328063965 0.5880012512207031 10
      vertex 14.282999992370605 2.227001190185547 10
    endloop
  endfacet
  facet normal 0 0 1
    outer loop
      vertex 14.282999992370605 2.227001190185547 10
      vertex 39.331000328063965 0.5880012512207031 10
      vertex 14.470000267028809 2.4550018310546875 10
    endloop
  endfacet
  facet normal 0 0 1
    outer loop
      vertex 14.470000267028809 2.4550018310546875 10
      vertex 39.331000328063965 0.5880012512207031 10
      vertex 14.609000205993652 2.7150001525878906 10
    endloop
  endfacet
  facet normal 0 0 1
    outer loop
      vertex 14.609000205993652 2.7150001525878906 10
      vertex 39.331000328063965 0.5880012512207031 10
      vertex 14.694000244140625 2.9970016479492188 10
    endloop
  endfacet
  facet normal 0 0 1
    outer loop
      vertex 14.694000244140625 2.9970016479492188 10
      vertex 39.331000328063965 0.5880012512207031 10
      vertex 14.722999572753906 3.2900009155273438 10
    endloop
  endfacet
  facet normal 0 0 1
    outer loop
      vertex 14.722999572753906 3.2900009155273438 10
      vertex 39.331000328063965 0.5880012512207031 10
      vertex 14.694000244140625 3.5830001831054688 10
    endloop
  endfacet
  facet normal 0 0 1
    outer loop
      vertex 14.609000205993652 3.864999771118164 10
      vertex 39.331000328063965 0.5880012512207031 10
      vertex 14.470000267028809 4.125 10
    endloop
  endfacet
  facet normal 0 0 1
    outer loop
      vertex 14.470000267028809 4.125 10
      vertex 39.331000328063965 0.5880012512207031 10
      vertex 14.282999992370605 4.351999282836914 10
    endloop
  endfacet
  facet normal 0 0 1
    outer loop
      vertex 14.694000244140625 3.5830001831054688 10
      vertex 39.331000328063965 0.5880012512207031 10
      vertex 14.609000205993652 3.864999771118164 10
    endloop
  endfacet
  facet normal 0 1 0
    outer loop
      vertex 11.718000411987305 0.5880012512207031 10
      vertex 0 0.5880012512207031 17.5
      vertex 39.331000328063965 0.5880012512207031 10
    endloop
  endfacet
  facet normal 0 0 1
    outer loop
      vertex 14.282999992370605 4.351999282836914 10
      vertex 39.331000328063965 0.5880012512207031 10
      vertex 15.185999870300293 50.25100040435791 10
    endloop
  endfacet
  facet normal -0.7732016928765401 -0.6341601864930126 0
    outer loop
      vertex 12.157999992370605 2.227001190185547 10
      vertex 12.157999992370605 2.227001190185547 17.5
      vertex 11.970999717712402 2.4550018310546875 17.5
    endloop
  endfacet
  facet normal -0.4714677572626125 -0.8818832994573388 0
    outer loop
      vertex 12.38599967956543 2.0410003662109375 10
      vertex 12.645999908447266 1.9020004272460938 17.5
      vertex 12.38599967956543 2.0410003662109375 17.5
    endloop
  endfacet
  facet normal -0.2916963945697405 -0.9565109583245841 0
    outer loop
      vertex 12.645999908447266 1.9020004272460938 10
      vertex 12.928000450134277 1.8160018920898438 17.5
      vertex 12.645999908447266 1.9020004272460938 17.5
    endloop
  endfacet
  facet normal -0.6321289295226921 -0.7748632243567218 0
    outer loop
      vertex 12.157999992370605 2.227001190185547 10
      vertex 12.38599967956543 2.0410003662109375 17.5
      vertex 12.157999992370605 2.227001190185547 17.5
    endloop
  endfacet
  facet normal -0.8832910029553268 -0.4688251316836299 0
    outer loop
      vertex 11.833000183105469 2.7150001525878906 10
      vertex 11.970999717712402 2.4550018310546875 17.5
      vertex 11.833000183105469 2.7150001525878906 17.5
    endloop
  endfacet
  facet normal -0.956509428495386 -0.2917014110343487 0
    outer loop
      vertex 11.746999740600586 2.9970016479492188 10
      vertex 11.833000183105469 2.7150001525878906 17.5
      vertex 11.746999740600586 2.9970016479492188 17.5
    endloop
  endfacet
  facet normal -0.9951377605726242 -0.09849282959943091 0
    outer loop
      vertex 11.718000411987305 3.2900009155273438 10
      vertex 11.746999740600586 2.9970016479492188 17.5
      vertex 11.718000411987305 3.2900009155273438 17.5
    endloop
  endfacet
  facet normal -0.9951377605726242 0.09849282959943091 0
    outer loop
      vertex 11.746999740600586 3.5830001831054688 10
      vertex 11.718000411987305 3.2900009155273438 17.5
      vertex 11.746999740600586 3.5830001831054688 17.5
    endloop
  endfacet
  facet normal -0.9565088188512537 0.2917034100928195 0
    outer loop
      vertex 11.746999740600586 3.5830001831054688 10
      vertex 11.746999740600586 3.5830001831054688 17.5
      vertex 11.784815788269043 3.707000732421875 17.5
    endloop
  endfacet
  facet normal -0.9565089244315564 0.29170306388995487 0
    outer loop
      vertex 11.833000183105469 3.864999771118164 10
      vertex 11.784815788269043 3.707000732421875 17.5
      vertex 11.833000183105469 3.864999771118164 17.5
    endloop
  endfacet
  facet normal -0.8832924271894437 0.4688224483424204 0
    outer loop
      vertex 11.970999717712402 4.125 10
      vertex 11.833000183105469 3.864999771118164 17.5
      vertex 11.970999717712402 4.125 17.5
    endloop
  endfacet
  facet normal -0.7718403800756668 0.6358163474499928 0
    outer loop
      vertex 11.970999717712402 4.125 10
      vertex 11.970999717712402 4.125 17.5
      vertex 11.986000061035156 4.143209457397461 17.5
    endloop
  endfacet
  facet normal -0.7718297838922723 0.635829210320514 0
    outer loop
      vertex 12.157999992370605 4.351999282836914 10
      vertex 11.986000061035156 4.143209457397461 17.5
      vertex 12.157999992370605 4.351999282836914 17.5
    endloop
  endfacet
  facet normal -0.6341617722962681 0.773200392238685 0
    outer loop
      vertex 12.38599967956543 4.538999557495117 10
      vertex 12.157999992370605 4.351999282836914 17.5
      vertex 12.38599967956543 4.538999557495117 17.5
    endloop
  endfacet
  facet normal -0.4714677572626125 0.8818832994573388 0
    outer loop
      vertex 12.645999908447266 4.677999496459961 10
      vertex 12.38599967956543 4.538999557495117 17.5
      vertex 12.645999908447266 4.677999496459961 17.5
    endloop
  endfacet
  facet normal -0.09850566006246152 -0.9951364906060166 0
    outer loop
      vertex 13.220999717712402 1.7869987487792969 10
      vertex 13.220999717712402 1.7869987487792969 17.5
      vertex 12.928000450134277 1.8160018920898438 17.5
    endloop
  endfacet
  facet normal 0.09850534255155514 -0.9951365220354446 0
    outer loop
      vertex 13.220999717712402 1.7869987487792969 10
      vertex 13.513999938964844 1.8160018920898438 17.5
      vertex 13.220999717712402 1.7869987487792969 17.5
    endloop
  endfacet
  facet normal 0.2916972971012778 -0.9565106830892215 0
    outer loop
      vertex 13.795999526977539 1.9020004272460938 10
      vertex 13.795999526977539 1.9020004272460938 17.5
      vertex 13.513999938964844 1.8160018920898438 17.5
    endloop
  endfacet
  facet normal 0.47288086566039095 -0.8811263739624863 0
    outer loop
      vertex 13.795999526977539 1.9020004272460938 10
      vertex 14.055000305175781 2.0410003662109375 17.5
      vertex 13.795999526977539 1.9020004272460938 17.5
    endloop
  endfacet
  facet normal 0.6321289295226921 -0.7748632243567218 0
    outer loop
      vertex 14.055000305175781 2.0410003662109375 10
      vertex 14.282999992370605 2.227001190185547 17.5
      vertex 14.055000305175781 2.0410003662109375 17.5
    endloop
  endfacet
  facet normal 0.7732016928765401 -0.6341601864930126 0
    outer loop
      vertex 14.282999992370605 2.227001190185547 10
      vertex 14.470000267028809 2.4550018310546875 17.5
      vertex 14.282999992370605 2.227001190185547 17.5
    endloop
  endfacet
  facet normal 0.8818818614033793 -0.4714704471413991 0
    outer loop
      vertex 14.470000267028809 2.4550018310546875 10
      vertex 14.609000205993652 2.7150001525878906 17.5
      vertex 14.470000267028809 2.4550018310546875 17.5
    endloop
  endfacet
  facet normal 0.9574520763558169 -0.2885923101573135 0
    outer loop
      vertex 14.609000205993652 2.7150001525878906 10
      vertex 14.694000244140625 2.9970016479492188 17.5
      vertex 14.609000205993652 2.7150001525878906 17.5
    endloop
  endfacet
  facet normal 0.9951377605726242 -0.09849282959943091 0
    outer loop
      vertex 14.694000244140625 2.9970016479492188 10
      vertex 14.722999572753906 3.2900009155273438 17.5
      vertex 14.694000244140625 2.9970016479492188 17.5
    endloop
  endfacet
  facet normal -0.29170231357546805 0.9565091532519275 0
    outer loop
      vertex 12.928000450134277 4.763999938964844 10
      vertex 12.645999908447266 4.677999496459961 17.5
      vertex 12.928000450134277 4.763999938964844 17.5
    endloop
  endfacet
  facet normal -0.09512957445434855 0.9954648984590742 0
    outer loop
      vertex 13.220999717712402 4.791999816894531 10
      vertex 12.928000450134277 4.763999938964844 17.5
      vertex 13.220999717712402 4.791999816894531 17.5
    endloop
  endfacet
  facet normal 0.0951292676230817 0.9954649277807309 0
    outer loop
      vertex 13.513999938964844 4.763999938964844 10
      vertex 13.220999717712402 4.791999816894531 17.5
      vertex 13.513999938964844 4.763999938964844 17.5
    endloop
  endfacet
  facet normal 0.2917032161219127 0.9565088780059142 0
    outer loop
      vertex 13.513999938964844 4.763999938964844 10
      vertex 13.513999938964844 4.763999938964844 17.5
      vertex 13.795999526977539 4.677999496459961 17.5
    endloop
  endfacet
  facet normal 0.9951377605726242 0.09849282959943091 0
    outer loop
      vertex 14.722999572753906 3.2900009155273438 10
      vertex 14.694000244140625 3.5830001831054688 17.5
      vertex 14.722999572753906 3.2900009155273438 17.5
    endloop
  endfacet
  facet normal 0.957451537007578 0.2885940995270459 0
    outer loop
      vertex 14.694000244140625 3.5830001831054688 10
      vertex 14.609000205993652 3.864999771118164 17.5
      vertex 14.694000244140625 3.5830001831054688 17.5
    endloop
  endfacet
  facet normal 0.8818832994573388 0.4714677572626125 0
    outer loop
      vertex 14.609000205993652 3.864999771118164 10
      vertex 14.470000267028809 4.125 17.5
      vertex 14.609000205993652 3.864999771118164 17.5
    endloop
  endfacet
  facet normal 0.7718306338954369 0.6358281785046712 0
    outer loop
      vertex 14.470000267028809 4.125 10
      vertex 14.282999992370605 4.351999282836914 17.5
      vertex 14.470000267028809 4.125 17.5
    endloop
  endfacet
  facet normal 0.47288086566039095 0.8811263739624863 0
    outer loop
      vertex 14.055000305175781 4.538999557495117 10
      vertex 13.795999526977539 4.677999496459961 17.5
      vertex 14.055000305175781 4.538999557495117 17.5
    endloop
  endfacet
  facet normal 0.6341617722962681 0.773200392238685 0
    outer loop
      vertex 14.282999992370605 4.351999282836914 10
      vertex 14.055000305175781 4.538999557495117 17.5
      vertex 14.282999992370605 4.351999282836914 17.5
    endloop
  endfacet
  facet normal 0 0 1
    outer loop
      vertex 12.157999992370605 4.351999282836914 10
      vertex 13.10200023651123 50.66499996185303 10
      vertex 0 54 10
    endloop
  endfacet
  facet normal 0 0 1
    outer loop
      vertex 12.157999992370605 4.351999282836914 10
      vertex 13.288000106811523 50.4370002746582 10
      vertex 13.10200023651123 50.66499996185303 10
    endloop
  endfacet
  facet normal 0 0 1
    outer loop
      vertex 12.38599967956543 4.538999557495117 10
      vertex 13.515999794006348 50.25100040435791 10
      vertex 13.288000106811523 50.4370002746582 10
    endloop
  endfacet
  facet normal 0 0 1
    outer loop
      vertex 12.645999908447266 4.677999496459961 10
      vertex 13.776000022888184 50.112000465393066 10
      vertex 13.515999794006348 50.25100040435791 10
    endloop
  endfacet
  facet normal 0 0 1
    outer loop
      vertex 12.928000450134277 4.763999938964844 10
      vertex 14.057999610900879 50.026000022888184 10
      vertex 13.776000022888184 50.112000465393066 10
    endloop
  endfacet
  facet normal 0 0 1
    outer loop
      vertex 13.220999717712402 4.791999816894531 10
      vertex 14.35099983215332 49.996999740600586 10
      vertex 14.057999610900879 50.026000022888184 10
    endloop
  endfacet
  facet normal 0 0 1
    outer loop
      vertex 13.513999938964844 4.763999938964844 10
      vertex 14.644000053405762 50.026000022888184 10
      vertex 14.35099983215332 49.996999740600586 10
    endloop
  endfacet
  facet normal 0 0 1
    outer loop
      vertex 13.795999526977539 4.677999496459961 10
      vertex 14.925999641418457 50.112000465393066 10
      vertex 14.644000053405762 50.026000022888184 10
    endloop
  endfacet
  facet normal 0 0 1
    outer loop
      vertex 14.055000305175781 4.538999557495117 10
      vertex 15.185999870300293 50.25100040435791 10
      vertex 14.925999641418457 50.112000465393066 10
    endloop
  endfacet
  facet normal 0 0 1
    outer loop
      vertex 0 54 10
      vertex 13.10200023651123 50.66499996185303 10
      vertex 12.963000297546387 50.92500019073486 10
    endloop
  endfacet
  facet normal 0 0 1
    outer loop
      vertex 0 54 10
      vertex 12.963000297546387 50.92500019073486 10
      vertex 12.876999855041504 51.207000732421875 10
    endloop
  endfacet
  facet normal 0 0 1
    outer loop
      vertex 0 54 10
      vertex 12.876999855041504 51.207000732421875 10
      vertex 12.847999572753906 51.5 10
    endloop
  endfacet
  facet normal 0 0 1
    outer loop
      vertex 0 54 10
      vertex 12.847999572753906 51.5 10
      vertex 12.876999855041504 51.792999267578125 10
    endloop
  endfacet
  facet normal 0 0 1
    outer loop
      vertex 0 54 10
      vertex 12.876999855041504 51.792999267578125 10
      vertex 12.963000297546387 52.07500076293945 10
    endloop
  endfacet
  facet normal 0 0 1
    outer loop
      vertex 0 54 10
      vertex 12.963000297546387 52.07500076293945 10
      vertex 13.10200023651123 52.334999084472656 10
    endloop
  endfacet
  facet normal 0 0 1
    outer loop
      vertex 0 54 10
      vertex 13.10200023651123 52.334999084472656 10
      vertex 13.288000106811523 52.5620002746582 10
    endloop
  endfacet
  facet normal 0 0 1
    outer loop
      vertex 0 54 10
      vertex 13.288000106811523 52.5620002746582 10
      vertex 12.847999572753906 54 10
    endloop
  endfacet
  facet normal 0 0 1
    outer loop
      vertex 13.288000106811523 52.5620002746582 10
      vertex 13.515999794006348 52.749000549316406 10
      vertex 12.847999572753906 54 10
    endloop
  endfacet
  facet normal 0 0 1
    outer loop
      vertex 13.515999794006348 52.749000549316406 10
      vertex 13.776000022888184 52.88800048828125 10
      vertex 12.847999572753906 54 10
    endloop
  endfacet
  facet normal 0 0 1
    outer loop
      vertex 13.776000022888184 52.88800048828125 10
      vertex 14.057999610900879 52.97400093078613 10
      vertex 12.847999572753906 54 10
    endloop
  endfacet
  facet normal 0 0 1
    outer loop
      vertex 12.847999572753906 54 10
      vertex 14.057999610900879 52.97400093078613 10
      vertex 14.35099983215332 53.00200080871582 10
    endloop
  endfacet
  facet normal 0 0 1
    outer loop
      vertex 12.847999572753906 54 10
      vertex 14.35099983215332 53.00200080871582 10
      vertex 14.644000053405762 52.97400093078613 10
    endloop
  endfacet
  facet normal -0.7748648118862868 -0.6321269835250107 0
    outer loop
      vertex 13.288000106811523 50.4370002746582 10
      vertex 13.288000106811523 50.4370002746582 17.5
      vertex 13.10200023651123 50.66499996185303 10
    endloop
  endfacet
  facet normal -0.4714677572626125 -0.8818832994573388 0
    outer loop
      vertex 13.776000022888184 50.112000465393066 10
      vertex 13.776000022888184 50.112000465393066 17.5
      vertex 13.515999794006348 50.25100040435791 10
    endloop
  endfacet
  facet normal -0.6321269835250107 -0.7748648118862868 0
    outer loop
      vertex 13.515999794006348 50.25100040435791 10
      vertex 13.515999794006348 50.25100040435791 17.5
      vertex 13.288000106811523 50.4370002746582 10
    endloop
  endfacet
  facet normal -0.2917032161219127 -0.9565088780059142 0
    outer loop
      vertex 13.776000022888184 50.112000465393066 10
      vertex 14.057999610900879 50.026000022888184 10
      vertex 14.057999610900879 50.026000022888184 17.5
    endloop
  endfacet
  facet normal -0.0984957197392966 -0.9951374745194947 0
    outer loop
      vertex 14.057999610900879 50.026000022888184 10
      vertex 14.35099983215332 49.996999740600586 10
      vertex 14.057999610900879 50.026000022888184 17.5
    endloop
  endfacet
  facet normal 0.0984957197392966 -0.9951374745194947 0
    outer loop
      vertex 14.35099983215332 49.996999740600586 10
      vertex 14.644000053405762 50.026000022888184 10
      vertex 14.35099983215332 49.996999740600586 17.5
    endloop
  endfacet
  facet normal 0.2917032161219127 -0.9565088780059142 0
    outer loop
      vertex 14.644000053405762 50.026000022888184 10
      vertex 14.925999641418457 50.112000465393066 10
      vertex 14.644000053405762 50.026000022888184 17.5
    endloop
  endfacet
  facet normal 0.4714677572626125 -0.8818832994573388 0
    outer loop
      vertex 14.925999641418457 50.112000465393066 10
      vertex 15.185999870300293 50.25100040435791 10
      vertex 15.185999870300293 50.25100040435791 17.5
    endloop
  endfacet
  facet normal 0.6337936371250884 -0.7735021819877121 0
    outer loop
      vertex 15.185999870300293 50.25100040435791 10
      vertex 15.413000106811523 50.4370002746582 10
      vertex 15.413000106811523 50.4370002746582 17.5
    endloop
  endfacet
  facet normal 0.773200392238685 -0.6341617722962681 0
    outer loop
      vertex 15.413000106811523 50.4370002746582 10
      vertex 15.600000381469727 50.66499996185303 10
      vertex 15.413000106811523 50.4370002746582 17.5
    endloop
  endfacet
  facet normal -0.9565091532519275 -0.29170231357546805 0
    outer loop
      vertex 12.963000297546387 50.92500019073486 10
      vertex 12.963000297546387 50.92500019073486 17.5
      vertex 12.876999855041504 51.207000732421875 10
    endloop
  endfacet
  facet normal -0.8818832994573388 -0.4714677572626125 0
    outer loop
      vertex 12.963000297546387 50.92500019073486 10
      vertex 13.10200023651123 50.66499996185303 10
      vertex 13.10200023651123 50.66499996185303 17.5
    endloop
  endfacet
  facet normal -0.995137443096177 -0.09849603721979366 0
    outer loop
      vertex 12.876999855041504 51.207000732421875 10
      vertex 12.876999855041504 51.207000732421875 17.5
      vertex 12.847999572753906 51.5 10
    endloop
  endfacet
  facet normal -0.995137443096177 0.09849603721979366 0
    outer loop
      vertex 12.847999572753906 51.5 10
      vertex 12.847999572753906 51.5 17.5
      vertex 12.876999855041504 51.792999267578125 10
    endloop
  endfacet
  facet normal -0.956509428495386 0.2917014110343487 0
    outer loop
      vertex 12.876999855041504 51.792999267578125 10
      vertex 12.876999855041504 51.792999267578125 17.5
      vertex 12.963000297546387 52.07500076293945 10
    endloop
  endfacet
  facet normal -0.8818818614033793 0.4714704471413991 0
    outer loop
      vertex 12.963000297546387 52.07500076293945 10
      vertex 12.963000297546387 52.07500076293945 17.5
      vertex 13.10200023651123 52.334999084472656 10
    endloop
  endfacet
  facet normal -0.7735034873451029 0.6337920440215107 0
    outer loop
      vertex 13.10200023651123 52.334999084472656 10
      vertex 13.10200023651123 52.334999084472656 17.5
      vertex 13.288000106811523 52.5620002746582 10
    endloop
  endfacet
  facet normal -0.6341617722962681 0.773200392238685 0
    outer loop
      vertex 13.288000106811523 52.5620002746582 10
      vertex 13.288000106811523 52.5620002746582 17.5
      vertex 13.515999794006348 52.749000549316406 10
    endloop
  endfacet
  facet normal -0.4714677572626125 0.8818832994573388 0
    outer loop
      vertex 13.515999794006348 52.749000549316406 10
      vertex 13.776000022888184 52.88800048828125 17.5
      vertex 13.776000022888184 52.88800048828125 10
    endloop
  endfacet
  facet normal -0.2917032161219127 0.9565088780059142 0
    outer loop
      vertex 13.776000022888184 52.88800048828125 10
      vertex 13.776000022888184 52.88800048828125 17.5
      vertex 14.057999610900879 52.97400093078613 10
    endloop
  endfacet
  facet normal -0.0951292676230817 0.9954649277807309 0
    outer loop
      vertex 14.057999610900879 52.97400093078613 10
      vertex 14.057999610900879 52.97400093078613 17.5
      vertex 14.35099983215332 53.00200080871582 10
    endloop
  endfacet
  facet normal 0.0951292676230817 0.9954649277807309 0
    outer loop
      vertex 14.35099983215332 53.00200080871582 10
      vertex 14.644000053405762 52.97400093078613 17.5
      vertex 14.644000053405762 52.97400093078613 10
    endloop
  endfacet
  facet normal 0.2917032161219127 0.9565088780059142 0
    outer loop
      vertex 14.644000053405762 52.97400093078613 10
      vertex 14.644000053405762 52.97400093078613 17.5
      vertex 14.925999641418457 52.88800048828125 10
    endloop
  endfacet
  facet normal 0.8818832994573388 -0.4714677572626125 0
    outer loop
      vertex 15.600000381469727 50.66499996185303 10
      vertex 15.73900032043457 50.92500019073486 10
      vertex 15.73900032043457 50.92500019073486 17.5
    endloop
  endfacet
  facet normal 0.9574518066829515 -0.28859320483953205 0
    outer loop
      vertex 15.73900032043457 50.92500019073486 10
      vertex 15.824000358581543 51.207000732421875 10
      vertex 15.824000358581543 51.207000732421875 17.5
    endloop
  endfacet
  facet normal 0.9951377605726242 -0.09849282959943091 0
    outer loop
      vertex 15.824000358581543 51.207000732421875 10
      vertex 15.852999687194824 51.5 10
      vertex 15.824000358581543 51.207000732421875 17.5
    endloop
  endfacet
  facet normal 0.9951377605726242 0.09849282959943091 0
    outer loop
      vertex 15.852999687194824 51.5 10
      vertex 15.824000358581543 51.792999267578125 10
      vertex 15.824000358581543 51.792999267578125 17.5
    endloop
  endfacet
  facet normal 0.8818818614033793 0.4714704471413991 0
    outer loop
      vertex 15.73900032043457 52.07500076293945 10
      vertex 15.600000381469727 52.334999084472656 10
      vertex 15.600000381469727 52.334999084472656 17.5
    endloop
  endfacet
  facet normal 0.9574520763558169 0.2885923101573135 0
    outer loop
      vertex 15.824000358581543 51.792999267578125 10
      vertex 15.73900032043457 52.07500076293945 10
      vertex 15.73900032043457 52.07500076293945 17.5
    endloop
  endfacet
  facet normal 0.6358265871804327 0.7718319448134312 0
    outer loop
      vertex 15.185999870300293 52.749000549316406 10
      vertex 15.185999870300293 52.749000549316406 17.5
      vertex 15.413000106811523 52.5620002746582 10
    endloop
  endfacet
  facet normal 0.4714677572626125 0.8818832994573388 0
    outer loop
      vertex 14.925999641418457 52.88800048828125 10
      vertex 14.925999641418457 52.88800048828125 17.5
      vertex 15.185999870300293 52.749000549316406 10
    endloop
  endfacet
  facet normal 0.7718332557215829 0.6358249958614569 0
    outer loop
      vertex 15.600000381469727 52.334999084472656 10
      vertex 15.413000106811523 52.5620002746582 10
      vertex 15.413000106811523 52.5620002746582 17.5
    endloop
  endfacet
  facet normal 0 0 1
    outer loop
      vertex 15.185999870300293 50.25100040435791 10
      vertex 39.331000328063965 0.5880012512207031 10
      vertex 15.413000106811523 50.4370002746582 10
    endloop
  endfacet
  facet normal 0 0 1
    outer loop
      vertex 15.413000106811523 50.4370002746582 10
      vertex 39.331000328063965 0.5880012512207031 10
      vertex 15.600000381469727 50.66499996185303 10
    endloop
  endfacet
  facet normal 0 0 1
    outer loop
      vertex 15.600000381469727 50.66499996185303 10
      vertex 39.331000328063965 0.5880012512207031 10
      vertex 15.73900032043457 50.92500019073486 10
    endloop
  endfacet
  facet normal 0 0 1
    outer loop
      vertex 15.73900032043457 50.92500019073486 10
      vertex 39.331000328063965 0.5880012512207031 10
      vertex 30.919000148773193 54 10
    endloop
  endfacet
  facet normal 0 0 1
    outer loop
      vertex 15.73900032043457 50.92500019073486 10
      vertex 30.919000148773193 54 10
      vertex 15.824000358581543 51.207000732421875 10
    endloop
  endfacet
  facet normal 0 0 1
    outer loop
      vertex 15.824000358581543 51.207000732421875 10
      vertex 30.919000148773193 54 10
      vertex 15.852999687194824 51.5 10
    endloop
  endfacet
  facet normal 0 0 1
    outer loop
      vertex 12.847999572753906 54 10
      vertex 14.644000053405762 52.97400093078613 10
      vertex 30.919000148773193 54 10
    endloop
  endfacet
  facet normal 0 0 1
    outer loop
      vertex 14.644000053405762 52.97400093078613 10
      vertex 14.925999641418457 52.88800048828125 10
      vertex 30.919000148773193 54 10
    endloop
  endfacet
  facet normal 0 0 1
    outer loop
      vertex 15.185999870300293 52.749000549316406 10
      vertex 15.413000106811523 52.5620002746582 10
      vertex 30.919000148773193 54 10
    endloop
  endfacet
  facet normal 0 0 1
    outer loop
      vertex 15.600000381469727 52.334999084472656 10
      vertex 30.919000148773193 54 10
      vertex 15.413000106811523 52.5620002746582 10
    endloop
  endfacet
  facet normal 0 0 1
    outer loop
      vertex 15.852999687194824 51.5 10
      vertex 30.919000148773193 54 10
      vertex 15.824000358581543 51.792999267578125 10
    endloop
  endfacet
  facet normal 0 0 1
    outer loop
      vertex 15.824000358581543 51.792999267578125 10
      vertex 30.919000148773193 54 10
      vertex 15.73900032043457 52.07500076293945 10
    endloop
  endfacet
  facet normal 0 0 1
    outer loop
      vertex 15.73900032043457 52.07500076293945 10
      vertex 30.919000148773193 54 10
      vertex 15.600000381469727 52.334999084472656 10
    endloop
  endfacet
  facet normal 0 0 1
    outer loop
      vertex 14.925999641418457 52.88800048828125 10
      vertex 15.185999870300293 52.749000549316406 10
      vertex 30.919000148773193 54 10
    endloop
  endfacet
  facet normal -0.7748648118862868 -0.6321269835250107 0
    outer loop
      vertex 13.10200023651123 50.66499996185303 10
      vertex 13.288000106811523 50.4370002746582 17.5
      vertex 13.10200023651123 50.66499996185303 17.5
    endloop
  endfacet
  facet normal -0.6321269835250107 -0.7748648118862868 0
    outer loop
      vertex 13.288000106811523 50.4370002746582 10
      vertex 13.515999794006348 50.25100040435791 17.5
      vertex 13.288000106811523 50.4370002746582 17.5
    endloop
  endfacet
  facet normal -0.4714677572626125 -0.8818832994573388 0
    outer loop
      vertex 13.515999794006348 50.25100040435791 10
      vertex 13.776000022888184 50.112000465393066 17.5
      vertex 13.515999794006348 50.25100040435791 17.5
    endloop
  endfacet
  facet normal -0.2917032161219127 -0.9565088780059142 0
    outer loop
      vertex 13.776000022888184 50.112000465393066 10
      vertex 14.057999610900879 50.026000022888184 17.5
      vertex 13.776000022888184 50.112000465393066 17.5
    endloop
  endfacet
  facet normal -0.0984957197392966 -0.9951374745194947 0
    outer loop
      vertex 14.35099983215332 49.996999740600586 10
      vertex 14.35099983215332 49.996999740600586 17.5
      vertex 14.057999610900879 50.026000022888184 17.5
    endloop
  endfacet
  facet normal 0.0984957197392966 -0.9951374745194947 0
    outer loop
      vertex 14.644000053405762 50.026000022888184 10
      vertex 14.644000053405762 50.026000022888184 17.5
      vertex 14.35099983215332 49.996999740600586 17.5
    endloop
  endfacet
  facet normal 0.2917032161219127 -0.9565088780059142 0
    outer loop
      vertex 14.925999641418457 50.112000465393066 10
      vertex 14.925999641418457 50.112000465393066 17.5
      vertex 14.644000053405762 50.026000022888184 17.5
    endloop
  endfacet
  facet normal 0.4714677572626125 -0.8818832994573388 0
    outer loop
      vertex 14.925999641418457 50.112000465393066 10
      vertex 15.185999870300293 50.25100040435791 17.5
      vertex 14.925999641418457 50.112000465393066 17.5
    endloop
  endfacet
  facet normal 0.6337936371250884 -0.7735021819877121 0
    outer loop
      vertex 15.185999870300293 50.25100040435791 10
      vertex 15.413000106811523 50.4370002746582 17.5
      vertex 15.185999870300293 50.25100040435791 17.5
    endloop
  endfacet
  facet normal 0.773200392238685 -0.6341617722962681 0
    outer loop
      vertex 15.600000381469727 50.66499996185303 10
      vertex 15.600000381469727 50.66499996185303 17.5
      vertex 15.413000106811523 50.4370002746582 17.5
    endloop
  endfacet
  facet normal -0.8818832994573388 -0.4714677572626125 0
    outer loop
      vertex 12.963000297546387 50.92500019073486 10
      vertex 13.10200023651123 50.66499996185303 17.5
      vertex 12.963000297546387 50.92500019073486 17.5
    endloop
  endfacet
  facet normal -0.9565091532519275 -0.29170231357546805 0
    outer loop
      vertex 12.876999855041504 51.207000732421875 10
      vertex 12.963000297546387 50.92500019073486 17.5
      vertex 12.876999855041504 51.207000732421875 17.5
    endloop
  endfacet
  facet normal -0.995137443096177 -0.09849603721979366 0
    outer loop
      vertex 12.847999572753906 51.5 10
      vertex 12.876999855041504 51.207000732421875 17.5
      vertex 12.847999572753906 51.5 17.5
    endloop
  endfacet
  facet normal -0.995137443096177 0.09849603721979366 0
    outer loop
      vertex 12.876999855041504 51.792999267578125 10
      vertex 12.847999572753906 51.5 17.5
      vertex 12.876999855041504 51.792999267578125 17.5
    endloop
  endfacet
  facet normal -0.956509428495386 0.2917014110343487 0
    outer loop
      vertex 12.963000297546387 52.07500076293945 10
      vertex 12.876999855041504 51.792999267578125 17.5
      vertex 12.963000297546387 52.07500076293945 17.5
    endloop
  endfacet
  facet normal -0.8818818614033793 0.4714704471413991 0
    outer loop
      vertex 13.10200023651123 52.334999084472656 10
      vertex 12.963000297546387 52.07500076293945 17.5
      vertex 13.10200023651123 52.334999084472656 17.5
    endloop
  endfacet
  facet normal -0.7735034873451029 0.6337920440215107 0
    outer loop
      vertex 13.288000106811523 52.5620002746582 10
      vertex 13.10200023651123 52.334999084472656 17.5
      vertex 13.288000106811523 52.5620002746582 17.5
    endloop
  endfacet
  facet normal -0.6341617722962681 0.773200392238685 0
    outer loop
      vertex 13.515999794006348 52.749000549316406 10
      vertex 13.288000106811523 52.5620002746582 17.5
      vertex 13.515999794006348 52.749000549316406 17.5
    endloop
  endfacet
  facet normal -0.4714677572626125 0.8818832994573388 0
    outer loop
      vertex 13.515999794006348 52.749000549316406 10
      vertex 13.515999794006348 52.749000549316406 17.5
      vertex 13.776000022888184 52.88800048828125 17.5
    endloop
  endfacet
  facet normal -0.2917032161219127 0.9565088780059142 0
    outer loop
      vertex 14.057999610900879 52.97400093078613 10
      vertex 13.776000022888184 52.88800048828125 17.5
      vertex 14.057999610900879 52.97400093078613 17.5
    endloop
  endfacet
  facet normal -0.0951292676230817 0.9954649277807309 0
    outer loop
      vertex 14.35099983215332 53.00200080871582 10
      vertex 14.057999610900879 52.97400093078613 17.5
      vertex 14.35099983215332 53.00200080871582 17.5
    endloop
  endfacet
  facet normal 0.0951292676230817 0.9954649277807309 0
    outer loop
      vertex 14.35099983215332 53.00200080871582 10
      vertex 14.35099983215332 53.00200080871582 17.5
      vertex 14.644000053405762 52.97400093078613 17.5
    endloop
  endfacet
  facet normal 0.2917032161219127 0.9565088780059142 0
    outer loop
      vertex 14.925999641418457 52.88800048828125 10
      vertex 14.644000053405762 52.97400093078613 17.5
      vertex 14.925999641418457 52.88800048828125 17.5
    endloop
  endfacet
  facet normal 0.8818832994573388 -0.4714677572626125 0
    outer loop
      vertex 15.600000381469727 50.66499996185303 10
      vertex 15.73900032043457 50.92500019073486 17.5
      vertex 15.600000381469727 50.66499996185303 17.5
    endloop
  endfacet
  facet normal 0.9574518066829515 -0.28859320483953205 0
    outer loop
      vertex 15.73900032043457 50.92500019073486 10
      vertex 15.824000358581543 51.207000732421875 17.5
      vertex 15.73900032043457 50.92500019073486 17.5
    endloop
  endfacet
  facet normal 0.9951377605726242 -0.09849282959943091 0
    outer loop
      vertex 15.852999687194824 51.5 10
      vertex 15.852999687194824 51.5 17.5
      vertex 15.824000358581543 51.207000732421875 17.5
    endloop
  endfacet
  facet normal 0.9951377605726242 0.09849282959943091 0
    outer loop
      vertex 15.852999687194824 51.5 10
      vertex 15.824000358581543 51.792999267578125 17.5
      vertex 15.852999687194824 51.5 17.5
    endloop
  endfacet
  facet normal 0.9574520763558169 0.2885923101573135 0
    outer loop
      vertex 15.824000358581543 51.792999267578125 10
      vertex 15.73900032043457 52.07500076293945 17.5
      vertex 15.824000358581543 51.792999267578125 17.5
    endloop
  endfacet
  facet normal 0.8818818614033793 0.4714704471413991 0
    outer loop
      vertex 15.73900032043457 52.07500076293945 10
      vertex 15.600000381469727 52.334999084472656 17.5
      vertex 15.73900032043457 52.07500076293945 17.5
    endloop
  endfacet
  facet normal 0.6358265871804327 0.7718319448134312 0
    outer loop
      vertex 15.413000106811523 52.5620002746582 10
      vertex 15.185999870300293 52.749000549316406 17.5
      vertex 15.413000106811523 52.5620002746582 17.5
    endloop
  endfacet
  facet normal 0.4714677572626125 0.8818832994573388 0
    outer loop
      vertex 15.185999870300293 52.749000549316406 10
      vertex 14.925999641418457 52.88800048828125 17.5
      vertex 15.185999870300293 52.749000549316406 17.5
    endloop
  endfacet
  facet normal 0.7718332557215829 0.6358249958614569 0
    outer loop
      vertex 15.600000381469727 52.334999084472656 10
      vertex 15.413000106811523 52.5620002746582 17.5
      vertex 15.600000381469727 52.334999084472656 17.5
    endloop
  endfacet
  facet normal 0 0 -1
    outer loop
      vertex 32.664000034332275 36.83500003814697 14.990000128746033
      vertex 33.06700038909912 37.776000022888184 14.990000128746033
      vertex 33.20199966430664 36.687000036239624 14.990000128746033
    endloop
  endfacet
  facet normal 0 0 1
    outer loop
      vertex 32.66599988937378 36.837000012397766 15
      vertex 33.20300006866455 36.69000005722046 15
      vertex 33.19200038909912 37.74306797981262 15
    endloop
  endfacet
  facet normal 0 0 -1
    outer loop
      vertex 33.20199966430664 36.687000036239624 14.990000128746033
      vertex 33.420000076293945 37.68300008773804 14.990000128746033
      vertex 33.77799987792969 36.63699996471405 14.990000128746033
    endloop
  endfacet
  facet normal 0 0 1
    outer loop
      vertex 33.20300006866455 36.69000005722046 15
      vertex 33.77999973297119 36.63900005817413 15
      vertex 33.43265628814697 37.68196201324463 15
    endloop
  endfacet
  facet normal 0 0 -1
    outer loop
      vertex 33.77799987792969 36.63699996471405 14.990000128746033
      vertex 33.79800033569336 37.651999950408936 14.990000128746033
      vertex 34.35900020599365 36.69200003147125 14.990000128746033
    endloop
  endfacet
  facet normal 0 0 1
    outer loop
      vertex 33.77999973297119 36.63900005817413 15
      vertex 34.359999656677246 36.69500005245209 15
      vertex 33.80920600891113 37.65300011634827 15
    endloop
  endfacet
  facet normal 0 0 -1
    outer loop
      vertex 31.755000114440918 37.390000104904175 14.990000128746033
      vertex 31.40500020980835 37.78200006484985 14.990000128746033
      vertex 32.239999771118164 38.36899995803833 14.990000128746033
    endloop
  endfacet
  facet normal 0 0 1
    outer loop
      vertex 31.756999969482422 37.39100003242493 15
      vertex 32.247384548187256 38.36106729507446 15
      vertex 31.407000064849854 37.782999992370605 15
    endloop
  endfacet
  facet normal 0 0 -1
    outer loop
      vertex 31.045000076293945 38.49300003051758 14.990000128746033
      vertex 30.973999977111816 38.759000062942505 14.990000128746033
      vertex 31.95699977874756 38.98099994659424 14.990000128746033
    endloop
  endfacet
  facet normal 0 0 1
    outer loop
      vertex 31.04699993133545 38.49399995803833 15
      vertex 31.961598873138428 38.964757442474365 15
      vertex 30.97700023651123 38.759000062942505 15
    endloop
  endfacet
  facet normal 0 0 -1
    outer loop
      vertex 31.40500020980835 37.78200006484985 14.990000128746033
      vertex 31.140999794006348 38.240999937057495 14.990000128746033
      vertex 32.06699991226196 38.65599989891052 14.990000128746033
    endloop
  endfacet
  facet normal 0 0 1
    outer loop
      vertex 31.407000064849854 37.782999992370605 15
      vertex 32.07408618927002 38.64424467086792 15
      vertex 31.14400005340576 38.242000102996826 15
    endloop
  endfacet
  facet normal 0 0 -1
    outer loop
      vertex 31.140999794006348 38.240999937057495 14.990000128746033
      vertex 31.045000076293945 38.49300003051758 14.990000128746033
      vertex 32.004000186920166 38.81500005722046 14.990000128746033
    endloop
  endfacet
  facet normal 0 0 1
    outer loop
      vertex 31.14400005340576 38.242000102996826 15
      vertex 32.0110068321228 38.79731559753418 15
      vertex 31.04699993133545 38.49399995803833 15
    endloop
  endfacet
  facet normal 0 0 -1
    outer loop
      vertex 31.140999794006348 38.240999937057495 14.990000128746033
      vertex 32.004000186920166 38.81500005722046 14.990000128746033
      vertex 32.06699991226196 38.65599989891052 14.990000128746033
    endloop
  endfacet
  facet normal 0 0 1
    outer loop
      vertex 31.14400005340576 38.242000102996826 15
      vertex 32.06699991226196 38.65599989891052 15
      vertex 32.0110068321228 38.79731559753418 15
    endloop
  endfacet
  facet normal 0 0 1
    outer loop
      vertex 31.14400005340576 38.242000102996826 15
      vertex 32.07408618927002 38.64424467086792 15
      vertex 32.06699991226196 38.65599989891052 15
    endloop
  endfacet
  facet normal 0 0 1
    outer loop
      vertex 31.04699993133545 38.49399995803833 15
      vertex 32.0110068321228 38.79731559753418 15
      vertex 32.004000186920166 38.81500005722046 15
    endloop
  endfacet
  facet normal 0 0 -1
    outer loop
      vertex 31.045000076293945 38.49300003051758 14.990000128746033
      vertex 31.95699977874756 38.98099994659424 14.990000128746033
      vertex 32.004000186920166 38.81500005722046 14.990000128746033
    endloop
  endfacet
  facet normal 0 0 1
    outer loop
      vertex 31.04699993133545 38.49399995803833 15
      vertex 32.004000186920166 38.81500005722046 15
      vertex 31.961598873138428 38.964757442474365 15
    endloop
  endfacet
  facet normal 0 0 -1
    outer loop
      vertex 30.973999977111816 38.759000062942505 14.990000128746033
      vertex 30.931000232696533 39.03800010681152 14.990000128746033
      vertex 31.95699977874756 38.98099994659424 14.990000128746033
    endloop
  endfacet
  facet normal 0 0 1
    outer loop
      vertex 30.97700023651123 38.759000062942505 15
      vertex 31.938600063323975 39.09600019454956 15
      vertex 30.93400001525879 39.03800010681152 15
    endloop
  endfacet
  facet normal 0 0 -1
    outer loop
      vertex 30.931000232696533 39.03800010681152 14.990000128746033
      vertex 30.91599988937378 39.3289999961853 14.990000128746033
      vertex 31.92899990081787 39.1560001373291 14.990000128746033
    endloop
  endfacet
  facet normal 0 0 1
    outer loop
      vertex 30.93400001525879 39.03800010681152 15
      vertex 31.926527500152588 39.20100021362305 15
      vertex 30.919000148773193 39.3289999961853 15
    endloop
  endfacet
  facet normal 0 0 -1
    outer loop
      vertex 30.91599988937378 39.3289999961853 14.990000128746033
      vertex 30.932000160217285 39.61899995803833 14.990000128746033
      vertex 31.919000148773193 39.33799982070923 14.990000128746033
    endloop
  endfacet
  facet normal 0 0 1
    outer loop
      vertex 30.919000148773193 39.3289999961853 15
      vertex 31.921000003814697 39.37440013885498 15
      vertex 30.93400001525879 39.61899995803833 15
    endloop
  endfacet
  facet normal 0 0 -1
    outer loop
      vertex 30.931000232696533 39.03800010681152 14.990000128746033
      vertex 31.92899990081787 39.1560001373291 14.990000128746033
      vertex 31.95699977874756 38.98099994659424 14.990000128746033
    endloop
  endfacet
  facet normal 0 0 1
    outer loop
      vertex 30.93400001525879 39.03800010681152 15
      vertex 31.929959774017334 39.15000009536743 15
      vertex 31.92899990081787 39.1560001373291 15
    endloop
  endfacet
  facet normal 0 0 1
    outer loop
      vertex 30.93400001525879 39.03800010681152 15
      vertex 31.92899990081787 39.1560001373291 15
      vertex 31.92795419692993 39.17503786087036 15
    endloop
  endfacet
  facet normal 0 0 1
    outer loop
      vertex 30.93400001525879 39.03800010681152 15
      vertex 31.938600063323975 39.09600019454956 15
      vertex 31.929959774017334 39.15000009536743 15
    endloop
  endfacet
  facet normal 0 0 1
    outer loop
      vertex 30.93400001525879 39.03800010681152 15
      vertex 31.92795419692993 39.17503786087036 15
      vertex 31.92658233642578 39.19999980926514 15
    endloop
  endfacet
  facet normal 0 0 1
    outer loop
      vertex 30.93400001525879 39.03800010681152 15
      vertex 31.92658233642578 39.19999980926514 15
      vertex 31.926527500152588 39.20100021362305 15
    endloop
  endfacet
  facet normal 0 0 1
    outer loop
      vertex 30.97700023651123 38.759000062942505 15
      vertex 31.961598873138428 38.964757442474365 15
      vertex 31.95699977874756 38.98099994659424 15
    endloop
  endfacet
  facet normal 0 0 1
    outer loop
      vertex 30.97700023651123 38.759000062942505 15
      vertex 31.95699977874756 38.98099994659424 15
      vertex 31.938600063323975 39.09600019454956 15
    endloop
  endfacet
  facet normal 0 0 -1
    outer loop
      vertex 30.91599988937378 39.3289999961853 14.990000128746033
      vertex 31.919000148773193 39.33799982070923 14.990000128746033
      vertex 31.92899990081787 39.1560001373291 14.990000128746033
    endloop
  endfacet
  facet normal 0 0 1
    outer loop
      vertex 30.919000148773193 39.3289999961853 15
      vertex 31.926527500152588 39.20100021362305 15
      vertex 31.921000003814697 39.301599979400635 15
    endloop
  endfacet
  facet normal 0 0 1
    outer loop
      vertex 30.919000148773193 39.3289999961853 15
      vertex 31.921000003814697 39.301599979400635 15
      vertex 31.919000148773193 39.33799982070923 15
    endloop
  endfacet
  facet normal 0 0 1
    outer loop
      vertex 30.919000148773193 39.3289999961853 15
      vertex 31.919000148773193 39.33799982070923 15
      vertex 31.921000003814697 39.37440013885498 15
    endloop
  endfacet
  facet normal 0 0 -1
    outer loop
      vertex 30.932000160217285 39.61899995803833 14.990000128746033
      vertex 31.92899990081787 39.519999980926514 14.990000128746033
      vertex 31.919000148773193 39.33799982070923 14.990000128746033
    endloop
  endfacet
  facet normal 0 0 1
    outer loop
      vertex 30.93400001525879 39.61899995803833 15
      vertex 31.921000003814697 39.37440013885498 15
      vertex 31.92899990081787 39.519999980926514 15
    endloop
  endfacet
  facet normal 0 0 1
    outer loop
      vertex 30.93400001525879 39.61899995803833 15
      vertex 31.92899990081787 39.519999980926514 15
      vertex 31.93194341659546 39.53716993331909 15
    endloop
  endfacet
  facet normal 0 0 1
    outer loop
      vertex 30.93400001525879 39.61899995803833 15
      vertex 31.93194341659546 39.53716993331909 15
      vertex 31.948200225830078 39.63199996948242 15
    endloop
  endfacet
  facet normal 0 0 -1
    outer loop
      vertex 30.932000160217285 39.61899995803833 14.990000128746033
      vertex 30.97700023651123 39.89799976348877 14.990000128746033
      vertex 31.92899990081787 39.519999980926514 14.990000128746033
    endloop
  endfacet
  facet normal 0 0 1
    outer loop
      vertex 30.93400001525879 39.61899995803833 15
      vertex 31.948200225830078 39.63199996948242 15
      vertex 30.979000091552734 39.89799976348877 15
    endloop
  endfacet
  facet normal 0 0 -1
    outer loop
      vertex 30.97700023651123 39.89799976348877 14.990000128746033
      vertex 31.050000190734863 40.164000034332275 14.990000128746033
      vertex 31.95900011062622 39.69500017166138 14.990000128746033
    endloop
  endfacet
  facet normal 0 0 1
    outer loop
      vertex 30.979000091552734 39.89799976348877 15
      vertex 31.963955879211426 39.712241649627686 15
      vertex 31.05299997329712 40.16300010681152 15
    endloop
  endfacet
  facet normal 0 0 -1
    outer loop
      vertex 30.97700023651123 39.89799976348877 14.990000128746033
      vertex 31.95900011062622 39.69500017166138 14.990000128746033
      vertex 31.92899990081787 39.519999980926514 14.990000128746033
    endloop
  endfacet
  facet normal 0 0 1
    outer loop
      vertex 30.979000091552734 39.89799976348877 15
      vertex 31.95677137374878 39.682000160217285 15
      vertex 31.95900011062622 39.69500017166138 15
    endloop
  endfacet
  facet normal 0 0 1
    outer loop
      vertex 30.979000091552734 39.89799976348877 15
      vertex 31.948200225830078 39.63199996948242 15
      vertex 31.95677137374878 39.682000160217285 15
    endloop
  endfacet
  facet normal 0 0 1
    outer loop
      vertex 30.979000091552734 39.89799976348877 15
      vertex 31.95900011062622 39.69500017166138 15
      vertex 31.963955879211426 39.712241649627686 15
    endloop
  endfacet
  facet normal 0 0 -1
    outer loop
      vertex 31.050000190734863 40.164000034332275 14.990000128746033
      vertex 32.00699996948242 39.86199998855591 14.990000128746033
      vertex 31.95900011062622 39.69500017166138 14.990000128746033
    endloop
  endfacet
  facet normal 0 0 1
    outer loop
      vertex 31.05299997329712 40.16300010681152 15
      vertex 31.963955879211426 39.712241649627686 15
      vertex 32.00699996948242 39.86199998855591 15
    endloop
  endfacet
  facet normal 0 0 1
    outer loop
      vertex 31.05299997329712 40.16300010681152 15
      vertex 32.00699996948242 39.86199998855591 15
      vertex 32.014437675476074 39.87980556488037 15
    endloop
  endfacet
  facet normal 0 0 -1
    outer loop
      vertex 31.050000190734863 40.164000034332275 14.990000128746033
      vertex 31.15000009536743 40.41599988937378 14.990000128746033
      vertex 32.00699996948242 39.86199998855591 14.990000128746033
    endloop
  endfacet
  facet normal 0 0 1
    outer loop
      vertex 31.05299997329712 40.16300010681152 15
      vertex 32.014437675476074 39.87980556488037 15
      vertex 31.151999950408936 40.41499996185303 15
    endloop
  endfacet
  facet normal 0 0 -1
    outer loop
      vertex 31.15000009536743 40.41599988937378 14.990000128746033
      vertex 31.4229998588562 40.875 14.990000128746033
      vertex 32.07299995422363 40.019999980926514 14.990000128746033
    endloop
  endfacet
  facet normal 0 0 1
    outer loop
      vertex 31.151999950408936 40.41499996185303 15
      vertex 32.07299995422363 40.019999980926514 15
      vertex 31.425000190734863 40.87400007247925 15
    endloop
  endfacet
  facet normal 0 0 -1
    outer loop
      vertex 31.15000009536743 40.41599988937378 14.990000128746033
      vertex 32.07299995422363 40.019999980926514 14.990000128746033
      vertex 32.00699996948242 39.86199998855591 14.990000128746033
    endloop
  endfacet
  facet normal 0 0 1
    outer loop
      vertex 31.151999950408936 40.41499996185303 15
      vertex 32.014437675476074 39.87980556488037 15
      vertex 32.07299995422363 40.019999980926514 15
    endloop
  endfacet
  facet normal 0 0 -1
    outer loop
      vertex 32.17799997329712 37.07100009918213 14.990000128746033
      vertex 31.755000114440918 37.390000104904175 14.990000128746033
      vertex 32.4689998626709 38.12299990653992 14.990000128746033
    endloop
  endfacet
  facet normal 0 0 1
    outer loop
      vertex 32.17999982833862 37.07299995422363 15
      vertex 32.4689998626709 38.12299990653992 15
      vertex 31.756999969482422 37.39100003242493 15
    endloop
  endfacet
  facet normal 0 0 -1
    outer loop
      vertex 31.755000114440918 37.390000104904175 14.990000128746033
      vertex 32.239999771118164 38.36899995803833 14.990000128746033
      vertex 32.4689998626709 38.12299990653992 14.990000128746033
    endloop
  endfacet
  facet normal 0 0 1
    outer loop
      vertex 31.756999969482422 37.39100003242493 15
      vertex 32.462215423583984 38.13028836250305 15
      vertex 32.247384548187256 38.36106729507446 15
    endloop
  endfacet
  facet normal 0 0 1
    outer loop
      vertex 31.756999969482422 37.39100003242493 15
      vertex 32.4689998626709 38.12299990653992 15
      vertex 32.462215423583984 38.13028836250305 15
    endloop
  endfacet
  facet normal 0 0 -1
    outer loop
      vertex 32.17799997329712 37.07100009918213 14.990000128746033
      vertex 32.748000144958496 37.92400002479553 14.990000128746033
      vertex 32.664000034332275 36.83500003814697 14.990000128746033
    endloop
  endfacet
  facet normal 0 0 1
    outer loop
      vertex 32.17999982833862 37.07299995422363 15
      vertex 32.66599988937378 36.837000012397766 15
      vertex 32.754812240600586 37.92083954811096 15
    endloop
  endfacet
  facet normal 0 0 -1
    outer loop
      vertex 32.664000034332275 36.83500003814697 14.990000128746033
      vertex 32.748000144958496 37.92400002479553 14.990000128746033
      vertex 33.06700038909912 37.776000022888184 14.990000128746033
    endloop
  endfacet
  facet normal 0 0 1
    outer loop
      vertex 32.66599988937378 36.837000012397766 15
      vertex 33.06700038909912 37.776000022888184 15
      vertex 32.754812240600586 37.92083954811096 15
    endloop
  endfacet
  facet normal 0 0 1
    outer loop
      vertex 32.66599988937378 36.837000012397766 15
      vertex 33.07430171966553 37.77407622337341 15
      vertex 33.06700038909912 37.776000022888184 15
    endloop
  endfacet
  facet normal 0 0 -1
    outer loop
      vertex 32.17799997329712 37.07100009918213 14.990000128746033
      vertex 32.4689998626709 38.12299990653992 14.990000128746033
      vertex 32.748000144958496 37.92400002479553 14.990000128746033
    endloop
  endfacet
  facet normal 0 0 1
    outer loop
      vertex 32.17999982833862 37.07299995422363 15
      vertex 32.748000144958496 37.92400002479553 15
      vertex 32.4689998626709 38.12299990653992 15
    endloop
  endfacet
  facet normal 0 0 1
    outer loop
      vertex 32.17999982833862 37.07299995422363 15
      vertex 32.754812240600586 37.92083954811096 15
      vertex 32.748000144958496 37.92400002479553 15
    endloop
  endfacet
  facet normal 0.4208612982813817 0.9071250010935151 0
    outer loop
      vertex 32.748000144958496 37.92400002479553 14.990000128746033
      vertex 32.748000144958496 37.92400002479553 15
      vertex 32.754812240600586 37.92083954811096 15
    endloop
  endfacet
  facet normal 0.42086038251846397 0.9071254259615026 7.581147553553235e-7
    outer loop
      vertex 32.748000144958496 37.92400002479553 14.990000128746033
      vertex 32.754812240600586 37.92083954811096 15
      vertex 33.06700038909912 37.776000022888184 14.990000128746033
    endloop
  endfacet
  facet normal 0 0 1
    outer loop
      vertex 31.407000064849854 37.782999992370605 15
      vertex 32.247384548187256 38.36106729507446 15
      vertex 32.239999771118164 38.36899995803833 15
    endloop
  endfacet
  facet normal 0 0 -1
    outer loop
      vertex 31.40500020980835 37.78200006484985 14.990000128746033
      vertex 32.06699991226196 38.65599989891052 14.990000128746033
      vertex 32.239999771118164 38.36899995803833 14.990000128746033
    endloop
  endfacet
  facet normal 0 0 1
    outer loop
      vertex 31.407000064849854 37.782999992370605 15
      vertex 32.239999771118164 38.36899995803833 15
      vertex 32.07408618927002 38.64424467086792 15
    endloop
  endfacet
  facet normal 0.7319310483728485 0.681378705587299 0
    outer loop
      vertex 32.239999771118164 38.36899995803833 15
      vertex 32.247384548187256 38.36106729507446 15
      vertex 32.239999771118164 38.36899995803833 14.990000128746033
    endloop
  endfacet
  facet normal 0.7319450765402025 0.6813636359761526 -0.00002231399076547337
    outer loop
      vertex 32.239999771118164 38.36899995803833 14.990000128746033
      vertex 32.247384548187256 38.36106729507446 15
      vertex 32.4689998626709 38.12299990653992 14.990000128746033
    endloop
  endfacet
  facet normal 0.731945013965413 0.6813637030919336 -0.00002529859022756571
    outer loop
      vertex 32.247384548187256 38.36106729507446 15
      vertex 32.462215423583984 38.13028836250305 15
      vertex 32.4689998626709 38.12299990653992 14.990000128746033
    endloop
  endfacet
  facet normal 0.8564380545260412 0.5162498016613366 -0.000032315329577283106
    outer loop
      vertex 32.239999771118164 38.36899995803833 14.990000128746033
      vertex 32.06699991226196 38.65599989891052 14.990000128746033
      vertex 32.07408618927002 38.64424467086792 15
    endloop
  endfacet
  facet normal 0.9296887892228097 0.36834597214225917 0
    outer loop
      vertex 32.0110068321228 38.79731559753418 15
      vertex 32.004000186920166 38.81500005722046 14.990000128746033
      vertex 32.004000186920166 38.81500005722046 15
    endloop
  endfacet
  facet normal 0.8564259006687353 0.5162699649057124 0
    outer loop
      vertex 32.07408618927002 38.64424467086792 15
      vertex 32.06699991226196 38.65599989891052 14.990000128746033
      vertex 32.06699991226196 38.65599989891052 15
    endloop
  endfacet
  facet normal 0.9296813484417775 0.3683647517875161 0
    outer loop
      vertex 32.06699991226196 38.65599989891052 15
      vertex 32.06699991226196 38.65599989891052 14.990000128746033
      vertex 32.0110068321228 38.79731559753418 15
    endloop
  endfacet
  facet normal 0.929682175497788 0.36836266286827085 0.00003415108928007835
    outer loop
      vertex 32.06699991226196 38.65599989891052 14.990000128746033
      vertex 32.004000186920166 38.81500005722046 14.990000128746033
      vertex 32.0110068321228 38.79731559753418 15
    endloop
  endfacet
  facet normal 0.856438574059763 0.516248940785819 0
    outer loop
      vertex 32.239999771118164 38.36899995803833 15
      vertex 32.239999771118164 38.36899995803833 14.990000128746033
      vertex 32.07408618927002 38.64424467086792 15
    endloop
  endfacet
  facet normal 0.7319623249937667 0.6813451069683554 0
    outer loop
      vertex 32.4689998626709 38.12299990653992 15
      vertex 32.4689998626709 38.12299990653992 14.990000128746033
      vertex 32.462215423583984 38.13028836250305 15
    endloop
  endfacet
  facet normal 0.5806853839682072 0.81412805187249 0
    outer loop
      vertex 32.748000144958496 37.92400002479553 14.990000128746033
      vertex 32.4689998626709 38.12299990653992 14.990000128746033
      vertex 32.4689998626709 38.12299990653992 15
    endloop
  endfacet
  facet normal 0.5806853839682072 0.81412805187249 0
    outer loop
      vertex 32.748000144958496 37.92400002479553 14.990000128746033
      vertex 32.4689998626709 38.12299990653992 15
      vertex 32.748000144958496 37.92400002479553 15
    endloop
  endfacet
  facet normal 0 0 1
    outer loop
      vertex 32.66599988937378 36.837000012397766 15
      vertex 33.19200038909912 37.74306797981262 15
      vertex 33.07430171966553 37.77407622337341 15
    endloop
  endfacet
  facet normal 0 0 -1
    outer loop
      vertex 33.20199966430664 36.687000036239624 14.990000128746033
      vertex 33.06700038909912 37.776000022888184 14.990000128746033
      vertex 33.420000076293945 37.68300008773804 14.990000128746033
    endloop
  endfacet
  facet normal 0 0 1
    outer loop
      vertex 33.20300006866455 36.69000005722046 15
      vertex 33.420000076293945 37.68300008773804 15
      vertex 33.19200038909912 37.74306797981262 15
    endloop
  endfacet
  facet normal 0 0 1
    outer loop
      vertex 33.20300006866455 36.69000005722046 15
      vertex 33.43265628814697 37.68196201324463 15
      vertex 33.420000076293945 37.68300008773804 15
    endloop
  endfacet
  facet normal 0.4208603625361856 0.907125435232587 0
    outer loop
      vertex 32.754812240600586 37.92083954811096 15
      vertex 33.06700038909912 37.776000022888184 15
      vertex 33.06700038909912 37.776000022888184 14.990000128746033
    endloop
  endfacet
  facet normal 0.25479015474462446 0.9669963686825355 0
    outer loop
      vertex 33.06700038909912 37.776000022888184 14.990000128746033
      vertex 33.06700038909912 37.776000022888184 15
      vertex 33.07430171966553 37.77407622337341 15
    endloop
  endfacet
  facet normal 0.2547615273599069 0.9670039108905341 0.00002235305730298607
    outer loop
      vertex 33.19200038909912 37.74306797981262 15
      vertex 33.06700038909912 37.776000022888184 14.990000128746033
      vertex 33.07430171966553 37.77407622337341 15
    endloop
  endfacet
  facet normal 0.25476301492986575 0.9670035192375217 0.000002468383422518538
    outer loop
      vertex 33.19200038909912 37.74306797981262 15
      vertex 33.420000076293945 37.68300008773804 14.990000128746033
      vertex 33.06700038909912 37.776000022888184 14.990000128746033
    endloop
  endfacet
  facet normal 0.25476291369605714 0.967003545911335 0
    outer loop
      vertex 33.19200038909912 37.74306797981262 15
      vertex 33.420000076293945 37.68300008773804 15
      vertex 33.420000076293945 37.68300008773804 14.990000128746033
    endloop
  endfacet
  facet normal 0.08174643688944846 0.9966531593567943 0
    outer loop
      vertex 33.420000076293945 37.68300008773804 15
      vertex 33.43265628814697 37.68196201324463 15
      vertex 33.420000076293945 37.68300008773804 14.990000128746033
    endloop
  endfacet
  facet normal 0 0 -1
    outer loop
      vertex 33.77799987792969 36.63699996471405 14.990000128746033
      vertex 33.420000076293945 37.68300008773804 14.990000128746033
      vertex 33.79800033569336 37.651999950408936 14.990000128746033
    endloop
  endfacet
  facet normal 0 0 1
    outer loop
      vertex 33.77999973297119 36.63900005817413 15
      vertex 33.78580665588379 37.65300011634827 15
      vertex 33.43265628814697 37.68196201324463 15
    endloop
  endfacet
  facet normal 0 0 1
    outer loop
      vertex 33.77999973297119 36.63900005817413 15
      vertex 33.79800033569336 37.651999950408936 15
      vertex 33.78580665588379 37.65300011634827 15
    endloop
  endfacet
  facet normal 0 0 1
    outer loop
      vertex 33.77999973297119 36.63900005817413 15
      vertex 33.80920600891113 37.65300011634827 15
      vertex 33.79800033569336 37.651999950408936 15
    endloop
  endfacet
  facet normal 0.0817364786337497 0.996653976011515 0.000012688317581597757
    outer loop
      vertex 33.420000076293945 37.68300008773804 14.990000128746033
      vertex 33.43265628814697 37.68196201324463 15
      vertex 33.79800033569336 37.651999950408936 14.990000128746033
    endloop
  endfacet
  facet normal 0.08173569727265716 0.9966540400428502 -0.000016050465923088994
    outer loop
      vertex 33.43265628814697 37.68196201324463 15
      vertex 33.78580665588379 37.65300011634827 15
      vertex 33.79800033569336 37.651999950408936 14.990000128746033
    endloop
  endfacet
  facet normal 0.08174877209443579 0.9966529678183133 0
    outer loop
      vertex 33.79800033569336 37.651999950408936 15
      vertex 33.79800033569336 37.651999950408936 14.990000128746033
      vertex 33.78580665588379 37.65300011634827 15
    endloop
  endfacet
  facet normal -0.08890190259020751 0.9960403865887373 0
    outer loop
      vertex 33.79800033569336 37.651999950408936 15
      vertex 33.80920600891113 37.65300011634827 15
      vertex 33.79800033569336 37.651999950408936 14.990000128746033
    endloop
  endfacet
  facet normal -0.08888613470483012 0.9960417936713504 -0.000017809937993665208
    outer loop
      vertex 33.79800033569336 37.651999950408936 14.990000128746033
      vertex 33.80920600891113 37.65300011634827 15
      vertex 34.17899990081787 37.68600010871887 14.990000128746033
    endloop
  endfacet
  facet normal 0.9621771711696481 0.2724244689450158 0
    outer loop
      vertex 32.004000186920166 38.81500005722046 15
      vertex 32.004000186920166 38.81500005722046 14.990000128746033
      vertex 31.961598873138428 38.964757442474365 15
    endloop
  endfacet
  facet normal 0.9621767159665194 0.2724260754341718 -0.0000259888172086272
    outer loop
      vertex 32.004000186920166 38.81500005722046 14.990000128746033
      vertex 31.95699977874756 38.98099994659424 14.990000128746033
      vertex 31.961598873138428 38.964757442474365 15
    endloop
  endfacet
  facet normal 0.9621725221664655 0.2724408882451798 0
    outer loop
      vertex 31.961598873138428 38.964757442474365 15
      vertex 31.95699977874756 38.98099994659424 14.990000128746033
      vertex 31.95699977874756 38.98099994659424 15
    endloop
  endfacet
  facet normal 0.9874410662565296 0.15798778645885198 0
    outer loop
      vertex 31.95699977874756 38.98099994659424 14.990000128746033
      vertex 31.938600063323975 39.09600019454956 15
      vertex 31.95699977874756 38.98099994659424 15
    endloop
  endfacet
  facet normal 0.9874407659929556 0.15798966157979072 -0.000022116698465228688
    outer loop
      vertex 31.95699977874756 38.98099994659424 14.990000128746033
      vertex 31.92899990081787 39.1560001373291 14.990000128746033
      vertex 31.938600063323975 39.09600019454956 15
    endloop
  endfacet
  facet normal 0.9984939989481654 0.054861042734487636 -0.000007388228781302215
    outer loop
      vertex 31.92899990081787 39.1560001373291 14.990000128746033
      vertex 31.919000148773193 39.33799982070923 14.990000128746033
      vertex 31.926527500152588 39.20100021362305 15
    endloop
  endfacet
  facet normal 0.9874397611847714 0.1579959422201937 0.000016532237789961163
    outer loop
      vertex 31.938600063323975 39.09600019454956 15
      vertex 31.92899990081787 39.1560001373291 14.990000128746033
      vertex 31.929959774017334 39.15000009536743 15
    endloop
  endfacet
  facet normal 0.9874440595855679 0.15796907668646176 0
    outer loop
      vertex 31.929959774017334 39.15000009536743 15
      vertex 31.92899990081787 39.1560001373291 14.990000128746033
      vertex 31.92899990081787 39.1560001373291 15
    endloop
  endfacet
  facet normal 0.998493216089527 0.05487525994172896 -0.0000571797241078097
    outer loop
      vertex 31.92899990081787 39.1560001373291 14.990000128746033
      vertex 31.92658233642578 39.19999980926514 15
      vertex 31.92795419692993 39.17503786087036 15
    endloop
  endfacet
  facet normal 0.9984948629470756 0.05484531582825139 0
    outer loop
      vertex 31.92899990081787 39.1560001373291 14.990000128746033
      vertex 31.92795419692993 39.17503786087036 15
      vertex 31.92899990081787 39.1560001373291 15
    endloop
  endfacet
  facet normal 0.9985009183798607 0.054731937852089595 0.0005753029896729099
    outer loop
      vertex 31.92899990081787 39.1560001373291 14.990000128746033
      vertex 31.926527500152588 39.20100021362305 15
      vertex 31.92658233642578 39.19999980926514 15
    endloop
  endfacet
  facet normal 0.9984939096308745 0.054862666788836 0.000014928771565698847
    outer loop
      vertex 31.926527500152588 39.20100021362305 15
      vertex 31.919000148773193 39.33799982070923 14.990000128746033
      vertex 31.921000003814697 39.301599979400635 15
    endloop
  endfacet
  facet normal 0.998494134401874 0.05485857786210254 0
    outer loop
      vertex 31.919000148773193 39.33799982070923 14.990000128746033
      vertex 31.919000148773193 39.33799982070923 15
      vertex 31.921000003814697 39.301599979400635 15
    endloop
  endfacet
  facet normal 0.9984940067875558 -0.0548608994302635 0.000011092106622908471
    outer loop
      vertex 31.919000148773193 39.33799982070923 14.990000128746033
      vertex 31.92899990081787 39.519999980926514 14.990000128746033
      vertex 31.921000003814697 39.37440013885498 15
    endloop
  endfacet
  facet normal 0.9984941737656454 -0.054857861387965424 0
    outer loop
      vertex 31.919000148773193 39.33799982070923 14.990000128746033
      vertex 31.921000003814697 39.37440013885498 15
      vertex 31.919000148773193 39.33799982070923 15
    endloop
  endfacet
  facet normal 0.9984939651179688 -0.05486165895228074 0
    outer loop
      vertex 31.921000003814697 39.37440013885498 15
      vertex 31.92899990081787 39.519999980926514 14.990000128746033
      vertex 31.92899990081787 39.519999980926514 15
    endloop
  endfacet
  facet normal 0.9856213431128823 -0.16896913327693353 0
    outer loop
      vertex 31.92899990081787 39.519999980926514 14.990000128746033
      vertex 31.93194341659546 39.53716993331909 15
      vertex 31.92899990081787 39.519999980926514 15
    endloop
  endfacet
  facet normal 0.9856220884744681 -0.1689647841057301 -0.00002105544375940355
    outer loop
      vertex 31.92899990081787 39.519999980926514 14.990000128746033
      vertex 31.95900011062622 39.69500017166138 14.990000128746033
      vertex 31.948200225830078 39.63199996948242 15
    endloop
  endfacet
  facet normal 0.9856218539120287 -0.16896615360266498 -0.000005266508872490718
    outer loop
      vertex 31.92899990081787 39.519999980926514 14.990000128746033
      vertex 31.948200225830078 39.63199996948242 15
      vertex 31.93194341659546 39.53716993331909 15
    endloop
  endfacet
  facet normal -1 0 0
    outer loop
      vertex 32.86899995803833 39.19999980926514 14.990000128746033
      vertex 32.86899995803833 39.63199996948242 15
      vertex 32.86899995803833 39.63199996948242 14.990000128746033
    endloop
  endfacet
  facet normal 0 1 0
    outer loop
      vertex 32.870999813079834 39.63199996948242 15
      vertex 32.86899995803833 39.63199996948242 14.990000128746033
      vertex 32.86899995803833 39.63199996948242 15
    endloop
  endfacet
  facet normal 0.9610885398972863 -0.2762405080510774 -0.000013776243268281121
    outer loop
      vertex 31.95900011062622 39.69500017166138 14.990000128746033
      vertex 32.00699996948242 39.86199998855591 14.990000128746033
      vertex 31.963955879211426 39.712241649627686 15
    endloop
  endfacet
  facet normal 0.9856201905321849 -0.16897585630882267 0
    outer loop
      vertex 31.95900011062622 39.69500017166138 15
      vertex 31.95677137374878 39.682000160217285 15
      vertex 31.95900011062622 39.69500017166138 14.990000128746033
    endloop
  endfacet
  facet normal 0.9610864186678046 -0.2762478884123705 0
    outer loop
      vertex 31.95900011062622 39.69500017166138 15
      vertex 31.95900011062622 39.69500017166138 14.990000128746033
      vertex 31.963955879211426 39.712241649627686 15
    endloop
  endfacet
  facet normal 0.9856232831713547 -0.1689578145206384 0.000024143924026814254
    outer loop
      vertex 31.948200225830078 39.63199996948242 15
      vertex 31.95900011062622 39.69500017166138 14.990000128746033
      vertex 31.95677137374878 39.682000160217285 15
    endloop
  endfacet
  facet normal 0.9610887842102723 -0.2762396583860121 0
    outer loop
      vertex 31.963955879211426 39.712241649627686 15
      vertex 32.00699996948242 39.86199998855591 14.990000128746033
      vertex 32.00699996948242 39.86199998855591 15
    endloop
  endfacet
  facet normal 0.9227310093126571 -0.3854445283264931 0.0000060010242953595735
    outer loop
      vertex 32.00699996948242 39.86199998855591 14.990000128746033
      vertex 32.07299995422363 40.019999980926514 14.990000128746033
      vertex 32.014437675476074 39.87980556488037 15
    endloop
  endfacet
  facet normal 0.9227322079994665 -0.38544165877656406 0
    outer loop
      vertex 32.00699996948242 39.86199998855591 15
      vertex 32.00699996948242 39.86199998855591 14.990000128746033
      vertex 32.014437675476074 39.87980556488037 15
    endloop
  endfacet
  facet normal 0.9227308570901704 -0.3854448927844801 0
    outer loop
      vertex 32.014437675476074 39.87980556488037 15
      vertex 32.07299995422363 40.019999980926514 14.990000128746033
      vertex 32.07299995422363 40.019999980926514 15
    endloop
  endfacet
  facet normal 0.8484964845416448 -0.5292010163637917 0
    outer loop
      vertex 32.07299995422363 40.019999980926514 15
      vertex 32.07299995422363 40.019999980926514 14.990000128746033
      vertex 32.251999855041504 40.307000160217285 15
    endloop
  endfacet
  facet normal 0 0 -1
    outer loop
      vertex 32.07299995422363 40.019999980926514 14.990000128746033
      vertex 31.4229998588562 40.875 14.990000128746033
      vertex 32.251999855041504 40.307000160217285 14.990000128746033
    endloop
  endfacet
  facet normal 0 0 1
    outer loop
      vertex 32.07299995422363 40.019999980926514 15
      vertex 32.251999855041504 40.307000160217285 15
      vertex 31.425000190734863 40.87400007247925 15
    endloop
  endfacet
  facet normal 0 0 1
    outer loop
      vertex 32.259499073028564 40.31481647491455 15
      vertex 31.425000190734863 40.87400007247925 15
      vertex 32.251999855041504 40.307000160217285 15
    endloop
  endfacet
  facet normal 0.8484964845416448 -0.5292010163637917 0
    outer loop
      vertex 32.07299995422363 40.019999980926514 14.990000128746033
      vertex 32.251999855041504 40.307000160217285 14.990000128746033
      vertex 32.251999855041504 40.307000160217285 15
    endloop
  endfacet
  facet normal 0.7215922564963888 -0.6923182905026053 0
    outer loop
      vertex 32.259499073028564 40.31481647491455 15
      vertex 32.251999855041504 40.307000160217285 15
      vertex 32.251999855041504 40.307000160217285 14.990000128746033
    endloop
  endfacet
  facet normal 0.7216214050443058 -0.6922879066556985 -0.000045608689591136595
    outer loop
      vertex 32.259499073028564 40.31481647491455 15
      vertex 32.251999855041504 40.307000160217285 14.990000128746033
      vertex 32.48799991607666 40.55299997329712 14.990000128746033
    endloop
  endfacet
  facet normal 0.7216223623868585 -0.6922869102497963 0
    outer loop
      vertex 32.259499073028564 40.31481647491455 15
      vertex 32.48799991607666 40.55299997329712 14.990000128746033
      vertex 32.48799991607666 40.55299997329712 15
    endloop
  endfacet
  facet normal 0 0 -1
    outer loop
      vertex 32.86899995803833 39.19999980926514 14.990000128746033
      vertex 32.86899995803833 39.63199996948242 14.990000128746033
      vertex 34.805999755859375 39.19999980926514 14.990000128746033
    endloop
  endfacet
  facet normal 0 0 1
    outer loop
      vertex 32.870999813079834 39.20100021362305 15
      vertex 34.805999755859375 39.20100021362305 15
      vertex 32.870999813079834 39.63199996948242 15
    endloop
  endfacet
  facet normal 0 1 0
    outer loop
      vertex 32.870999813079834 39.63199996948242 15
      vertex 34.805999755859375 39.63199996948242 14.990000128746033
      vertex 32.86899995803833 39.63199996948242 14.990000128746033
    endloop
  endfacet
  facet normal -0.4368184299936406 -0.8995496980255682 0
    outer loop
      vertex 32.17799997329712 37.07100009918213 14.990000128746033
      vertex 32.664000034332275 36.83500003814697 14.990000128746033
      vertex 32.17799997329712 37.07100009918213 17.5
    endloop
  endfacet
  facet normal 0.43681825144796954 0.899549784726748 0
    outer loop
      vertex 32.17999982833862 37.07299995422363 15
      vertex 32.17999982833862 37.07299995422363 17.5
      vertex 32.66599988937378 36.837000012397766 15
    endloop
  endfacet
  facet normal 0.2640290060203884 0.9645147401568758 0
    outer loop
      vertex 32.66599988937378 36.837000012397766 15
      vertex 32.66599988937378 36.837000012397766 17.5
      vertex 33.20300006866455 36.69000005722046 15
    endloop
  endfacet
  facet normal -0.08648043445741245 -0.9962535492815356 0
    outer loop
      vertex 33.20199966430664 36.687000036239624 14.990000128746033
      vertex 33.77799987792969 36.63699996471405 14.990000128746033
      vertex 33.20199966430664 36.687000036239624 17.5
    endloop
  endfacet
  facet normal 0.08804500862252664 0.9961164974322327 0
    outer loop
      vertex 33.20300006866455 36.69000005722046 15
      vertex 33.20300006866455 36.69000005722046 17.5
      vertex 33.77999973297119 36.63900005817413 15
    endloop
  endfacet
  facet normal -0.26523996268055045 -0.9641824320102603 0
    outer loop
      vertex 32.664000034332275 36.83500003814697 14.990000128746033
      vertex 33.20199966430664 36.687000036239624 14.990000128746033
      vertex 33.20199966430664 36.687000036239624 17.5
    endloop
  endfacet
  facet normal 0.09424310209664018 -0.9955492141060643 0
    outer loop
      vertex 33.77799987792969 36.63699996471405 14.990000128746033
      vertex 34.35900020599365 36.69200003147125 14.990000128746033
      vertex 33.77799987792969 36.63699996471405 17.5
    endloop
  endfacet
  facet normal -0.866844689985417 -0.4985782621054456 0
    outer loop
      vertex 31.40500020980835 37.78200006484985 14.990000128746033
      vertex 31.40500020980835 37.78200006484985 17.5
      vertex 31.140999794006348 38.240999937057495 14.990000128746033
    endloop
  endfacet
  facet normal 0.8676609482172579 0.49715639283703167 0
    outer loop
      vertex 31.407000064849854 37.782999992370605 15
      vertex 31.14400005340576 38.242000102996826 15
      vertex 31.407000064849854 37.782999992370605 17.5
    endloop
  endfacet
  facet normal 0.7459377179745854 0.6660157061983358 0
    outer loop
      vertex 31.756999969482422 37.39100003242493 15
      vertex 31.407000064849854 37.782999992370605 15
      vertex 31.756999969482422 37.39100003242493 17.5
    endloop
  endfacet
  facet normal -0.7459377179745854 -0.6660157061983358 0
    outer loop
      vertex 31.755000114440918 37.390000104904175 14.990000128746033
      vertex 31.40500020980835 37.78200006484985 17.5
      vertex 31.40500020980835 37.78200006484985 14.990000128746033
    endloop
  endfacet
  facet normal -0.9344881270942956 -0.3559942981562988 0
    outer loop
      vertex 31.140999794006348 38.240999937057495 14.990000128746033
      vertex 31.140999794006348 38.240999937057495 17.5
      vertex 31.045000076293945 38.49300003051758 14.990000128746033
    endloop
  endfacet
  facet normal 0.9332499046079411 0.35922780453254 0
    outer loop
      vertex 31.14400005340576 38.242000102996826 15
      vertex 31.04699993133545 38.49399995803833 15
      vertex 31.14400005340576 38.242000102996826 17.5
    endloop
  endfacet
  facet normal 0.966838122058865 0.2553899875360959 0
    outer loop
      vertex 31.04699993133545 38.49399995803833 15
      vertex 30.97700023651123 38.759000062942505 15
      vertex 31.04699993133545 38.49399995803833 17.5
    endloop
  endfacet
  facet normal -0.9661745451585936 -0.2578890232010366 0
    outer loop
      vertex 31.045000076293945 38.49300003051758 14.990000128746033
      vertex 30.973999977111816 38.759000062942505 17.5
      vertex 30.973999977111816 38.759000062942505 14.990000128746033
    endloop
  endfacet
  facet normal -0.9883308490646701 -0.15232246317305984 0
    outer loop
      vertex 30.973999977111816 38.759000062942505 14.990000128746033
      vertex 30.931000232696533 39.03800010681152 17.5
      vertex 30.931000232696533 39.03800010681152 14.990000128746033
    endloop
  endfacet
  facet normal 0.9883305947703168 0.15232411313036304 0
    outer loop
      vertex 30.97700023651123 38.759000062942505 15
      vertex 30.93400001525879 39.03800010681152 15
      vertex 30.93400001525879 39.03800010681152 17.5
    endloop
  endfacet
  facet normal -0.9986740647496434 -0.05147924238394792 0
    outer loop
      vertex 30.931000232696533 39.03800010681152 14.990000128746033
      vertex 30.91599988937378 39.3289999961853 17.5
      vertex 30.91599988937378 39.3289999961853 14.990000128746033
    endloop
  endfacet
  facet normal 0.9986741488794922 0.051477610276913346 0
    outer loop
      vertex 30.93400001525879 39.03800010681152 15
      vertex 30.919000148773193 39.3289999961853 15
      vertex 30.919000148773193 39.3289999961853 17.5
    endloop
  endfacet
  facet normal -0.9984814166099489 0.05508956965333414 0
    outer loop
      vertex 30.91599988937378 39.3289999961853 14.990000128746033
      vertex 30.932000160217285 39.61899995803833 17.5
      vertex 30.932000160217285 39.61899995803833 14.990000128746033
    endloop
  endfacet
  facet normal 0.9986650083097554 -0.05165463365155362 0
    outer loop
      vertex 30.919000148773193 39.3289999961853 15
      vertex 30.93400001525879 39.61899995803833 15
      vertex 30.93400001525879 39.61899995803833 17.5
    endloop
  endfacet
  facet normal -0.9872410608189617 0.1592328101650252 0
    outer loop
      vertex 30.932000160217285 39.61899995803833 14.990000128746033
      vertex 30.97700023651123 39.89799976348877 17.5
      vertex 30.97700023651123 39.89799976348877 14.990000128746033
    endloop
  endfacet
  facet normal 0.9872410608189618 -0.1592328101650252 0
    outer loop
      vertex 30.93400001525879 39.61899995803833 15
      vertex 30.979000091552734 39.89799976348877 15
      vertex 30.93400001525879 39.61899995803833 17.5
    endloop
  endfacet
  facet normal -0.9643444029929058 0.26465047216329673 0
    outer loop
      vertex 30.97700023651123 39.89799976348877 14.990000128746033
      vertex 30.97700023651123 39.89799976348877 17.5
      vertex 31.050000190734863 40.164000034332275 14.990000128746033
    endloop
  endfacet
  facet normal 0.9631527225266141 -0.2689550763409592 0
    outer loop
      vertex 30.979000091552734 39.89799976348877 15
      vertex 31.05299997329712 40.16300010681152 15
      vertex 31.05299997329712 40.16300010681152 17.5
    endloop
  endfacet
  facet normal 0.9307514506271471 -0.3656524814020289 0
    outer loop
      vertex 31.05299997329712 40.16300010681152 15
      vertex 31.151999950408936 40.41499996185303 15
      vertex 31.05299997329712 40.16300010681152 17.5
    endloop
  endfacet
  facet normal -0.9294907590253506 0.36884539970898045 0
    outer loop
      vertex 31.050000190734863 40.164000034332275 14.990000128746033
      vertex 31.15000009536743 40.41599988937378 17.5
      vertex 31.15000009536743 40.41599988937378 14.990000128746033
    endloop
  endfacet
  facet normal -0.6021120380191005 -0.7984116066744554 0
    outer loop
      vertex 32.17799997329712 37.07100009918213 14.990000128746033
      vertex 32.17799997329712 37.07100009918213 17.5
      vertex 31.755000114440918 37.390000104904175 14.990000128746033
    endloop
  endfacet
  facet normal 0.6009068657734645 0.7993190468557043 0
    outer loop
      vertex 32.17999982833862 37.07299995422363 15
      vertex 31.756999969482422 37.39100003242493 15
      vertex 31.756999969482422 37.39100003242493 17.5
    endloop
  endfacet
  facet normal -1 0 0
    outer loop
      vertex 32.86899995803833 39.19999980926514 14.990000128746033
      vertex 32.86899995803833 39.19999980926514 17.5
      vertex 32.86899995803833 39.63199996948242 15
    endloop
  endfacet
  facet normal 1 0 0
    outer loop
      vertex 32.870999813079834 39.20100021362305 15
      vertex 32.870999813079834 39.63199996948242 15
      vertex 32.870999813079834 39.63199996948242 17.5
    endloop
  endfacet
  facet normal 0 1 0
    outer loop
      vertex 32.870999813079834 39.63199996948242 15
      vertex 32.86899995803833 39.63199996948242 15
      vertex 32.870999813079834 39.63199996948242 17.5
    endloop
  endfacet
  facet normal 0 -1 0
    outer loop
      vertex 32.86899995803833 39.19999980926514 14.990000128746033
      vertex 34.805999755859375 39.19999980926514 14.990000128746033
      vertex 32.86899995803833 39.19999980926514 17.5
    endloop
  endfacet
  facet normal 0 1 0
    outer loop
      vertex 32.870999813079834 39.20100021362305 15
      vertex 32.870999813079834 39.20100021362305 17.5
      vertex 34.805999755859375 39.20100021362305 15
    endloop
  endfacet
  facet normal -0.4368184299936406 -0.8995496980255682 0
    outer loop
      vertex 32.664000034332275 36.83500003814697 14.990000128746033
      vertex 32.664000034332275 36.83500003814697 17.5
      vertex 32.17799997329712 37.07100009918213 17.5
    endloop
  endfacet
  facet normal 0.43681825144796954 0.899549784726748 0
    outer loop
      vertex 32.66599988937378 36.837000012397766 15
      vertex 32.17999982833862 37.07299995422363 17.5
      vertex 32.66599988937378 36.837000012397766 17.5
    endloop
  endfacet
  facet normal -0.26523996268055045 -0.9641824320102603 0
    outer loop
      vertex 32.664000034332275 36.83500003814697 14.990000128746033
      vertex 33.20199966430664 36.687000036239624 17.5
      vertex 32.664000034332275 36.83500003814697 17.5
    endloop
  endfacet
  facet normal 0.2640290060203884 0.9645147401568758 0
    outer loop
      vertex 33.20300006866455 36.69000005722046 15
      vertex 32.66599988937378 36.837000012397766 17.5
      vertex 33.20300006866455 36.69000005722046 17.5
    endloop
  endfacet
  facet normal -0.08648043445741245 -0.9962535492815356 0
    outer loop
      vertex 33.77799987792969 36.63699996471405 14.990000128746033
      vertex 33.77799987792969 36.63699996471405 17.5
      vertex 33.20199966430664 36.687000036239624 17.5
    endloop
  endfacet
  facet normal 0.08804500862252664 0.9961164974322327 0
    outer loop
      vertex 33.77999973297119 36.63900005817413 15
      vertex 33.20300006866455 36.69000005722046 17.5
      vertex 33.77999973297119 36.63900005817413 17.5
    endloop
  endfacet
  facet normal -0.09610481026234265 0.9953712199197037 0
    outer loop
      vertex 33.77999973297119 36.63900005817413 15
      vertex 33.77999973297119 36.63900005817413 17.5
      vertex 34.359999656677246 36.69500005245209 17.5
    endloop
  endfacet
  facet normal -0.7459377179745854 -0.6660157061983358 0
    outer loop
      vertex 31.755000114440918 37.390000104904175 14.990000128746033
      vertex 31.755000114440918 37.390000104904175 17.5
      vertex 31.40500020980835 37.78200006484985 17.5
    endloop
  endfacet
  facet normal 0.7459377179745854 0.6660157061983358 0
    outer loop
      vertex 31.407000064849854 37.782999992370605 15
      vertex 31.407000064849854 37.782999992370605 17.5
      vertex 31.756999969482422 37.39100003242493 17.5
    endloop
  endfacet
  facet normal -0.866844689985417 -0.4985782621054456 0
    outer loop
      vertex 31.140999794006348 38.240999937057495 14.990000128746033
      vertex 31.40500020980835 37.78200006484985 17.5
      vertex 31.140999794006348 38.240999937057495 17.5
    endloop
  endfacet
  facet normal 0.8676609482172579 0.49715639283703167 0
    outer loop
      vertex 31.14400005340576 38.242000102996826 15
      vertex 31.14400005340576 38.242000102996826 17.5
      vertex 31.407000064849854 37.782999992370605 17.5
    endloop
  endfacet
  facet normal -0.9344881270942956 -0.3559942981562988 0
    outer loop
      vertex 31.045000076293945 38.49300003051758 14.990000128746033
      vertex 31.140999794006348 38.240999937057495 17.5
      vertex 31.045000076293945 38.49300003051758 17.5
    endloop
  endfacet
  facet normal -0.9661745451585936 -0.2578890232010366 0
    outer loop
      vertex 31.045000076293945 38.49300003051758 14.990000128746033
      vertex 31.045000076293945 38.49300003051758 17.5
      vertex 30.973999977111816 38.759000062942505 17.5
    endloop
  endfacet
  facet normal 0.966838122058865 0.2553899875360959 0
    outer loop
      vertex 30.97700023651123 38.759000062942505 15
      vertex 30.97700023651123 38.759000062942505 17.5
      vertex 31.04699993133545 38.49399995803833 17.5
    endloop
  endfacet
  facet normal 0.9332499046079411 0.35922780453254 0
    outer loop
      vertex 31.04699993133545 38.49399995803833 15
      vertex 31.04699993133545 38.49399995803833 17.5
      vertex 31.14400005340576 38.242000102996826 17.5
    endloop
  endfacet
  facet normal -0.9883308490646701 -0.15232246317305984 0
    outer loop
      vertex 30.973999977111816 38.759000062942505 14.990000128746033
      vertex 30.973999977111816 38.759000062942505 17.5
      vertex 30.931000232696533 39.03800010681152 17.5
    endloop
  endfacet
  facet normal 0.9883305947703168 0.15232411313036304 0
    outer loop
      vertex 30.97700023651123 38.759000062942505 15
      vertex 30.93400001525879 39.03800010681152 17.5
      vertex 30.97700023651123 38.759000062942505 17.5
    endloop
  endfacet
  facet normal -0.9986740647496434 -0.05147924238394792 0
    outer loop
      vertex 30.931000232696533 39.03800010681152 14.990000128746033
      vertex 30.931000232696533 39.03800010681152 17.5
      vertex 30.91599988937378 39.3289999961853 17.5
    endloop
  endfacet
  facet normal 0.9986741488794922 0.051477610276913346 0
    outer loop
      vertex 30.93400001525879 39.03800010681152 15
      vertex 30.919000148773193 39.3289999961853 17.5
      vertex 30.93400001525879 39.03800010681152 17.5
    endloop
  endfacet
  facet normal -0.9984814166099489 0.05508956965333414 0
    outer loop
      vertex 30.91599988937378 39.3289999961853 14.990000128746033
      vertex 30.91599988937378 39.3289999961853 17.5
      vertex 30.932000160217285 39.61899995803833 17.5
    endloop
  endfacet
  facet normal 0.9986650083097554 -0.05165463365155362 0
    outer loop
      vertex 30.919000148773193 39.3289999961853 15
      vertex 30.93400001525879 39.61899995803833 17.5
      vertex 30.919000148773193 39.3289999961853 17.5
    endloop
  endfacet
  facet normal -0.9872410608189617 0.1592328101650252 0
    outer loop
      vertex 30.932000160217285 39.61899995803833 14.990000128746033
      vertex 30.932000160217285 39.61899995803833 17.5
      vertex 30.97700023651123 39.89799976348877 17.5
    endloop
  endfacet
  facet normal 0.9872410608189618 -0.1592328101650252 0
    outer loop
      vertex 30.979000091552734 39.89799976348877 15
      vertex 30.979000091552734 39.89799976348877 17.5
      vertex 30.93400001525879 39.61899995803833 17.5
    endloop
  endfacet
  facet normal -0.9643444029929058 0.26465047216329673 0
    outer loop
      vertex 31.050000190734863 40.164000034332275 14.990000128746033
      vertex 30.97700023651123 39.89799976348877 17.5
      vertex 31.050000190734863 40.164000034332275 17.5
    endloop
  endfacet
  facet normal 0.9631527225266141 -0.2689550763409592 0
    outer loop
      vertex 30.979000091552734 39.89799976348877 15
      vertex 31.05299997329712 40.16300010681152 17.5
      vertex 30.979000091552734 39.89799976348877 17.5
    endloop
  endfacet
  facet normal -0.9294907590253506 0.36884539970898045 0
    outer loop
      vertex 31.050000190734863 40.164000034332275 14.990000128746033
      vertex 31.050000190734863 40.164000034332275 17.5
      vertex 31.15000009536743 40.41599988937378 17.5
    endloop
  endfacet
  facet normal 0.9307514506271471 -0.3656524814020289 0
    outer loop
      vertex 31.151999950408936 40.41499996185303 15
      vertex 31.151999950408936 40.41499996185303 17.5
      vertex 31.05299997329712 40.16300010681152 17.5
    endloop
  endfacet
  facet normal -0.6021120380191005 -0.7984116066744554 0
    outer loop
      vertex 31.755000114440918 37.390000104904175 14.990000128746033
      vertex 32.17799997329712 37.07100009918213 17.5
      vertex 31.755000114440918 37.390000104904175 17.5
    endloop
  endfacet
  facet normal 0.6009068657734645 0.7993190468557043 0
    outer loop
      vertex 32.17999982833862 37.07299995422363 15
      vertex 31.756999969482422 37.39100003242493 17.5
      vertex 32.17999982833862 37.07299995422363 17.5
    endloop
  endfacet
  facet normal 1 0 0
    outer loop
      vertex 32.870999813079834 39.20100021362305 15
      vertex 32.870999813079834 39.63199996948242 17.5
      vertex 32.870999813079834 39.20100021362305 17.5
    endloop
  endfacet
  facet normal -1 0 0
    outer loop
      vertex 32.86899995803833 39.63199996948242 15
      vertex 32.86899995803833 39.19999980926514 17.5
      vertex 32.86899995803833 39.63199996948242 17.5
    endloop
  endfacet
  facet normal 0 1 0
    outer loop
      vertex 32.86899995803833 39.63199996948242 15
      vertex 32.86899995803833 39.63199996948242 17.5
      vertex 32.870999813079834 39.63199996948242 17.5
    endloop
  endfacet
  facet normal 0 0 -1
    outer loop
      vertex 32.251999855041504 40.307000160217285 14.990000128746033
      vertex 31.4229998588562 40.875 14.990000128746033
      vertex 31.782999992370605 41.26800012588501 14.990000128746033
    endloop
  endfacet
  facet normal 0 0 1
    outer loop
      vertex 32.259499073028564 40.31481647491455 15
      vertex 31.78499984741211 41.26599979400635 15
      vertex 31.425000190734863 40.87400007247925 15
    endloop
  endfacet
  facet normal 0 0 -1
    outer loop
      vertex 32.251999855041504 40.307000160217285 14.990000128746033
      vertex 31.782999992370605 41.26800012588501 14.990000128746033
      vertex 32.48799991607666 40.55299997329712 14.990000128746033
    endloop
  endfacet
  facet normal 0 0 1
    outer loop
      vertex 32.259499073028564 40.31481647491455 15
      vertex 32.48799991607666 40.55299997329712 15
      vertex 31.78499984741211 41.26599979400635 15
    endloop
  endfacet
  facet normal 0 0 1
    outer loop
      vertex 31.78499984741211 41.26599979400635 15
      vertex 32.48799991607666 40.55299997329712 15
      vertex 32.49696397781372 40.55925893783569 15
    endloop
  endfacet
  facet normal 0 0 -1
    outer loop
      vertex 31.782999992370605 41.26800012588501 14.990000128746033
      vertex 32.217000007629395 41.585999965667725 14.990000128746033
      vertex 32.48799991607666 40.55299997329712 14.990000128746033
    endloop
  endfacet
  facet normal 0 0 1
    outer loop
      vertex 31.78499984741211 41.26599979400635 15
      vertex 32.49696397781372 40.55925893783569 15
      vertex 32.2189998626709 41.58400011062622 15
    endloop
  endfacet
  facet normal 0.5724871927118458 -0.8199136626382744 0
    outer loop
      vertex 32.48799991607666 40.55299997329712 15
      vertex 32.48799991607666 40.55299997329712 14.990000128746033
      vertex 32.49696397781372 40.55925893783569 15
    endloop
  endfacet
  facet normal 0.572496531851754 -0.8199071416097244 -0.000012453311647134706
    outer loop
      vertex 32.49696397781372 40.55925893783569 15
      vertex 32.48799991607666 40.55299997329712 14.990000128746033
      vertex 32.77299976348877 40.751999855041504 14.990000128746033
    endloop
  endfacet
  facet normal 0.5724968351756411 -0.8199069299096544 0
    outer loop
      vertex 32.49696397781372 40.55925893783569 15
      vertex 32.77299976348877 40.751999855041504 14.990000128746033
      vertex 32.77299976348877 40.751999855041504 15
    endloop
  endfacet
  facet normal 0.41442905142977143 -0.9100816234443039 0
    outer loop
      vertex 32.77299976348877 40.751999855041504 15
      vertex 32.77299976348877 40.751999855041504 14.990000128746033
      vertex 32.78286790847778 40.75649356842041 15
    endloop
  endfacet
  facet normal 0.41443653445452183 -0.9100782157758942 -0.000008915780618821328
    outer loop
      vertex 32.77299976348877 40.751999855041504 14.990000128746033
      vertex 33.097999572753906 40.90000009536743 14.990000128746033
      vertex 32.78286790847778 40.75649356842041 15
    endloop
  endfacet
  facet normal 0 0 -1
    outer loop
      vertex 32.48799991607666 40.55299997329712 14.990000128746033
      vertex 32.217000007629395 41.585999965667725 14.990000128746033
      vertex 32.77299976348877 40.751999855041504 14.990000128746033
    endloop
  endfacet
  facet normal 0 0 1
    outer loop
      vertex 32.49696397781372 40.55925893783569 15
      vertex 32.77299976348877 40.751999855041504 15
      vertex 32.2189998626709 41.58400011062622 15
    endloop
  endfacet
  facet normal 0 0 1
    outer loop
      vertex 32.77299976348877 40.751999855041504 15
      vertex 32.78286790847778 40.75649356842041 15
      vertex 32.2189998626709 41.58400011062622 15
    endloop
  endfacet
  facet normal 0 0 -1
    outer loop
      vertex 32.77299976348877 40.751999855041504 14.990000128746033
      vertex 32.71299982070923 41.82200002670288 14.990000128746033
      vertex 33.097999572753906 40.90000009536743 14.990000128746033
    endloop
  endfacet
  facet normal 0 0 1
    outer loop
      vertex 32.78286790847778 40.75649356842041 15
      vertex 33.097999572753906 40.90000009536743 15
      vertex 32.71400022506714 41.82000017166138 15
    endloop
  endfacet
  facet normal 0 0 -1
    outer loop
      vertex 32.77299976348877 40.751999855041504 14.990000128746033
      vertex 32.217000007629395 41.585999965667725 14.990000128746033
      vertex 32.71299982070923 41.82200002670288 14.990000128746033
    endloop
  endfacet
  facet normal 0 0 1
    outer loop
      vertex 32.78286790847778 40.75649356842041 15
      vertex 32.71400022506714 41.82000017166138 15
      vertex 32.2189998626709 41.58400011062622 15
    endloop
  endfacet
  facet normal 0.41443676879625013 -0.9100781091036766 0
    outer loop
      vertex 32.78286790847778 40.75649356842041 15
      vertex 33.097999572753906 40.90000009536743 14.990000128746033
      vertex 33.097999572753906 40.90000009536743 15
    endloop
  endfacet
  facet normal 0.2520464080039146 -0.9677151482808999 0
    outer loop
      vertex 33.097999572753906 40.90000009536743 15
      vertex 33.097999572753906 40.90000009536743 14.990000128746033
      vertex 33.107805252075195 40.90255403518677 15
    endloop
  endfacet
  facet normal 0.2520948142021562 -0.9677025380163207 -0.000050686803968592664
    outer loop
      vertex 33.107805252075195 40.90255403518677 15
      vertex 33.097999572753906 40.90000009536743 14.990000128746033
      vertex 33.19200038909912 40.924487590789795 15
    endloop
  endfacet
  facet normal 0 0 1
    outer loop
      vertex 32.71400022506714 41.82000017166138 15
      vertex 33.097999572753906 40.90000009536743 15
      vertex 33.107805252075195 40.90255403518677 15
    endloop
  endfacet
  facet normal 0 0 1
    outer loop
      vertex 32.71400022506714 41.82000017166138 15
      vertex 33.107805252075195 40.90255403518677 15
      vertex 33.19200038909912 40.924487590789795 15
    endloop
  endfacet
  facet normal 0.2520904500299582 -0.9677036762131374 -0.000006875506053720173
    outer loop
      vertex 33.097999572753906 40.90000009536743 14.990000128746033
      vertex 33.454999923706055 40.99300003051758 14.990000128746033
      vertex 33.19200038909912 40.924487590789795 15
    endloop
  endfacet
  facet normal 0.25209069484573765 -0.9677036124620974 0
    outer loop
      vertex 33.19200038909912 40.924487590789795 15
      vertex 33.454999923706055 40.99300003051758 14.990000128746033
      vertex 33.454999923706055 40.99300003051758 15
    endloop
  endfacet
  facet normal 0.08109318358532698 -0.9967065242968949 0
    outer loop
      vertex 33.454999923706055 40.99300003051758 15
      vertex 33.454999923706055 40.99300003051758 14.990000128746033
      vertex 33.46926498413086 40.994160652160645 15
    endloop
  endfacet
  facet normal 0 0 -1
    outer loop
      vertex 33.097999572753906 40.90000009536743 14.990000128746033
      vertex 33.25599956512451 41.96999979019165 14.990000128746033
      vertex 33.454999923706055 40.99300003051758 14.990000128746033
    endloop
  endfacet
  facet normal 0 0 1
    outer loop
      vertex 33.19200038909912 40.924487590789795 15
      vertex 33.454999923706055 40.99300003051758 15
      vertex 33.25800037384033 41.967000007629395 15
    endloop
  endfacet
  facet normal 0 0 1
    outer loop
      vertex 33.454999923706055 40.99300003051758 15
      vertex 33.46926498413086 40.994160652160645 15
      vertex 33.25800037384033 41.967000007629395 15
    endloop
  endfacet
  facet normal 0.08109707934464874 -0.9967062073100944 -0.0000055941864095806045
    outer loop
      vertex 33.454999923706055 40.99300003051758 14.990000128746033
      vertex 33.83600044250488 41.02400016784668 14.990000128746033
      vertex 33.46926498413086 40.994160652160645 15
    endloop
  endfacet
  facet normal 0.08109723088084954 -0.996706194996027 0
    outer loop
      vertex 33.46926498413086 40.994160652160645 15
      vertex 33.83600044250488 41.02400016784668 14.990000128746033
      vertex 33.83600044250488 41.02400016784668 15
    endloop
  endfacet
  facet normal -0.08962668152089892 -0.9959754303995413 0
    outer loop
      vertex 33.84711742401123 41.02299976348877 15
      vertex 33.83600044250488 41.02400016784668 15
      vertex 33.83600044250488 41.02400016784668 14.990000128746033
    endloop
  endfacet
  facet normal -0.08958662555207678 -0.9959790331663497 -0.000044891146778752876
    outer loop
      vertex 33.84711742401123 41.02299976348877 15
      vertex 33.83600044250488 41.02400016784668 14.990000128746033
      vertex 34.21399974822998 40.989999771118164 14.990000128746033
    endloop
  endfacet
  facet normal 0 0 1
    outer loop
      vertex 33.84711742401123 41.02299976348877 15
      vertex 34.21399974822998 40.989999771118164 15
      vertex 33.83699989318848 42.01800012588501 15
    endloop
  endfacet
  facet normal 0 0 -1
    outer loop
      vertex 32.71299982070923 41.82200002670288 14.990000128746033
      vertex 33.25599956512451 41.96999979019165 14.990000128746033
      vertex 33.097999572753906 40.90000009536743 14.990000128746033
    endloop
  endfacet
  facet normal 0 0 1
    outer loop
      vertex 32.71400022506714 41.82000017166138 15
      vertex 33.19200038909912 40.924487590789795 15
      vertex 33.25800037384033 41.967000007629395 15
    endloop
  endfacet
  facet normal 0 0 -1
    outer loop
      vertex 33.454999923706055 40.99300003051758 14.990000128746033
      vertex 33.83600044250488 42.019999980926514 14.990000128746033
      vertex 33.83600044250488 41.02400016784668 14.990000128746033
    endloop
  endfacet
  facet normal 0 0 1
    outer loop
      vertex 33.46926498413086 40.994160652160645 15
      vertex 33.83600044250488 41.02400016784668 15
      vertex 33.83699989318848 42.01800012588501 15
    endloop
  endfacet
  facet normal 0 0 1
    outer loop
      vertex 33.46926498413086 40.994160652160645 15
      vertex 33.83699989318848 42.01800012588501 15
      vertex 33.25800037384033 41.967000007629395 15
    endloop
  endfacet
  facet normal 0 0 -1
    outer loop
      vertex 33.454999923706055 40.99300003051758 14.990000128746033
      vertex 33.25599956512451 41.96999979019165 14.990000128746033
      vertex 33.83600044250488 42.019999980926514 14.990000128746033
    endloop
  endfacet
  facet normal 0 0 1
    outer loop
      vertex 33.84711742401123 41.02299976348877 15
      vertex 33.83699989318848 42.01800012588501 15
      vertex 33.83600044250488 41.02400016784668 15
    endloop
  endfacet
  facet normal 0 0 -1
    outer loop
      vertex 33.83600044250488 41.02400016784668 14.990000128746033
      vertex 33.83600044250488 42.019999980926514 14.990000128746033
      vertex 34.21399974822998 40.989999771118164 14.990000128746033
    endloop
  endfacet
  facet normal -0.8594694354991615 0.5111871373995561 0
    outer loop
      vertex 31.15000009536743 40.41599988937378 14.990000128746033
      vertex 31.15000009536743 40.41599988937378 17.5
      vertex 31.4229998588562 40.875 14.990000128746033
    endloop
  endfacet
  facet normal 0.8594690432173483 -0.5111877969504515 0
    outer loop
      vertex 31.151999950408936 40.41499996185303 15
      vertex 31.425000190734863 40.87400007247925 15
      vertex 31.425000190734863 40.87400007247925 17.5
    endloop
  endfacet
  facet normal -0.7373877321618575 0.6754697124647357 0
    outer loop
      vertex 31.4229998588562 40.875 14.990000128746033
      vertex 31.782999992370605 41.26800012588501 17.5
      vertex 31.782999992370605 41.26800012588501 14.990000128746033
    endloop
  endfacet
  facet normal 0.7365299704099078 -0.6764049103074138 0
    outer loop
      vertex 31.425000190734863 40.87400007247925 15
      vertex 31.78499984741211 41.26599979400635 15
      vertex 31.78499984741211 41.26599979400635 17.5
    endloop
  endfacet
  facet normal -0.5910411049851021 0.8066414396855579 0
    outer loop
      vertex 31.782999992370605 41.26800012588501 14.990000128746033
      vertex 31.782999992370605 41.26800012588501 17.5
      vertex 32.217000007629395 41.585999965667725 14.990000128746033
    endloop
  endfacet
  facet normal 0.5910416816474461 -0.806641017154074 0
    outer loop
      vertex 31.78499984741211 41.26599979400635 15
      vertex 32.2189998626709 41.58400011062622 15
      vertex 32.2189998626709 41.58400011062622 17.5
    endloop
  endfacet
  facet normal -0.4296511080406594 0.9029949752680984 0
    outer loop
      vertex 32.217000007629395 41.585999965667725 14.990000128746033
      vertex 32.71299982070923 41.82200002670288 17.5
      vertex 32.71299982070923 41.82200002670288 14.990000128746033
    endloop
  endfacet
  facet normal 0.430358075732994 -0.902658255737682 0
    outer loop
      vertex 32.2189998626709 41.58400011062622 15
      vertex 32.71400022506714 41.82000017166138 15
      vertex 32.71400022506714 41.82000017166138 17.5
    endloop
  endfacet
  facet normal -0.26296678164806864 0.9648048879175816 0
    outer loop
      vertex 32.71299982070923 41.82200002670288 14.990000128746033
      vertex 32.71299982070923 41.82200002670288 17.5
      vertex 33.25599956512451 41.96999979019165 14.990000128746033
    endloop
  endfacet
  facet normal 0.26086399020810136 -0.9653755635050576 0
    outer loop
      vertex 32.71400022506714 41.82000017166138 15
      vertex 33.25800037384033 41.967000007629395 15
      vertex 33.25800037384033 41.967000007629395 17.5
    endloop
  endfacet
  facet normal -0.08588853840682303 0.9963047520564878 0
    outer loop
      vertex 33.25599956512451 41.96999979019165 14.990000128746033
      vertex 33.83600044250488 42.019999980926514 17.5
      vertex 33.83600044250488 42.019999980926514 14.990000128746033
    endloop
  endfacet
  facet normal 0.08774345139324743 -0.9961431055514066 0
    outer loop
      vertex 33.25800037384033 41.967000007629395 15
      vertex 33.83699989318848 42.01800012588501 15
      vertex 33.83699989318848 42.01800012588501 17.5
    endloop
  endfacet
  facet normal 0.8594690432173483 -0.5111877969504515 0
    outer loop
      vertex 31.151999950408936 40.41499996185303 15
      vertex 31.425000190734863 40.87400007247925 17.5
      vertex 31.151999950408936 40.41499996185303 17.5
    endloop
  endfacet
  facet normal -0.8594694354991615 0.5111871373995561 0
    outer loop
      vertex 31.15000009536743 40.41599988937378 17.5
      vertex 31.4229998588562 40.875 17.5
      vertex 31.4229998588562 40.875 14.990000128746033
    endloop
  endfacet
  facet normal -0.7373877321618575 0.6754697124647357 0
    outer loop
      vertex 31.4229998588562 40.875 14.990000128746033
      vertex 31.4229998588562 40.875 17.5
      vertex 31.782999992370605 41.26800012588501 17.5
    endloop
  endfacet
  facet normal 0.7365299704099078 -0.6764049103074138 0
    outer loop
      vertex 31.425000190734863 40.87400007247925 15
      vertex 31.78499984741211 41.26599979400635 17.5
      vertex 31.425000190734863 40.87400007247925 17.5
    endloop
  endfacet
  facet normal 0.5910416816474461 -0.806641017154074 0
    outer loop
      vertex 31.78499984741211 41.26599979400635 15
      vertex 32.2189998626709 41.58400011062622 17.5
      vertex 31.78499984741211 41.26599979400635 17.5
    endloop
  endfacet
  facet normal -0.5910411049851021 0.8066414396855579 0
    outer loop
      vertex 32.217000007629395 41.585999965667725 14.990000128746033
      vertex 31.782999992370605 41.26800012588501 17.5
      vertex 32.217000007629395 41.585999965667725 17.5
    endloop
  endfacet
  facet normal -0.4296511080406594 0.9029949752680984 0
    outer loop
      vertex 32.217000007629395 41.585999965667725 14.990000128746033
      vertex 32.217000007629395 41.585999965667725 17.5
      vertex 32.71299982070923 41.82200002670288 17.5
    endloop
  endfacet
  facet normal 0.430358075732994 -0.902658255737682 0
    outer loop
      vertex 32.2189998626709 41.58400011062622 15
      vertex 32.71400022506714 41.82000017166138 17.5
      vertex 32.2189998626709 41.58400011062622 17.5
    endloop
  endfacet
  facet normal 0.26086399020810136 -0.9653755635050576 0
    outer loop
      vertex 32.71400022506714 41.82000017166138 15
      vertex 33.25800037384033 41.967000007629395 17.5
      vertex 32.71400022506714 41.82000017166138 17.5
    endloop
  endfacet
  facet normal -0.26296678164806864 0.9648048879175816 0
    outer loop
      vertex 33.25599956512451 41.96999979019165 14.990000128746033
      vertex 32.71299982070923 41.82200002670288 17.5
      vertex 33.25599956512451 41.96999979019165 17.5
    endloop
  endfacet
  facet normal -0.08588853840682303 0.9963047520564878 0
    outer loop
      vertex 33.25599956512451 41.96999979019165 14.990000128746033
      vertex 33.25599956512451 41.96999979019165 17.5
      vertex 33.83600044250488 42.019999980926514 17.5
    endloop
  endfacet
  facet normal 0.08774345139324743 -0.9961431055514066 0
    outer loop
      vertex 33.25800037384033 41.967000007629395 15
      vertex 33.83699989318848 42.01800012588501 17.5
      vertex 33.25800037384033 41.967000007629395 17.5
    endloop
  endfacet
  facet normal 0 0 1
    outer loop
      vertex 39.331000328063965 0.5880012512207031 10
      vertex 65.45999908447266 0.5880012512207031 10
      vertex 65.45999908447266 3.0219993591308594 10
    endloop
  endfacet
  facet normal 0 0 1
    outer loop
      vertex 39.331000328063965 0.5880012512207031 10
      vertex 65.45999908447266 3.0219993591308594 10
      vertex 65.45999908447266 3.0739994049072266 10
    endloop
  endfacet
  facet normal 0 0 1
    outer loop
      vertex 39.331000328063965 0.5880012512207031 10
      vertex 65.45999908447266 3.0739994049072266 10
      vertex 64.49599838256836 7.311000823974609 10
    endloop
  endfacet
  facet normal 0 0 1
    outer loop
      vertex 39.331000328063965 0.5880012512207031 10
      vertex 63.94300079345703 7.9850006103515625 10
      vertex 63.856998443603516 8.267000198364258 10
    endloop
  endfacet
  facet normal 0 0 1
    outer loop
      vertex 39.331000328063965 0.5880012512207031 10
      vertex 63.856998443603516 8.267000198364258 10
      vertex 63.827999114990234 8.559999465942383 10
    endloop
  endfacet
  facet normal 0 0 1
    outer loop
      vertex 39.331000328063965 0.5880012512207031 10
      vertex 64.26800155639648 7.496999740600586 10
      vertex 64.08100128173828 7.725000381469727 10
    endloop
  endfacet
  facet normal 0 0 1
    outer loop
      vertex 39.331000328063965 0.5880012512207031 10
      vertex 64.49599838256836 7.311000823974609 10
      vertex 64.26800155639648 7.496999740600586 10
    endloop
  endfacet
  facet normal 0 0 1
    outer loop
      vertex 39.331000328063965 0.5880012512207031 10
      vertex 64.08100128173828 7.725000381469727 10
      vertex 63.94300079345703 7.9850006103515625 10
    endloop
  endfacet
  facet normal 0 0 1
    outer loop
      vertex 39.331000328063965 0.5880012512207031 10
      vertex 63.827999114990234 8.559999465942383 10
      vertex 63.856998443603516 8.85300064086914 10
    endloop
  endfacet
  facet normal 0 0 1
    outer loop
      vertex 39.331000328063965 0.5880012512207031 10
      vertex 63.856998443603516 8.85300064086914 10
      vertex 63.94300079345703 9.135000228881836 10
    endloop
  endfacet
  facet normal 0 0 1
    outer loop
      vertex 39.331000328063965 0.5880012512207031 10
      vertex 63.94300079345703 9.135000228881836 10
      vertex 64.08100128173828 9.395000457763672 10
    endloop
  endfacet
  facet normal 0 0 1
    outer loop
      vertex 65.45999908447266 3.0219993591308594 10
      vertex 65.51202011108398 3.0219993591308594 10
      vertex 65.45999908447266 3.0739994049072266 10
    endloop
  endfacet
  facet normal 0 0 1
    outer loop
      vertex 65.45999908447266 3.0739994049072266 10
      vertex 64.75600051879883 7.172000885009766 10
      vertex 64.49599838256836 7.311000823974609 10
    endloop
  endfacet
  facet normal 0 0 1
    outer loop
      vertex 65.45999908447266 3.0739994049072266 10
      vertex 65.03799819946289 7.086000442504883 10
      vertex 64.75600051879883 7.172000885009766 10
    endloop
  endfacet
  facet normal 0 0 1
    outer loop
      vertex 65.45999908447266 3.0739994049072266 10
      vertex 65.33100128173828 7.056999206542969 10
      vertex 65.03799819946289 7.086000442504883 10
    endloop
  endfacet
  facet normal 0 0 1
    outer loop
      vertex 65.45999908447266 3.0739994049072266 10
      vertex 65.6240005493164 7.086000442504883 10
      vertex 65.33100128173828 7.056999206542969 10
    endloop
  endfacet
  facet normal 0 0 1
    outer loop
      vertex 65.45999908447266 3.0739994049072266 10
      vertex 65.90599822998047 7.172000885009766 10
      vertex 65.6240005493164 7.086000442504883 10
    endloop
  endfacet
  facet normal 0 0 1
    outer loop
      vertex 65.45999908447266 3.0739994049072266 10
      vertex 68 5.613492965698242 10
      vertex 65.90599822998047 7.172000885009766 10
    endloop
  endfacet
  facet normal 0 0 1
    outer loop
      vertex 68 5.613492965698242 10
      vertex 66.16500091552734 7.311000823974609 10
      vertex 65.90599822998047 7.172000885009766 10
    endloop
  endfacet
  facet normal 0 0 1
    outer loop
      vertex 68 5.613492965698242 10
      vertex 66.39300155639648 7.496999740600586 10
      vertex 66.16500091552734 7.311000823974609 10
    endloop
  endfacet
  facet normal 0 0 1
    outer loop
      vertex 68 5.613492965698242 10
      vertex 66.58000183105469 7.725000381469727 10
      vertex 66.39300155639648 7.496999740600586 10
    endloop
  endfacet
  facet normal 0 0 1
    outer loop
      vertex 68 5.613492965698242 10
      vertex 66.71900177001953 7.9850006103515625 10
      vertex 66.58000183105469 7.725000381469727 10
    endloop
  endfacet
  facet normal 0 0 1
    outer loop
      vertex 68 5.613492965698242 10
      vertex 66.80400085449219 8.267000198364258 10
      vertex 66.71900177001953 7.9850006103515625 10
    endloop
  endfacet
  facet normal 0 0 1
    outer loop
      vertex 68 5.613492965698242 10
      vertex 66.83300018310547 8.559999465942383 10
      vertex 66.80400085449219 8.267000198364258 10
    endloop
  endfacet
  facet normal 0 0 1
    outer loop
      vertex 68 5.613492965698242 10
      vertex 66.80400085449219 8.85300064086914 10
      vertex 66.83300018310547 8.559999465942383 10
    endloop
  endfacet
  facet normal 0 1 0
    outer loop
      vertex 39.331000328063965 0.5880012512207031 10
      vertex 65.45999908447266 0.5880012512207031 17.5
      vertex 65.45999908447266 0.5880012512207031 10
    endloop
  endfacet
  facet normal -1 0 0
    outer loop
      vertex 65.45999908447266 0.5880012512207031 10
      vertex 65.45999908447266 0.5880012512207031 17.5
      vertex 65.45999908447266 3.0219993591308594 10
    endloop
  endfacet
  facet normal 0 1 0
    outer loop
      vertex 65.45999908447266 3.0219993591308594 10
      vertex 65.45999908447266 3.0219993591308594 17.5
      vertex 65.51202011108398 3.0219993591308594 10
    endloop
  endfacet
  facet normal -0.7069641448322254 -0.7072493887743138 0
    outer loop
      vertex 65.45999908447266 3.0739994049072266 10
      vertex 65.51202011108398 3.0219993591308594 10
      vertex 65.51202011108398 3.0219993591308594 17.5
    endloop
  endfacet
  facet normal -0.7070361497701526 0.7071774055484226 0
    outer loop
      vertex 65.45999908447266 3.0739994049072266 10
      vertex 65.45999908447266 3.0739994049072266 17.5
      vertex 68 5.613492965698242 10
    endloop
  endfacet
  facet normal -0.7732016928765401 -0.6341601864930126 0
    outer loop
      vertex 64.26800155639648 7.496999740600586 10
      vertex 64.26800155639648 7.496999740600586 17.5
      vertex 64.08100128173828 7.725000381469727 10
    endloop
  endfacet
  facet normal -0.6321298001352864 -0.7748625141151964 0
    outer loop
      vertex 64.26800155639648 7.496999740600586 10
      vertex 64.49599838256836 7.311000823974609 10
      vertex 64.49599838256836 7.311000823974609 17.5
    endloop
  endfacet
  facet normal -0.47146506741013267 -0.8818847374866849 0
    outer loop
      vertex 64.49599838256836 7.311000823974609 10
      vertex 64.75600051879883 7.172000885009766 10
      vertex 64.75600051879883 7.172000885009766 17.5
    endloop
  endfacet
  facet normal -0.8832910855238573 -0.46882497612017837 0
    outer loop
      vertex 63.94300079345703 7.9850006103515625 10
      vertex 64.08100128173828 7.725000381469727 10
      vertex 63.94300079345703 7.9850006103515625 17.5
    endloop
  endfacet
  facet normal -0.9565070728927924 -0.29170913510903695 0
    outer loop
      vertex 63.94300079345703 7.9850006103515625 10
      vertex 63.94300079345703 7.9850006103515625 17.5
      vertex 63.856998443603516 8.267000198364258 10
    endloop
  endfacet
  facet normal -0.9951377605726242 -0.09849282959943091 0
    outer loop
      vertex 63.856998443603516 8.267000198364258 10
      vertex 63.856998443603516 8.267000198364258 17.5
      vertex 63.827999114990234 8.559999465942383 10
    endloop
  endfacet
  facet normal -0.291705021230778 -0.9565083275062226 0
    outer loop
      vertex 64.75600051879883 7.172000885009766 10
      vertex 65.03799819946289 7.086000442504883 10
      vertex 65.03799819946289 7.086000442504883 17.5
    endloop
  endfacet
  facet normal -0.09849797488677234 -0.9951372513091874 0
    outer loop
      vertex 65.03799819946289 7.086000442504883 10
      vertex 65.33100128173828 7.056999206542969 10
      vertex 65.03799819946289 7.086000442504883 17.5
    endloop
  endfacet
  facet normal 0.09849924483708641 -0.9951371256095933 0
    outer loop
      vertex 65.33100128173828 7.056999206542969 10
      vertex 65.6240005493164 7.086000442504883 10
      vertex 65.6240005493164 7.086000442504883 17.5
    endloop
  endfacet
  facet normal 0.291705021230778 -0.9565083275062226 0
    outer loop
      vertex 65.6240005493164 7.086000442504883 10
      vertex 65.90599822998047 7.172000885009766 10
      vertex 65.90599822998047 7.172000885009766 17.5
    endloop
  endfacet
  facet normal -0.9951378234148824 0.09849219466074635 0
    outer loop
      vertex 63.827999114990234 8.559999465942383 10
      vertex 63.827999114990234 8.559999465942383 17.5
      vertex 63.856998443603516 8.85300064086914 10
    endloop
  endfacet
  facet normal -0.9565070728927924 0.29170913510903695 0
    outer loop
      vertex 63.856998443603516 8.85300064086914 10
      vertex 63.856998443603516 8.85300064086914 17.5
      vertex 63.94300079345703 9.135000228881836 10
    endloop
  endfacet
  facet normal -0.8832910855238573 0.46882497612017837 0
    outer loop
      vertex 63.94300079345703 9.135000228881836 10
      vertex 64.08100128173828 9.395000457763672 17.5
      vertex 64.08100128173828 9.395000457763672 10
    endloop
  endfacet
  facet normal -0.7718306338954369 0.6358281785046712 0
    outer loop
      vertex 64.08100128173828 9.395000457763672 10
      vertex 64.08100128173828 9.395000457763672 17.5
      vertex 64.26800155639648 9.621999740600586 10
    endloop
  endfacet
  facet normal -0.6341665297376152 0.7731964902665753 0
    outer loop
      vertex 64.26800155639648 9.621999740600586 10
      vertex 64.26800155639648 9.621999740600586 17.5
      vertex 64.49599838256836 9.809000015258789 10
    endloop
  endfacet
  facet normal -0.47146506741013267 0.8818847374866849 0
    outer loop
      vertex 64.49599838256836 9.809000015258789 10
      vertex 64.49599838256836 9.809000015258789 17.5
      vertex 64.75600051879883 9.947999954223633 10
    endloop
  endfacet
  facet normal -0.291705021230778 0.9565083275062226 0
    outer loop
      vertex 64.75600051879883 9.947999954223633 10
      vertex 64.75600051879883 9.947999954223633 17.5
      vertex 65.03799819946289 10.034000396728516 10
    endloop
  endfacet
  facet normal -0.09512834714110273 0.9954650157439999 0
    outer loop
      vertex 65.03799819946289 10.034000396728516 10
      vertex 65.03799819946289 10.034000396728516 17.5
      vertex 65.33100128173828 10.062000274658203 10
    endloop
  endfacet
  facet normal 0.09512957445434855 0.9954648984590742 0
    outer loop
      vertex 65.33100128173828 10.062000274658203 10
      vertex 65.33100128173828 10.062000274658203 17.5
      vertex 65.6240005493164 10.034000396728516 10
    endloop
  endfacet
  facet normal 0.291705021230778 0.9565083275062226 0
    outer loop
      vertex 65.6240005493164 10.034000396728516 10
      vertex 65.6240005493164 10.034000396728516 17.5
      vertex 65.90599822998047 9.947999954223633 10
    endloop
  endfacet
  facet normal 0.4728781619819945 -0.8811278249610159 0
    outer loop
      vertex 65.90599822998047 7.172000885009766 10
      vertex 66.16500091552734 7.311000823974609 10
      vertex 65.90599822998047 7.172000885009766 17.5
    endloop
  endfacet
  facet normal 0.6321234499860373 -0.7748676944987123 0
    outer loop
      vertex 66.16500091552734 7.311000823974609 10
      vertex 66.39300155639648 7.496999740600586 10
      vertex 66.39300155639648 7.496999740600586 17.5
    endloop
  endfacet
  facet normal 0.7732016928765401 -0.6341601864930126 0
    outer loop
      vertex 66.39300155639648 7.496999740600586 10
      vertex 66.58000183105469 7.725000381469727 10
      vertex 66.58000183105469 7.725000381469727 17.5
    endloop
  endfacet
  facet normal 0.8818832994573388 -0.4714677572626125 0
    outer loop
      vertex 66.58000183105469 7.725000381469727 10
      vertex 66.71900177001953 7.9850006103515625 10
      vertex 66.71900177001953 7.9850006103515625 17.5
    endloop
  endfacet
  facet normal 0.9574524316939746 -0.28859113126237096 0
    outer loop
      vertex 66.71900177001953 7.9850006103515625 10
      vertex 66.80400085449219 8.267000198364258 10
      vertex 66.80400085449219 8.267000198364258 17.5
    endloop
  endfacet
  facet normal 0.9951377605726242 -0.09849282959943091 0
    outer loop
      vertex 66.80400085449219 8.267000198364258 10
      vertex 66.83300018310547 8.559999465942383 10
      vertex 66.80400085449219 8.267000198364258 17.5
    endloop
  endfacet
  facet normal 0.9951378234148824 0.09849219466074635 0
    outer loop
      vertex 66.83300018310547 8.559999465942383 10
      vertex 66.80400085449219 8.85300064086914 10
      vertex 66.80400085449219 8.85300064086914 17.5
    endloop
  endfacet
  facet normal 0.9574524316939746 0.28859113126237096 0
    outer loop
      vertex 66.80400085449219 8.85300064086914 10
      vertex 66.71900177001953 9.135000228881836 10
      vertex 66.71900177001953 9.135000228881836 17.5
    endloop
  endfacet
  facet normal 0.4728781619819945 0.8811278249610159 0
    outer loop
      vertex 65.90599822998047 9.947999954223633 10
      vertex 66.16500091552734 9.809000015258789 17.5
      vertex 66.16500091552734 9.809000015258789 10
    endloop
  endfacet
  facet normal 0.6341601864930126 0.7732016928765401 0
    outer loop
      vertex 66.39300155639648 9.621999740600586 10
      vertex 66.16500091552734 9.809000015258789 10
      vertex 66.16500091552734 9.809000015258789 17.5
    endloop
  endfacet
  facet normal 0.8818832994573388 0.4714677572626125 0
    outer loop
      vertex 66.71900177001953 9.135000228881836 10
      vertex 66.58000183105469 9.395000457763672 10
      vertex 66.58000183105469 9.395000457763672 17.5
    endloop
  endfacet
  facet normal 0.7718306338954369 0.6358281785046712 0
    outer loop
      vertex 66.39300155639648 9.621999740600586 10
      vertex 66.39300155639648 9.621999740600586 17.5
      vertex 66.58000183105469 9.395000457763672 10
    endloop
  endfacet
  facet normal 0 0 1
    outer loop
      vertex 39.331000328063965 0.5880012512207031 10
      vertex 64.08100128173828 9.395000457763672 10
      vertex 63.81800079345703 34.627000004053116 10
    endloop
  endfacet
  facet normal 0 0 1
    outer loop
      vertex 39.331000328063965 0.5880012512207031 10
      vertex 63.81800079345703 34.627000004053116 10
      vertex 63.93299865722656 35.55500000715256 10
    endloop
  endfacet
  facet normal 0 0 1
    outer loop
      vertex 39.331000328063965 0.5880012512207031 10
      vertex 63.93299865722656 35.55500000715256 10
      vertex 63.84700012207031 35.837000012397766 10
    endloop
  endfacet
  facet normal 0 0 1
    outer loop
      vertex 64.08100128173828 9.395000457763672 10
      vertex 64.26800155639648 9.621999740600586 10
      vertex 63.81800079345703 34.627000004053116 10
    endloop
  endfacet
  facet normal 0 0 1
    outer loop
      vertex 64.26800155639648 9.621999740600586 10
      vertex 64.49599838256836 9.809000015258789 10
      vertex 63.81800079345703 34.627000004053116 10
    endloop
  endfacet
  facet normal 0 0 1
    outer loop
      vertex 64.49599838256836 9.809000015258789 10
      vertex 64.75600051879883 9.947999954223633 10
      vertex 63.81800079345703 34.627000004053116 10
    endloop
  endfacet
  facet normal 0 0 1
    outer loop
      vertex 64.75600051879883 9.947999954223633 10
      vertex 65.03799819946289 10.034000396728516 10
      vertex 63.81800079345703 34.627000004053116 10
    endloop
  endfacet
  facet normal 0 0 1
    outer loop
      vertex 65.03799819946289 10.034000396728516 10
      vertex 65.33100128173828 10.062000274658203 10
      vertex 65.32099914550781 34.627000004053116 10
    endloop
  endfacet
  facet normal 0 0 1
    outer loop
      vertex 65.33100128173828 10.062000274658203 10
      vertex 65.6240005493164 10.034000396728516 10
      vertex 65.32099914550781 34.627000004053116 10
    endloop
  endfacet
  facet normal 0 0 1
    outer loop
      vertex 65.6240005493164 10.034000396728516 10
      vertex 65.90599822998047 9.947999954223633 10
      vertex 65.89599990844727 34.74200001358986 10
    endloop
  endfacet
  facet normal 0 0 1
    outer loop
      vertex 65.90599822998047 9.947999954223633 10
      vertex 66.16500091552734 9.809000015258789 10
      vertex 66.15499877929688 34.880999997258186 10
    endloop
  endfacet
  facet normal 0 0 1
    outer loop
      vertex 66.39300155639648 9.621999740600586 10
      vertex 66.38299942016602 35.06700000166893 10
      vertex 66.16500091552734 9.809000015258789 10
    endloop
  endfacet
  facet normal 0 0 1
    outer loop
      vertex 66.39300155639648 9.621999740600586 10
      vertex 66.58000183105469 9.395000457763672 10
      vertex 66.38299942016602 35.06700000166893 10
    endloop
  endfacet
  facet normal 0 0 1
    outer loop
      vertex 66.71900177001953 9.135000228881836 10
      vertex 66.70899963378906 35.55500000715256 10
      vertex 66.58000183105469 9.395000457763672 10
    endloop
  endfacet
  facet normal 0 0 1
    outer loop
      vertex 68 5.613492965698242 10
      vertex 68 38.56500005722046 10
      vertex 66.80400085449219 8.85300064086914 10
    endloop
  endfacet
  facet normal 0 0 1
    outer loop
      vertex 66.80400085449219 8.85300064086914 10
      vertex 68 38.56500005722046 10
      vertex 66.71900177001953 9.135000228881836 10
    endloop
  endfacet
  facet normal 0 0 1
    outer loop
      vertex 65.03799819946289 10.034000396728516 10
      vertex 64.48600006103516 34.880999997258186 10
      vertex 63.81800079345703 34.627000004053116 10
    endloop
  endfacet
  facet normal 0 0 1
    outer loop
      vertex 65.03799819946289 10.034000396728516 10
      vertex 64.74599838256836 34.74200001358986 10
      vertex 64.48600006103516 34.880999997258186 10
    endloop
  endfacet
  facet normal 0 0 1
    outer loop
      vertex 65.03799819946289 10.034000396728516 10
      vertex 65.02799987792969 34.65599998831749 10
      vertex 64.74599838256836 34.74200001358986 10
    endloop
  endfacet
  facet normal 0 0 1
    outer loop
      vertex 65.03799819946289 10.034000396728516 10
      vertex 65.32099914550781 34.627000004053116 10
      vertex 65.02799987792969 34.65599998831749 10
    endloop
  endfacet
  facet normal 0 0 1
    outer loop
      vertex 65.6240005493164 10.034000396728516 10
      vertex 65.61399841308594 34.65599998831749 10
      vertex 65.32099914550781 34.627000004053116 10
    endloop
  endfacet
  facet normal 0 0 1
    outer loop
      vertex 65.6240005493164 10.034000396728516 10
      vertex 65.89599990844727 34.74200001358986 10
      vertex 65.61399841308594 34.65599998831749 10
    endloop
  endfacet
  facet normal 0 0 1
    outer loop
      vertex 65.90599822998047 9.947999954223633 10
      vertex 66.15499877929688 34.880999997258186 10
      vertex 65.89599990844727 34.74200001358986 10
    endloop
  endfacet
  facet normal 0 0 1
    outer loop
      vertex 66.16500091552734 9.809000015258789 10
      vertex 66.38299942016602 35.06700000166893 10
      vertex 66.15499877929688 34.880999997258186 10
    endloop
  endfacet
  facet normal 0 0 1
    outer loop
      vertex 66.58000183105469 9.395000457763672 10
      vertex 66.56999969482422 35.29499998688698 10
      vertex 66.38299942016602 35.06700000166893 10
    endloop
  endfacet
  facet normal 0 0 1
    outer loop
      vertex 66.58000183105469 9.395000457763672 10
      vertex 66.70899963378906 35.55500000715256 10
      vertex 66.56999969482422 35.29499998688698 10
    endloop
  endfacet
  facet normal 0 0 1
    outer loop
      vertex 66.71900177001953 9.135000228881836 10
      vertex 66.79399871826172 35.837000012397766 10
      vertex 66.70899963378906 35.55500000715256 10
    endloop
  endfacet
  facet normal 0 1 0
    outer loop
      vertex 0 0.5880012512207031 17.5
      vertex 65.45999908447266 0.5880012512207031 17.5
      vertex 39.331000328063965 0.5880012512207031 10
    endloop
  endfacet
  facet normal -1 0 0
    outer loop
      vertex 65.45999908447266 3.0219993591308594 10
      vertex 65.45999908447266 0.5880012512207031 17.5
      vertex 65.45999908447266 3.0219993591308594 17.5
    endloop
  endfacet
  facet normal 0 1 0
    outer loop
      vertex 65.51202011108398 3.0219993591308594 10
      vertex 65.45999908447266 3.0219993591308594 17.5
      vertex 65.51202011108398 3.0219993591308594 17.5
    endloop
  endfacet
  facet normal -0.7069641448322254 -0.7072493887743138 0
    outer loop
      vertex 65.45999908447266 3.0739994049072266 10
      vertex 65.51202011108398 3.0219993591308594 17.5
      vertex 65.45999908447266 3.0739994049072266 17.5
    endloop
  endfacet
  facet normal -0.7070361497701526 0.7071774055484226 0
    outer loop
      vertex 68 5.613492965698242 10
      vertex 65.45999908447266 3.0739994049072266 17.5
      vertex 68 5.613492965698242 17.5
    endloop
  endfacet
  facet normal -0.6321298001352864 -0.7748625141151964 0
    outer loop
      vertex 64.26800155639648 7.496999740600586 10
      vertex 64.49599838256836 7.311000823974609 17.5
      vertex 64.26800155639648 7.496999740600586 17.5
    endloop
  endfacet
  facet normal -0.47146506741013267 -0.8818847374866849 0
    outer loop
      vertex 64.49599838256836 7.311000823974609 10
      vertex 64.75600051879883 7.172000885009766 17.5
      vertex 64.49599838256836 7.311000823974609 17.5
    endloop
  endfacet
  facet normal -0.7732016928765401 -0.6341601864930126 0
    outer loop
      vertex 64.08100128173828 7.725000381469727 10
      vertex 64.26800155639648 7.496999740600586 17.5
      vertex 64.08100128173828 7.725000381469727 17.5
    endloop
  endfacet
  facet normal -0.8832910855238573 -0.46882497612017837 0
    outer loop
      vertex 64.08100128173828 7.725000381469727 10
      vertex 64.08100128173828 7.725000381469727 17.5
      vertex 63.94300079345703 7.9850006103515625 17.5
    endloop
  endfacet
  facet normal -0.9565070728927924 -0.29170913510903695 0
    outer loop
      vertex 63.856998443603516 8.267000198364258 10
      vertex 63.94300079345703 7.9850006103515625 17.5
      vertex 63.856998443603516 8.267000198364258 17.5
    endloop
  endfacet
  facet normal -0.291705021230778 -0.9565083275062226 0
    outer loop
      vertex 64.75600051879883 7.172000885009766 10
      vertex 65.03799819946289 7.086000442504883 17.5
      vertex 64.75600051879883 7.172000885009766 17.5
    endloop
  endfacet
  facet normal -0.09849797488677234 -0.9951372513091874 0
    outer loop
      vertex 65.33100128173828 7.056999206542969 10
      vertex 65.33100128173828 7.056999206542969 17.5
      vertex 65.03799819946289 7.086000442504883 17.5
    endloop
  endfacet
  facet normal 0.09849924483708641 -0.9951371256095933 0
    outer loop
      vertex 65.33100128173828 7.056999206542969 10
      vertex 65.6240005493164 7.086000442504883 17.5
      vertex 65.33100128173828 7.056999206542969 17.5
    endloop
  endfacet
  facet normal 0.291705021230778 -0.9565083275062226 0
    outer loop
      vertex 65.6240005493164 7.086000442504883 10
      vertex 65.90599822998047 7.172000885009766 17.5
      vertex 65.6240005493164 7.086000442504883 17.5
    endloop
  endfacet
  facet normal -0.9951377605726242 -0.09849282959943091 0
    outer loop
      vertex 63.827999114990234 8.559999465942383 10
      vertex 63.856998443603516 8.267000198364258 17.5
      vertex 63.827999114990234 8.559999465942383 17.5
    endloop
  endfacet
  facet normal -0.9951378234148824 0.09849219466074635 0
    outer loop
      vertex 63.856998443603516 8.85300064086914 10
      vertex 63.827999114990234 8.559999465942383 17.5
      vertex 63.856998443603516 8.85300064086914 17.5
    endloop
  endfacet
  facet normal -0.9565070728927924 0.29170913510903695 0
    outer loop
      vertex 63.94300079345703 9.135000228881836 10
      vertex 63.856998443603516 8.85300064086914 17.5
      vertex 63.94300079345703 9.135000228881836 17.5
    endloop
  endfacet
  facet normal -0.8832910855238573 0.46882497612017837 0
    outer loop
      vertex 63.94300079345703 9.135000228881836 10
      vertex 63.94300079345703 9.135000228881836 17.5
      vertex 64.08100128173828 9.395000457763672 17.5
    endloop
  endfacet
  facet normal -0.7718306338954369 0.6358281785046712 0
    outer loop
      vertex 64.26800155639648 9.621999740600586 10
      vertex 64.08100128173828 9.395000457763672 17.5
      vertex 64.26800155639648 9.621999740600586 17.5
    endloop
  endfacet
  facet normal -0.6341665297376152 0.7731964902665753 0
    outer loop
      vertex 64.49599838256836 9.809000015258789 10
      vertex 64.26800155639648 9.621999740600586 17.5
      vertex 64.49599838256836 9.809000015258789 17.5
    endloop
  endfacet
  facet normal -0.47146506741013267 0.8818847374866849 0
    outer loop
      vertex 64.75600051879883 9.947999954223633 10
      vertex 64.49599838256836 9.809000015258789 17.5
      vertex 64.75600051879883 9.947999954223633 17.5
    endloop
  endfacet
  facet normal -0.291705021230778 0.9565083275062226 0
    outer loop
      vertex 65.03799819946289 10.034000396728516 10
      vertex 64.75600051879883 9.947999954223633 17.5
      vertex 65.03799819946289 10.034000396728516 17.5
    endloop
  endfacet
  facet normal -0.09512834714110273 0.9954650157439999 0
    outer loop
      vertex 65.33100128173828 10.062000274658203 10
      vertex 65.03799819946289 10.034000396728516 17.5
      vertex 65.33100128173828 10.062000274658203 17.5
    endloop
  endfacet
  facet normal 0.09512957445434855 0.9954648984590742 0
    outer loop
      vertex 65.6240005493164 10.034000396728516 10
      vertex 65.33100128173828 10.062000274658203 17.5
      vertex 65.6240005493164 10.034000396728516 17.5
    endloop
  endfacet
  facet normal 0.291705021230778 0.9565083275062226 0
    outer loop
      vertex 65.90599822998047 9.947999954223633 10
      vertex 65.6240005493164 10.034000396728516 17.5
      vertex 65.90599822998047 9.947999954223633 17.5
    endloop
  endfacet
  facet normal 0.4728781619819945 -0.8811278249610159 0
    outer loop
      vertex 66.16500091552734 7.311000823974609 10
      vertex 66.16500091552734 7.311000823974609 17.5
      vertex 65.90599822998047 7.172000885009766 17.5
    endloop
  endfacet
  facet normal 0.6321234499860373 -0.7748676944987123 0
    outer loop
      vertex 66.16500091552734 7.311000823974609 10
      vertex 66.39300155639648 7.496999740600586 17.5
      vertex 66.16500091552734 7.311000823974609 17.5
    endloop
  endfacet
  facet normal 0.7732016928765401 -0.6341601864930126 0
    outer loop
      vertex 66.39300155639648 7.496999740600586 10
      vertex 66.58000183105469 7.725000381469727 17.5
      vertex 66.39300155639648 7.496999740600586 17.5
    endloop
  endfacet
  facet normal 0.8818832994573388 -0.4714677572626125 0
    outer loop
      vertex 66.58000183105469 7.725000381469727 10
      vertex 66.71900177001953 7.9850006103515625 17.5
      vertex 66.58000183105469 7.725000381469727 17.5
    endloop
  endfacet
  facet normal 0.9574524316939746 -0.28859113126237096 0
    outer loop
      vertex 66.71900177001953 7.9850006103515625 10
      vertex 66.80400085449219 8.267000198364258 17.5
      vertex 66.71900177001953 7.9850006103515625 17.5
    endloop
  endfacet
  facet normal 0.9951377605726242 -0.09849282959943091 0
    outer loop
      vertex 66.83300018310547 8.559999465942383 10
      vertex 66.83300018310547 8.559999465942383 17.5
      vertex 66.80400085449219 8.267000198364258 17.5
    endloop
  endfacet
  facet normal 0.9951378234148824 0.09849219466074635 0
    outer loop
      vertex 66.83300018310547 8.559999465942383 10
      vertex 66.80400085449219 8.85300064086914 17.5
      vertex 66.83300018310547 8.559999465942383 17.5
    endloop
  endfacet
  facet normal 0.9574524316939746 0.28859113126237096 0
    outer loop
      vertex 66.80400085449219 8.85300064086914 10
      vertex 66.71900177001953 9.135000228881836 17.5
      vertex 66.80400085449219 8.85300064086914 17.5
    endloop
  endfacet
  facet normal 0.8818832994573388 0.4714677572626125 0
    outer loop
      vertex 66.71900177001953 9.135000228881836 10
      vertex 66.58000183105469 9.395000457763672 17.5
      vertex 66.71900177001953 9.135000228881836 17.5
    endloop
  endfacet
  facet normal 0.6341601864930126 0.7732016928765401 0
    outer loop
      vertex 66.39300155639648 9.621999740600586 10
      vertex 66.16500091552734 9.809000015258789 17.5
      vertex 66.39300155639648 9.621999740600586 17.5
    endloop
  endfacet
  facet normal 0.4728781619819945 0.8811278249610159 0
    outer loop
      vertex 65.90599822998047 9.947999954223633 10
      vertex 65.90599822998047 9.947999954223633 17.5
      vertex 66.16500091552734 9.809000015258789 17.5
    endloop
  endfacet
  facet normal 0.7718306338954369 0.6358281785046712 0
    outer loop
      vertex 66.58000183105469 9.395000457763672 10
      vertex 66.39300155639648 9.621999740600586 17.5
      vertex 66.58000183105469 9.395000457763672 17.5
    endloop
  endfacet
  facet normal 0 0 1
    outer loop
      vertex 30.919000148773193 54 10
      vertex 39.331000328063965 0.5880012512207031 10
      vertex 63.84700012207031 35.837000012397766 10
    endloop
  endfacet
  facet normal 0 0 1
    outer loop
      vertex 66.71900177001953 9.135000228881836 10
      vertex 68 38.56500005722046 10
      vertex 66.79399871826172 35.837000012397766 10
    endloop
  endfacet
  facet normal 0 0 1
    outer loop
      vertex 63.81800079345703 34.627000004053116 10
      vertex 64.25799942016602 35.06700000166893 10
      vertex 64.07099914550781 35.29499998688698 10
    endloop
  endfacet
  facet normal 0 0 1
    outer loop
      vertex 63.81800079345703 34.627000004053116 10
      vertex 64.48600006103516 34.880999997258186 10
      vertex 64.25799942016602 35.06700000166893 10
    endloop
  endfacet
  facet normal 0 0 1
    outer loop
      vertex 63.81800079345703 34.627000004053116 10
      vertex 64.07099914550781 35.29499998688698 10
      vertex 63.93299865722656 35.55500000715256 10
    endloop
  endfacet
  facet normal 0 0 1
    outer loop
      vertex 66.79399871826172 35.837000012397766 10
      vertex 68 38.56500005722046 10
      vertex 66.82300186157227 36.12999999523163 10
    endloop
  endfacet
  facet normal 0 0 1
    outer loop
      vertex 66.82300186157227 36.12999999523163 10
      vertex 68 38.56500005722046 10
      vertex 66.79399871826172 36.42299997806549 10
    endloop
  endfacet
  facet normal 0 0 1
    outer loop
      vertex 64.74599838256836 37.51799988746643 10
      vertex 65.02799987792969 37.604000091552734 10
      vertex 65.46200180053711 41.10300016403198 10
    endloop
  endfacet
  facet normal 0 0 1
    outer loop
      vertex 65.02799987792969 37.604000091552734 10
      vertex 65.32099914550781 37.63199996948242 10
      vertex 65.46200180053711 41.10300016403198 10
    endloop
  endfacet
  facet normal 0 0 1
    outer loop
      vertex 65.32099914550781 37.63199996948242 10
      vertex 65.61399841308594 37.604000091552734 10
      vertex 65.46200180053711 41.10300016403198 10
    endloop
  endfacet
  facet normal 0 0 1
    outer loop
      vertex 65.61399841308594 37.604000091552734 10
      vertex 65.89599990844727 37.51799988746643 10
      vertex 65.46200180053711 41.10300016403198 10
    endloop
  endfacet
  facet normal 0 0 1
    outer loop
      vertex 66.38299942016602 37.19199991226196 10
      vertex 68 38.56500005722046 10
      vertex 66.15499877929688 37.37899994850159 10
    endloop
  endfacet
  facet normal 0 0 1
    outer loop
      vertex 65.89599990844727 37.51799988746643 10
      vertex 66.15499877929688 37.37899994850159 10
      vertex 68 38.56500005722046 10
    endloop
  endfacet
  facet normal 0 0 1
    outer loop
      vertex 66.79399871826172 36.42299997806549 10
      vertex 68 38.56500005722046 10
      vertex 66.70899963378906 36.705000042915344 10
    endloop
  endfacet
  facet normal 0 0 1
    outer loop
      vertex 66.56999969482422 36.9650000333786 10
      vertex 66.70899963378906 36.705000042915344 10
      vertex 68 38.56500005722046 10
    endloop
  endfacet
  facet normal 0 0 1
    outer loop
      vertex 66.56999969482422 36.9650000333786 10
      vertex 68 38.56500005722046 10
      vertex 66.38299942016602 37.19199991226196 10
    endloop
  endfacet
  facet normal 0 0 1
    outer loop
      vertex 65.89599990844727 37.51799988746643 10
      vertex 68 38.56500005722046 10
      vertex 65.46200180053711 41.10300016403198 10
    endloop
  endfacet
  facet normal -0.7732007986890628 -0.6341612767321854 0
    outer loop
      vertex 64.25799942016602 35.06700000166893 10
      vertex 64.25799942016602 35.06700000166893 17.5
      vertex 64.07099914550781 35.29499998688698 10
    endloop
  endfacet
  facet normal -0.8832909297479987 -0.46882526961002874 0
    outer loop
      vertex 64.07099914550781 35.29499998688698 10
      vertex 64.07099914550781 35.29499998688698 17.5
      vertex 63.93299865722656 35.55500000715256 10
    endloop
  endfacet
  facet normal -0.6321256696541714 -0.7748658837271555 0
    outer loop
      vertex 64.25799942016602 35.06700000166893 10
      vertex 64.48600006103516 34.880999997258186 10
      vertex 64.48600006103516 34.880999997258186 17.5
    endloop
  endfacet
  facet normal -0.47147056506534607 -0.8818817983590337 0
    outer loop
      vertex 64.48600006103516 34.880999997258186 10
      vertex 64.74599838256836 34.74200001358986 10
      vertex 64.74599838256836 34.74200001358986 17.5
    endloop
  endfacet
  facet normal -0.2917001162579702 -0.9565098233552475 0
    outer loop
      vertex 64.74599838256836 34.74200001358986 10
      vertex 65.02799987792969 34.65599998831749 10
      vertex 65.02799987792969 34.65599998831749 17.5
    endloop
  endfacet
  facet normal -0.09849503483876008 -0.9951375423086556 0
    outer loop
      vertex 65.02799987792969 34.65599998831749 10
      vertex 65.32099914550781 34.627000004053116 10
      vertex 65.02799987792969 34.65599998831749 17.5
    endloop
  endfacet
  facet normal 0.09849503483876008 -0.9951375423086556 0
    outer loop
      vertex 65.32099914550781 34.627000004053116 10
      vertex 65.61399841308594 34.65599998831749 10
      vertex 65.61399841308594 34.65599998831749 17.5
    endloop
  endfacet
  facet normal 0.2917001162579702 -0.9565098233552475 0
    outer loop
      vertex 65.61399841308594 34.65599998831749 10
      vertex 65.89599990844727 34.74200001358986 10
      vertex 65.89599990844727 34.74200001358986 17.5
    endloop
  endfacet
  facet normal -0.956510803505007 -0.29169690224307493 0
    outer loop
      vertex 63.93299865722656 35.55500000715256 10
      vertex 63.93299865722656 35.55500000715256 17.5
      vertex 63.84700012207031 35.837000012397766 10
    endloop
  endfacet
  facet normal -0.9951377841386134 -0.09849259149646955 0
    outer loop
      vertex 63.84700012207031 35.837000012397766 10
      vertex 63.81800079345703 36.12999999523163 17.5
      vertex 63.81800079345703 36.12999999523163 10
    endloop
  endfacet
  facet normal -0.9951377841386134 0.09849259149646955 0
    outer loop
      vertex 63.81800079345703 36.12999999523163 10
      vertex 63.84700012207031 36.42299997806549 17.5
      vertex 63.84700012207031 36.42299997806549 10
    endloop
  endfacet
  facet normal -0.9565108207072222 0.29169684583484345 0
    outer loop
      vertex 63.84700012207031 36.42299997806549 10
      vertex 63.84700012207031 36.42299997806549 17.5
      vertex 63.93299865722656 36.705000042915344 10
    endloop
  endfacet
  facet normal -0.8832909074942807 0.468825311537176 0
    outer loop
      vertex 63.93299865722656 36.705000042915344 10
      vertex 63.93299865722656 36.705000042915344 17.5
      vertex 64.07099914550781 36.9650000333786 10
    endloop
  endfacet
  facet normal -0.7718314532203369 0.6358271839264054 0
    outer loop
      vertex 64.07099914550781 36.9650000333786 10
      vertex 64.25799942016602 37.19199991226196 17.5
      vertex 64.25799942016602 37.19199991226196 10
    endloop
  endfacet
  facet normal 0.47288368743969517 -0.8811248595706722 0
    outer loop
      vertex 65.89599990844727 34.74200001358986 10
      vertex 66.15499877929688 34.880999997258186 10
      vertex 66.15499877929688 34.880999997258186 17.5
    endloop
  endfacet
  facet normal 0.6321256696541714 -0.7748658837271555 0
    outer loop
      vertex 66.15499877929688 34.880999997258186 10
      vertex 66.38299942016602 35.06700000166893 10
      vertex 66.15499877929688 34.880999997258186 17.5
    endloop
  endfacet
  facet normal 0.7732007986890628 -0.6341612767321854 0
    outer loop
      vertex 66.38299942016602 35.06700000166893 10
      vertex 66.56999969482422 35.29499998688698 10
      vertex 66.56999969482422 35.29499998688698 17.5
    endloop
  endfacet
  facet normal 0.8818831421713859 -0.4714680514668235 0
    outer loop
      vertex 66.56999969482422 35.29499998688698 10
      vertex 66.70899963378906 35.55500000715256 10
      vertex 66.70899963378906 35.55500000715256 17.5
    endloop
  endfacet
  facet normal 0.9574525496749423 -0.28859073983922645 0
    outer loop
      vertex 66.70899963378906 35.55500000715256 10
      vertex 66.79399871826172 35.837000012397766 10
      vertex 66.79399871826172 35.837000012397766 17.5
    endloop
  endfacet
  facet normal 0.995136514178116 -0.09850542192909077 0
    outer loop
      vertex 66.79399871826172 35.837000012397766 10
      vertex 66.82300186157227 36.12999999523163 10
      vertex 66.82300186157227 36.12999999523163 17.5
    endloop
  endfacet
  facet normal 0.995136514178116 0.09850542192909077 0
    outer loop
      vertex 66.82300186157227 36.12999999523163 10
      vertex 66.79399871826172 36.42299997806549 10
      vertex 66.79399871826172 36.42299997806549 17.5
    endloop
  endfacet
  facet normal 0.9574525665293272 0.2885906839217171 0
    outer loop
      vertex 66.79399871826172 36.42299997806549 10
      vertex 66.70899963378906 36.705000042915344 10
      vertex 66.70899963378906 36.705000042915344 17.5
    endloop
  endfacet
  facet normal 0.8818831197019399 0.47146809349602214 0
    outer loop
      vertex 66.56999969482422 36.9650000333786 10
      vertex 66.70899963378906 36.705000042915344 17.5
      vertex 66.70899963378906 36.705000042915344 10
    endloop
  endfacet
  facet normal 0.7718314532203369 0.6358271839264054 0
    outer loop
      vertex 66.56999969482422 36.9650000333786 10
      vertex 66.38299942016602 37.19199991226196 10
      vertex 66.38299942016602 37.19199991226196 17.5
    endloop
  endfacet
  facet normal -0.6341597031196096 0.7732020893267483 0
    outer loop
      vertex 64.25799942016602 37.19199991226196 10
      vertex 64.48600006103516 37.37899994850159 17.5
      vertex 64.48600006103516 37.37899994850159 10
    endloop
  endfacet
  facet normal -0.4714704471413991 0.8818818614033793 0
    outer loop
      vertex 64.48600006103516 37.37899994850159 10
      vertex 64.48600006103516 37.37899994850159 17.5
      vertex 64.74599838256836 37.51799988746643 10
    endloop
  endfacet
  facet normal -0.2917006711623288 0.9565096541297673 0
    outer loop
      vertex 64.74599838256836 37.51799988746643 10
      vertex 64.74599838256836 37.51799988746643 17.5
      vertex 65.02799987792969 37.604000091552734 10
    endloop
  endfacet
  facet normal -0.09512957445434855 0.9954648984590742 0
    outer loop
      vertex 65.02799987792969 37.604000091552734 10
      vertex 65.32099914550781 37.63199996948242 17.5
      vertex 65.32099914550781 37.63199996948242 10
    endloop
  endfacet
  facet normal 0.2917006711623288 0.9565096541297673 0
    outer loop
      vertex 65.61399841308594 37.604000091552734 10
      vertex 65.89599990844727 37.51799988746643 17.5
      vertex 65.89599990844727 37.51799988746643 10
    endloop
  endfacet
  facet normal 0.09512957445434855 0.9954648984590742 0
    outer loop
      vertex 65.32099914550781 37.63199996948242 10
      vertex 65.32099914550781 37.63199996948242 17.5
      vertex 65.61399841308594 37.604000091552734 10
    endloop
  endfacet
  facet normal 0.47288356936525183 0.8811249229390684 0
    outer loop
      vertex 65.89599990844727 37.51799988746643 10
      vertex 65.89599990844727 37.51799988746643 17.5
      vertex 66.15499877929688 37.37899994850159 10
    endloop
  endfacet
  facet normal 0.6341597031196096 0.7732020893267483 0
    outer loop
      vertex 66.38299942016602 37.19199991226196 10
      vertex 66.15499877929688 37.37899994850159 10
      vertex 66.38299942016602 37.19199991226196 17.5
    endloop
  endfacet
  facet normal -0.7071070468877589 -0.7071065154852363 0
    outer loop
      vertex 68 38.56500005722046 10
      vertex 65.46200180053711 41.10300016403198 17.5
      vertex 65.46200180053711 41.10300016403198 10
    endloop
  endfacet
  facet normal 0 0 1
    outer loop
      vertex 30.919000148773193 54 10
      vertex 63.84700012207031 35.837000012397766 10
      vertex 63.81800079345703 36.12999999523163 10
    endloop
  endfacet
  facet normal 0 0 1
    outer loop
      vertex 30.919000148773193 54 10
      vertex 63.81800079345703 36.12999999523163 10
      vertex 63.84700012207031 36.42299997806549 10
    endloop
  endfacet
  facet normal 0 0 1
    outer loop
      vertex 30.919000148773193 54 10
      vertex 63.84700012207031 36.42299997806549 10
      vertex 63.93299865722656 36.705000042915344 10
    endloop
  endfacet
  facet normal 0 0 1
    outer loop
      vertex 30.919000148773193 54 10
      vertex 63.93299865722656 36.705000042915344 10
      vertex 64.07099914550781 36.9650000333786 10
    endloop
  endfacet
  facet normal 0 0 1
    outer loop
      vertex 30.919000148773193 54 10
      vertex 64.07099914550781 36.9650000333786 10
      vertex 64.25799942016602 37.19199991226196 10
    endloop
  endfacet
  facet normal 0 0 1
    outer loop
      vertex 30.919000148773193 54 10
      vertex 64.25799942016602 37.19199991226196 10
      vertex 64.48600006103516 37.37899994850159 10
    endloop
  endfacet
  facet normal 0 0 1
    outer loop
      vertex 30.919000148773193 54 10
      vertex 64.48600006103516 37.37899994850159 10
      vertex 64.74599838256836 37.51799988746643 10
    endloop
  endfacet
  facet normal 0 0 1
    outer loop
      vertex 30.919000148773193 54 10
      vertex 64.74599838256836 37.51799988746643 10
      vertex 65.46200180053711 41.10300016403198 10
    endloop
  endfacet
  facet normal 0 0 1
    outer loop
      vertex 30.919000148773193 54 10
      vertex 65.46200180053711 41.10300016403198 10
      vertex 65.46200180053711 41.104000091552734 10
    endloop
  endfacet
  facet normal 0 0 1
    outer loop
      vertex 30.919000148773193 54 10
      vertex 65.46200180053711 41.104000091552734 10
      vertex 65.46200180053711 54 10
    endloop
  endfacet
  facet normal 0 0 1
    outer loop
      vertex 65.46200180053711 41.104000091552734 10
      vertex 65.46200180053711 41.10300016403198 10
      vertex 68 41.10300016403198 10
    endloop
  endfacet
  facet normal 0 0 1
    outer loop
      vertex 65.46200180053711 41.104000091552734 10
      vertex 68 41.10300016403198 10
      vertex 68 41.104000091552734 10
    endloop
  endfacet
  facet normal 0 1 0
    outer loop
      vertex 65.46200180053711 41.10300016403198 10
      vertex 65.46200180053711 41.10300016403198 17.5
      vertex 68 41.10300016403198 10
    endloop
  endfacet
  facet normal 0 -1 0
    outer loop
      vertex 65.46200180053711 41.104000091552734 10
      vertex 68 41.104000091552734 10
      vertex 68 41.104000091552734 17.5
    endloop
  endfacet
  facet normal -1 0 0
    outer loop
      vertex 65.46200180053711 41.104000091552734 10
      vertex 65.46200180053711 54 17.5
      vertex 65.46200180053711 54 10
    endloop
  endfacet
  facet normal 0 0 -1
    outer loop
      vertex 34.35900020599365 36.69200003147125 14.990000128746033
      vertex 34.54100036621094 37.78600001335144 14.990000128746033
      vertex 34.90999984741211 36.85099995136261 14.990000128746033
    endloop
  endfacet
  facet normal 0 0 1
    outer loop
      vertex 34.359999656677246 36.69500005245209 15
      vertex 34.90999984741211 36.85300004482269 15
      vertex 34.54100036621094 37.78600001335144 15
    endloop
  endfacet
  facet normal 0 0 -1
    outer loop
      vertex 33.79800033569336 37.651999950408936 14.990000128746033
      vertex 34.17899990081787 37.68600010871887 14.990000128746033
      vertex 34.35900020599365 36.69200003147125 14.990000128746033
    endloop
  endfacet
  facet normal 0 0 1
    outer loop
      vertex 33.80920600891113 37.65300011634827 15
      vertex 34.359999656677246 36.69500005245209 15
      vertex 34.16962909698486 37.685163736343384 15
    endloop
  endfacet
  facet normal 0 0 1
    outer loop
      vertex 34.359999656677246 36.69500005245209 15
      vertex 34.17899990081787 37.68600010871887 15
      vertex 34.16962909698486 37.685163736343384 15
    endloop
  endfacet
  facet normal 0 0 -1
    outer loop
      vertex 34.35900020599365 36.69200003147125 14.990000128746033
      vertex 34.17899990081787 37.68600010871887 14.990000128746033
      vertex 34.54100036621094 37.78600001335144 14.990000128746033
    endloop
  endfacet
  facet normal 0 0 1
    outer loop
      vertex 34.359999656677246 36.69500005245209 15
      vertex 34.54100036621094 37.78600001335144 15
      vertex 34.17899990081787 37.68600010871887 15
    endloop
  endfacet
  facet normal -0.08888529405031015 0.9960418687578653 0.000013525141543812524
    outer loop
      vertex 33.80920600891113 37.65300011634827 15
      vertex 34.16962909698486 37.685163736343384 15
      vertex 34.17899990081787 37.68600010871887 14.990000128746033
    endloop
  endfacet
  facet normal -0.08889961309289465 0.9960405909358985 0
    outer loop
      vertex 34.17899990081787 37.68600010871887 15
      vertex 34.17899990081787 37.68600010871887 14.990000128746033
      vertex 34.16962909698486 37.685163736343384 15
    endloop
  endfacet
  facet normal -0.266269724187716 0.9638985600056665 0
    outer loop
      vertex 34.17899990081787 37.68600010871887 15
      vertex 34.54100036621094 37.78600001335144 14.990000128746033
      vertex 34.17899990081787 37.68600010871887 14.990000128746033
    endloop
  endfacet
  facet normal -0.266269724187716 0.9638985600056665 0
    outer loop
      vertex 34.17899990081787 37.68600010871887 15
      vertex 34.54100036621094 37.78600001335144 15
      vertex 34.54100036621094 37.78600001335144 14.990000128746033
    endloop
  endfacet
  facet normal 0 0 -1
    outer loop
      vertex 34.90999984741211 36.85099995136261 14.990000128746033
      vertex 34.54100036621094 37.78600001335144 14.990000128746033
      vertex 34.878000259399414 37.943000078201294 14.990000128746033
    endloop
  endfacet
  facet normal 0 0 1
    outer loop
      vertex 34.90999984741211 36.85300004482269 15
      vertex 34.54477596282959 37.78775930404663 15
      vertex 34.54100036621094 37.78600001335144 15
    endloop
  endfacet
  facet normal 0 0 1
    outer loop
      vertex 34.90999984741211 36.85300004482269 15
      vertex 34.878000259399414 37.943000078201294 15
      vertex 34.54477596282959 37.78775930404663 15
    endloop
  endfacet
  facet normal -0.4222966249201642 0.9064576987789841 -0.000030088980256381638
    outer loop
      vertex 34.54100036621094 37.78600001335144 14.990000128746033
      vertex 34.54477596282959 37.78775930404663 15
      vertex 34.878000259399414 37.943000078201294 14.990000128746033
    endloop
  endfacet
  facet normal -0.4223621022133663 0.9064271921196462 0
    outer loop
      vertex 34.54100036621094 37.78600001335144 14.990000128746033
      vertex 34.54100036621094 37.78600001335144 15
      vertex 34.54477596282959 37.78775930404663 15
    endloop
  endfacet
  facet normal -0.42229588318539474 0.9064580448342149 0
    outer loop
      vertex 34.54477596282959 37.78775930404663 15
      vertex 34.878000259399414 37.943000078201294 15
      vertex 34.878000259399414 37.943000078201294 14.990000128746033
    endloop
  endfacet
  facet normal 0 0 1
    outer loop
      vertex 35.42500019073486 37.1029999256134 15
      vertex 34.880645751953125 37.94476675987244 15
      vertex 34.878000259399414 37.943000078201294 15
    endloop
  endfacet
  facet normal -0.5553572506951857 0.8316118830922781 0
    outer loop
      vertex 34.878000259399414 37.943000078201294 15
      vertex 34.880645751953125 37.94476675987244 15
      vertex 34.878000259399414 37.943000078201294 14.990000128746033
    endloop
  endfacet
  facet normal -0.5553198210086367 0.8316368776034003 -0.00001431791451064105
    outer loop
      vertex 34.878000259399414 37.943000078201294 14.990000128746033
      vertex 34.880645751953125 37.94476675987244 15
      vertex 35.1879997253418 38.15000009536743 14.990000128746033
    endloop
  endfacet
  facet normal 0 0 -1
    outer loop
      vertex 34.90999984741211 36.85099995136261 14.990000128746033
      vertex 34.878000259399414 37.943000078201294 14.990000128746033
      vertex 35.42399978637695 37.1010000705719 14.990000128746033
    endloop
  endfacet
  facet normal 0 0 1
    outer loop
      vertex 34.90999984741211 36.85300004482269 15
      vertex 35.42500019073486 37.1029999256134 15
      vertex 34.878000259399414 37.943000078201294 15
    endloop
  endfacet
  facet normal 0 0 -1
    outer loop
      vertex 35.42399978637695 37.1010000705719 14.990000128746033
      vertex 34.878000259399414 37.943000078201294 14.990000128746033
      vertex 35.1879997253418 38.15000009536743 14.990000128746033
    endloop
  endfacet
  facet normal 0 0 1
    outer loop
      vertex 35.42500019073486 37.1029999256134 15
      vertex 35.1879997253418 38.15000009536743 15
      vertex 34.880645751953125 37.94476675987244 15
    endloop
  endfacet
  facet normal 0 0 -1
    outer loop
      vertex 35.42399978637695 37.1010000705719 14.990000128746033
      vertex 35.1879997253418 38.15000009536743 14.990000128746033
      vertex 35.89500045776367 37.431999921798706 14.990000128746033
    endloop
  endfacet
  facet normal 0 0 1
    outer loop
      vertex 35.42500019073486 37.1029999256134 15
      vertex 35.895999908447266 37.43400001525879 15
      vertex 35.1879997253418 38.15000009536743 15
    endloop
  endfacet
  facet normal 0 0 1
    outer loop
      vertex 35.895999908447266 37.43400001525879 15
      vertex 35.19217491149902 38.153796911239624 15
      vertex 35.1879997253418 38.15000009536743 15
    endloop
  endfacet
  facet normal 0 0 -1
    outer loop
      vertex 35.89500045776367 37.431999921798706 14.990000128746033
      vertex 35.46399974822998 38.401000022888184 14.990000128746033
      vertex 36.31700038909912 37.83200001716614 14.990000128746033
    endloop
  endfacet
  facet normal 0 0 1
    outer loop
      vertex 35.895999908447266 37.43400001525879 15
      vertex 36.31700038909912 37.83400011062622 15
      vertex 35.46399974822998 38.401000022888184 15
    endloop
  endfacet
  facet normal -0.5553194988822852 0.8316370928242245 0
    outer loop
      vertex 34.880645751953125 37.94476675987244 15
      vertex 35.1879997253418 38.15000009536743 15
      vertex 35.1879997253418 38.15000009536743 14.990000128746033
    endloop
  endfacet
  facet normal -0.6727884401850335 0.7398349239887162 0
    outer loop
      vertex 35.1879997253418 38.15000009536743 14.990000128746033
      vertex 35.1879997253418 38.15000009536743 15
      vertex 35.19217491149902 38.153796911239624 15
    endloop
  endfacet
  facet normal -0.6728060648175552 0.7398188960576545 0.000013444295568476385
    outer loop
      vertex 35.1879997253418 38.15000009536743 14.990000128746033
      vertex 35.19217491149902 38.153796911239624 15
      vertex 35.46399974822998 38.401000022888184 14.990000128746033
    endloop
  endfacet
  facet normal 0 0 -1
    outer loop
      vertex 35.89500045776367 37.431999921798706 14.990000128746033
      vertex 35.1879997253418 38.15000009536743 14.990000128746033
      vertex 35.46399974822998 38.401000022888184 14.990000128746033
    endloop
  endfacet
  facet normal 0 0 1
    outer loop
      vertex 35.895999908447266 37.43400001525879 15
      vertex 35.46399974822998 38.401000022888184 15
      vertex 35.19217491149902 38.153796911239624 15
    endloop
  endfacet
  facet normal -0.6728063355819073 0.7398186499412176 0
    outer loop
      vertex 35.19217491149902 38.153796911239624 15
      vertex 35.46399974822998 38.401000022888184 15
      vertex 35.46399974822998 38.401000022888184 14.990000128746033
    endloop
  endfacet
  facet normal -0.7657324078211187 0.6431592956744636 0
    outer loop
      vertex 35.46432876586914 38.40139174461365 15
      vertex 35.46399974822998 38.401000022888184 14.990000128746033
      vertex 35.46399974822998 38.401000022888184 15
    endloop
  endfacet
  facet normal -0.7660204141394087 0.6428162448138858 0.00002291425840542692
    outer loop
      vertex 35.46432876586914 38.40139174461365 15
      vertex 35.70400047302246 38.687000036239624 14.990000128746033
      vertex 35.46399974822998 38.401000022888184 14.990000128746033
    endloop
  endfacet
  facet normal 0 0 1
    outer loop
      vertex 35.46432876586914 38.40139174461365 15
      vertex 36.31700038909912 37.83400011062622 15
      vertex 35.46500015258789 38.401999950408936 15
    endloop
  endfacet
  facet normal 0 0 1
    outer loop
      vertex 35.46432876586914 38.40139174461365 15
      vertex 35.46399974822998 38.401000022888184 15
      vertex 36.31700038909912 37.83400011062622 15
    endloop
  endfacet
  facet normal 0 0 -1
    outer loop
      vertex 35.46399974822998 38.401000022888184 14.990000128746033
      vertex 35.70400047302246 38.687000036239624 14.990000128746033
      vertex 36.31700038909912 37.83200001716614 14.990000128746033
    endloop
  endfacet
  facet normal 0 0 1
    outer loop
      vertex 35.46500015258789 38.401999950408936 15
      vertex 36.31700038909912 37.83400011062622 15
      vertex 35.70400047302246 38.687000036239624 15
    endloop
  endfacet
  facet normal -0.7660208093946882 0.6428157742108597 0
    outer loop
      vertex 35.46432876586914 38.40139174461365 15
      vertex 35.70400047302246 38.687000036239624 15
      vertex 35.70400047302246 38.687000036239624 14.990000128746033
    endloop
  endfacet
  facet normal -0.8478474648027939 0.5302402063475338 0
    outer loop
      vertex 35.70400047302246 38.687000036239624 14.990000128746033
      vertex 35.70400047302246 38.687000036239624 15
      vertex 35.901000022888184 39.001999855041504 14.990000128746033
    endloop
  endfacet
  facet normal 0 0 -1
    outer loop
      vertex 35.70400047302246 38.687000036239624 14.990000128746033
      vertex 35.901000022888184 39.001999855041504 14.990000128746033
      vertex 36.680999755859375 38.289000034332275 14.990000128746033
    endloop
  endfacet
  facet normal 0 0 1
    outer loop
      vertex 35.70400047302246 38.687000036239624 15
      vertex 36.680999755859375 38.28999996185303 15
      vertex 35.902000427246094 39.001999855041504 15
    endloop
  endfacet
  facet normal 0 0 -1
    outer loop
      vertex 32.86899995803833 39.63199996948242 14.990000128746033
      vertex 34.805999755859375 39.63199996948242 14.990000128746033
      vertex 34.805999755859375 39.19999980926514 14.990000128746033
    endloop
  endfacet
  facet normal 0 0 1
    outer loop
      vertex 32.870999813079834 39.63199996948242 15
      vertex 34.805999755859375 39.20100021362305 15
      vertex 34.805999755859375 39.63199996948242 15
    endloop
  endfacet
  facet normal 0 1 0
    outer loop
      vertex 32.870999813079834 39.63199996948242 15
      vertex 34.805999755859375 39.63199996948242 15
      vertex 34.805999755859375 39.63199996948242 14.990000128746033
    endloop
  endfacet
  facet normal 1 0 0
    outer loop
      vertex 34.805999755859375 39.20100021362305 15
      vertex 34.805999755859375 39.19999980926514 14.990000128746033
      vertex 34.805999755859375 39.63199996948242 14.990000128746033
    endloop
  endfacet
  facet normal 1 0 0
    outer loop
      vertex 34.805999755859375 39.20100021362305 15
      vertex 34.805999755859375 39.63199996948242 14.990000128746033
      vertex 34.805999755859375 39.63199996948242 15
    endloop
  endfacet
  facet normal -0.6849386078298739 -0.7286007847265017 0
    outer loop
      vertex 35.46000003814697 40.27500009536743 15
      vertex 35.192999839782715 40.526000022888184 15
      vertex 35.192999839782715 40.526000022888184 14.990000128746033
    endloop
  endfacet
  facet normal -0.773957299203321 -0.6332377902572627 0
    outer loop
      vertex 35.46000003814697 40.27500009536743 15
      vertex 35.46000003814697 40.27500009536743 14.990000128746033
      vertex 35.694000244140625 39.98899984359741 14.990000128746033
    endloop
  endfacet
  facet normal -0.6849386078298739 -0.7286007847265017 0
    outer loop
      vertex 35.46000003814697 40.27500009536743 15
      vertex 35.192999839782715 40.526000022888184 14.990000128746033
      vertex 35.46000003814697 40.27500009536743 14.990000128746033
    endloop
  endfacet
  facet normal -0.8466366482003216 -0.5321713877353096 0
    outer loop
      vertex 35.694000244140625 39.98899984359741 15
      vertex 35.694000244140625 39.98899984359741 14.990000128746033
      vertex 35.89200019836426 39.67399978637695 14.990000128746033
    endloop
  endfacet
  facet normal 0 0 -1
    outer loop
      vertex 35.694000244140625 39.98899984359741 14.990000128746033
      vertex 36.66600036621094 40.36800003051758 14.990000128746033
      vertex 35.89200019836426 39.67399978637695 14.990000128746033
    endloop
  endfacet
  facet normal 0 0 1
    outer loop
      vertex 35.694000244140625 39.98899984359741 15
      vertex 35.89299964904785 39.67399978637695 15
      vertex 36.66600036621094 40.367000102996826 15
    endloop
  endfacet
  facet normal -0.773957299203321 -0.6332377902572627 0
    outer loop
      vertex 35.46000003814697 40.27500009536743 15
      vertex 35.694000244140625 39.98899984359741 14.990000128746033
      vertex 35.694000244140625 39.98899984359741 15
    endloop
  endfacet
  facet normal 0 0 -1
    outer loop
      vertex 35.46000003814697 40.27500009536743 14.990000128746033
      vertex 36.3100004196167 40.82499980926514 14.990000128746033
      vertex 35.694000244140625 39.98899984359741 14.990000128746033
    endloop
  endfacet
  facet normal 0 0 1
    outer loop
      vertex 35.46000003814697 40.27500009536743 15
      vertex 35.694000244140625 39.98899984359741 15
      vertex 36.3100004196167 40.82299995422363 15
    endloop
  endfacet
  facet normal 0 0 -1
    outer loop
      vertex 35.70400047302246 38.687000036239624 14.990000128746033
      vertex 36.680999755859375 38.289000034332275 14.990000128746033
      vertex 36.31700038909912 37.83200001716614 14.990000128746033
    endloop
  endfacet
  facet normal 0 0 1
    outer loop
      vertex 35.70400047302246 38.687000036239624 15
      vertex 36.31700038909912 37.83400011062622 15
      vertex 36.680999755859375 38.28999996185303 15
    endloop
  endfacet
  facet normal 0 0 -1
    outer loop
      vertex 35.901000022888184 39.001999855041504 14.990000128746033
      vertex 36.757473945617676 38.4167959690094 14.990000128746033
      vertex 36.680999755859375 38.289000034332275 14.990000128746033
    endloop
  endfacet
  facet normal 0 0 1
    outer loop
      vertex 35.902000427246094 39.001999855041504 15
      vertex 36.680999755859375 38.28999996185303 15
      vertex 36.75747871398926 38.4175488948822 15
    endloop
  endfacet
  facet normal 0 0 -1
    outer loop
      vertex 36.829999923706055 38.2960000038147 14.990000128746033
      vertex 36.757473945617676 38.4167959690094 14.990000128746033
      vertex 37.55300045013428 39.01599979400635 14.990000128746033
    endloop
  endfacet
  facet normal 0 0 1
    outer loop
      vertex 36.829999923706055 38.29699993133545 15
      vertex 37.55300045013428 39.01599979400635 15
      vertex 36.75747871398926 38.4175488948822 15
    endloop
  endfacet
  facet normal 0 0 -1
    outer loop
      vertex 37.18599987030029 37.83899998664856 14.990000128746033
      vertex 37.99300003051758 38.41499996185303 14.990000128746033
      vertex 37.5939998626709 37.44000005722046 14.990000128746033
    endloop
  endfacet
  facet normal 0 0 1
    outer loop
      vertex 37.18599987030029 37.84100008010864 15
      vertex 37.593000411987305 37.44099998474121 15
      vertex 37.99300003051758 38.41499996185303 15
    endloop
  endfacet
  facet normal 0 0 -1
    outer loop
      vertex 38.04800033569336 37.10899996757507 14.990000128746033
      vertex 37.5939998626709 37.44000005722046 14.990000128746033
      vertex 38.26599979400635 38.164000034332275 14.990000128746033
    endloop
  endfacet
  facet normal 0 0 1
    outer loop
      vertex 38.04800033569336 37.111000061035156 15
      vertex 38.26599979400635 38.164000034332275 15
      vertex 37.593000411987305 37.44099998474121 15
    endloop
  endfacet
  facet normal 0 0 1
    outer loop
      vertex 37.593000411987305 37.44099998474121 15
      vertex 38.26599979400635 38.164000034332275 15
      vertex 38.26466178894043 38.16523003578186 15
    endloop
  endfacet
  facet normal 0 0 -1
    outer loop
      vertex 37.18599987030029 37.83899998664856 14.990000128746033
      vertex 36.829999923706055 38.2960000038147 14.990000128746033
      vertex 37.75500011444092 38.70099997520447 14.990000128746033
    endloop
  endfacet
  facet normal 0 0 1
    outer loop
      vertex 37.18599987030029 37.84100008010864 15
      vertex 37.75500011444092 38.70099997520447 15
      vertex 36.829999923706055 38.29699993133545 15
    endloop
  endfacet
  facet normal 0 0 -1
    outer loop
      vertex 37.18599987030029 37.83899998664856 14.990000128746033
      vertex 37.75500011444092 38.70099997520447 14.990000128746033
      vertex 37.99300003051758 38.41499996185303 14.990000128746033
    endloop
  endfacet
  facet normal 0 0 1
    outer loop
      vertex 37.18599987030029 37.84100008010864 15
      vertex 37.98941421508789 38.41930890083313 15
      vertex 37.75500011444092 38.70099997520447 15
    endloop
  endfacet
  facet normal 0 0 -1
    outer loop
      vertex 36.829999923706055 38.2960000038147 14.990000128746033
      vertex 37.55300045013428 39.01599979400635 14.990000128746033
      vertex 37.75500011444092 38.70099997520447 14.990000128746033
    endloop
  endfacet
  facet normal 0 0 1
    outer loop
      vertex 36.829999923706055 38.29699993133545 15
      vertex 37.75500011444092 38.70099997520447 15
      vertex 37.55300045013428 39.01599979400635 15
    endloop
  endfacet
  facet normal 0.8417859981280219 0.5398113868339661 0
    outer loop
      vertex 37.75500011444092 38.70099997520447 15
      vertex 37.75500011444092 38.70099997520447 14.990000128746033
      vertex 37.55300045013428 39.01599979400635 14.990000128746033
    endloop
  endfacet
  facet normal 0 0 -1
    outer loop
      vertex 37.5939998626709 37.44000005722046 14.990000128746033
      vertex 37.99300003051758 38.41499996185303 14.990000128746033
      vertex 38.26599979400635 38.164000034332275 14.990000128746033
    endloop
  endfacet
  facet normal 0 0 1
    outer loop
      vertex 37.593000411987305 37.44099998474121 15
      vertex 38.26466178894043 38.16523003578186 15
      vertex 37.99300003051758 38.41499996185303 15
    endloop
  endfacet
  facet normal 0 0 1
    outer loop
      vertex 37.18599987030029 37.84100008010864 15
      vertex 37.99300003051758 38.41499996185303 15
      vertex 37.98941421508789 38.41930890083313 15
    endloop
  endfacet
  facet normal 0.6768233065109622 0.7361455099119795 0
    outer loop
      vertex 37.99300003051758 38.41499996185303 15
      vertex 38.26466178894043 38.16523003578186 15
      vertex 37.99300003051758 38.41499996185303 14.990000128746033
    endloop
  endfacet
  facet normal 0.6768230425062512 0.7361457525228948 0.000013231859795380653
    outer loop
      vertex 37.99300003051758 38.41499996185303 14.990000128746033
      vertex 38.26466178894043 38.16523003578186 15
      vertex 38.26599979400635 38.164000034332275 14.990000128746033
    endloop
  endfacet
  facet normal 0.7686618180366197 0.6396553833696775 0.00000433926519828383
    outer loop
      vertex 37.75500011444092 38.70099997520447 14.990000128746033
      vertex 37.98941421508789 38.41930890083313 15
      vertex 37.99300003051758 38.41499996185303 14.990000128746033
    endloop
  endfacet
  facet normal 0.7686618937827394 0.6396552923617006 0
    outer loop
      vertex 37.75500011444092 38.70099997520447 15
      vertex 37.98941421508789 38.41930890083313 15
      vertex 37.75500011444092 38.70099997520447 14.990000128746033
    endloop
  endfacet
  facet normal 0.7686568667255336 0.6396613332347715 0
    outer loop
      vertex 37.99300003051758 38.41499996185303 15
      vertex 37.99300003051758 38.41499996185303 14.990000128746033
      vertex 37.98941421508789 38.41930890083313 15
    endloop
  endfacet
  facet normal 0 0 -1
    outer loop
      vertex 35.901000022888184 39.001999855041504 14.990000128746033
      vertex 36.05300045013428 39.33799982070923 14.990000128746033
      vertex 36.757473945617676 38.4167959690094 14.990000128746033
    endloop
  endfacet
  facet normal 0 0 1
    outer loop
      vertex 35.902000427246094 39.001999855041504 15
      vertex 36.75747871398926 38.4175488948822 15
      vertex 36.05300045013428 39.33799982070923 15
    endloop
  endfacet
  facet normal 0 0 -1
    outer loop
      vertex 36.05300045013428 39.33799982070923 14.990000128746033
      vertex 37.390000343322754 39.35200023651123 14.990000128746033
      vertex 36.757473945617676 38.4167959690094 14.990000128746033
    endloop
  endfacet
  facet normal 0 0 1
    outer loop
      vertex 36.05300045013428 39.33799982070923 15
      vertex 36.75747871398926 38.4175488948822 15
      vertex 37.388999938964844 39.35200023651123 15
    endloop
  endfacet
  facet normal 0 0 -1
    outer loop
      vertex 36.05300045013428 39.33799982070923 14.990000128746033
      vertex 36.73844909667969 40.24733114242554 14.990000128746033
      vertex 37.390000343322754 39.35200023651123 14.990000128746033
    endloop
  endfacet
  facet normal 0 0 1
    outer loop
      vertex 36.05300045013428 39.33799982070923 15
      vertex 37.388999938964844 39.35200023651123 15
      vertex 36.738521575927734 40.246450901031494 15
    endloop
  endfacet
  facet normal 0 0 -1
    outer loop
      vertex 36.05300045013428 39.33799982070923 14.990000128746033
      vertex 35.89200019836426 39.67399978637695 14.990000128746033
      vertex 36.73844909667969 40.24733114242554 14.990000128746033
    endloop
  endfacet
  facet normal 0 0 1
    outer loop
      vertex 36.05300045013428 39.33799982070923 15
      vertex 36.738521575927734 40.246450901031494 15
      vertex 35.89299964904785 39.67399978637695 15
    endloop
  endfacet
  facet normal 0 0 -1
    outer loop
      vertex 35.694000244140625 39.98899984359741 14.990000128746033
      vertex 36.3100004196167 40.82499980926514 14.990000128746033
      vertex 36.66600036621094 40.36800003051758 14.990000128746033
    endloop
  endfacet
  facet normal 0 0 1
    outer loop
      vertex 35.694000244140625 39.98899984359741 15
      vertex 36.66600036621094 40.367000102996826 15
      vertex 36.3100004196167 40.82299995422363 15
    endloop
  endfacet
  facet normal 0 0 -1
    outer loop
      vertex 35.89200019836426 39.67399978637695 14.990000128746033
      vertex 36.66600036621094 40.36800003051758 14.990000128746033
      vertex 36.73844909667969 40.24733114242554 14.990000128746033
    endloop
  endfacet
  facet normal 0 0 1
    outer loop
      vertex 35.89299964904785 39.67399978637695 15
      vertex 36.738521575927734 40.246450901031494 15
      vertex 36.66600036621094 40.367000102996826 15
    endloop
  endfacet
  facet normal 0 0 -1
    outer loop
      vertex 36.73844909667969 40.24733114242554 14.990000128746033
      vertex 36.8149995803833 40.375 14.990000128746033
      vertex 37.543999671936035 39.688000202178955 14.990000128746033
    endloop
  endfacet
  facet normal 0 0 1
    outer loop
      vertex 36.738521575927734 40.246450901031494 15
      vertex 37.54300022125244 39.688000202178955 15
      vertex 36.8149995803833 40.37400007247925 15
    endloop
  endfacet
  facet normal 0 0 -1
    outer loop
      vertex 36.757473945617676 38.4167959690094 14.990000128746033
      vertex 37.390000343322754 39.35200023651123 14.990000128746033
      vertex 37.55300045013428 39.01599979400635 14.990000128746033
    endloop
  endfacet
  facet normal 0 0 1
    outer loop
      vertex 36.75747871398926 38.4175488948822 15
      vertex 37.55300045013428 39.01599979400635 15
      vertex 37.388999938964844 39.35200023651123 15
    endloop
  endfacet
  facet normal 0.8417859981280219 0.5398113868339661 0
    outer loop
      vertex 37.75500011444092 38.70099997520447 15
      vertex 37.55300045013428 39.01599979400635 14.990000128746033
      vertex 37.55300045013428 39.01599979400635 15
    endloop
  endfacet
  facet normal 0.8997186367819366 0.43647035939139495 0
    outer loop
      vertex 37.55300045013428 39.01599979400635 15
      vertex 37.55300045013428 39.01599979400635 14.990000128746033
      vertex 37.390000343322754 39.35200023651123 14.990000128746033
    endloop
  endfacet
  facet normal 0 0 -1
    outer loop
      vertex 36.73844909667969 40.24733114242554 14.990000128746033
      vertex 37.543999671936035 39.688000202178955 14.990000128746033
      vertex 37.390000343322754 39.35200023651123 14.990000128746033
    endloop
  endfacet
  facet normal 0 0 1
    outer loop
      vertex 36.738521575927734 40.246450901031494 15
      vertex 37.388999938964844 39.35200023651123 15
      vertex 37.54300022125244 39.688000202178955 15
    endloop
  endfacet
  facet normal 0 0 -1
    outer loop
      vertex 36.8149995803833 40.375 14.990000128746033
      vertex 37.74499988555908 40.002999782562256 14.990000128746033
      vertex 37.543999671936035 39.688000202178955 14.990000128746033
    endloop
  endfacet
  facet normal 0 0 1
    outer loop
      vertex 36.8149995803833 40.37400007247925 15
      vertex 37.54300022125244 39.688000202178955 15
      vertex 37.74499988555908 40.002999782562256 15
    endloop
  endfacet
  facet normal 0.8429990875692918 -0.5379149917573794 0
    outer loop
      vertex 37.543999671936035 39.688000202178955 14.990000128746033
      vertex 37.74499988555908 40.002999782562256 14.990000128746033
      vertex 37.74499988555908 40.002999782562256 15
    endloop
  endfacet
  facet normal 0 0 -1
    outer loop
      vertex 36.8149995803833 40.375 14.990000128746033
      vertex 37.17899990081787 40.83199977874756 14.990000128746033
      vertex 37.74499988555908 40.002999782562256 14.990000128746033
    endloop
  endfacet
  facet normal 0 0 1
    outer loop
      vertex 36.8149995803833 40.37400007247925 15
      vertex 37.74499988555908 40.002999782562256 15
      vertex 37.17899990081787 40.83099985122681 15
    endloop
  endfacet
  facet normal 0 0 -1
    outer loop
      vertex 37.74499988555908 40.002999782562256 14.990000128746033
      vertex 37.17899990081787 40.83199977874756 14.990000128746033
      vertex 37.98900032043457 40.289000034332275 14.990000128746033
    endloop
  endfacet
  facet normal 0 0 1
    outer loop
      vertex 37.74499988555908 40.002999782562256 15
      vertex 37.98799991607666 40.289000034332275 15
      vertex 37.17899990081787 40.83099985122681 15
    endloop
  endfacet
  facet normal 0.7607564019701035 -0.6490375157581434 0
    outer loop
      vertex 37.74499988555908 40.002999782562256 14.990000128746033
      vertex 37.98900032043457 40.289000034332275 14.990000128746033
      vertex 37.74499988555908 40.002999782562256 15
    endloop
  endfacet
  facet normal 0.6661736938170474 -0.7457966274996173 0.000008737722031706425
    outer loop
      vertex 37.98900032043457 40.289000034332275 14.990000128746033
      vertex 38.27000045776367 40.53999996185303 14.990000128746033
      vertex 38.12104892730713 40.40695095062256 15
    endloop
  endfacet
  facet normal 0.6661754401490084 -0.7457950655901087 0.00005553125788250289
    outer loop
      vertex 38.12104892730713 40.40695095062256 15
      vertex 38.27000045776367 40.53999996185303 14.990000128746033
      vertex 38.265764236450195 40.536216735839844 15
    endloop
  endfacet
  facet normal 0 0 -1
    outer loop
      vertex 38.54599952697754 36.85800004005432 14.990000128746033
      vertex 39.26200008392334 37.700000047683716 14.990000128746033
      vertex 39.08500003814697 36.699000000953674 14.990000128746033
    endloop
  endfacet
  facet normal 0 0 1
    outer loop
      vertex 38.54599952697754 36.860000014305115 15
      vertex 39.08399963378906 36.70200002193451 15
      vertex 39.25182628631592 37.70283389091492 15
    endloop
  endfacet
  facet normal 0 0 1
    outer loop
      vertex 39.08399963378906 36.70200002193451 15
      vertex 39.659000396728516 36.646000027656555 15
      vertex 39.33600044250488 37.69346499443054 15
    endloop
  endfacet
  facet normal 0 0 -1
    outer loop
      vertex 39.08500003814697 36.699000000953674 14.990000128746033
      vertex 39.647000312805176 37.66599988937378 14.990000128746033
      vertex 39.65999984741211 36.64400005340576 14.990000128746033
    endloop
  endfacet
  facet normal 0 0 1
    outer loop
      vertex 39.659000396728516 36.646000027656555 15
      vertex 40.23799991607666 36.69700002670288 15
      vertex 39.86400032043457 37.683382511138916 15
    endloop
  endfacet
  facet normal 0 0 -1
    outer loop
      vertex 39.65999984741211 36.64400005340576 14.990000128746033
      vertex 40.034000396728516 37.69700002670288 14.990000128746033
      vertex 40.239999771118164 36.694000005722046 14.990000128746033
    endloop
  endfacet
  facet normal 0 0 -1
    outer loop
      vertex 40.239999771118164 36.694000005722046 14.990000128746033
      vertex 40.39799976348877 37.78999996185303 14.990000128746033
      vertex 40.784000396728516 36.842000007629395 14.990000128746033
    endloop
  endfacet
  facet normal 0 0 1
    outer loop
      vertex 40.23799991607666 36.69700002670288 15
      vertex 40.781999588012695 36.84399998188019 15
      vertex 40.38811492919922 37.787474393844604 15
    endloop
  endfacet
  facet normal 0 0 -1
    outer loop
      vertex 38.04800033569336 37.10899996757507 14.990000128746033
      vertex 38.569000244140625 37.95700001716614 14.990000128746033
      vertex 38.54599952697754 36.85800004005432 14.990000128746033
    endloop
  endfacet
  facet normal 0 0 1
    outer loop
      vertex 38.04800033569336 37.111000061035156 15
      vertex 38.54599952697754 36.860000014305115 15
      vertex 38.57374286651611 37.95477080345154 15
    endloop
  endfacet
  facet normal 0 0 -1
    outer loop
      vertex 38.54599952697754 36.85800004005432 14.990000128746033
      vertex 38.569000244140625 37.95700001716614 14.990000128746033
      vertex 38.90299987792969 37.799999952316284 14.990000128746033
    endloop
  endfacet
  facet normal 0 0 1
    outer loop
      vertex 38.54599952697754 36.860000014305115 15
      vertex 38.89927291870117 37.8017520904541 15
      vertex 38.57374286651611 37.95477080345154 15
    endloop
  endfacet
  facet normal 0 0 -1
    outer loop
      vertex 38.04800033569336 37.10899996757507 14.990000128746033
      vertex 38.26599979400635 38.164000034332275 14.990000128746033
      vertex 38.569000244140625 37.95700001716614 14.990000128746033
    endloop
  endfacet
  facet normal 0 0 1
    outer loop
      vertex 38.04800033569336 37.111000061035156 15
      vertex 38.569000244140625 37.95700001716614 15
      vertex 38.26599979400635 38.164000034332275 15
    endloop
  endfacet
  facet normal 0 0 1
    outer loop
      vertex 38.04800033569336 37.111000061035156 15
      vertex 38.57374286651611 37.95477080345154 15
      vertex 38.569000244140625 37.95700001716614 15
    endloop
  endfacet
  facet normal 0.4253894606160666 0.9050103904358071 0
    outer loop
      vertex 38.569000244140625 37.95700001716614 14.990000128746033
      vertex 38.569000244140625 37.95700001716614 15
      vertex 38.57374286651611 37.95477080345154 15
    endloop
  endfacet
  facet normal 0.42540605198321596 0.9050025916226722 -0.000009607304718313414
    outer loop
      vertex 38.569000244140625 37.95700001716614 14.990000128746033
      vertex 38.57374286651611 37.95477080345154 15
      vertex 38.90299987792969 37.799999952316284 14.990000128746033
    endloop
  endfacet
  facet normal 0 0 -1
    outer loop
      vertex 38.54599952697754 36.85800004005432 14.990000128746033
      vertex 38.90299987792969 37.799999952316284 14.990000128746033
      vertex 39.26200008392334 37.700000047683716 14.990000128746033
    endloop
  endfacet
  facet normal 0 0 1
    outer loop
      vertex 38.54599952697754 36.860000014305115 15
      vertex 38.90299987792969 37.799999952316284 15
      vertex 38.89927291870117 37.8017520904541 15
    endloop
  endfacet
  facet normal 0 0 1
    outer loop
      vertex 38.54599952697754 36.860000014305115 15
      vertex 39.25182628631592 37.70283389091492 15
      vertex 38.90299987792969 37.799999952316284 15
    endloop
  endfacet
  facet normal 0 0 1
    outer loop
      vertex 39.08399963378906 36.70200002193451 15
      vertex 39.26200008392334 37.700000047683716 15
      vertex 39.25182628631592 37.70283389091492 15
    endloop
  endfacet
  facet normal 0 0 1
    outer loop
      vertex 39.08399963378906 36.70200002193451 15
      vertex 39.331000328063965 37.69390654563904 15
      vertex 39.26200008392334 37.700000047683716 15
    endloop
  endfacet
  facet normal 0 0 1
    outer loop
      vertex 39.08399963378906 36.70200002193451 15
      vertex 39.33600044250488 37.69346499443054 15
      vertex 39.33199977874756 37.69381809234619 15
    endloop
  endfacet
  facet normal 0 0 1
    outer loop
      vertex 39.08399963378906 36.70200002193451 15
      vertex 39.33199977874756 37.69381809234619 15
      vertex 39.331000328063965 37.69390654563904 15
    endloop
  endfacet
  facet normal 0.42540574376056356 0.905002736289645 -0.000021994934194946444
    outer loop
      vertex 38.57374286651611 37.95477080345154 15
      vertex 38.89927291870117 37.8017520904541 15
      vertex 38.90299987792969 37.799999952316284 14.990000128746033
    endloop
  endfacet
  facet normal 0.42545407709843613 0.9049800154038309 0
    outer loop
      vertex 38.90299987792969 37.799999952316284 15
      vertex 38.90299987792969 37.799999952316284 14.990000128746033
      vertex 38.89927291870117 37.8017520904541 15
    endloop
  endfacet
  facet normal 0.2683356011379784 0.963325492843369 0
    outer loop
      vertex 38.90299987792969 37.799999952316284 15
      vertex 39.25182628631592 37.70283389091492 15
      vertex 38.90299987792969 37.799999952316284 14.990000128746033
    endloop
  endfacet
  facet normal 0.26833539777372695 0.9633255494604009 0.000007644105958155985
    outer loop
      vertex 38.90299987792969 37.799999952316284 14.990000128746033
      vertex 39.25182628631592 37.70283389091492 15
      vertex 39.26200008392334 37.700000047683716 14.990000128746033
    endloop
  endfacet
  facet normal 0.08796894761192646 0.9961232174063859 0
    outer loop
      vertex 39.26200008392334 37.700000047683716 15
      vertex 39.331000328063965 37.69390654563904 15
      vertex 39.26200008392334 37.700000047683716 14.990000128746033
    endloop
  endfacet
  facet normal 0.2683284253303503 0.9633274916453566 0
    outer loop
      vertex 39.26200008392334 37.700000047683716 15
      vertex 39.26200008392334 37.700000047683716 14.990000128746033
      vertex 39.25182628631592 37.70283389091492 15
    endloop
  endfacet
  facet normal 0.08791805914865958 0.9961276384297824 0.0003779309959915474
    outer loop
      vertex 39.26200008392334 37.700000047683716 14.990000128746033
      vertex 39.33199977874756 37.69381809234619 15
      vertex 39.33600044250488 37.69346499443054 15
    endloop
  endfacet
  facet normal 0.08815725614651689 0.9961057082646868 -0.00131001955110675
    outer loop
      vertex 39.26200008392334 37.700000047683716 14.990000128746033
      vertex 39.331000328063965 37.69390654563904 15
      vertex 39.33199977874756 37.69381809234619 15
    endloop
  endfacet
  facet normal 0.5640970781332947 0.8257084754569736 0
    outer loop
      vertex 38.569000244140625 37.95700001716614 14.990000128746033
      vertex 38.26599979400635 38.164000034332275 14.990000128746033
      vertex 38.26599979400635 38.164000034332275 15
    endloop
  endfacet
  facet normal 0.676769447011389 0.7361950255142305 0
    outer loop
      vertex 38.26599979400635 38.164000034332275 15
      vertex 38.26599979400635 38.164000034332275 14.990000128746033
      vertex 38.26466178894043 38.16523003578186 15
    endloop
  endfacet
  facet normal 0.5640970781332947 0.8257084754569736 0
    outer loop
      vertex 38.569000244140625 37.95700001716614 14.990000128746033
      vertex 38.26599979400635 38.164000034332275 15
      vertex 38.569000244140625 37.95700001716614 15
    endloop
  endfacet
  facet normal 0 0 1
    outer loop
      vertex 39.659000396728516 36.646000027656555 15
      vertex 39.63567638397217 37.66700005531311 15
      vertex 39.33600044250488 37.69346499443054 15
    endloop
  endfacet
  facet normal 0 0 -1
    outer loop
      vertex 39.08500003814697 36.699000000953674 14.990000128746033
      vertex 39.26200008392334 37.700000047683716 14.990000128746033
      vertex 39.647000312805176 37.66599988937378 14.990000128746033
    endloop
  endfacet
  facet normal 0 0 1
    outer loop
      vertex 39.659000396728516 36.646000027656555 15
      vertex 39.647000312805176 37.66599988937378 15
      vertex 39.63567638397217 37.66700005531311 15
    endloop
  endfacet
  facet normal 0 0 1
    outer loop
      vertex 39.659000396728516 36.646000027656555 15
      vertex 39.659483909606934 37.66700005531311 15
      vertex 39.647000312805176 37.66599988937378 15
    endloop
  endfacet
  facet normal 0 0 -1
    outer loop
      vertex 39.65999984741211 36.64400005340576 14.990000128746033
      vertex 39.647000312805176 37.66599988937378 14.990000128746033
      vertex 40.034000396728516 37.69700002670288 14.990000128746033
    endloop
  endfacet
  facet normal 0 0 1
    outer loop
      vertex 39.659000396728516 36.646000027656555 15
      vertex 39.862000465393066 37.68322229385376 15
      vertex 39.659483909606934 37.66700005531311 15
    endloop
  endfacet
  facet normal 0 0 1
    outer loop
      vertex 39.659000396728516 36.646000027656555 15
      vertex 39.86400032043457 37.683382511138916 15
      vertex 39.862000465393066 37.68322229385376 15
    endloop
  endfacet
  facet normal 0.08796967472543757 0.9961231531694403 -0.00000696221987127053
    outer loop
      vertex 39.26200008392334 37.700000047683716 14.990000128746033
      vertex 39.33600044250488 37.69346499443054 15
      vertex 39.647000312805176 37.66599988937378 14.990000128746033
    endloop
  endfacet
  facet normal 0.08796948766943942 0.9961231696304916 -0.000012824944917865834
    outer loop
      vertex 39.33600044250488 37.69346499443054 15
      vertex 39.63567638397217 37.66700005531311 15
      vertex 39.647000312805176 37.66599988937378 14.990000128746033
    endloop
  endfacet
  facet normal 0.08798072539702421 0.9961221772245679 0
    outer loop
      vertex 39.63567638397217 37.66700005531311 15
      vertex 39.647000312805176 37.66599988937378 15
      vertex 39.647000312805176 37.66599988937378 14.990000128746033
    endloop
  endfacet
  facet normal -0.07986250390788653 0.9968058890624406 0
    outer loop
      vertex 39.647000312805176 37.66599988937378 15
      vertex 39.659483909606934 37.66700005531311 15
      vertex 39.647000312805176 37.66599988937378 14.990000128746033
    endloop
  endfacet
  facet normal -0.07984750843313862 0.9968070901844899 -0.000018840120755720035
    outer loop
      vertex 39.647000312805176 37.66599988937378 14.990000128746033
      vertex 39.659483909606934 37.66700005531311 15
      vertex 39.862000465393066 37.68322229385376 15
    endloop
  endfacet
  facet normal 0 0 1
    outer loop
      vertex 40.23799991607666 36.69700002670288 15
      vertex 40.020999908447266 37.695958614349365 15
      vertex 39.86400032043457 37.683382511138916 15
    endloop
  endfacet
  facet normal 0 0 1
    outer loop
      vertex 40.23799991607666 36.69700002670288 15
      vertex 40.034000396728516 37.69700002670288 15
      vertex 40.020999908447266 37.695958614349365 15
    endloop
  endfacet
  facet normal 0 0 -1
    outer loop
      vertex 40.239999771118164 36.694000005722046 14.990000128746033
      vertex 40.034000396728516 37.69700002670288 14.990000128746033
      vertex 40.39799976348877 37.78999996185303 14.990000128746033
    endloop
  endfacet
  facet normal 0 0 1
    outer loop
      vertex 40.23799991607666 36.69700002670288 15
      vertex 40.38811492919922 37.787474393844604 15
      vertex 40.034000396728516 37.69700002670288 15
    endloop
  endfacet
  facet normal -0.07984793008330217 0.9968070565395293 -0.00000971657363142638
    outer loop
      vertex 39.647000312805176 37.66599988937378 14.990000128746033
      vertex 39.862000465393066 37.68322229385376 15
      vertex 40.034000396728516 37.69700002670288 14.990000128746033
    endloop
  endfacet
  facet normal -0.07985857845656916 0.9968061846632471 -0.00019407214206102605
    outer loop
      vertex 39.86400032043457 37.683382511138916 15
      vertex 40.034000396728516 37.69700002670288 14.990000128746033
      vertex 39.862000465393066 37.68322229385376 15
    endloop
  endfacet
  facet normal -0.07984702061528087 0.9968071294313512 0.0000037003336974867616
    outer loop
      vertex 39.86400032043457 37.683382511138916 15
      vertex 40.020999908447266 37.695958614349365 15
      vertex 40.034000396728516 37.69700002670288 14.990000128746033
    endloop
  endfacet
  facet normal -0.07984984873533939 0.9968069028939072 0
    outer loop
      vertex 40.020999908447266 37.695958614349365 15
      vertex 40.034000396728516 37.69700002670288 15
      vertex 40.034000396728516 37.69700002670288 14.990000128746033
    endloop
  endfacet
  facet normal -0.24754287114481366 0.968876941074243 0
    outer loop
      vertex 40.034000396728516 37.69700002670288 14.990000128746033
      vertex 40.034000396728516 37.69700002670288 15
      vertex 40.38811492919922 37.787474393844604 15
    endloop
  endfacet
  facet normal -0.2475429855060561 0.9688769118459456 0.000004314194504754017
    outer loop
      vertex 40.034000396728516 37.69700002670288 14.990000128746033
      vertex 40.38811492919922 37.787474393844604 15
      vertex 40.39799976348877 37.78999996185303 14.990000128746033
    endloop
  endfacet
  facet normal 0 -1 0
    outer loop
      vertex 38.805999755859375 39.15000009536743 14.990000128746033
      vertex 39.331000328063965 39.15000009536743 15
      vertex 38.805999755859375 39.15000009536743 15
    endloop
  endfacet
  facet normal 0 -1 0
    outer loop
      vertex 38.805999755859375 39.15000009536743 14.990000128746033
      vertex 39.331000328063965 39.15000009536743 14.990000128746033
      vertex 39.331000328063965 39.15000009536743 15
    endloop
  endfacet
  facet normal -1 0 0
    outer loop
      vertex 38.805999755859375 39.15000009536743 14.990000128746033
      vertex 38.805999755859375 39.15000009536743 15
      vertex 38.805999755859375 39.682000160217285 14.990000128746033
    endloop
  endfacet
  facet normal -1 0 0
    outer loop
      vertex 38.805999755859375 39.15000009536743 15
      vertex 38.805999755859375 39.682000160217285 15
      vertex 38.805999755859375 39.682000160217285 14.990000128746033
    endloop
  endfacet
  facet normal 0 0 -1
    outer loop
      vertex 38.805999755859375 39.15000009536743 14.990000128746033
      vertex 38.805999755859375 39.682000160217285 14.990000128746033
      vertex 39.331000328063965 39.682000160217285 14.990000128746033
    endloop
  endfacet
  facet normal 0 0 1
    outer loop
      vertex 38.805999755859375 39.15000009536743 15
      vertex 39.331000328063965 39.682000160217285 15
      vertex 38.805999755859375 39.682000160217285 15
    endloop
  endfacet
  facet normal 0 0 -1
    outer loop
      vertex 38.805999755859375 39.15000009536743 14.990000128746033
      vertex 39.331000328063965 39.682000160217285 14.990000128746033
      vertex 39.331000328063965 39.15000009536743 14.990000128746033
    endloop
  endfacet
  facet normal 0 0 1
    outer loop
      vertex 38.805999755859375 39.15000009536743 15
      vertex 39.331000328063965 39.15000009536743 15
      vertex 39.331000328063965 39.682000160217285 15
    endloop
  endfacet
  facet normal 0 1 0
    outer loop
      vertex 38.805999755859375 39.682000160217285 14.990000128746033
      vertex 38.805999755859375 39.682000160217285 15
      vertex 39.331000328063965 39.682000160217285 14.990000128746033
    endloop
  endfacet
  facet normal 0 1 0
    outer loop
      vertex 38.805999755859375 39.682000160217285 15
      vertex 39.331000328063965 39.682000160217285 15
      vertex 39.331000328063965 39.682000160217285 14.990000128746033
    endloop
  endfacet
  facet normal -1 0 0
    outer loop
      vertex 39.33199977874756 38.65000009536743 14.990000128746033
      vertex 39.33199977874756 38.651000022888184 15
      vertex 39.33199977874756 39.15000009536743 14.990000128746033
    endloop
  endfacet
  facet normal -1 0 0
    outer loop
      vertex 39.33199977874756 38.651000022888184 15
      vertex 39.33199977874756 39.15000009536743 15
      vertex 39.33199977874756 39.15000009536743 14.990000128746033
    endloop
  endfacet
  facet normal 0 0 -1
    outer loop
      vertex 39.33199977874756 38.65000009536743 14.990000128746033
      vertex 39.33199977874756 39.15000009536743 14.990000128746033
      vertex 39.86400032043457 38.65000009536743 14.990000128746033
    endloop
  endfacet
  facet normal 0 0 1
    outer loop
      vertex 39.33199977874756 38.651000022888184 15
      vertex 39.862000465393066 38.651000022888184 15
      vertex 39.33199977874756 39.15000009536743 15
    endloop
  endfacet
  facet normal 0 -1 0
    outer loop
      vertex 39.331000328063965 39.15000009536743 15
      vertex 39.331000328063965 39.15000009536743 14.990000128746033
      vertex 39.33199977874756 39.15000009536743 14.990000128746033
    endloop
  endfacet
  facet normal 0 -1 0
    outer loop
      vertex 39.331000328063965 39.15000009536743 15
      vertex 39.33199977874756 39.15000009536743 14.990000128746033
      vertex 39.33199977874756 39.15000009536743 15
    endloop
  endfacet
  facet normal 0 0 -1
    outer loop
      vertex 39.86400032043457 38.65000009536743 14.990000128746033
      vertex 39.33199977874756 39.15000009536743 14.990000128746033
      vertex 39.86400032043457 39.15000009536743 14.990000128746033
    endloop
  endfacet
  facet normal 0 0 1
    outer loop
      vertex 39.862000465393066 38.651000022888184 15
      vertex 39.862000465393066 39.15000009536743 15
      vertex 39.33199977874756 39.15000009536743 15
    endloop
  endfacet
  facet normal 0 0 -1
    outer loop
      vertex 39.331000328063965 39.15000009536743 14.990000128746033
      vertex 39.33199977874756 39.682000160217285 14.990000128746033
      vertex 39.33199977874756 39.15000009536743 14.990000128746033
    endloop
  endfacet
  facet normal 0 0 1
    outer loop
      vertex 39.331000328063965 39.15000009536743 15
      vertex 39.33199977874756 39.15000009536743 15
      vertex 39.331000328063965 39.682000160217285 15
    endloop
  endfacet
  facet normal 0 0 -1
    outer loop
      vertex 39.33199977874756 39.15000009536743 14.990000128746033
      vertex 39.33199977874756 39.682000160217285 14.990000128746033
      vertex 39.86400032043457 39.15000009536743 14.990000128746033
    endloop
  endfacet
  facet normal 0 0 -1
    outer loop
      vertex 39.331000328063965 39.15000009536743 14.990000128746033
      vertex 39.331000328063965 39.682000160217285 14.990000128746033
      vertex 39.33199977874756 39.682000160217285 14.990000128746033
    endloop
  endfacet
  facet normal 0 0 1
    outer loop
      vertex 39.33199977874756 39.15000009536743 15
      vertex 39.33199977874756 39.682000160217285 15
      vertex 39.331000328063965 39.682000160217285 15
    endloop
  endfacet
  facet normal 0 0 1
    outer loop
      vertex 39.33199977874756 39.15000009536743 15
      vertex 39.862000465393066 39.682000160217285 15
      vertex 39.33199977874756 39.682000160217285 15
    endloop
  endfacet
  facet normal 0 0 1
    outer loop
      vertex 39.33199977874756 39.15000009536743 15
      vertex 39.862000465393066 39.15000009536743 15
      vertex 39.862000465393066 39.682000160217285 15
    endloop
  endfacet
  facet normal 0 0 -1
    outer loop
      vertex 39.86400032043457 39.15000009536743 14.990000128746033
      vertex 39.33199977874756 39.682000160217285 14.990000128746033
      vertex 39.86400032043457 39.682000160217285 14.990000128746033
    endloop
  endfacet
  facet normal 1 0 0
    outer loop
      vertex 39.86400032043457 38.65000009536743 14.990000128746033
      vertex 39.86400032043457 39.15000009536743 14.990000128746033
      vertex 39.86400032043457 39.15000009536743 15
    endloop
  endfacet
  facet normal 0 -1 0
    outer loop
      vertex 39.86400032043457 39.15000009536743 14.990000128746033
      vertex 40.387999534606934 39.15000009536743 15
      vertex 39.86400032043457 39.15000009536743 15
    endloop
  endfacet
  facet normal 0 -1 0
    outer loop
      vertex 39.86400032043457 39.15000009536743 14.990000128746033
      vertex 40.390000343322754 39.15000009536743 14.990000128746033
      vertex 40.387999534606934 39.15000009536743 15
    endloop
  endfacet
  facet normal 0 0 1
    outer loop
      vertex 39.86400032043457 39.15000009536743 15
      vertex 39.86400032043457 39.682000160217285 15
      vertex 39.862000465393066 39.15000009536743 15
    endloop
  endfacet
  facet normal 0 0 -1
    outer loop
      vertex 39.86400032043457 39.15000009536743 14.990000128746033
      vertex 39.86400032043457 39.682000160217285 14.990000128746033
      vertex 40.390000343322754 39.15000009536743 14.990000128746033
    endloop
  endfacet
  facet normal 0 0 1
    outer loop
      vertex 39.862000465393066 39.15000009536743 15
      vertex 39.86400032043457 39.682000160217285 15
      vertex 39.862000465393066 39.682000160217285 15
    endloop
  endfacet
  facet normal 0 0 1
    outer loop
      vertex 39.86400032043457 39.15000009536743 15
      vertex 40.387999534606934 39.682000160217285 15
      vertex 39.86400032043457 39.682000160217285 15
    endloop
  endfacet
  facet normal 0 0 1
    outer loop
      vertex 39.86400032043457 39.15000009536743 15
      vertex 40.387999534606934 39.15000009536743 15
      vertex 40.387999534606934 39.682000160217285 15
    endloop
  endfacet
  facet normal 0 0 -1
    outer loop
      vertex 39.86400032043457 39.682000160217285 14.990000128746033
      vertex 40.390000343322754 39.682000160217285 14.990000128746033
      vertex 40.390000343322754 39.15000009536743 14.990000128746033
    endloop
  endfacet
  facet normal 0 1 0
    outer loop
      vertex 39.33199977874756 39.682000160217285 14.990000128746033
      vertex 39.331000328063965 39.682000160217285 14.990000128746033
      vertex 39.33199977874756 39.682000160217285 15
    endloop
  endfacet
  facet normal 0 1 0
    outer loop
      vertex 39.331000328063965 39.682000160217285 14.990000128746033
      vertex 39.331000328063965 39.682000160217285 15
      vertex 39.33199977874756 39.682000160217285 15
    endloop
  endfacet
  facet normal -1 0 0
    outer loop
      vertex 39.33199977874756 39.682000160217285 14.990000128746033
      vertex 39.33199977874756 39.682000160217285 15
      vertex 39.33199977874756 40.18100023269653 15
    endloop
  endfacet
  facet normal 0 0 -1
    outer loop
      vertex 39.33199977874756 39.682000160217285 14.990000128746033
      vertex 39.33199977874756 40.18100023269653 14.990000128746033
      vertex 39.86400032043457 39.682000160217285 14.990000128746033
    endloop
  endfacet
  facet normal -1 0 0
    outer loop
      vertex 39.33199977874756 39.682000160217285 14.990000128746033
      vertex 39.33199977874756 40.18100023269653 15
      vertex 39.33199977874756 40.18100023269653 14.990000128746033
    endloop
  endfacet
  facet normal 0 0 1
    outer loop
      vertex 39.33199977874756 39.682000160217285 15
      vertex 39.862000465393066 40.18100023269653 15
      vertex 39.33199977874756 40.18100023269653 15
    endloop
  endfacet
  facet normal 0 0 1
    outer loop
      vertex 39.33199977874756 39.682000160217285 15
      vertex 39.862000465393066 39.682000160217285 15
      vertex 39.862000465393066 40.18100023269653 15
    endloop
  endfacet
  facet normal 0 0 -1
    outer loop
      vertex 39.33199977874756 40.18100023269653 14.990000128746033
      vertex 39.86400032043457 40.18100023269653 14.990000128746033
      vertex 39.86400032043457 39.682000160217285 14.990000128746033
    endloop
  endfacet
  facet normal 0 1 0
    outer loop
      vertex 39.33199977874756 40.18100023269653 14.990000128746033
      vertex 39.33199977874756 40.18100023269653 15
      vertex 39.862000465393066 40.18100023269653 15
    endloop
  endfacet
  facet normal 0 1 0
    outer loop
      vertex 39.33199977874756 40.18100023269653 14.990000128746033
      vertex 39.862000465393066 40.18100023269653 15
      vertex 39.86400032043457 40.18100023269653 14.990000128746033
    endloop
  endfacet
  facet normal 1 0 0
    outer loop
      vertex 39.86400032043457 39.682000160217285 14.990000128746033
      vertex 39.86400032043457 40.18100023269653 14.990000128746033
      vertex 39.86400032043457 39.682000160217285 15
    endloop
  endfacet
  facet normal 0 1 0
    outer loop
      vertex 39.86400032043457 39.682000160217285 14.990000128746033
      vertex 39.86400032043457 39.682000160217285 15
      vertex 40.387999534606934 39.682000160217285 15
    endloop
  endfacet
  facet normal 0 1 0
    outer loop
      vertex 39.86400032043457 39.682000160217285 14.990000128746033
      vertex 40.387999534606934 39.682000160217285 15
      vertex 40.390000343322754 39.682000160217285 14.990000128746033
    endloop
  endfacet
  facet normal 0 0 -1
    outer loop
      vertex 40.784000396728516 36.842000007629395 14.990000128746033
      vertex 40.39799976348877 37.78999996185303 14.990000128746033
      vertex 40.729000091552734 37.937999963760376 14.990000128746033
    endloop
  endfacet
  facet normal 0 0 1
    outer loop
      vertex 40.781999588012695 36.84399998188019 15
      vertex 40.39799976348877 37.78999996185303 15
      vertex 40.38811492919922 37.787474393844604 15
    endloop
  endfacet
  facet normal 0 0 1
    outer loop
      vertex 40.781999588012695 36.84399998188019 15
      vertex 40.71907711029053 37.933562994003296 15
      vertex 40.39799976348877 37.78999996185303 15
    endloop
  endfacet
  facet normal -0.24754708246385893 0.9688758650950242 0
    outer loop
      vertex 40.38811492919922 37.787474393844604 15
      vertex 40.39799976348877 37.78999996185303 15
      vertex 40.39799976348877 37.78999996185303 14.990000128746033
    endloop
  endfacet
  facet normal -0.4081840262149716 0.9128996663067279 0
    outer loop
      vertex 40.39799976348877 37.78999996185303 15
      vertex 40.71907711029053 37.933562994003296 15
      vertex 40.39799976348877 37.78999996185303 14.990000128746033
    endloop
  endfacet
  facet normal -0.40818429249137783 0.9128995471890928 0.000010259753182868175
    outer loop
      vertex 40.39799976348877 37.78999996185303 14.990000128746033
      vertex 40.71907711029053 37.933562994003296 15
      vertex 40.729000091552734 37.937999963760376 14.990000128746033
    endloop
  endfacet
  facet normal -0.408192909042467 0.9128956944840129 0
    outer loop
      vertex 40.71907711029053 37.933562994003296 15
      vertex 40.729000091552734 37.937999963760376 15
      vertex 40.729000091552734 37.937999963760376 14.990000128746033
    endloop
  endfacet
  facet normal 0 0 -1
    outer loop
      vertex 40.784000396728516 36.842000007629395 14.990000128746033
      vertex 40.729000091552734 37.937999963760376 14.990000128746033
      vertex 41.27899932861328 37.0789999961853 14.990000128746033
    endloop
  endfacet
  facet normal 0 0 1
    outer loop
      vertex 40.781999588012695 36.84399998188019 15
      vertex 41.277000427246094 37.081000089645386 15
      vertex 40.71907711029053 37.933562994003296 15
    endloop
  endfacet
  facet normal 0 0 -1
    outer loop
      vertex 41.27899932861328 37.0789999961853 14.990000128746033
      vertex 41.018999099731445 38.13700008392334 14.990000128746033
      vertex 41.71299934387207 37.3970000743866 14.990000128746033
    endloop
  endfacet
  facet normal 0 0 1
    outer loop
      vertex 41.277000427246094 37.081000089645386 15
      vertex 41.71100044250488 37.39800000190735 15
      vertex 41.00990867614746 38.13076138496399 15
    endloop
  endfacet
  facet normal 0 0 1
    outer loop
      vertex 41.277000427246094 37.081000089645386 15
      vertex 40.729000091552734 37.937999963760376 15
      vertex 40.71907711029053 37.933562994003296 15
    endloop
  endfacet
  facet normal 0 0 -1
    outer loop
      vertex 41.27899932861328 37.0789999961853 14.990000128746033
      vertex 40.729000091552734 37.937999963760376 14.990000128746033
      vertex 41.018999099731445 38.13700008392334 14.990000128746033
    endloop
  endfacet
  facet normal 0 0 1
    outer loop
      vertex 41.277000427246094 37.081000089645386 15
      vertex 41.00990867614746 38.13076138496399 15
      vertex 40.729000091552734 37.937999963760376 15
    endloop
  endfacet
  facet normal 0 0 1
    outer loop
      vertex 41.018999099731445 38.13700008392334 15
      vertex 41.00990867614746 38.13076138496399 15
      vertex 41.71100044250488 37.39800000190735 15
    endloop
  endfacet
  facet normal -0.5658046226175221 0.824539343527429 0
    outer loop
      vertex 40.729000091552734 37.937999963760376 15
      vertex 41.00990867614746 38.13076138496399 15
      vertex 40.729000091552734 37.937999963760376 14.990000128746033
    endloop
  endfacet
  facet normal -0.5658061431312282 0.8245382977412676 0.00006287206743235177
    outer loop
      vertex 40.729000091552734 37.937999963760376 14.990000128746033
      vertex 41.00990867614746 38.13076138496399 15
      vertex 41.018999099731445 38.13700008392334 14.990000128746033
    endloop
  endfacet
  facet normal -0.5658531622552335 0.8245060331894196 0
    outer loop
      vertex 41.018999099731445 38.13700008392334 15
      vertex 41.018999099731445 38.13700008392334 14.990000128746033
      vertex 41.00990867614746 38.13076138496399 15
    endloop
  endfacet
  facet normal -0.714328026034536 0.6998110253644217 0
    outer loop
      vertex 41.018999099731445 38.13700008392334 15
      vertex 41.25253105163574 38.3753764629364 15
      vertex 41.018999099731445 38.13700008392334 14.990000128746033
    endloop
  endfacet
  facet normal 0 0 -1
    outer loop
      vertex 41.018999099731445 38.13700008392334 14.990000128746033
      vertex 41.260000228881836 38.382999897003174 14.990000128746033
      vertex 41.71299934387207 37.3970000743866 14.990000128746033
    endloop
  endfacet
  facet normal 0 0 1
    outer loop
      vertex 41.018999099731445 38.13700008392334 15
      vertex 41.71100044250488 37.39800000190735 15
      vertex 41.25253105163574 38.3753764629364 15
    endloop
  endfacet
  facet normal -0.7143270510233174 0.6998120190579958 -0.00004645753302905334
    outer loop
      vertex 41.018999099731445 38.13700008392334 14.990000128746033
      vertex 41.25253105163574 38.3753764629364 15
      vertex 41.260000228881836 38.382999897003174 14.990000128746033
    endloop
  endfacet
  facet normal -0.7142965890146935 0.6998431130774767 0
    outer loop
      vertex 41.260000228881836 38.382999897003174 15
      vertex 41.260000228881836 38.382999897003174 14.990000128746033
      vertex 41.25253105163574 38.3753764629364 15
    endloop
  endfacet
  facet normal -0.8453484820818231 0.5342152598362927 0
    outer loop
      vertex 41.260000228881836 38.382999897003174 15
      vertex 41.38400077819824 38.579219818115234 15
      vertex 41.260000228881836 38.382999897003174 14.990000128746033
    endloop
  endfacet
  facet normal -0.8453505155112303 0.5342120347699036 0.00008849800296943796
    outer loop
      vertex 41.260000228881836 38.382999897003174 14.990000128746033
      vertex 41.38400077819824 38.579219818115234 15
      vertex 41.441999435424805 38.6710000038147 14.990000128746033
    endloop
  endfacet
  facet normal -0.845354873227159 0.5342051462791181 0
    outer loop
      vertex 41.38400077819824 38.579219818115234 15
      vertex 41.441999435424805 38.6710000038147 15
      vertex 41.441999435424805 38.6710000038147 14.990000128746033
    endloop
  endfacet
  facet normal 0 0 -1
    outer loop
      vertex 41.260000228881836 38.382999897003174 14.990000128746033
      vertex 42.07299995422363 37.789000034332275 14.990000128746033
      vertex 41.71299934387207 37.3970000743866 14.990000128746033
    endloop
  endfacet
  facet normal 0 0 1
    outer loop
      vertex 41.25253105163574 38.3753764629364 15
      vertex 41.71100044250488 37.39800000190735 15
      vertex 42.07099914550781 37.78999996185303 15
    endloop
  endfacet
  facet normal 0 0 1
    outer loop
      vertex 41.260000228881836 38.382999897003174 15
      vertex 41.25253105163574 38.3753764629364 15
      vertex 42.07099914550781 37.78999996185303 15
    endloop
  endfacet
  facet normal 0 0 -1
    outer loop
      vertex 41.260000228881836 38.382999897003174 14.990000128746033
      vertex 41.441999435424805 38.6710000038147 14.990000128746033
      vertex 42.07299995422363 37.789000034332275 14.990000128746033
    endloop
  endfacet
  facet normal 0 0 1
    outer loop
      vertex 41.260000228881836 38.382999897003174 15
      vertex 42.07099914550781 37.78999996185303 15
      vertex 41.38400077819824 38.579219818115234 15
    endloop
  endfacet
  facet normal 0 0 -1
    outer loop
      vertex 42.07299995422363 37.789000034332275 14.990000128746033
      vertex 41.441999435424805 38.6710000038147 14.990000128746033
      vertex 42.34600067138672 38.24799990653992 14.990000128746033
    endloop
  endfacet
  facet normal 0 0 1
    outer loop
      vertex 41.38400077819824 38.579219818115234 15
      vertex 42.07099914550781 37.78999996185303 15
      vertex 42.3439998626709 38.24900007247925 15
    endloop
  endfacet
  facet normal -0.9206079047609385 0.3904882657541388 0
    outer loop
      vertex 41.441999435424805 38.6710000038147 15
      vertex 41.44603729248047 38.680519580841064 15
      vertex 41.441999435424805 38.6710000038147 14.990000128746033
    endloop
  endfacet
  facet normal -0.920642430066142 0.3904068481468349 -0.00009424416751450772
    outer loop
      vertex 41.441999435424805 38.6710000038147 14.990000128746033
      vertex 41.502418518066406 38.813480377197266 15
      vertex 41.50900077819824 38.8289999961853 14.990000128746033
    endloop
  endfacet
  facet normal -0.9206474487016145 0.39039501050598696 0.00010474367830948933
    outer loop
      vertex 41.441999435424805 38.6710000038147 14.990000128746033
      vertex 41.44603729248047 38.680519580841064 15
      vertex 41.502418518066406 38.813480377197266 15
    endloop
  endfacet
  facet normal 0 0 -1
    outer loop
      vertex 41.441999435424805 38.6710000038147 14.990000128746033
      vertex 41.50900077819824 38.8289999961853 14.990000128746033
      vertex 42.34600067138672 38.24799990653992 14.990000128746033
    endloop
  endfacet
  facet normal 0 0 1
    outer loop
      vertex 41.38400077819824 38.579219818115234 15
      vertex 42.3439998626709 38.24900007247925 15
      vertex 41.441999435424805 38.6710000038147 15
    endloop
  endfacet
  facet normal 0 0 1
    outer loop
      vertex 41.441999435424805 38.6710000038147 15
      vertex 42.3439998626709 38.24900007247925 15
      vertex 41.44603729248047 38.680519580841064 15
    endloop
  endfacet
  facet normal 0 0 1
    outer loop
      vertex 41.44603729248047 38.680519580841064 15
      vertex 42.3439998626709 38.24900007247925 15
      vertex 41.502418518066406 38.813480377197266 15
    endloop
  endfacet
  facet normal 0 0 1
    outer loop
      vertex 42.444000244140625 38.50099992752075 15
      vertex 41.50900077819824 38.8289999961853 15
      vertex 41.502418518066406 38.813480377197266 15
    endloop
  endfacet
  facet normal 0 0 1
    outer loop
      vertex 42.444000244140625 38.50099992752075 15
      vertex 41.55323028564453 38.97883868217468 15
      vertex 41.50900077819824 38.8289999961853 15
    endloop
  endfacet
  facet normal 0 0 -1
    outer loop
      vertex 42.44599914550781 38.5 14.990000128746033
      vertex 41.50900077819824 38.8289999961853 14.990000128746033
      vertex 41.558000564575195 38.99499988555908 14.990000128746033
    endloop
  endfacet
  facet normal 0 0 -1
    outer loop
      vertex 42.34600067138672 38.24799990653992 14.990000128746033
      vertex 41.50900077819824 38.8289999961853 14.990000128746033
      vertex 42.44599914550781 38.5 14.990000128746033
    endloop
  endfacet
  facet normal 0 0 1
    outer loop
      vertex 42.3439998626709 38.24900007247925 15
      vertex 42.444000244140625 38.50099992752075 15
      vertex 41.502418518066406 38.813480377197266 15
    endloop
  endfacet
  facet normal 0 0 -1
    outer loop
      vertex 42.44599914550781 38.5 14.990000128746033
      vertex 41.558000564575195 38.99499988555908 14.990000128746033
      vertex 42.518999099731445 38.76600003242493 14.990000128746033
    endloop
  endfacet
  facet normal 0 0 1
    outer loop
      vertex 42.444000244140625 38.50099992752075 15
      vertex 42.51700019836426 38.76600003242493 15
      vertex 41.55323028564453 38.97883868217468 15
    endloop
  endfacet
  facet normal -0.8524741360135903 -0.5227693980886777 0.0000620474351593605
    outer loop
      vertex 41.38400077819824 40.1383638381958 15
      vertex 41.44799995422363 40.03399991989136 14.990000128746033
      vertex 41.44091606140137 40.0455527305603 15
    endloop
  endfacet
  facet normal -0.7245588997596849 -0.6892128846864788 -0.00001900467094443752
    outer loop
      vertex 41.27199935913086 40.32100009918213 14.990000128746033
      vertex 41.044912338256836 40.55973291397095 15
      vertex 41.03800010681152 40.56699991226196 14.990000128746033
    endloop
  endfacet
  facet normal -0.8524725118854211 -0.5227720406406376 0.0001000209181984136
    outer loop
      vertex 41.38400077819824 40.1383638381958 15
      vertex 41.27199935913086 40.32100009918213 14.990000128746033
      vertex 41.44799995422363 40.03399991989136 14.990000128746033
    endloop
  endfacet
  facet normal -0.8524700755788808 -0.5227760230180197 0
    outer loop
      vertex 41.38400077819824 40.1383638381958 15
      vertex 41.27199935913086 40.32100009918213 15
      vertex 41.27199935913086 40.32100009918213 14.990000128746033
    endloop
  endfacet
  facet normal -0.7245585023607952 -0.6892133027275964 0
    outer loop
      vertex 41.27199935913086 40.32100009918213 14.990000128746033
      vertex 41.27199935913086 40.32100009918213 15
      vertex 41.044912338256836 40.55973291397095 15
    endloop
  endfacet
  facet normal -0.920620607127729 0.39045831753437094 0
    outer loop
      vertex 41.502418518066406 38.813480377197266 15
      vertex 41.50900077819824 38.8289999961853 15
      vertex 41.50900077819824 38.8289999961853 14.990000128746033
    endloop
  endfacet
  facet normal -0.9590890130187307 0.2831046893054881 0
    outer loop
      vertex 41.50900077819824 38.8289999961853 15
      vertex 41.55323028564453 38.97883868217468 15
      vertex 41.50900077819824 38.8289999961853 14.990000128746033
    endloop
  endfacet
  facet normal -0.9590893242307157 0.2831036344723286 0.000017182177949234055
    outer loop
      vertex 41.50900077819824 38.8289999961853 14.990000128746033
      vertex 41.55323028564453 38.97883868217468 15
      vertex 41.558000564575195 38.99499988555908 14.990000128746033
    endloop
  endfacet
  facet normal -0.9590922110429176 0.28309385496122585 0
    outer loop
      vertex 41.558000564575195 38.99499988555908 15
      vertex 41.558000564575195 38.99499988555908 14.990000128746033
      vertex 41.55323028564453 38.97883868217468 15
    endloop
  endfacet
  facet normal -0.9856224567945281 0.16896263688259142 0
    outer loop
      vertex 41.558000564575195 38.99499988555908 15
      vertex 41.584571838378906 39.15000009536743 15
      vertex 41.558000564575195 38.99499988555908 14.990000128746033
    endloop
  endfacet
  facet normal -0.9856234263612779 0.1689569566357696 0.00009062137398671254
    outer loop
      vertex 41.558000564575195 38.99499988555908 14.990000128746033
      vertex 41.584571838378906 39.15000009536743 15
      vertex 41.58799934387207 39.170000076293945 14.990000128746033
    endloop
  endfacet
  facet normal -0.9856616710573478 0.16873332060560495 -0.0003697645776635949
    outer loop
      vertex 41.584571838378906 39.15000009536743 15
      vertex 41.58505630493164 39.15283012390137 15
      vertex 41.58799934387207 39.170000076293945 14.990000128746033
    endloop
  endfacet
  facet normal -0.9856259013447126 0.16894254229892153 0
    outer loop
      vertex 41.58505630493164 39.15283012390137 15
      vertex 41.58799934387207 39.170000076293945 15
      vertex 41.58799934387207 39.170000076293945 14.990000128746033
    endloop
  endfacet
  facet normal -0.9981779200528081 0.06033937287584116 0
    outer loop
      vertex 41.58799934387207 39.170000076293945 15
      vertex 41.59600067138672 39.302363872528076 15
      vertex 41.58799934387207 39.170000076293945 14.990000128746033
    endloop
  endfacet
  facet normal 0 0 1
    outer loop
      vertex 41.558000564575195 38.99499988555908 15
      vertex 41.55323028564453 38.97883868217468 15
      vertex 42.51700019836426 38.76600003242493 15
    endloop
  endfacet
  facet normal 0 0 -1
    outer loop
      vertex 41.558000564575195 38.99499988555908 14.990000128746033
      vertex 41.58799934387207 39.170000076293945 14.990000128746033
      vertex 42.56399917602539 39.045000076293945 14.990000128746033
    endloop
  endfacet
  facet normal 0 0 1
    outer loop
      vertex 41.558000564575195 38.99499988555908 15
      vertex 42.5620002746582 39.045000076293945 15
      vertex 41.584571838378906 39.15000009536743 15
    endloop
  endfacet
  facet normal 0 0 1
    outer loop
      vertex 41.58505630493164 39.15283012390137 15
      vertex 42.5620002746582 39.045000076293945 15
      vertex 41.58799934387207 39.170000076293945 15
    endloop
  endfacet
  facet normal 0 0 1
    outer loop
      vertex 41.584571838378906 39.15000009536743 15
      vertex 42.5620002746582 39.045000076293945 15
      vertex 41.58505630493164 39.15283012390137 15
    endloop
  endfacet
  facet normal 0 0 1
    outer loop
      vertex 41.58799934387207 39.170000076293945 15
      vertex 42.5620002746582 39.045000076293945 15
      vertex 41.59600067138672 39.302363872528076 15
    endloop
  endfacet
  facet normal -0.9981779974730176 0.06033808971263371 0.000017046601245989095
    outer loop
      vertex 41.58799934387207 39.170000076293945 14.990000128746033
      vertex 41.59600067138672 39.302363872528076 15
      vertex 41.59900093078613 39.35200023651123 14.990000128746033
    endloop
  endfacet
  facet normal -0.9981782044509242 0.06033466797065387 0
    outer loop
      vertex 41.59600067138672 39.302363872528076 15
      vertex 41.59900093078613 39.35200023651123 15
      vertex 41.59900093078613 39.35200023651123 14.990000128746033
    endloop
  endfacet
  facet normal -0.9984937688443976 -0.05486523105675233 0
    outer loop
      vertex 41.59900093078613 39.35200023651123 14.990000128746033
      vertex 41.59900093078613 39.35200023651123 15
      vertex 41.58999252319336 39.515944480895996 15
    endloop
  endfacet
  facet normal -0.9984938553322295 -0.05486365088654535 -0.00002598422735900105
    outer loop
      vertex 41.59900093078613 39.35200023651123 14.990000128746033
      vertex 41.58999252319336 39.515944480895996 15
      vertex 41.5890007019043 39.53399991989136 14.990000128746033
    endloop
  endfacet
  facet normal -0.9984946439299053 -0.054849303033783256 0
    outer loop
      vertex 41.5890007019043 39.53399991989136 15
      vertex 41.5890007019043 39.53399991989136 14.990000128746033
      vertex 41.58999252319336 39.515944480895996 15
    endloop
  endfacet
  facet normal -0.9865447673022135 -0.16349135085727223 0.00001742083913193912
    outer loop
      vertex 41.5890007019043 39.53399991989136 14.990000128746033
      vertex 41.56447410583496 39.682000160217285 15
      vertex 41.55999946594238 39.70900011062622 14.990000128746033
    endloop
  endfacet
  facet normal -0.9865449573021763 -0.16349020527740196 0
    outer loop
      vertex 41.5890007019043 39.53399991989136 15
      vertex 41.56447410583496 39.682000160217285 15
      vertex 41.5890007019043 39.53399991989136 14.990000128746033
    endloop
  endfacet
  facet normal 0 0 -1
    outer loop
      vertex 41.58799934387207 39.170000076293945 14.990000128746033
      vertex 41.59900093078613 39.35200023651123 14.990000128746033
      vertex 42.579999923706055 39.335999965667725 14.990000128746033
    endloop
  endfacet
  facet normal 0 0 1
    outer loop
      vertex 41.59600067138672 39.302363872528076 15
      vertex 42.57699966430664 39.335999965667725 15
      vertex 41.59900093078613 39.35200023651123 15
    endloop
  endfacet
  facet normal 0 0 -1
    outer loop
      vertex 41.59900093078613 39.35200023651123 14.990000128746033
      vertex 41.5890007019043 39.53399991989136 14.990000128746033
      vertex 42.56500053405762 39.626999855041504 14.990000128746033
    endloop
  endfacet
  facet normal 0 0 1
    outer loop
      vertex 41.59900093078613 39.35200023651123 15
      vertex 42.5629997253418 39.62599992752075 15
      vertex 41.58999252319336 39.515944480895996 15
    endloop
  endfacet
  facet normal 0 0 1
    outer loop
      vertex 41.5890007019043 39.53399991989136 15
      vertex 41.58999252319336 39.515944480895996 15
      vertex 42.5629997253418 39.62599992752075 15
    endloop
  endfacet
  facet normal 0 0 -1
    outer loop
      vertex 41.558000564575195 38.99499988555908 14.990000128746033
      vertex 42.56399917602539 39.045000076293945 14.990000128746033
      vertex 42.518999099731445 38.76600003242493 14.990000128746033
    endloop
  endfacet
  facet normal 0 0 1
    outer loop
      vertex 41.558000564575195 38.99499988555908 15
      vertex 42.51700019836426 38.76600003242493 15
      vertex 42.5620002746582 39.045000076293945 15
    endloop
  endfacet
  facet normal 0 0 -1
    outer loop
      vertex 41.58799934387207 39.170000076293945 14.990000128746033
      vertex 42.579999923706055 39.335999965667725 14.990000128746033
      vertex 42.56399917602539 39.045000076293945 14.990000128746033
    endloop
  endfacet
  facet normal 0 0 1
    outer loop
      vertex 41.59600067138672 39.302363872528076 15
      vertex 42.5620002746582 39.045000076293945 15
      vertex 42.57699966430664 39.335999965667725 15
    endloop
  endfacet
  facet normal 0 0 -1
    outer loop
      vertex 41.59900093078613 39.35200023651123 14.990000128746033
      vertex 42.56500053405762 39.626999855041504 14.990000128746033
      vertex 42.579999923706055 39.335999965667725 14.990000128746033
    endloop
  endfacet
  facet normal 0 0 1
    outer loop
      vertex 41.59900093078613 39.35200023651123 15
      vertex 42.57699966430664 39.335999965667725 15
      vertex 42.5629997253418 39.62599992752075 15
    endloop
  endfacet
  facet normal -0.9865437267652856 -0.16349763050289529 0
    outer loop
      vertex 41.56447410583496 39.682000160217285 15
      vertex 41.55999946594238 39.70900011062622 15
      vertex 41.55999946594238 39.70900011062622 14.990000128746033
    endloop
  endfacet
  facet normal -0.9610954984686786 -0.2762162971716953 0
    outer loop
      vertex 41.55999946594238 39.70900011062622 14.990000128746033
      vertex 41.55999946594238 39.70900011062622 15
      vertex 41.55527687072754 39.72543239593506 15
    endloop
  endfacet
  facet normal -0.961087810332882 -0.27624304256518467 0.000047580201560010336
    outer loop
      vertex 41.55999946594238 39.70900011062622 14.990000128746033
      vertex 41.55527687072754 39.72543239593506 15
      vertex 41.51199913024902 39.87599992752075 14.990000128746033
    endloop
  endfacet
  facet normal -0.9610869724522062 -0.27624596174904037 0
    outer loop
      vertex 41.55527687072754 39.72543239593506 15
      vertex 41.51199913024902 39.87599992752075 15
      vertex 41.51199913024902 39.87599992752075 14.990000128746033
    endloop
  endfacet
  facet normal -0.926851306808726 -0.37542862530448157 0.00004867179892161156
    outer loop
      vertex 41.51199913024902 39.87599992752075 14.990000128746033
      vertex 41.50399971008301 39.89575004577637 15
      vertex 41.44799995422363 40.03399991989136 14.990000128746033
    endloop
  endfacet
  facet normal -0.9268598828513095 -0.3754074553879516 0
    outer loop
      vertex 41.51199913024902 39.87599992752075 14.990000128746033
      vertex 41.51199913024902 39.87599992752075 15
      vertex 41.50399971008301 39.89575004577637 15
    endloop
  endfacet
  facet normal -0.9268500828794765 -0.3754316500593787 0
    outer loop
      vertex 41.50399971008301 39.89575004577637 15
      vertex 41.44799995422363 40.03399991989136 15
      vertex 41.44799995422363 40.03399991989136 14.990000128746033
    endloop
  endfacet
  facet normal -0.8524980718006444 -0.5227303679490826 0
    outer loop
      vertex 41.44799995422363 40.03399991989136 14.990000128746033
      vertex 41.44799995422363 40.03399991989136 15
      vertex 41.44091606140137 40.0455527305603 15
    endloop
  endfacet
  facet normal 0 0 -1
    outer loop
      vertex 41.5890007019043 39.53399991989136 14.990000128746033
      vertex 41.55999946594238 39.70900011062622 14.990000128746033
      vertex 42.52199935913086 39.9060001373291 14.990000128746033
    endloop
  endfacet
  facet normal 0 0 1
    outer loop
      vertex 41.5890007019043 39.53399991989136 15
      vertex 42.518999099731445 39.90500020980835 15
      vertex 41.56447410583496 39.682000160217285 15
    endloop
  endfacet
  facet normal 0 0 1
    outer loop
      vertex 41.56447410583496 39.682000160217285 15
      vertex 42.518999099731445 39.90500020980835 15
      vertex 41.55999946594238 39.70900011062622 15
    endloop
  endfacet
  facet normal 0 0 1
    outer loop
      vertex 41.55999946594238 39.70900011062622 15
      vertex 42.518999099731445 39.90500020980835 15
      vertex 41.55527687072754 39.72543239593506 15
    endloop
  endfacet
  facet normal 0 0 1
    outer loop
      vertex 41.51199913024902 39.87599992752075 15
      vertex 42.44899940490723 40.1710000038147 15
      vertex 41.50399971008301 39.89575004577637 15
    endloop
  endfacet
  facet normal 0 0 -1
    outer loop
      vertex 41.55999946594238 39.70900011062622 14.990000128746033
      vertex 41.51199913024902 39.87599992752075 14.990000128746033
      vertex 42.45100021362305 40.1710000038147 14.990000128746033
    endloop
  endfacet
  facet normal 0 0 1
    outer loop
      vertex 41.55527687072754 39.72543239593506 15
      vertex 42.44899940490723 40.1710000038147 15
      vertex 41.51199913024902 39.87599992752075 15
    endloop
  endfacet
  facet normal 0 0 -1
    outer loop
      vertex 41.27199935913086 40.32100009918213 14.990000128746033
      vertex 42.090999603271484 40.88199996948242 14.990000128746033
      vertex 41.44799995422363 40.03399991989136 14.990000128746033
    endloop
  endfacet
  facet normal 0 0 1
    outer loop
      vertex 41.38400077819824 40.1383638381958 15
      vertex 42.0890007019043 40.88100004196167 15
      vertex 41.27199935913086 40.32100009918213 15
    endloop
  endfacet
  facet normal 0 0 -1
    outer loop
      vertex 41.51199913024902 39.87599992752075 14.990000128746033
      vertex 41.44799995422363 40.03399991989136 14.990000128746033
      vertex 42.35499954223633 40.42399978637695 14.990000128746033
    endloop
  endfacet
  facet normal 0 0 1
    outer loop
      vertex 41.50399971008301 39.89575004577637 15
      vertex 42.35300064086914 40.4229998588562 15
      vertex 41.44799995422363 40.03399991989136 15
    endloop
  endfacet
  facet normal 0 0 1
    outer loop
      vertex 41.44799995422363 40.03399991989136 15
      vertex 42.35300064086914 40.4229998588562 15
      vertex 41.44091606140137 40.0455527305603 15
    endloop
  endfacet
  facet normal 0 0 1
    outer loop
      vertex 41.38400077819824 40.1383638381958 15
      vertex 41.44091606140137 40.0455527305603 15
      vertex 42.35300064086914 40.4229998588562 15
    endloop
  endfacet
  facet normal 0 0 -1
    outer loop
      vertex 41.44799995422363 40.03399991989136 14.990000128746033
      vertex 42.090999603271484 40.88199996948242 14.990000128746033
      vertex 42.35499954223633 40.42399978637695 14.990000128746033
    endloop
  endfacet
  facet normal 0 0 1
    outer loop
      vertex 41.38400077819824 40.1383638381958 15
      vertex 42.35300064086914 40.4229998588562 15
      vertex 42.0890007019043 40.88100004196167 15
    endloop
  endfacet
  facet normal 0 0 -1
    outer loop
      vertex 41.5890007019043 39.53399991989136 14.990000128746033
      vertex 42.52199935913086 39.9060001373291 14.990000128746033
      vertex 42.56500053405762 39.626999855041504 14.990000128746033
    endloop
  endfacet
  facet normal 0 0 1
    outer loop
      vertex 41.5890007019043 39.53399991989136 15
      vertex 42.5629997253418 39.62599992752075 15
      vertex 42.518999099731445 39.90500020980835 15
    endloop
  endfacet
  facet normal 0 0 -1
    outer loop
      vertex 41.55999946594238 39.70900011062622 14.990000128746033
      vertex 42.45100021362305 40.1710000038147 14.990000128746033
      vertex 42.52199935913086 39.9060001373291 14.990000128746033
    endloop
  endfacet
  facet normal 0 0 1
    outer loop
      vertex 41.55527687072754 39.72543239593506 15
      vertex 42.518999099731445 39.90500020980835 15
      vertex 42.44899940490723 40.1710000038147 15
    endloop
  endfacet
  facet normal 0 0 -1
    outer loop
      vertex 41.51199913024902 39.87599992752075 14.990000128746033
      vertex 42.35499954223633 40.42399978637695 14.990000128746033
      vertex 42.45100021362305 40.1710000038147 14.990000128746033
    endloop
  endfacet
  facet normal 0 0 1
    outer loop
      vertex 41.50399971008301 39.89575004577637 15
      vertex 42.44899940490723 40.1710000038147 15
      vertex 42.35300064086914 40.4229998588562 15
    endloop
  endfacet
  facet normal -0.09610481026234265 0.9953712199197037 0
    outer loop
      vertex 33.77999973297119 36.63900005817413 15
      vertex 34.359999656677246 36.69500005245209 17.5
      vertex 34.359999656677246 36.69500005245209 15
    endloop
  endfacet
  facet normal 0.2772535596997836 -0.9607967858157096 0
    outer loop
      vertex 34.35900020599365 36.69200003147125 14.990000128746033
      vertex 34.90999984741211 36.85099995136261 14.990000128746033
      vertex 34.90999984741211 36.85099995136261 17.5
    endloop
  endfacet
  facet normal -0.27610555682738336 0.9611273180432657 0
    outer loop
      vertex 34.359999656677246 36.69500005245209 15
      vertex 34.359999656677246 36.69500005245209 17.5
      vertex 34.90999984741211 36.85300004482269 15
    endloop
  endfacet
  facet normal 0.43738945586125944 -0.8992721856598208 0
    outer loop
      vertex 34.90999984741211 36.85099995136261 14.990000128746033
      vertex 35.42399978637695 37.1010000705719 14.990000128746033
      vertex 35.42399978637695 37.1010000705719 17.5
    endloop
  endfacet
  facet normal -0.4367016378065273 0.8996064025656424 0
    outer loop
      vertex 34.90999984741211 36.85300004482269 15
      vertex 35.42500019073486 37.1029999256134 17.5
      vertex 35.42500019073486 37.1029999256134 15
    endloop
  endfacet
  facet normal -0.4500808119314143 -0.8929878289938552 0
    outer loop
      vertex 38.04800033569336 37.10899996757507 14.990000128746033
      vertex 38.54599952697754 36.85800004005432 14.990000128746033
      vertex 38.04800033569336 37.10899996757507 17.5
    endloop
  endfacet
  facet normal -0.5749772802291063 0.8181693756309507 0
    outer loop
      vertex 35.42500019073486 37.1029999256134 15
      vertex 35.42500019073486 37.1029999256134 17.5
      vertex 35.895999908447266 37.43400001525879 15
    endloop
  endfacet
  facet normal 0.5749762236728064 -0.8181701181361728 0
    outer loop
      vertex 35.42399978637695 37.1010000705719 14.990000128746033
      vertex 35.89500045776367 37.431999921798706 14.990000128746033
      vertex 35.89500045776367 37.431999921798706 17.5
    endloop
  endfacet
  facet normal 0.6879355837187091 -0.7257717496937993 0
    outer loop
      vertex 35.89500045776367 37.431999921798706 14.990000128746033
      vertex 36.31700038909912 37.83200001716614 14.990000128746033
      vertex 35.89500045776367 37.431999921798706 17.5
    endloop
  endfacet
  facet normal 0.6713749093340945 -0.7411178928595885 0
    outer loop
      vertex 35.46432876586914 38.40139174461365 15
      vertex 35.46500015258789 38.401999950408936 15
      vertex 35.46500015258789 38.401999950408936 17.5
    endloop
  endfacet
  facet normal -0.7660208093946881 0.6428157742108596 0
    outer loop
      vertex 35.46432876586914 38.40139174461365 15
      vertex 35.46432876586914 38.40139174461365 17.5
      vertex 35.70400047302246 38.687000036239624 15
    endloop
  endfacet
  facet normal 0.7662339138753701 -0.642561739622919 0
    outer loop
      vertex 35.46500015258789 38.401999950408936 15
      vertex 35.70400047302246 38.687000036239624 15
      vertex 35.70400047302246 38.687000036239624 17.5
    endloop
  endfacet
  facet normal 1 0 0
    outer loop
      vertex 34.805999755859375 39.20100021362305 15
      vertex 34.805999755859375 39.19999980926514 17.5
      vertex 34.805999755859375 39.19999980926514 14.990000128746033
    endloop
  endfacet
  facet normal -0.8478474648027938 0.5302402063475338 0
    outer loop
      vertex 35.70400047302246 38.687000036239624 15
      vertex 35.901000022888184 39.001999855041504 17.5
      vertex 35.901000022888184 39.001999855041504 14.990000128746033
    endloop
  endfacet
  facet normal 0.8466364667198404 -0.5321716764542666 0
    outer loop
      vertex 35.70400047302246 38.687000036239624 15
      vertex 35.902000427246094 39.001999855041504 15
      vertex 35.902000427246094 39.001999855041504 17.5
    endloop
  endfacet
  facet normal -0.9111074719590894 0.41216886653447915 0
    outer loop
      vertex 35.901000022888184 39.001999855041504 14.990000128746033
      vertex 36.05300045013428 39.33799982070923 17.5
      vertex 36.05300045013428 39.33799982070923 14.990000128746033
    endloop
  endfacet
  facet normal 0.9121245304627582 -0.40991321145834364 0
    outer loop
      vertex 35.902000427246094 39.001999855041504 15
      vertex 36.05300045013428 39.33799982070923 15
      vertex 35.902000427246094 39.001999855041504 17.5
    endloop
  endfacet
  facet normal -0.9018157481851486 -0.43212076590376963 0
    outer loop
      vertex 36.05300045013428 39.33799982070923 14.990000128746033
      vertex 36.05300045013428 39.33799982070923 17.5
      vertex 35.89200019836426 39.67399978637695 14.990000128746033
    endloop
  endfacet
  facet normal 0.9028596662005254 0.42993537089692435 0
    outer loop
      vertex 36.05300045013428 39.33799982070923 15
      vertex 35.89299964904785 39.67399978637695 15
      vertex 35.89299964904785 39.67399978637695 17.5
    endloop
  endfacet
  facet normal -0.8466366482003214 -0.5321713877353095 0
    outer loop
      vertex 35.694000244140625 39.98899984359741 15
      vertex 35.89200019836426 39.67399978637695 14.990000128746033
      vertex 35.89200019836426 39.67399978637695 17.5
    endloop
  endfacet
  facet normal 0.845425886399116 0.5340927546843048 0
    outer loop
      vertex 35.694000244140625 39.98899984359741 15
      vertex 35.89299964904785 39.67399978637695 17.5
      vertex 35.89299964904785 39.67399978637695 15
    endloop
  endfacet
  facet normal -0.688794389479264 0.7249567497595205 0
    outer loop
      vertex 35.895999908447266 37.43400001525879 15
      vertex 36.31700038909912 37.83400011062622 17.5
      vertex 36.31700038909912 37.83400011062622 15
    endloop
  endfacet
  facet normal 0.7822034494269624 -0.623023084407441 0
    outer loop
      vertex 36.31700038909912 37.83200001716614 14.990000128746033
      vertex 36.680999755859375 38.289000034332275 14.990000128746033
      vertex 36.31700038909912 37.83200001716614 17.5
    endloop
  endfacet
  facet normal -0.7815376298011081 0.6238581034216565 0
    outer loop
      vertex 36.31700038909912 37.83400011062622 15
      vertex 36.31700038909912 37.83400011062622 17.5
      vertex 36.680999755859375 38.28999996185303 15
    endloop
  endfacet
  facet normal 0.8580947860239064 -0.5134913224179998 0
    outer loop
      vertex 36.680999755859375 38.289000034332275 14.990000128746033
      vertex 36.757473945617676 38.4167959690094 14.990000128746033
      vertex 36.757473945617676 38.4167959690094 17.5
    endloop
  endfacet
  facet normal -0.8573413406514624 -0.5147483128772286 0
    outer loop
      vertex 36.829999923706055 38.2960000038147 14.990000128746033
      vertex 36.757473945617676 38.4167959690094 17.5
      vertex 36.757473945617676 38.4167959690094 14.990000128746033
    endloop
  endfacet
  facet normal -0.8576424052171284 0.5142465408472662 0
    outer loop
      vertex 36.680999755859375 38.28999996185303 15
      vertex 36.75747871398926 38.4175488948822 17.5
      vertex 36.75747871398926 38.4175488948822 15
    endloop
  endfacet
  facet normal 0.856890758078852 0.515498039490986 0
    outer loop
      vertex 36.829999923706055 38.29699993133545 15
      vertex 36.75747871398926 38.4175488948822 15
      vertex 36.829999923706055 38.29699993133545 17.5
    endloop
  endfacet
  facet normal -0.7888872927859141 -0.6145379071146965 0
    outer loop
      vertex 37.18599987030029 37.83899998664856 14.990000128746033
      vertex 36.829999923706055 38.2960000038147 17.5
      vertex 36.829999923706055 38.2960000038147 14.990000128746033
    endloop
  endfacet
  facet normal 0.7882339277340121 0.6153757187028197 0
    outer loop
      vertex 37.18599987030029 37.84100008010864 15
      vertex 36.829999923706055 38.29699993133545 15
      vertex 37.18599987030029 37.84100008010864 17.5
    endloop
  endfacet
  facet normal -0.6991772961996318 -0.71494832574038 0
    outer loop
      vertex 37.18599987030029 37.83899998664856 14.990000128746033
      vertex 37.5939998626709 37.44000005722046 14.990000128746033
      vertex 37.18599987030029 37.83899998664856 17.5
    endloop
  endfacet
  facet normal 0.7009465064401711 0.7132138494934877 0
    outer loop
      vertex 37.18599987030029 37.84100008010864 15
      vertex 37.18599987030029 37.84100008010864 17.5
      vertex 37.593000411987305 37.44099998474121 15
    endloop
  endfacet
  facet normal -0.5891234427687536 -0.8080430490885316 0
    outer loop
      vertex 38.04800033569336 37.10899996757507 14.990000128746033
      vertex 37.5939998626709 37.44000005722046 17.5
      vertex 37.5939998626709 37.44000005722046 14.990000128746033
    endloop
  endfacet
  facet normal 0.587113308203665 0.8095047642417853 0
    outer loop
      vertex 38.04800033569336 37.111000061035156 15
      vertex 37.593000411987305 37.44099998474121 15
      vertex 37.593000411987305 37.44099998474121 17.5
    endloop
  endfacet
  facet normal 0.8573443207620296 0.5147433493082685 0
    outer loop
      vertex 36.73844909667969 40.24733114242554 14.990000128746033
      vertex 36.66600036621094 40.36800003051758 14.990000128746033
      vertex 36.73844909667969 40.24733114242554 17.5
    endloop
  endfacet
  facet normal -0.856891208434033 -0.5154972908837278 0
    outer loop
      vertex 36.738521575927734 40.246450901031494 15
      vertex 36.738521575927734 40.246450901031494 17.5
      vertex 36.66600036621094 40.367000102996826 15
    endloop
  endfacet
  facet normal -0.8576435362996773 0.5142446544626247 0
    outer loop
      vertex 36.73844909667969 40.24733114242554 14.990000128746033
      vertex 36.8149995803833 40.375 17.5
      vertex 36.8149995803833 40.375 14.990000128746033
    endloop
  endfacet
  facet normal 0.8576456573344463 -0.5142411170407959 0
    outer loop
      vertex 36.738521575927734 40.246450901031494 15
      vertex 36.8149995803833 40.37400007247925 15
      vertex 36.8149995803833 40.37400007247925 17.5
    endloop
  endfacet
  facet normal -0.8986652899194093 -0.4386350381513816 0
    outer loop
      vertex 37.55300045013428 39.01599979400635 15
      vertex 37.55300045013428 39.01599979400635 17.5
      vertex 37.388999938964844 39.35200023651123 15
    endloop
  endfacet
  facet normal 0.8997186367819366 0.43647035939139495 0
    outer loop
      vertex 37.55300045013428 39.01599979400635 15
      vertex 37.390000343322754 39.35200023651123 14.990000128746033
      vertex 37.390000343322754 39.35200023651123 17.5
    endloop
  endfacet
  facet normal 0.9090654947857343 -0.41665324454511116 0
    outer loop
      vertex 37.390000343322754 39.35200023651123 14.990000128746033
      vertex 37.543999671936035 39.688000202178955 14.990000128746033
      vertex 37.390000343322754 39.35200023651123 17.5
    endloop
  endfacet
  facet normal -0.9090645174886265 0.4166553768321856 0
    outer loop
      vertex 37.388999938964844 39.35200023651123 15
      vertex 37.54300022125244 39.688000202178955 17.5
      vertex 37.54300022125244 39.688000202178955 15
    endloop
  endfacet
  facet normal 0.8429990875692918 -0.5379149917573796 0
    outer loop
      vertex 37.543999671936035 39.688000202178955 14.990000128746033
      vertex 37.74499988555908 40.002999782562256 15
      vertex 37.543999671936035 39.688000202178955 17.5
    endloop
  endfacet
  facet normal -0.8417858124690586 0.5398116763518616 0
    outer loop
      vertex 37.54300022125244 39.688000202178955 15
      vertex 37.54300022125244 39.688000202178955 17.5
      vertex 37.74499988555908 40.002999782562256 15
    endloop
  endfacet
  facet normal 0.7607564019701035 -0.6490375157581434 0
    outer loop
      vertex 37.74499988555908 40.002999782562256 15
      vertex 37.98900032043457 40.289000034332275 14.990000128746033
      vertex 37.98900032043457 40.289000034332275 17.5
    endloop
  endfacet
  facet normal -0.762071032054597 0.6474934301622229 0
    outer loop
      vertex 37.74499988555908 40.002999782562256 15
      vertex 37.74499988555908 40.002999782562256 17.5
      vertex 37.98799991607666 40.289000034332275 15
    endloop
  endfacet
  facet normal 0.6661740618861479 -0.7457962987774281 0
    outer loop
      vertex 37.98900032043457 40.289000034332275 14.990000128746033
      vertex 38.12104892730713 40.40695095062256 15
      vertex 37.98900032043457 40.289000034332275 17.5
    endloop
  endfacet
  facet normal -0.6633740037088472 0.7482880001732585 0
    outer loop
      vertex 37.98799991607666 40.289000034332275 15
      vertex 37.98799991607666 40.289000034332275 17.5
      vertex 38.12104892730713 40.40695095062256 15
    endloop
  endfacet
  facet normal 0.45008098238966165 0.8929877430800253 0
    outer loop
      vertex 38.04800033569336 37.111000061035156 15
      vertex 38.54599952697754 36.860000014305115 17.5
      vertex 38.54599952697754 36.860000014305115 15
    endloop
  endfacet
  facet normal -0.28293677931293465 -0.9591385608513631 0
    outer loop
      vertex 38.54599952697754 36.85800004005432 14.990000128746033
      vertex 39.08500003814697 36.699000000953674 14.990000128746033
      vertex 38.54599952697754 36.85800004005432 17.5
    endloop
  endfacet
  facet normal -0.09521751811917864 -0.9954564903817864 0
    outer loop
      vertex 39.08500003814697 36.699000000953674 14.990000128746033
      vertex 39.65999984741211 36.64400005340576 14.990000128746033
      vertex 39.08500003814697 36.699000000953674 17.5
    endloop
  endfacet
  facet normal 0.28178001913479467 0.9594790361526377 0
    outer loop
      vertex 38.54599952697754 36.860000014305115 15
      vertex 39.08399963378906 36.70200002193451 17.5
      vertex 39.08399963378906 36.70200002193451 15
    endloop
  endfacet
  facet normal 0.09693254562194088 0.9952909532389262 0
    outer loop
      vertex 39.08399963378906 36.70200002193451 15
      vertex 39.659000396728516 36.646000027656555 17.5
      vertex 39.659000396728516 36.646000027656555 15
    endloop
  endfacet
  facet normal 0.08588827206224753 -0.996304775017244 0
    outer loop
      vertex 39.65999984741211 36.64400005340576 14.990000128746033
      vertex 40.239999771118164 36.694000005722046 14.990000128746033
      vertex 40.239999771118164 36.694000005722046 17.5
    endloop
  endfacet
  facet normal -0.08774324787792669 0.996143123477662 0
    outer loop
      vertex 39.659000396728516 36.646000027656555 15
      vertex 39.659000396728516 36.646000027656555 17.5
      vertex 40.23799991607666 36.69700002670288 15
    endloop
  endfacet
  facet normal 0.26251672616791183 -0.96492744208157 0
    outer loop
      vertex 40.239999771118164 36.694000005722046 14.990000128746033
      vertex 40.784000396728516 36.842000007629395 14.990000128746033
      vertex 40.784000396728516 36.842000007629395 17.5
    endloop
  endfacet
  facet normal -0.26086440045707665 0.9653754526473988 0
    outer loop
      vertex 40.23799991607666 36.69700002670288 15
      vertex 40.781999588012695 36.84399998188019 17.5
      vertex 40.781999588012695 36.84399998188019 15
    endloop
  endfacet
  facet normal 0.4318430487038845 -0.9019487686593592 0
    outer loop
      vertex 40.784000396728516 36.842000007629395 14.990000128746033
      vertex 41.27899932861328 37.0789999961853 14.990000128746033
      vertex 41.27899932861328 37.0789999961853 17.5
    endloop
  endfacet
  facet normal -0.43184187173499494 0.9019493321780421 0
    outer loop
      vertex 40.781999588012695 36.84399998188019 15
      vertex 41.277000427246094 37.081000089645386 17.5
      vertex 41.277000427246094 37.081000089645386 15
    endloop
  endfacet
  facet normal -1 0 0
    outer loop
      vertex 39.33199977874756 38.65000009536743 14.990000128746033
      vertex 39.33199977874756 38.65000009536743 17.5
      vertex 39.33199977874756 38.651000022888184 15
    endloop
  endfacet
  facet normal 0 -1 0
    outer loop
      vertex 39.33199977874756 38.65000009536743 14.990000128746033
      vertex 39.86400032043457 38.65000009536743 14.990000128746033
      vertex 39.86400032043457 38.65000009536743 17.5
    endloop
  endfacet
  facet normal 0 1 0
    outer loop
      vertex 39.33199977874756 38.651000022888184 15
      vertex 39.862000465393066 38.651000022888184 17.5
      vertex 39.862000465393066 38.651000022888184 15
    endloop
  endfacet
  facet normal 1 0 0
    outer loop
      vertex 39.86400032043457 38.65000009536743 14.990000128746033
      vertex 39.86400032043457 39.15000009536743 15
      vertex 39.86400032043457 38.65000009536743 17.5
    endloop
  endfacet
  facet normal -1 0 0
    outer loop
      vertex 39.862000465393066 38.651000022888184 15
      vertex 39.862000465393066 38.651000022888184 17.5
      vertex 39.862000465393066 39.15000009536743 15
    endloop
  endfacet
  facet normal 0 1 0
    outer loop
      vertex 39.86400032043457 39.15000009536743 15
      vertex 39.862000465393066 39.15000009536743 15
      vertex 39.86400032043457 39.15000009536743 17.5
    endloop
  endfacet
  facet normal 0 -1 0
    outer loop
      vertex 39.86400032043457 39.682000160217285 15
      vertex 39.862000465393066 39.682000160217285 17.5
      vertex 39.862000465393066 39.682000160217285 15
    endloop
  endfacet
  facet normal 1 0 0
    outer loop
      vertex 39.86400032043457 39.682000160217285 15
      vertex 39.86400032043457 40.18100023269653 14.990000128746033
      vertex 39.86400032043457 40.18100023269653 17.5
    endloop
  endfacet
  facet normal -1 0 0
    outer loop
      vertex 39.862000465393066 39.682000160217285 15
      vertex 39.862000465393066 40.18100023269653 17.5
      vertex 39.862000465393066 40.18100023269653 15
    endloop
  endfacet
  facet normal 0 1 0
    outer loop
      vertex 39.86400032043457 40.18100023269653 14.990000128746033
      vertex 39.862000465393066 40.18100023269653 15
      vertex 39.86400032043457 40.18100023269653 17.5
    endloop
  endfacet
  facet normal 0.5910413933163874 -0.8066412284198121 0
    outer loop
      vertex 41.27899932861328 37.0789999961853 14.990000128746033
      vertex 41.71299934387207 37.3970000743866 14.990000128746033
      vertex 41.27899932861328 37.0789999961853 17.5
    endloop
  endfacet
  facet normal -0.5898298490864385 0.8075275531687256 0
    outer loop
      vertex 41.277000427246094 37.081000089645386 15
      vertex 41.277000427246094 37.081000089645386 17.5
      vertex 41.71100044250488 37.39800000190735 15
    endloop
  endfacet
  facet normal 0.7365292826728833 -0.676405659176036 0
    outer loop
      vertex 41.71299934387207 37.3970000743866 14.990000128746033
      vertex 42.07299995422363 37.789000034332275 14.990000128746033
      vertex 41.71299934387207 37.3970000743866 17.5
    endloop
  endfacet
  facet normal -0.7365310680573706 0.6764037150890502 0
    outer loop
      vertex 41.71100044250488 37.39800000190735 15
      vertex 42.07099914550781 37.78999996185303 17.5
      vertex 42.07099914550781 37.78999996185303 15
    endloop
  endfacet
  facet normal -0.8594686509353869 0.5111884565004436 0
    outer loop
      vertex 42.07099914550781 37.78999996185303 15
      vertex 42.07099914550781 37.78999996185303 17.5
      vertex 42.3439998626709 38.24900007247925 15
    endloop
  endfacet
  facet normal 0.8594685342760049 -0.5111886526415232 0
    outer loop
      vertex 42.07299995422363 37.789000034332275 14.990000128746033
      vertex 42.34600067138672 38.24799990653992 14.990000128746033
      vertex 42.34600067138672 38.24799990653992 17.5
    endloop
  endfacet
  facet normal 0.9294926875999564 -0.36884053966207403 0
    outer loop
      vertex 42.34600067138672 38.24799990653992 14.990000128746033
      vertex 42.44599914550781 38.5 14.990000128746033
      vertex 42.44599914550781 38.5 17.5
    endloop
  endfacet
  facet normal -0.9294901560425329 0.3688469192226336 0
    outer loop
      vertex 42.3439998626709 38.24900007247925 15
      vertex 42.444000244140625 38.50099992752075 17.5
      vertex 42.444000244140625 38.50099992752075 15
    endloop
  endfacet
  facet normal 0.9643443424537906 -0.26465069275814534 0
    outer loop
      vertex 42.44599914550781 38.5 14.990000128746033
      vertex 42.518999099731445 38.76600003242493 14.990000128746033
      vertex 42.518999099731445 38.76600003242493 17.5
    endloop
  endfacet
  facet normal -0.9640891035756328 0.26557899082331893 0
    outer loop
      vertex 42.444000244140625 38.50099992752075 15
      vertex 42.51700019836426 38.76600003242493 17.5
      vertex 42.51700019836426 38.76600003242493 15
    endloop
  endfacet
  facet normal 0 -1 0
    outer loop
      vertex 40.387999534606934 39.15000009536743 15
      vertex 40.390000343322754 39.15000009536743 14.990000128746033
      vertex 40.390000343322754 39.15000009536743 17.5
    endloop
  endfacet
  facet normal -1 0 0
    outer loop
      vertex 40.387999534606934 39.15000009536743 15
      vertex 40.387999534606934 39.15000009536743 17.5
      vertex 40.387999534606934 39.682000160217285 15
    endloop
  endfacet
  facet normal 1 0 0
    outer loop
      vertex 40.390000343322754 39.15000009536743 14.990000128746033
      vertex 40.390000343322754 39.682000160217285 14.990000128746033
      vertex 40.390000343322754 39.682000160217285 17.5
    endloop
  endfacet
  facet normal 0 1 0
    outer loop
      vertex 40.387999534606934 39.682000160217285 15
      vertex 40.390000343322754 39.682000160217285 17.5
      vertex 40.390000343322754 39.682000160217285 14.990000128746033
    endloop
  endfacet
  facet normal 0.9659325280015593 0.2587940326756339 0
    outer loop
      vertex 42.45100021362305 40.1710000038147 14.990000128746033
      vertex 42.52199935913086 39.9060001373291 17.5
      vertex 42.52199935913086 39.9060001373291 14.990000128746033
    endloop
  endfacet
  facet normal -0.9670747618218253 -0.254492445953234 0
    outer loop
      vertex 42.44899940490723 40.1710000038147 15
      vertex 42.518999099731445 39.90500020980835 15
      vertex 42.44899940490723 40.1710000038147 17.5
    endloop
  endfacet
  facet normal 0.9349543396372819 0.3547680690161026 0
    outer loop
      vertex 42.45100021362305 40.1710000038147 14.990000128746033
      vertex 42.35499954223633 40.42399978637695 14.990000128746033
      vertex 42.35499954223633 40.42399978637695 17.5
    endloop
  endfacet
  facet normal -0.9344891915403625 -0.35599150396356344 0
    outer loop
      vertex 42.44899940490723 40.1710000038147 15
      vertex 42.35300064086914 40.4229998588562 17.5
      vertex 42.35300064086914 40.4229998588562 15
    endloop
  endfacet
  facet normal 0.09424310209664018 -0.9955492141060643 0
    outer loop
      vertex 33.77799987792969 36.63699996471405 17.5
      vertex 34.35900020599365 36.69200003147125 14.990000128746033
      vertex 34.35900020599365 36.69200003147125 17.5
    endloop
  endfacet
  facet normal 0.2772535596997836 -0.9607967858157096 0
    outer loop
      vertex 34.35900020599365 36.69200003147125 14.990000128746033
      vertex 34.90999984741211 36.85099995136261 17.5
      vertex 34.35900020599365 36.69200003147125 17.5
    endloop
  endfacet
  facet normal -0.27610555682738336 0.9611273180432657 0
    outer loop
      vertex 34.90999984741211 36.85300004482269 15
      vertex 34.359999656677246 36.69500005245209 17.5
      vertex 34.90999984741211 36.85300004482269 17.5
    endloop
  endfacet
  facet normal 0.43738945586125944 -0.8992721856598208 0
    outer loop
      vertex 34.90999984741211 36.85099995136261 14.990000128746033
      vertex 35.42399978637695 37.1010000705719 17.5
      vertex 34.90999984741211 36.85099995136261 17.5
    endloop
  endfacet
  facet normal -0.4367016378065273 0.8996064025656424 0
    outer loop
      vertex 34.90999984741211 36.85300004482269 15
      vertex 34.90999984741211 36.85300004482269 17.5
      vertex 35.42500019073486 37.1029999256134 17.5
    endloop
  endfacet
  facet normal 0.45008098238966165 0.8929877430800253 0
    outer loop
      vertex 38.04800033569336 37.111000061035156 15
      vertex 38.04800033569336 37.111000061035156 17.5
      vertex 38.54599952697754 36.860000014305115 17.5
    endloop
  endfacet
  facet normal 0.5749762236728064 -0.8181701181361728 0
    outer loop
      vertex 35.42399978637695 37.1010000705719 14.990000128746033
      vertex 35.89500045776367 37.431999921798706 17.5
      vertex 35.42399978637695 37.1010000705719 17.5
    endloop
  endfacet
  facet normal -0.5749772802291063 0.8181693756309507 0
    outer loop
      vertex 35.895999908447266 37.43400001525879 15
      vertex 35.42500019073486 37.1029999256134 17.5
      vertex 35.895999908447266 37.43400001525879 17.5
    endloop
  endfacet
  facet normal -0.688794389479264 0.7249567497595205 0
    outer loop
      vertex 35.895999908447266 37.43400001525879 15
      vertex 35.895999908447266 37.43400001525879 17.5
      vertex 36.31700038909912 37.83400011062622 17.5
    endloop
  endfacet
  facet normal 0.6713749093340945 -0.7411178928595885 0
    outer loop
      vertex 35.46432876586914 38.40139174461365 15
      vertex 35.46500015258789 38.401999950408936 17.5
      vertex 35.46432876586914 38.40139174461365 17.5
    endloop
  endfacet
  facet normal 0.7662339138753701 -0.642561739622919 0
    outer loop
      vertex 35.46500015258789 38.401999950408936 15
      vertex 35.70400047302246 38.687000036239624 17.5
      vertex 35.46500015258789 38.401999950408936 17.5
    endloop
  endfacet
  facet normal -0.7660208093946881 0.6428157742108596 0
    outer loop
      vertex 35.70400047302246 38.687000036239624 15
      vertex 35.46432876586914 38.40139174461365 17.5
      vertex 35.70400047302246 38.687000036239624 17.5
    endloop
  endfacet
  facet normal -0.8478474648027938 0.5302402063475338 0
    outer loop
      vertex 35.70400047302246 38.687000036239624 15
      vertex 35.70400047302246 38.687000036239624 17.5
      vertex 35.901000022888184 39.001999855041504 17.5
    endloop
  endfacet
  facet normal 0.8466364667198404 -0.5321716764542666 0
    outer loop
      vertex 35.70400047302246 38.687000036239624 15
      vertex 35.902000427246094 39.001999855041504 17.5
      vertex 35.70400047302246 38.687000036239624 17.5
    endloop
  endfacet
  facet normal 0 -1 0
    outer loop
      vertex 32.86899995803833 39.19999980926514 17.5
      vertex 34.805999755859375 39.19999980926514 14.990000128746033
      vertex 34.805999755859375 39.19999980926514 17.5
    endloop
  endfacet
  facet normal 0 1 0
    outer loop
      vertex 32.870999813079834 39.20100021362305 17.5
      vertex 34.805999755859375 39.20100021362305 17.5
      vertex 34.805999755859375 39.20100021362305 15
    endloop
  endfacet
  facet normal 1 0 0
    outer loop
      vertex 34.805999755859375 39.20100021362305 15
      vertex 34.805999755859375 39.20100021362305 17.5
      vertex 34.805999755859375 39.19999980926514 17.5
    endloop
  endfacet
  facet normal -0.9111074719590894 0.41216886653447915 0
    outer loop
      vertex 35.901000022888184 39.001999855041504 14.990000128746033
      vertex 35.901000022888184 39.001999855041504 17.5
      vertex 36.05300045013428 39.33799982070923 17.5
    endloop
  endfacet
  facet normal 0.9121245304627582 -0.40991321145834364 0
    outer loop
      vertex 36.05300045013428 39.33799982070923 15
      vertex 36.05300045013428 39.33799982070923 17.5
      vertex 35.902000427246094 39.001999855041504 17.5
    endloop
  endfacet
  facet normal -0.9018157481851486 -0.43212076590376963 0
    outer loop
      vertex 35.89200019836426 39.67399978637695 14.990000128746033
      vertex 36.05300045013428 39.33799982070923 17.5
      vertex 35.89200019836426 39.67399978637695 17.5
    endloop
  endfacet
  facet normal 0.9028596662005254 0.42993537089692435 0
    outer loop
      vertex 36.05300045013428 39.33799982070923 15
      vertex 35.89299964904785 39.67399978637695 17.5
      vertex 36.05300045013428 39.33799982070923 17.5
    endloop
  endfacet
  facet normal 0.845425886399116 0.5340927546843048 0
    outer loop
      vertex 35.694000244140625 39.98899984359741 15
      vertex 35.694000244140625 39.98899984359741 17.5
      vertex 35.89299964904785 39.67399978637695 17.5
    endloop
  endfacet
  facet normal -0.8466366482003215 -0.5321713877353095 0
    outer loop
      vertex 35.694000244140625 39.98899984359741 15
      vertex 35.89200019836426 39.67399978637695 17.5
      vertex 35.694000244140625 39.98899984359741 17.5
    endloop
  endfacet
  facet normal 0.6879355837187091 -0.7257717496937993 0
    outer loop
      vertex 36.31700038909912 37.83200001716614 14.990000128746033
      vertex 36.31700038909912 37.83200001716614 17.5
      vertex 35.89500045776367 37.431999921798706 17.5
    endloop
  endfacet
  facet normal 0.7822034494269624 -0.623023084407441 0
    outer loop
      vertex 36.680999755859375 38.289000034332275 14.990000128746033
      vertex 36.680999755859375 38.289000034332275 17.5
      vertex 36.31700038909912 37.83200001716614 17.5
    endloop
  endfacet
  facet normal -0.7815376298011081 0.6238581034216565 0
    outer loop
      vertex 36.680999755859375 38.28999996185303 15
      vertex 36.31700038909912 37.83400011062622 17.5
      vertex 36.680999755859375 38.28999996185303 17.5
    endloop
  endfacet
  facet normal 0.8580947860239064 -0.5134913224179998 0
    outer loop
      vertex 36.680999755859375 38.289000034332275 14.990000128746033
      vertex 36.757473945617676 38.4167959690094 17.5
      vertex 36.680999755859375 38.289000034332275 17.5
    endloop
  endfacet
  facet normal -0.8576424052171284 0.5142465408472662 0
    outer loop
      vertex 36.680999755859375 38.28999996185303 15
      vertex 36.680999755859375 38.28999996185303 17.5
      vertex 36.75747871398926 38.4175488948822 17.5
    endloop
  endfacet
  facet normal 0.856890758078852 0.515498039490986 0
    outer loop
      vertex 36.75747871398926 38.4175488948822 15
      vertex 36.75747871398926 38.4175488948822 17.5
      vertex 36.829999923706055 38.29699993133545 17.5
    endloop
  endfacet
  facet normal -0.8573413406514624 -0.5147483128772286 0
    outer loop
      vertex 36.829999923706055 38.2960000038147 14.990000128746033
      vertex 36.829999923706055 38.2960000038147 17.5
      vertex 36.757473945617676 38.4167959690094 17.5
    endloop
  endfacet
  facet normal 0.7882339277340121 0.6153757187028197 0
    outer loop
      vertex 36.829999923706055 38.29699993133545 15
      vertex 36.829999923706055 38.29699993133545 17.5
      vertex 37.18599987030029 37.84100008010864 17.5
    endloop
  endfacet
  facet normal -0.7888872927859141 -0.6145379071146965 0
    outer loop
      vertex 37.18599987030029 37.83899998664856 14.990000128746033
      vertex 37.18599987030029 37.83899998664856 17.5
      vertex 36.829999923706055 38.2960000038147 17.5
    endloop
  endfacet
  facet normal -0.6991772961996318 -0.71494832574038 0
    outer loop
      vertex 37.5939998626709 37.44000005722046 14.990000128746033
      vertex 37.5939998626709 37.44000005722046 17.5
      vertex 37.18599987030029 37.83899998664856 17.5
    endloop
  endfacet
  facet normal 0.7009465064401711 0.7132138494934877 0
    outer loop
      vertex 37.593000411987305 37.44099998474121 15
      vertex 37.18599987030029 37.84100008010864 17.5
      vertex 37.593000411987305 37.44099998474121 17.5
    endloop
  endfacet
  facet normal -0.5891234427687536 -0.8080430490885316 0
    outer loop
      vertex 38.04800033569336 37.10899996757507 14.990000128746033
      vertex 38.04800033569336 37.10899996757507 17.5
      vertex 37.5939998626709 37.44000005722046 17.5
    endloop
  endfacet
  facet normal 0.587113308203665 0.8095047642417853 0
    outer loop
      vertex 38.04800033569336 37.111000061035156 15
      vertex 37.593000411987305 37.44099998474121 17.5
      vertex 38.04800033569336 37.111000061035156 17.5
    endloop
  endfacet
  facet normal 0.8576456573344463 -0.5142411170407959 0
    outer loop
      vertex 36.738521575927734 40.246450901031494 15
      vertex 36.8149995803833 40.37400007247925 17.5
      vertex 36.738521575927734 40.246450901031494 17.5
    endloop
  endfacet
  facet normal 0.8573443207620296 0.5147433493082685 0
    outer loop
      vertex 36.66600036621094 40.36800003051758 14.990000128746033
      vertex 36.66600036621094 40.36800003051758 17.5
      vertex 36.73844909667969 40.24733114242554 17.5
    endloop
  endfacet
  facet normal -0.8576435362996773 0.5142446544626247 0
    outer loop
      vertex 36.73844909667969 40.24733114242554 14.990000128746033
      vertex 36.73844909667969 40.24733114242554 17.5
      vertex 36.8149995803833 40.375 17.5
    endloop
  endfacet
  facet normal -0.856891208434033 -0.5154972908837278 0
    outer loop
      vertex 36.66600036621094 40.367000102996826 15
      vertex 36.738521575927734 40.246450901031494 17.5
      vertex 36.66600036621094 40.367000102996826 17.5
    endloop
  endfacet
  facet normal 0.8997186367819366 0.43647035939139495 0
    outer loop
      vertex 37.55300045013428 39.01599979400635 15
      vertex 37.390000343322754 39.35200023651123 17.5
      vertex 37.55300045013428 39.01599979400635 17.5
    endloop
  endfacet
  facet normal -0.8986652899194093 -0.4386350381513816 0
    outer loop
      vertex 37.388999938964844 39.35200023651123 15
      vertex 37.55300045013428 39.01599979400635 17.5
      vertex 37.388999938964844 39.35200023651123 17.5
    endloop
  endfacet
  facet normal -0.9090645174886265 0.4166553768321856 0
    outer loop
      vertex 37.388999938964844 39.35200023651123 15
      vertex 37.388999938964844 39.35200023651123 17.5
      vertex 37.54300022125244 39.688000202178955 17.5
    endloop
  endfacet
  facet normal 0.9090654947857343 -0.41665324454511116 0
    outer loop
      vertex 37.543999671936035 39.688000202178955 14.990000128746033
      vertex 37.543999671936035 39.688000202178955 17.5
      vertex 37.390000343322754 39.35200023651123 17.5
    endloop
  endfacet
  facet normal 0.8429990875692918 -0.5379149917573794 0
    outer loop
      vertex 37.74499988555908 40.002999782562256 15
      vertex 37.74499988555908 40.002999782562256 17.5
      vertex 37.543999671936035 39.688000202178955 17.5
    endloop
  endfacet
  facet normal -0.8417858124690586 0.5398116763518616 0
    outer loop
      vertex 37.74499988555908 40.002999782562256 15
      vertex 37.54300022125244 39.688000202178955 17.5
      vertex 37.74499988555908 40.002999782562256 17.5
    endloop
  endfacet
  facet normal 0.7607564019701035 -0.6490375157581434 0
    outer loop
      vertex 37.74499988555908 40.002999782562256 15
      vertex 37.98900032043457 40.289000034332275 17.5
      vertex 37.74499988555908 40.002999782562256 17.5
    endloop
  endfacet
  facet normal -0.762071032054597 0.6474934301622229 0
    outer loop
      vertex 37.98799991607666 40.289000034332275 15
      vertex 37.74499988555908 40.002999782562256 17.5
      vertex 37.98799991607666 40.289000034332275 17.5
    endloop
  endfacet
  facet normal 0.6661740618861479 -0.7457962987774281 0
    outer loop
      vertex 38.12104892730713 40.40695095062256 15
      vertex 38.12104892730713 40.40695095062256 17.5
      vertex 37.98900032043457 40.289000034332275 17.5
    endloop
  endfacet
  facet normal -0.6633740037088472 0.7482880001732585 0
    outer loop
      vertex 38.12104892730713 40.40695095062256 15
      vertex 37.98799991607666 40.289000034332275 17.5
      vertex 38.12104892730713 40.40695095062256 17.5
    endloop
  endfacet
  facet normal -0.4500808119314143 -0.8929878289938552 0
    outer loop
      vertex 38.54599952697754 36.85800004005432 14.990000128746033
      vertex 38.54599952697754 36.85800004005432 17.5
      vertex 38.04800033569336 37.10899996757507 17.5
    endloop
  endfacet
  facet normal 0.28178001913479467 0.9594790361526377 0
    outer loop
      vertex 38.54599952697754 36.860000014305115 15
      vertex 38.54599952697754 36.860000014305115 17.5
      vertex 39.08399963378906 36.70200002193451 17.5
    endloop
  endfacet
  facet normal 0.09693254562194088 0.9952909532389262 0
    outer loop
      vertex 39.08399963378906 36.70200002193451 15
      vertex 39.08399963378906 36.70200002193451 17.5
      vertex 39.659000396728516 36.646000027656555 17.5
    endloop
  endfacet
  facet normal -0.28293677931293465 -0.9591385608513631 0
    outer loop
      vertex 39.08500003814697 36.699000000953674 14.990000128746033
      vertex 39.08500003814697 36.699000000953674 17.5
      vertex 38.54599952697754 36.85800004005432 17.5
    endloop
  endfacet
  facet normal -0.09521751811917864 -0.9954564903817864 0
    outer loop
      vertex 39.65999984741211 36.64400005340576 14.990000128746033
      vertex 39.65999984741211 36.64400005340576 17.5
      vertex 39.08500003814697 36.699000000953674 17.5
    endloop
  endfacet
  facet normal 0.08588827206224753 -0.996304775017244 0
    outer loop
      vertex 39.65999984741211 36.64400005340576 14.990000128746033
      vertex 40.239999771118164 36.694000005722046 17.5
      vertex 39.65999984741211 36.64400005340576 17.5
    endloop
  endfacet
  facet normal -0.08774324787792669 0.996143123477662 0
    outer loop
      vertex 40.23799991607666 36.69700002670288 15
      vertex 39.659000396728516 36.646000027656555 17.5
      vertex 40.23799991607666 36.69700002670288 17.5
    endloop
  endfacet
  facet normal 0.26251672616791183 -0.96492744208157 0
    outer loop
      vertex 40.239999771118164 36.694000005722046 14.990000128746033
      vertex 40.784000396728516 36.842000007629395 17.5
      vertex 40.239999771118164 36.694000005722046 17.5
    endloop
  endfacet
  facet normal -0.26086440045707665 0.9653754526473988 0
    outer loop
      vertex 40.23799991607666 36.69700002670288 15
      vertex 40.23799991607666 36.69700002670288 17.5
      vertex 40.781999588012695 36.84399998188019 17.5
    endloop
  endfacet
  facet normal 0.4318430487038845 -0.9019487686593592 0
    outer loop
      vertex 40.784000396728516 36.842000007629395 14.990000128746033
      vertex 41.27899932861328 37.0789999961853 17.5
      vertex 40.784000396728516 36.842000007629395 17.5
    endloop
  endfacet
  facet normal -0.43184187173499494 0.9019493321780421 0
    outer loop
      vertex 40.781999588012695 36.84399998188019 15
      vertex 40.781999588012695 36.84399998188019 17.5
      vertex 41.277000427246094 37.081000089645386 17.5
    endloop
  endfacet
  facet normal -1 0 0
    outer loop
      vertex 39.33199977874756 38.651000022888184 15
      vertex 39.33199977874756 38.65000009536743 17.5
      vertex 39.33199977874756 38.651000022888184 17.5
    endloop
  endfacet
  facet normal 0 -1 0
    outer loop
      vertex 39.33199977874756 38.65000009536743 14.990000128746033
      vertex 39.86400032043457 38.65000009536743 17.5
      vertex 39.33199977874756 38.65000009536743 17.5
    endloop
  endfacet
  facet normal 0 1 0
    outer loop
      vertex 39.33199977874756 38.651000022888184 15
      vertex 39.33199977874756 38.651000022888184 17.5
      vertex 39.862000465393066 38.651000022888184 17.5
    endloop
  endfacet
  facet normal 1 0 0
    outer loop
      vertex 39.86400032043457 39.15000009536743 15
      vertex 39.86400032043457 39.15000009536743 17.5
      vertex 39.86400032043457 38.65000009536743 17.5
    endloop
  endfacet
  facet normal -1 0 0
    outer loop
      vertex 39.862000465393066 39.15000009536743 15
      vertex 39.862000465393066 38.651000022888184 17.5
      vertex 39.862000465393066 39.15000009536743 17.5
    endloop
  endfacet
  facet normal 0 1 0
    outer loop
      vertex 39.862000465393066 39.15000009536743 15
      vertex 39.862000465393066 39.15000009536743 17.5
      vertex 39.86400032043457 39.15000009536743 17.5
    endloop
  endfacet
  facet normal 0 -1 0
    outer loop
      vertex 39.86400032043457 39.682000160217285 15
      vertex 39.86400032043457 39.682000160217285 17.5
      vertex 39.862000465393066 39.682000160217285 17.5
    endloop
  endfacet
  facet normal 1 0 0
    outer loop
      vertex 39.86400032043457 39.682000160217285 15
      vertex 39.86400032043457 40.18100023269653 17.5
      vertex 39.86400032043457 39.682000160217285 17.5
    endloop
  endfacet
  facet normal -1 0 0
    outer loop
      vertex 39.862000465393066 39.682000160217285 15
      vertex 39.862000465393066 39.682000160217285 17.5
      vertex 39.862000465393066 40.18100023269653 17.5
    endloop
  endfacet
  facet normal 0 1 0
    outer loop
      vertex 39.862000465393066 40.18100023269653 15
      vertex 39.862000465393066 40.18100023269653 17.5
      vertex 39.86400032043457 40.18100023269653 17.5
    endloop
  endfacet
  facet normal 0.5910413933163874 -0.8066412284198121 0
    outer loop
      vertex 41.71299934387207 37.3970000743866 14.990000128746033
      vertex 41.71299934387207 37.3970000743866 17.5
      vertex 41.27899932861328 37.0789999961853 17.5
    endloop
  endfacet
  facet normal -0.5898298490864385 0.8075275531687256 0
    outer loop
      vertex 41.71100044250488 37.39800000190735 15
      vertex 41.277000427246094 37.081000089645386 17.5
      vertex 41.71100044250488 37.39800000190735 17.5
    endloop
  endfacet
  facet normal -0.7365310680573706 0.6764037150890502 0
    outer loop
      vertex 41.71100044250488 37.39800000190735 15
      vertex 41.71100044250488 37.39800000190735 17.5
      vertex 42.07099914550781 37.78999996185303 17.5
    endloop
  endfacet
  facet normal 0.7365292826728833 -0.676405659176036 0
    outer loop
      vertex 42.07299995422363 37.789000034332275 14.990000128746033
      vertex 42.07299995422363 37.789000034332275 17.5
      vertex 41.71299934387207 37.3970000743866 17.5
    endloop
  endfacet
  facet normal 0.8594685342760049 -0.5111886526415232 0
    outer loop
      vertex 42.07299995422363 37.789000034332275 14.990000128746033
      vertex 42.34600067138672 38.24799990653992 17.5
      vertex 42.07299995422363 37.789000034332275 17.5
    endloop
  endfacet
  facet normal -0.8594686509353869 0.5111884565004436 0
    outer loop
      vertex 42.3439998626709 38.24900007247925 15
      vertex 42.07099914550781 37.78999996185303 17.5
      vertex 42.3439998626709 38.24900007247925 17.5
    endloop
  endfacet
  facet normal 0.9294926875999564 -0.36884053966207403 0
    outer loop
      vertex 42.34600067138672 38.24799990653992 14.990000128746033
      vertex 42.44599914550781 38.5 17.5
      vertex 42.34600067138672 38.24799990653992 17.5
    endloop
  endfacet
  facet normal -0.9294901560425329 0.3688469192226336 0
    outer loop
      vertex 42.3439998626709 38.24900007247925 15
      vertex 42.3439998626709 38.24900007247925 17.5
      vertex 42.444000244140625 38.50099992752075 17.5
    endloop
  endfacet
  facet normal 0.9643443424537906 -0.26465069275814534 0
    outer loop
      vertex 42.44599914550781 38.5 14.990000128746033
      vertex 42.518999099731445 38.76600003242493 17.5
      vertex 42.44599914550781 38.5 17.5
    endloop
  endfacet
  facet normal -0.9640891035756328 0.26557899082331893 0
    outer loop
      vertex 42.444000244140625 38.50099992752075 15
      vertex 42.444000244140625 38.50099992752075 17.5
      vertex 42.51700019836426 38.76600003242493 17.5
    endloop
  endfacet
  facet normal 0 -1 0
    outer loop
      vertex 40.387999534606934 39.15000009536743 15
      vertex 40.390000343322754 39.15000009536743 17.5
      vertex 40.387999534606934 39.15000009536743 17.5
    endloop
  endfacet
  facet normal 1 0 0
    outer loop
      vertex 40.390000343322754 39.15000009536743 14.990000128746033
      vertex 40.390000343322754 39.682000160217285 17.5
      vertex 40.390000343322754 39.15000009536743 17.5
    endloop
  endfacet
  facet normal -1 0 0
    outer loop
      vertex 40.387999534606934 39.682000160217285 15
      vertex 40.387999534606934 39.15000009536743 17.5
      vertex 40.387999534606934 39.682000160217285 17.5
    endloop
  endfacet
  facet normal 0 1 0
    outer loop
      vertex 40.387999534606934 39.682000160217285 15
      vertex 40.387999534606934 39.682000160217285 17.5
      vertex 40.390000343322754 39.682000160217285 17.5
    endloop
  endfacet
  facet normal -0.9670747618218253 -0.254492445953234 0
    outer loop
      vertex 42.44899940490723 40.1710000038147 17.5
      vertex 42.518999099731445 39.90500020980835 15
      vertex 42.518999099731445 39.90500020980835 17.5
    endloop
  endfacet
  facet normal 0.9659325280015593 0.2587940326756339 0
    outer loop
      vertex 42.45100021362305 40.1710000038147 14.990000128746033
      vertex 42.45100021362305 40.1710000038147 17.5
      vertex 42.52199935913086 39.9060001373291 17.5
    endloop
  endfacet
  facet normal 0.9349543396372819 0.3547680690161026 0
    outer loop
      vertex 42.45100021362305 40.1710000038147 14.990000128746033
      vertex 42.35499954223633 40.42399978637695 17.5
      vertex 42.45100021362305 40.1710000038147 17.5
    endloop
  endfacet
  facet normal -0.9344891915403625 -0.35599150396356344 0
    outer loop
      vertex 42.44899940490723 40.1710000038147 15
      vertex 42.44899940490723 40.1710000038147 17.5
      vertex 42.35300064086914 40.4229998588562 17.5
    endloop
  endfacet
  facet normal 0.9872410822096118 -0.15923267754325585 0
    outer loop
      vertex 42.518999099731445 38.76600003242493 14.990000128746033
      vertex 42.56399917602539 39.045000076293945 14.990000128746033
      vertex 42.518999099731445 38.76600003242493 17.5
    endloop
  endfacet
  facet normal -0.9872410822096118 0.15923267754325585 0
    outer loop
      vertex 42.51700019836426 38.76600003242493 15
      vertex 42.5620002746582 39.045000076293945 17.5
      vertex 42.5620002746582 39.045000076293945 15
    endloop
  endfacet
  facet normal 0.9984917216774146 -0.05490247482283662 0
    outer loop
      vertex 42.56399917602539 39.045000076293945 14.990000128746033
      vertex 42.579999923706055 39.335999965667725 14.990000128746033
      vertex 42.56399917602539 39.045000076293945 17.5
    endloop
  endfacet
  facet normal -0.998674233006688 0.051475978169466315 0
    outer loop
      vertex 42.5620002746582 39.045000076293945 15
      vertex 42.5620002746582 39.045000076293945 17.5
      vertex 42.57699966430664 39.335999965667725 15
    endloop
  endfacet
  facet normal 0.998674233006688 0.051475978169466315 0
    outer loop
      vertex 42.579999923706055 39.335999965667725 14.990000128746033
      vertex 42.56500053405762 39.626999855041504 14.990000128746033
      vertex 42.579999923706055 39.335999965667725 17.5
    endloop
  endfacet
  facet normal -0.9988367632567573 -0.048219501934016244 0
    outer loop
      vertex 42.57699966430664 39.335999965667725 15
      vertex 42.5629997253418 39.62599992752075 17.5
      vertex 42.5629997253418 39.62599992752075 15
    endloop
  endfacet
  facet normal 0.9883301057709126 0.1523272858907974 0
    outer loop
      vertex 42.56500053405762 39.626999855041504 14.990000128746033
      vertex 42.52199935913086 39.9060001373291 14.990000128746033
      vertex 42.52199935913086 39.9060001373291 17.5
    endloop
  endfacet
  facet normal -0.987791338543191 -0.15578277022524378 0
    outer loop
      vertex 42.5629997253418 39.62599992752075 15
      vertex 42.518999099731445 39.90500020980835 17.5
      vertex 42.518999099731445 39.90500020980835 15
    endloop
  endfacet
  facet normal -0.9872410822096118 0.15923267754325585 0
    outer loop
      vertex 42.51700019836426 38.76600003242493 15
      vertex 42.51700019836426 38.76600003242493 17.5
      vertex 42.5620002746582 39.045000076293945 17.5
    endloop
  endfacet
  facet normal 0.9872410822096118 -0.15923267754325585 0
    outer loop
      vertex 42.56399917602539 39.045000076293945 14.990000128746033
      vertex 42.56399917602539 39.045000076293945 17.5
      vertex 42.518999099731445 38.76600003242493 17.5
    endloop
  endfacet
  facet normal 0.9984917216774146 -0.05490247482283662 0
    outer loop
      vertex 42.579999923706055 39.335999965667725 14.990000128746033
      vertex 42.579999923706055 39.335999965667725 17.5
      vertex 42.56399917602539 39.045000076293945 17.5
    endloop
  endfacet
  facet normal -0.998674233006688 0.051475978169466315 0
    outer loop
      vertex 42.57699966430664 39.335999965667725 15
      vertex 42.5620002746582 39.045000076293945 17.5
      vertex 42.57699966430664 39.335999965667725 17.5
    endloop
  endfacet
  facet normal -0.9988367632567573 -0.048219501934016244 0
    outer loop
      vertex 42.57699966430664 39.335999965667725 15
      vertex 42.57699966430664 39.335999965667725 17.5
      vertex 42.5629997253418 39.62599992752075 17.5
    endloop
  endfacet
  facet normal 0.998674233006688 0.051475978169466315 0
    outer loop
      vertex 42.56500053405762 39.626999855041504 14.990000128746033
      vertex 42.56500053405762 39.626999855041504 17.5
      vertex 42.579999923706055 39.335999965667725 17.5
    endloop
  endfacet
  facet normal 0.9883301057709126 0.1523272858907974 0
    outer loop
      vertex 42.56500053405762 39.626999855041504 14.990000128746033
      vertex 42.52199935913086 39.9060001373291 17.5
      vertex 42.56500053405762 39.626999855041504 17.5
    endloop
  endfacet
  facet normal -0.987791338543191 -0.15578277022524378 0
    outer loop
      vertex 42.5629997253418 39.62599992752075 15
      vertex 42.5629997253418 39.62599992752075 17.5
      vertex 42.518999099731445 39.90500020980835 17.5
    endloop
  endfacet
  facet normal -0.08958541189362601 -0.9959791433437998 0
    outer loop
      vertex 33.84711742401123 41.02299976348877 15
      vertex 34.21399974822998 40.989999771118164 14.990000128746033
      vertex 34.21399974822998 40.989999771118164 15
    endloop
  endfacet
  facet normal -0.2725275654625239 -0.9621479751384763 0
    outer loop
      vertex 34.224002838134766 40.98716640472412 15
      vertex 34.21399974822998 40.989999771118164 15
      vertex 34.21399974822998 40.989999771118164 14.990000128746033
    endloop
  endfacet
  facet normal -0.272559822343092 -0.9621388371900038 0.00003485641201081135
    outer loop
      vertex 34.224002838134766 40.98716640472412 15
      vertex 34.21399974822998 40.989999771118164 14.990000128746033
      vertex 34.56700038909912 40.889999866485596 14.990000128746033
    endloop
  endfacet
  facet normal -0.2725607632308424 -0.9621385712811957 0
    outer loop
      vertex 34.224002838134766 40.98716640472412 15
      vertex 34.56700038909912 40.889999866485596 14.990000128746033
      vertex 34.56700038909912 40.889999866485596 15
    endloop
  endfacet
  facet normal 0 0 -1
    outer loop
      vertex 34.21399974822998 40.989999771118164 14.990000128746033
      vertex 34.41100025177002 41.96500015258789 14.990000128746033
      vertex 34.56700038909912 40.889999866485596 14.990000128746033
    endloop
  endfacet
  facet normal 0 0 1
    outer loop
      vertex 34.224002838134766 40.98716640472412 15
      vertex 34.41199970245361 41.96199989318848 15
      vertex 34.21399974822998 40.989999771118164 15
    endloop
  endfacet
  facet normal 0 0 1
    outer loop
      vertex 34.224002838134766 40.98716640472412 15
      vertex 34.56700038909912 40.889999866485596 15
      vertex 34.41199970245361 41.96199989318848 15
    endloop
  endfacet
  facet normal -0.432839664857273 -0.9014709227292047 0
    outer loop
      vertex 34.570603370666504 40.888269901275635 15
      vertex 34.56700038909912 40.889999866485596 15
      vertex 34.56700038909912 40.889999866485596 14.990000128746033
    endloop
  endfacet
  facet normal -0.4328206059734403 -0.9014800734413423 0.000015263557403212274
    outer loop
      vertex 34.570603370666504 40.888269901275635 15
      vertex 34.89400005340576 40.73299980163574 14.990000128746033
      vertex 34.89257621765137 40.733683586120605 15
    endloop
  endfacet
  facet normal -0.4328211953364784 -0.9014797905668471 -0.000008188744785866925
    outer loop
      vertex 34.570603370666504 40.888269901275635 15
      vertex 34.56700038909912 40.889999866485596 14.990000128746033
      vertex 34.89400005340576 40.73299980163574 14.990000128746033
    endloop
  endfacet
  facet normal -0.569209842464348 -0.8221922860509652 0
    outer loop
      vertex 34.89400005340576 40.73299980163574 15
      vertex 34.89400005340576 40.73299980163574 14.990000128746033
      vertex 35.192999839782715 40.526000022888184 15
    endloop
  endfacet
  facet normal -0.4329077168865416 -0.9014382445071222 0
    outer loop
      vertex 34.89257621765137 40.733683586120605 15
      vertex 34.89400005340576 40.73299980163574 14.990000128746033
      vertex 34.89400005340576 40.73299980163574 15
    endloop
  endfacet
  facet normal 0 0 1
    outer loop
      vertex 34.570603370666504 40.888269901275635 15
      vertex 34.94999980926514 41.80399990081787 15
      vertex 34.56700038909912 40.889999866485596 15
    endloop
  endfacet
  facet normal 0 0 -1
    outer loop
      vertex 34.56700038909912 40.889999866485596 14.990000128746033
      vertex 34.94999980926514 41.80600023269653 14.990000128746033
      vertex 34.89400005340576 40.73299980163574 14.990000128746033
    endloop
  endfacet
  facet normal 0 0 1
    outer loop
      vertex 34.570603370666504 40.888269901275635 15
      vertex 34.89257621765137 40.733683586120605 15
      vertex 34.94999980926514 41.80399990081787 15
    endloop
  endfacet
  facet normal 0 0 -1
    outer loop
      vertex 33.83600044250488 42.019999980926514 14.990000128746033
      vertex 34.41100025177002 41.96500015258789 14.990000128746033
      vertex 34.21399974822998 40.989999771118164 14.990000128746033
    endloop
  endfacet
  facet normal 0 0 1
    outer loop
      vertex 33.83699989318848 42.01800012588501 15
      vertex 34.21399974822998 40.989999771118164 15
      vertex 34.41199970245361 41.96199989318848 15
    endloop
  endfacet
  facet normal 0 0 -1
    outer loop
      vertex 34.56700038909912 40.889999866485596 14.990000128746033
      vertex 34.41100025177002 41.96500015258789 14.990000128746033
      vertex 34.94999980926514 41.80600023269653 14.990000128746033
    endloop
  endfacet
  facet normal 0 0 1
    outer loop
      vertex 34.56700038909912 40.889999866485596 15
      vertex 34.94999980926514 41.80399990081787 15
      vertex 34.41199970245361 41.96199989318848 15
    endloop
  endfacet
  facet normal -0.569209842464348 -0.8221922860509652 0
    outer loop
      vertex 34.89400005340576 40.73299980163574 14.990000128746033
      vertex 35.192999839782715 40.526000022888184 14.990000128746033
      vertex 35.192999839782715 40.526000022888184 15
    endloop
  endfacet
  facet normal 0 0 -1
    outer loop
      vertex 35.46000003814697 40.27500009536743 14.990000128746033
      vertex 35.192999839782715 40.526000022888184 14.990000128746033
      vertex 35.90299987792969 41.22499990463257 14.990000128746033
    endloop
  endfacet
  facet normal 0 0 1
    outer loop
      vertex 35.46000003814697 40.27500009536743 15
      vertex 35.90299987792969 41.223000049591064 15
      vertex 35.192999839782715 40.526000022888184 15
    endloop
  endfacet
  facet normal 0 0 -1
    outer loop
      vertex 34.89400005340576 40.73299980163574 14.990000128746033
      vertex 35.44799995422363 41.55600023269653 14.990000128746033
      vertex 35.192999839782715 40.526000022888184 14.990000128746033
    endloop
  endfacet
  facet normal 0 0 1
    outer loop
      vertex 34.89257621765137 40.733683586120605 15
      vertex 34.89400005340576 40.73299980163574 15
      vertex 35.44900035858154 41.55399990081787 15
    endloop
  endfacet
  facet normal 0 0 1
    outer loop
      vertex 34.89400005340576 40.73299980163574 15
      vertex 35.192999839782715 40.526000022888184 15
      vertex 35.44900035858154 41.55399990081787 15
    endloop
  endfacet
  facet normal 0 0 -1
    outer loop
      vertex 35.192999839782715 40.526000022888184 14.990000128746033
      vertex 35.44799995422363 41.55600023269653 14.990000128746033
      vertex 35.90299987792969 41.22499990463257 14.990000128746033
    endloop
  endfacet
  facet normal 0 0 1
    outer loop
      vertex 35.192999839782715 40.526000022888184 15
      vertex 35.90299987792969 41.223000049591064 15
      vertex 35.44900035858154 41.55399990081787 15
    endloop
  endfacet
  facet normal 0 0 -1
    outer loop
      vertex 35.46000003814697 40.27500009536743 14.990000128746033
      vertex 35.90299987792969 41.22499990463257 14.990000128746033
      vertex 36.3100004196167 40.82499980926514 14.990000128746033
    endloop
  endfacet
  facet normal 0 0 1
    outer loop
      vertex 35.46000003814697 40.27500009536743 15
      vertex 36.3100004196167 40.82299995422363 15
      vertex 35.90299987792969 41.223000049591064 15
    endloop
  endfacet
  facet normal 0 0 -1
    outer loop
      vertex 34.89400005340576 40.73299980163574 14.990000128746033
      vertex 34.94999980926514 41.80600023269653 14.990000128746033
      vertex 35.44799995422363 41.55600023269653 14.990000128746033
    endloop
  endfacet
  facet normal 0 0 1
    outer loop
      vertex 34.89257621765137 40.733683586120605 15
      vertex 35.44900035858154 41.55399990081787 15
      vertex 34.94999980926514 41.80399990081787 15
    endloop
  endfacet
  facet normal 0 0 -1
    outer loop
      vertex 37.98900032043457 40.289000034332275 14.990000128746033
      vertex 37.17899990081787 40.83199977874756 14.990000128746033
      vertex 37.60099983215332 41.23199987411499 14.990000128746033
    endloop
  endfacet
  facet normal 0 0 1
    outer loop
      vertex 37.98799991607666 40.289000034332275 15
      vertex 37.60000038146973 41.230000019073486 15
      vertex 37.17899990081787 40.83099985122681 15
    endloop
  endfacet
  facet normal 0 0 -1
    outer loop
      vertex 37.98900032043457 40.289000034332275 14.990000128746033
      vertex 37.60099983215332 41.23199987411499 14.990000128746033
      vertex 38.27000045776367 40.53999996185303 14.990000128746033
    endloop
  endfacet
  facet normal 0 0 1
    outer loop
      vertex 37.98799991607666 40.289000034332275 15
      vertex 38.12104892730713 40.40695095062256 15
      vertex 37.60000038146973 41.230000019073486 15
    endloop
  endfacet
  facet normal 0 0 1
    outer loop
      vertex 38.12104892730713 40.40695095062256 15
      vertex 38.265764236450195 40.536216735839844 15
      vertex 37.60000038146973 41.230000019073486 15
    endloop
  endfacet
  facet normal 0 0 1
    outer loop
      vertex 37.60000038146973 41.230000019073486 15
      vertex 38.265764236450195 40.536216735839844 15
      vertex 38.27000045776367 40.53999996185303 15
    endloop
  endfacet
  facet normal 0 0 -1
    outer loop
      vertex 37.60099983215332 41.23199987411499 14.990000128746033
      vertex 38.07199954986572 41.563000202178955 14.990000128746033
      vertex 38.27000045776367 40.53999996185303 14.990000128746033
    endloop
  endfacet
  facet normal 0 0 1
    outer loop
      vertex 37.60000038146973 41.230000019073486 15
      vertex 38.27000045776367 40.53999996185303 15
      vertex 38.07199954986572 41.56099987030029 15
    endloop
  endfacet
  facet normal 0.6661025207529632 -0.7458601959124432 0
    outer loop
      vertex 38.265764236450195 40.536216735839844 15
      vertex 38.27000045776367 40.53999996185303 14.990000128746033
      vertex 38.27000045776367 40.53999996185303 15
    endloop
  endfacet
  facet normal 0.5491784510040205 -0.8357051088469094 0
    outer loop
      vertex 38.27000045776367 40.53999996185303 14.990000128746033
      vertex 38.57998561859131 40.7437047958374 15
      vertex 38.27000045776367 40.53999996185303 15
    endloop
  endfacet
  facet normal 0.5491788710658012 -0.8357048325976775 -0.00001864886235127687
    outer loop
      vertex 38.27000045776367 40.53999996185303 14.990000128746033
      vertex 38.58500003814697 40.747000217437744 14.990000128746033
      vertex 38.57998561859131 40.7437047958374 15
    endloop
  endfacet
  facet normal 0.5492048439513979 -0.8356877642877876 0
    outer loop
      vertex 38.57998561859131 40.7437047958374 15
      vertex 38.58500003814697 40.747000217437744 14.990000128746033
      vertex 38.58500003814697 40.747000217437744 15
    endloop
  endfacet
  facet normal 0.41519666270146804 -0.9097316809266144 0
    outer loop
      vertex 38.58500003814697 40.747000217437744 14.990000128746033
      vertex 38.92509841918945 40.90221929550171 15
      vertex 38.58500003814697 40.747000217437744 15
    endloop
  endfacet
  facet normal 0 0 -1
    outer loop
      vertex 38.07199954986572 41.563000202178955 14.990000128746033
      vertex 38.58500003814697 40.747000217437744 14.990000128746033
      vertex 38.27000045776367 40.53999996185303 14.990000128746033
    endloop
  endfacet
  facet normal 0 0 1
    outer loop
      vertex 38.07199954986572 41.56099987030029 15
      vertex 38.27000045776367 40.53999996185303 15
      vertex 38.57998561859131 40.7437047958374 15
    endloop
  endfacet
  facet normal 0 0 1
    outer loop
      vertex 38.07199954986572 41.56099987030029 15
      vertex 38.57998561859131 40.7437047958374 15
      vertex 38.58500003814697 40.747000217437744 15
    endloop
  endfacet
  facet normal 0 0 -1
    outer loop
      vertex 38.58500003814697 40.747000217437744 14.990000128746033
      vertex 38.58699989318848 41.813000202178955 14.990000128746033
      vertex 38.92899990081787 40.90399980545044 14.990000128746033
    endloop
  endfacet
  facet normal 0 0 1
    outer loop
      vertex 38.58500003814697 40.747000217437744 15
      vertex 38.92509841918945 40.90221929550171 15
      vertex 38.58600044250488 41.81099987030029 15
    endloop
  endfacet
  facet normal 0.41519643209865154 -0.909731786123119 0.000009475736898866854
    outer loop
      vertex 38.58500003814697 40.747000217437744 14.990000128746033
      vertex 38.92899990081787 40.90399980545044 14.990000128746033
      vertex 38.92509841918945 40.90221929550171 15
    endloop
  endfacet
  facet normal 0.4151763314190559 -0.9097409597404165 0
    outer loop
      vertex 38.92509841918945 40.90221929550171 15
      vertex 38.92899990081787 40.90399980545044 14.990000128746033
      vertex 38.92899990081787 40.90399980545044 15
    endloop
  endfacet
  facet normal 0 0 1
    outer loop
      vertex 38.92509841918945 40.90221929550171 15
      vertex 38.92899990081787 40.90399980545044 15
      vertex 38.58600044250488 41.81099987030029 15
    endloop
  endfacet
  facet normal 0 0 -1
    outer loop
      vertex 38.92899990081787 40.90399980545044 14.990000128746033
      vertex 38.58699989318848 41.813000202178955 14.990000128746033
      vertex 39.29800033569336 41.004000186920166 14.990000128746033
    endloop
  endfacet
  facet normal 0 0 1
    outer loop
      vertex 38.92899990081787 40.90399980545044 15
      vertex 39.29800033569336 41.004000186920166 15
      vertex 38.58600044250488 41.81099987030029 15
    endloop
  endfacet
  facet normal 0.2615684228017387 -0.9651849357470365 0
    outer loop
      vertex 38.92899990081787 40.90399980545044 14.990000128746033
      vertex 39.29800033569336 41.004000186920166 14.990000128746033
      vertex 39.29800033569336 41.004000186920166 15
    endloop
  endfacet
  facet normal 0.2615684228017387 -0.9651849357470365 0
    outer loop
      vertex 38.92899990081787 40.90399980545044 14.990000128746033
      vertex 39.29800033569336 41.004000186920166 15
      vertex 38.92899990081787 40.90399980545044 15
    endloop
  endfacet
  facet normal 0.09008535229606231 -0.9959340477549374 -0.00004271019148285606
    outer loop
      vertex 39.29800033569336 41.004000186920166 14.990000128746033
      vertex 39.331000328063965 41.00698471069336 15
      vertex 39.30618667602539 41.0047402381897 15
    endloop
  endfacet
  facet normal 0.09003360356990674 -0.995938728149587 0
    outer loop
      vertex 39.29800033569336 41.004000186920166 14.990000128746033
      vertex 39.30618667602539 41.0047402381897 15
      vertex 39.29800033569336 41.004000186920166 15
    endloop
  endfacet
  facet normal 0 0 1
    outer loop
      vertex 39.13599967956543 41.96999979019165 15
      vertex 39.331000328063965 41.00698471069336 15
      vertex 39.33199977874756 41.00707483291626 15
    endloop
  endfacet
  facet normal 0 0 1
    outer loop
      vertex 39.13599967956543 41.96999979019165 15
      vertex 39.33199977874756 41.00707483291626 15
      vertex 39.33600044250488 41.007436752319336 15
    endloop
  endfacet
  facet normal 0 0 1
    outer loop
      vertex 39.29800033569336 41.004000186920166 15
      vertex 39.30618667602539 41.0047402381897 15
      vertex 39.13599967956543 41.96999979019165 15
    endloop
  endfacet
  facet normal 0 0 1
    outer loop
      vertex 39.30618667602539 41.0047402381897 15
      vertex 39.331000328063965 41.00698471069336 15
      vertex 39.13599967956543 41.96999979019165 15
    endloop
  endfacet
  facet normal 0 0 -1
    outer loop
      vertex 38.07199954986572 41.563000202178955 14.990000128746033
      vertex 38.58699989318848 41.813000202178955 14.990000128746033
      vertex 38.58500003814697 40.747000217437744 14.990000128746033
    endloop
  endfacet
  facet normal 0 0 1
    outer loop
      vertex 38.07199954986572 41.56099987030029 15
      vertex 38.58500003814697 40.747000217437744 15
      vertex 38.58600044250488 41.81099987030029 15
    endloop
  endfacet
  facet normal 0 0 -1
    outer loop
      vertex 39.29800033569336 41.004000186920166 14.990000128746033
      vertex 38.58699989318848 41.813000202178955 14.990000128746033
      vertex 39.13700008392334 41.97200012207031 14.990000128746033
    endloop
  endfacet
  facet normal 0 0 1
    outer loop
      vertex 39.29800033569336 41.004000186920166 15
      vertex 39.13599967956543 41.96999979019165 15
      vertex 38.58600044250488 41.81099987030029 15
    endloop
  endfacet
  facet normal 0.09007125785958345 -0.9959353233831364 -0.000012054871486465902
    outer loop
      vertex 39.29800033569336 41.004000186920166 14.990000128746033
      vertex 39.6850004196167 41.039000034332275 14.990000128746033
      vertex 39.33600044250488 41.007436752319336 15
    endloop
  endfacet
  facet normal 0.0900969182597713 -0.995932996310252 -0.00011036564581075782
    outer loop
      vertex 39.29800033569336 41.004000186920166 14.990000128746033
      vertex 39.33600044250488 41.007436752319336 15
      vertex 39.33199977874756 41.00707483291626 15
    endloop
  endfacet
  facet normal 0.08980735047660052 -0.9959587650738343 0.0008820844495923483
    outer loop
      vertex 39.29800033569336 41.004000186920166 14.990000128746033
      vertex 39.33199977874756 41.00707483291626 15
      vertex 39.331000328063965 41.00698471069336 15
    endloop
  endfacet
  facet normal 0.09007216195025618 -0.9959352414947856 0.000019756766995286102
    outer loop
      vertex 39.33600044250488 41.007436752319336 15
      vertex 39.6850004196167 41.039000034332275 14.990000128746033
      vertex 39.662885665893555 41.03700017929077 15
    endloop
  endfacet
  facet normal 0 0 -1
    outer loop
      vertex 39.29800033569336 41.004000186920166 14.990000128746033
      vertex 39.13700008392334 41.97200012207031 14.990000128746033
      vertex 39.6850004196167 41.039000034332275 14.990000128746033
    endloop
  endfacet
  facet normal 0 0 1
    outer loop
      vertex 39.13599967956543 41.96999979019165 15
      vertex 39.33600044250488 41.007436752319336 15
      vertex 39.662885665893555 41.03700017929077 15
    endloop
  endfacet
  facet normal -0.08261509599876354 -0.9965815299879459 0
    outer loop
      vertex 39.6850004196167 41.039000034332275 14.990000128746033
      vertex 39.70912456512451 41.03700017929077 15
      vertex 39.6850004196167 41.039000034332275 15
    endloop
  endfacet
  facet normal 0.09006330080118574 -0.9959360430513573 0
    outer loop
      vertex 39.6850004196167 41.039000034332275 14.990000128746033
      vertex 39.6850004196167 41.039000034332275 15
      vertex 39.662885665893555 41.03700017929077 15
    endloop
  endfacet
  facet normal -0.08261946469162602 -0.996581167763801 0.000010611674428655217
    outer loop
      vertex 39.6850004196167 41.039000034332275 14.990000128746033
      vertex 39.862000465393066 41.02432632446289 15
      vertex 39.70912456512451 41.03700017929077 15
    endloop
  endfacet
  facet normal -0.08269143456636786 -0.9965743579636402 0.0012944878193900191
    outer loop
      vertex 39.6850004196167 41.039000034332275 14.990000128746033
      vertex 39.86400032043457 41.024160385131836 15
      vertex 39.862000465393066 41.02432632446289 15
    endloop
  endfacet
  facet normal -0.08261837140824801 -0.9965812581766494 -0.000023598630185862857
    outer loop
      vertex 39.6850004196167 41.039000034332275 14.990000128746033
      vertex 40.07100009918213 41.00699996948242 14.990000128746033
      vertex 39.86400032043457 41.024160385131836 15
    endloop
  endfacet
  facet normal -0.08261646022502556 -0.9965814167624721 0.00001623547294524778
    outer loop
      vertex 39.86400032043457 41.024160385131836 15
      vertex 40.07100009918213 41.00699996948242 14.990000128746033
      vertex 40.0565071105957 41.008201599121094 15
    endloop
  endfacet
  facet normal -0.08262758591091164 -0.9965804945143842 0
    outer loop
      vertex 40.07100009918213 41.00699996948242 14.990000128746033
      vertex 40.07100009918213 41.00699996948242 15
      vertex 40.0565071105957 41.008201599121094 15
    endloop
  endfacet
  facet normal 0 0 1
    outer loop
      vertex 39.86400032043457 41.024160385131836 15
      vertex 40.0565071105957 41.008201599121094 15
      vertex 40.29300022125244 41.973999977111816 15
    endloop
  endfacet
  facet normal -0.2507750206554536 -0.968045396154156 0
    outer loop
      vertex 40.07100009918213 41.00699996948242 14.990000128746033
      vertex 40.420268058776855 40.916521072387695 15
      vertex 40.07100009918213 41.00699996948242 15
    endloop
  endfacet
  facet normal -0.25077469432206806 -0.9680454806153252 -0.000012162131498341594
    outer loop
      vertex 40.07100009918213 41.00699996948242 14.990000128746033
      vertex 40.43000030517578 40.914000034332275 14.990000128746033
      vertex 40.420268058776855 40.916521072387695 15
    endloop
  endfacet
  facet normal 0 0 1
    outer loop
      vertex 40.07100009918213 41.00699996948242 15
      vertex 40.29300022125244 41.973999977111816 15
      vertex 40.0565071105957 41.008201599121094 15
    endloop
  endfacet
  facet normal 0 0 -1
    outer loop
      vertex 40.07100009918213 41.00699996948242 14.990000128746033
      vertex 40.293999671936035 41.97700023651123 14.990000128746033
      vertex 40.43000030517578 40.914000034332275 14.990000128746033
    endloop
  endfacet
  facet normal 0 0 1
    outer loop
      vertex 40.07100009918213 41.00699996948242 15
      vertex 40.420268058776855 40.916521072387695 15
      vertex 40.29300022125244 41.973999977111816 15
    endloop
  endfacet
  facet normal 0 0 -1
    outer loop
      vertex 39.13700008392334 41.97200012207031 14.990000128746033
      vertex 39.718000411987305 42.02799987792969 14.990000128746033
      vertex 39.6850004196167 41.039000034332275 14.990000128746033
    endloop
  endfacet
  facet normal 0 0 1
    outer loop
      vertex 39.13599967956543 41.96999979019165 15
      vertex 39.662885665893555 41.03700017929077 15
      vertex 39.715999603271484 42.02500009536743 15
    endloop
  endfacet
  facet normal 0 0 1
    outer loop
      vertex 39.70912456512451 41.03700017929077 15
      vertex 39.715999603271484 42.02500009536743 15
      vertex 39.6850004196167 41.039000034332275 15
    endloop
  endfacet
  facet normal 0 0 1
    outer loop
      vertex 39.6850004196167 41.039000034332275 15
      vertex 39.715999603271484 42.02500009536743 15
      vertex 39.662885665893555 41.03700017929077 15
    endloop
  endfacet
  facet normal 0 0 -1
    outer loop
      vertex 39.6850004196167 41.039000034332275 14.990000128746033
      vertex 39.718000411987305 42.02799987792969 14.990000128746033
      vertex 40.07100009918213 41.00699996948242 14.990000128746033
    endloop
  endfacet
  facet normal 0 0 1
    outer loop
      vertex 39.70912456512451 41.03700017929077 15
      vertex 39.862000465393066 41.02432632446289 15
      vertex 39.715999603271484 42.02500009536743 15
    endloop
  endfacet
  facet normal 0 0 1
    outer loop
      vertex 39.86400032043457 41.024160385131836 15
      vertex 39.715999603271484 42.02500009536743 15
      vertex 39.862000465393066 41.02432632446289 15
    endloop
  endfacet
  facet normal 0 0 1
    outer loop
      vertex 39.86400032043457 41.024160385131836 15
      vertex 40.29300022125244 41.973999977111816 15
      vertex 39.715999603271484 42.02500009536743 15
    endloop
  endfacet
  facet normal 0 0 -1
    outer loop
      vertex 40.07100009918213 41.00699996948242 14.990000128746033
      vertex 39.718000411987305 42.02799987792969 14.990000128746033
      vertex 40.293999671936035 41.97700023651123 14.990000128746033
    endloop
  endfacet
  facet normal -0.2507629835943126 -0.9680485143105578 0
    outer loop
      vertex 40.43000030517578 40.914000034332275 15
      vertex 40.420268058776855 40.916521072387695 15
      vertex 40.43000030517578 40.914000034332275 14.990000128746033
    endloop
  endfacet
  facet normal -0.41443583176255705 -0.9100785358150567 0
    outer loop
      vertex 40.43000030517578 40.914000034332275 15
      vertex 40.43000030517578 40.914000034332275 14.990000128746033
      vertex 40.74528884887695 40.77042245864868 15
    endloop
  endfacet
  facet normal -0.5752067556319395 -0.8180080612532973 0
    outer loop
      vertex 40.75500011444092 40.76599979400635 14.990000128746033
      vertex 41.03800010681152 40.56699991226196 15
      vertex 40.75500011444092 40.76599979400635 15
    endloop
  endfacet
  facet normal -0.4144593483882393 -0.9100678263369144 0
    outer loop
      vertex 40.75500011444092 40.76599979400635 14.990000128746033
      vertex 40.75500011444092 40.76599979400635 15
      vertex 40.74528884887695 40.77042245864868 15
    endloop
  endfacet
  facet normal -0.41443653432271105 -0.9100782154864455 0.000026750461724912413
    outer loop
      vertex 40.43000030517578 40.914000034332275 14.990000128746033
      vertex 40.75500011444092 40.76599979400635 14.990000128746033
      vertex 40.74528884887695 40.77042245864868 15
    endloop
  endfacet
  facet normal 0 0 1
    outer loop
      vertex 40.43000030517578 40.914000034332275 15
      vertex 40.829999923706055 41.8270001411438 15
      vertex 40.420268058776855 40.916521072387695 15
    endloop
  endfacet
  facet normal 0 0 -1
    outer loop
      vertex 40.43000030517578 40.914000034332275 14.990000128746033
      vertex 40.83199977874756 41.8289999961853 14.990000128746033
      vertex 40.75500011444092 40.76599979400635 14.990000128746033
    endloop
  endfacet
  facet normal 0 0 1
    outer loop
      vertex 40.43000030517578 40.914000034332275 15
      vertex 40.74528884887695 40.77042245864868 15
      vertex 40.829999923706055 41.8270001411438 15
    endloop
  endfacet
  facet normal -0.5752067556319395 -0.8180080612532973 0
    outer loop
      vertex 40.75500011444092 40.76599979400635 14.990000128746033
      vertex 41.03800010681152 40.56699991226196 14.990000128746033
      vertex 41.03800010681152 40.56699991226196 15
    endloop
  endfacet
  facet normal -0.7245719595030166 -0.6891991551808221 0
    outer loop
      vertex 41.03800010681152 40.56699991226196 15
      vertex 41.03800010681152 40.56699991226196 14.990000128746033
      vertex 41.044912338256836 40.55973291397095 15
    endloop
  endfacet
  facet normal 0 0 1
    outer loop
      vertex 41.03800010681152 40.56699991226196 15
      vertex 41.044912338256836 40.55973291397095 15
      vertex 41.73900032043457 41.27299976348877 15
    endloop
  endfacet
  facet normal 0 0 -1
    outer loop
      vertex 41.27199935913086 40.32100009918213 14.990000128746033
      vertex 41.03800010681152 40.56699991226196 14.990000128746033
      vertex 41.742000579833984 41.27500009536743 14.990000128746033
    endloop
  endfacet
  facet normal 0 0 1
    outer loop
      vertex 41.27199935913086 40.32100009918213 15
      vertex 41.73900032043457 41.27299976348877 15
      vertex 41.044912338256836 40.55973291397095 15
    endloop
  endfacet
  facet normal 0 0 -1
    outer loop
      vertex 40.75500011444092 40.76599979400635 14.990000128746033
      vertex 41.31800079345703 41.59299993515015 14.990000128746033
      vertex 41.03800010681152 40.56699991226196 14.990000128746033
    endloop
  endfacet
  facet normal 0 0 1
    outer loop
      vertex 40.75500011444092 40.76599979400635 15
      vertex 41.03800010681152 40.56699991226196 15
      vertex 41.31599998474121 41.59100008010864 15
    endloop
  endfacet
  facet normal 0 0 1
    outer loop
      vertex 40.75500011444092 40.76599979400635 15
      vertex 41.31599998474121 41.59100008010864 15
      vertex 40.74528884887695 40.77042245864868 15
    endloop
  endfacet
  facet normal 0 0 -1
    outer loop
      vertex 41.03800010681152 40.56699991226196 14.990000128746033
      vertex 41.31800079345703 41.59299993515015 14.990000128746033
      vertex 41.742000579833984 41.27500009536743 14.990000128746033
    endloop
  endfacet
  facet normal 0 0 1
    outer loop
      vertex 41.03800010681152 40.56699991226196 15
      vertex 41.73900032043457 41.27299976348877 15
      vertex 41.31599998474121 41.59100008010864 15
    endloop
  endfacet
  facet normal 0 0 -1
    outer loop
      vertex 40.293999671936035 41.97700023651123 14.990000128746033
      vertex 40.83199977874756 41.8289999961853 14.990000128746033
      vertex 40.43000030517578 40.914000034332275 14.990000128746033
    endloop
  endfacet
  facet normal 0 0 1
    outer loop
      vertex 40.29300022125244 41.973999977111816 15
      vertex 40.420268058776855 40.916521072387695 15
      vertex 40.829999923706055 41.8270001411438 15
    endloop
  endfacet
  facet normal 0 0 -1
    outer loop
      vertex 40.75500011444092 40.76599979400635 14.990000128746033
      vertex 40.83199977874756 41.8289999961853 14.990000128746033
      vertex 41.31800079345703 41.59299993515015 14.990000128746033
    endloop
  endfacet
  facet normal 0 0 1
    outer loop
      vertex 40.74528884887695 40.77042245864868 15
      vertex 41.31599998474121 41.59100008010864 15
      vertex 40.829999923706055 41.8270001411438 15
    endloop
  endfacet
  facet normal 0 0 -1
    outer loop
      vertex 41.27199935913086 40.32100009918213 14.990000128746033
      vertex 41.742000579833984 41.27500009536743 14.990000128746033
      vertex 42.090999603271484 40.88199996948242 14.990000128746033
    endloop
  endfacet
  facet normal 0 0 1
    outer loop
      vertex 41.27199935913086 40.32100009918213 15
      vertex 42.0890007019043 40.88100004196167 15
      vertex 41.73900032043457 41.27299976348877 15
    endloop
  endfacet
  facet normal 0.09521731361166932 0.995456509943341 0
    outer loop
      vertex 33.83600044250488 42.019999980926514 14.990000128746033
      vertex 33.83600044250488 42.019999980926514 17.5
      vertex 34.41100025177002 41.96500015258789 14.990000128746033
    endloop
  endfacet
  facet normal -0.09693311369120078 -0.9952908979138354 0
    outer loop
      vertex 33.83699989318848 42.01800012588501 15
      vertex 34.41199970245361 41.96199989318848 15
      vertex 34.41199970245361 41.96199989318848 17.5
    endloop
  endfacet
  facet normal 0.28293704470037917 0.9591384825645437 0
    outer loop
      vertex 34.41100025177002 41.96500015258789 14.990000128746033
      vertex 34.94999980926514 41.80600023269653 17.5
      vertex 34.94999980926514 41.80600023269653 14.990000128746033
    endloop
  endfacet
  facet normal -0.28178001913479467 -0.9594790361526377 0
    outer loop
      vertex 34.41199970245361 41.96199989318848 15
      vertex 34.94999980926514 41.80399990081787 15
      vertex 34.94999980926514 41.80399990081787 17.5
    endloop
  endfacet
  facet normal 0.5882778141310204 0.8086588980535789 0
    outer loop
      vertex 35.90299987792969 41.22499990463257 14.990000128746033
      vertex 35.44799995422363 41.55600023269653 14.990000128746033
      vertex 35.90299987792969 41.22499990463257 17.5
    endloop
  endfacet
  facet normal -0.589123973715271 -0.808042661988789 0
    outer loop
      vertex 35.90299987792969 41.223000049591064 15
      vertex 35.90299987792969 41.223000049591064 17.5
      vertex 35.44900035858154 41.55399990081787 15
    endloop
  endfacet
  facet normal 0.700946506440171 0.7132138494934875 0
    outer loop
      vertex 35.90299987792969 41.22499990463257 14.990000128746033
      vertex 35.90299987792969 41.22499990463257 17.5
      vertex 36.3100004196167 40.82499980926514 14.990000128746033
    endloop
  endfacet
  facet normal -0.7009465064401711 -0.7132138494934877 0
    outer loop
      vertex 35.90299987792969 41.223000049591064 15
      vertex 36.3100004196167 40.82299995422363 15
      vertex 35.90299987792969 41.223000049591064 17.5
    endloop
  endfacet
  facet normal 0.4486485909044262 0.893708253223317 0
    outer loop
      vertex 34.94999980926514 41.80600023269653 14.990000128746033
      vertex 35.44799995422363 41.55600023269653 17.5
      vertex 35.44799995422363 41.55600023269653 14.990000128746033
    endloop
  endfacet
  facet normal -0.44792974599590535 -0.8940687572284604 0
    outer loop
      vertex 34.94999980926514 41.80399990081787 15
      vertex 35.44900035858154 41.55399990081787 15
      vertex 34.94999980926514 41.80399990081787 17.5
    endloop
  endfacet
  facet normal 0.7888871373553564 0.6145381066421113 0
    outer loop
      vertex 36.66600036621094 40.36800003051758 14.990000128746033
      vertex 36.3100004196167 40.82499980926514 14.990000128746033
      vertex 36.3100004196167 40.82499980926514 17.5
    endloop
  endfacet
  facet normal -0.7882339277340121 -0.6153757187028197 0
    outer loop
      vertex 36.66600036621094 40.367000102996826 15
      vertex 36.66600036621094 40.367000102996826 17.5
      vertex 36.3100004196167 40.82299995422363 15
    endloop
  endfacet
  facet normal -0.7822024955512145 0.6230242819934487 0
    outer loop
      vertex 36.8149995803833 40.375 14.990000128746033
      vertex 37.17899990081787 40.83199977874756 17.5
      vertex 37.17899990081787 40.83199977874756 14.990000128746033
    endloop
  endfacet
  facet normal 0.7822024955512146 -0.6230242819934487 0
    outer loop
      vertex 36.8149995803833 40.37400007247925 15
      vertex 37.17899990081787 40.83099985122681 15
      vertex 37.17899990081787 40.83099985122681 17.5
    endloop
  endfacet
  facet normal -0.6879355837187091 0.7257717496937993 0
    outer loop
      vertex 37.17899990081787 40.83199977874756 14.990000128746033
      vertex 37.60099983215332 41.23199987411499 17.5
      vertex 37.60099983215332 41.23199987411499 14.990000128746033
    endloop
  endfacet
  facet normal 0.687887832649918 -0.7258170084065256 0
    outer loop
      vertex 37.17899990081787 40.83099985122681 15
      vertex 37.60000038146973 41.230000019073486 15
      vertex 37.60000038146973 41.230000019073486 17.5
    endloop
  endfacet
  facet normal -0.5749775574646776 0.8181691808006175 0
    outer loop
      vertex 37.60099983215332 41.23199987411499 14.990000128746033
      vertex 37.60099983215332 41.23199987411499 17.5
      vertex 38.07199954986572 41.563000202178955 14.990000128746033
    endloop
  endfacet
  facet normal 0.5741611474647965 -0.8187423140047838 0
    outer loop
      vertex 37.60000038146973 41.230000019073486 15
      vertex 38.07199954986572 41.56099987030029 15
      vertex 37.60000038146973 41.230000019073486 17.5
    endloop
  endfacet
  facet normal 0.43738863092126357 -0.8992725868949986 0
    outer loop
      vertex 38.07199954986572 41.56099987030029 15
      vertex 38.58600044250488 41.81099987030029 15
      vertex 38.07199954986572 41.56099987030029 17.5
    endloop
  endfacet
  facet normal -0.4367018063298972 0.8996063207582554 0
    outer loop
      vertex 38.07199954986572 41.563000202178955 14.990000128746033
      vertex 38.58699989318848 41.813000202178955 17.5
      vertex 38.58699989318848 41.813000202178955 14.990000128746033
    endloop
  endfacet
  facet normal -0.2777185540781576 0.9606624822073242 0
    outer loop
      vertex 38.58699989318848 41.813000202178955 14.990000128746033
      vertex 39.13700008392334 41.97200012207031 17.5
      vertex 39.13700008392334 41.97200012207031 14.990000128746033
    endloop
  endfacet
  facet normal 0.277718998488818 -0.9606623537322403 0
    outer loop
      vertex 38.58600044250488 41.81099987030029 15
      vertex 39.13599967956543 41.96999979019165 15
      vertex 39.13599967956543 41.96999979019165 17.5
    endloop
  endfacet
  facet normal -0.09594045049189874 0.9953870754432225 0
    outer loop
      vertex 39.13700008392334 41.97200012207031 14.990000128746033
      vertex 39.718000411987305 42.02799987792969 17.5
      vertex 39.718000411987305 42.02799987792969 14.990000128746033
    endloop
  endfacet
  facet normal 0.09440461404327724 -0.9955339114502026 0
    outer loop
      vertex 39.13599967956543 41.96999979019165 15
      vertex 39.715999603271484 42.02500009536743 15
      vertex 39.715999603271484 42.02500009536743 17.5
    endloop
  endfacet
  facet normal 0.0881961244189658 0.9961031290170081 0
    outer loop
      vertex 39.718000411987305 42.02799987792969 14.990000128746033
      vertex 40.293999671936035 41.97700023651123 17.5
      vertex 40.293999671936035 41.97700023651123 14.990000128746033
    endloop
  endfacet
  facet normal -0.08804506843262512 -0.9961164921457201 0
    outer loop
      vertex 39.715999603271484 42.02500009536743 15
      vertex 40.29300022125244 41.973999977111816 15
      vertex 40.29300022125244 41.973999977111816 17.5
    endloop
  endfacet
  facet normal 0.26524014135730717 0.9641823828574944 0
    outer loop
      vertex 40.293999671936035 41.97700023651123 14.990000128746033
      vertex 40.293999671936035 41.97700023651123 17.5
      vertex 40.83199977874756 41.8289999961853 14.990000128746033
    endloop
  endfacet
  facet normal -0.2640290249375229 -0.9645147349784454 0
    outer loop
      vertex 40.29300022125244 41.973999977111816 15
      vertex 40.829999923706055 41.8270001411438 15
      vertex 40.29300022125244 41.973999977111816 17.5
    endloop
  endfacet
  facet normal 0.43681773638509946 0.8995500348393066 0
    outer loop
      vertex 40.83199977874756 41.8289999961853 14.990000128746033
      vertex 41.31800079345703 41.59299993515015 17.5
      vertex 41.31800079345703 41.59299993515015 14.990000128746033
    endloop
  endfacet
  facet normal -0.43681842999364057 -0.8995496980255682 0
    outer loop
      vertex 40.829999923706055 41.8270001411438 15
      vertex 41.31599998474121 41.59100008010864 15
      vertex 40.829999923706055 41.8270001411438 17.5
    endloop
  endfacet
  facet normal 0.7477251769090923 0.6640083281226724 0
    outer loop
      vertex 41.742000579833984 41.27500009536743 14.990000128746033
      vertex 41.742000579833984 41.27500009536743 17.5
      vertex 42.090999603271484 40.88199996948242 14.990000128746033
    endloop
  endfacet
  facet normal -0.7459370659397989 -0.6660164364767015 0
    outer loop
      vertex 41.73900032043457 41.27299976348877 15
      vertex 42.0890007019043 40.88100004196167 15
      vertex 41.73900032043457 41.27299976348877 17.5
    endloop
  endfacet
  facet normal 0.8663746152482568 0.4993946596164553 0
    outer loop
      vertex 42.35499954223633 40.42399978637695 14.990000128746033
      vertex 42.090999603271484 40.88199996948242 14.990000128746033
      vertex 42.090999603271484 40.88199996948242 17.5
    endloop
  endfacet
  facet normal -0.8663746152482567 -0.49939465961645524 0
    outer loop
      vertex 42.35300064086914 40.4229998588562 15
      vertex 42.0890007019043 40.88100004196167 17.5
      vertex 42.0890007019043 40.88100004196167 15
    endloop
  endfacet
  facet normal 0.6 0.8 0
    outer loop
      vertex 41.31800079345703 41.59299993515015 14.990000128746033
      vertex 41.742000579833984 41.27500009536743 17.5
      vertex 41.742000579833984 41.27500009536743 14.990000128746033
    endloop
  endfacet
  facet normal -0.6009067208295636 -0.7993191558206653 0
    outer loop
      vertex 41.31599998474121 41.59100008010864 15
      vertex 41.73900032043457 41.27299976348877 15
      vertex 41.31599998474121 41.59100008010864 17.5
    endloop
  endfacet
  facet normal -0.09693311369120078 -0.9952908979138354 0
    outer loop
      vertex 33.83699989318848 42.01800012588501 15
      vertex 34.41199970245361 41.96199989318848 17.5
      vertex 33.83699989318848 42.01800012588501 17.5
    endloop
  endfacet
  facet normal 0.09521731361166932 0.995456509943341 0
    outer loop
      vertex 33.83600044250488 42.019999980926514 17.5
      vertex 34.41100025177002 41.96500015258789 17.5
      vertex 34.41100025177002 41.96500015258789 14.990000128746033
    endloop
  endfacet
  facet normal 0.28293704470037917 0.9591384825645437 0
    outer loop
      vertex 34.41100025177002 41.96500015258789 14.990000128746033
      vertex 34.41100025177002 41.96500015258789 17.5
      vertex 34.94999980926514 41.80600023269653 17.5
    endloop
  endfacet
  facet normal -0.28178001913479467 -0.9594790361526377 0
    outer loop
      vertex 34.41199970245361 41.96199989318848 15
      vertex 34.94999980926514 41.80399990081787 17.5
      vertex 34.41199970245361 41.96199989318848 17.5
    endloop
  endfacet
  facet normal 0.4486485909044262 0.893708253223317 0
    outer loop
      vertex 34.94999980926514 41.80600023269653 14.990000128746033
      vertex 34.94999980926514 41.80600023269653 17.5
      vertex 35.44799995422363 41.55600023269653 17.5
    endloop
  endfacet
  facet normal -0.44792974599590535 -0.8940687572284604 0
    outer loop
      vertex 35.44900035858154 41.55399990081787 15
      vertex 35.44900035858154 41.55399990081787 17.5
      vertex 34.94999980926514 41.80399990081787 17.5
    endloop
  endfacet
  facet normal 0.5882778141310204 0.8086588980535789 0
    outer loop
      vertex 35.44799995422363 41.55600023269653 14.990000128746033
      vertex 35.44799995422363 41.55600023269653 17.5
      vertex 35.90299987792969 41.22499990463257 17.5
    endloop
  endfacet
  facet normal -0.589123973715271 -0.808042661988789 0
    outer loop
      vertex 35.44900035858154 41.55399990081787 15
      vertex 35.90299987792969 41.223000049591064 17.5
      vertex 35.44900035858154 41.55399990081787 17.5
    endloop
  endfacet
  facet normal -0.7882339277340121 -0.6153757187028197 0
    outer loop
      vertex 36.66600036621094 40.367000102996826 17.5
      vertex 36.3100004196167 40.82299995422363 17.5
      vertex 36.3100004196167 40.82299995422363 15
    endloop
  endfacet
  facet normal 0.7888871373553564 0.6145381066421113 0
    outer loop
      vertex 36.66600036621094 40.36800003051758 14.990000128746033
      vertex 36.3100004196167 40.82499980926514 17.5
      vertex 36.66600036621094 40.36800003051758 17.5
    endloop
  endfacet
  facet normal 0.700946506440171 0.7132138494934875 0
    outer loop
      vertex 36.3100004196167 40.82499980926514 14.990000128746033
      vertex 35.90299987792969 41.22499990463257 17.5
      vertex 36.3100004196167 40.82499980926514 17.5
    endloop
  endfacet
  facet normal -0.7009465064401711 -0.7132138494934877 0
    outer loop
      vertex 36.3100004196167 40.82299995422363 15
      vertex 36.3100004196167 40.82299995422363 17.5
      vertex 35.90299987792969 41.223000049591064 17.5
    endloop
  endfacet
  facet normal -0.7822024955512145 0.6230242819934487 0
    outer loop
      vertex 36.8149995803833 40.375 14.990000128746033
      vertex 36.8149995803833 40.375 17.5
      vertex 37.17899990081787 40.83199977874756 17.5
    endloop
  endfacet
  facet normal 0.7822024955512146 -0.6230242819934487 0
    outer loop
      vertex 36.8149995803833 40.37400007247925 15
      vertex 37.17899990081787 40.83099985122681 17.5
      vertex 36.8149995803833 40.37400007247925 17.5
    endloop
  endfacet
  facet normal -0.6879355837187091 0.7257717496937993 0
    outer loop
      vertex 37.17899990081787 40.83199977874756 14.990000128746033
      vertex 37.17899990081787 40.83199977874756 17.5
      vertex 37.60099983215332 41.23199987411499 17.5
    endloop
  endfacet
  facet normal 0.687887832649918 -0.7258170084065256 0
    outer loop
      vertex 37.17899990081787 40.83099985122681 15
      vertex 37.60000038146973 41.230000019073486 17.5
      vertex 37.17899990081787 40.83099985122681 17.5
    endloop
  endfacet
  facet normal -0.5749775574646776 0.8181691808006175 0
    outer loop
      vertex 38.07199954986572 41.563000202178955 14.990000128746033
      vertex 37.60099983215332 41.23199987411499 17.5
      vertex 38.07199954986572 41.563000202178955 17.5
    endloop
  endfacet
  facet normal 0.5741611474647965 -0.8187423140047838 0
    outer loop
      vertex 38.07199954986572 41.56099987030029 15
      vertex 38.07199954986572 41.56099987030029 17.5
      vertex 37.60000038146973 41.230000019073486 17.5
    endloop
  endfacet
  facet normal -0.4367018063298972 0.8996063207582554 0
    outer loop
      vertex 38.07199954986572 41.563000202178955 14.990000128746033
      vertex 38.07199954986572 41.563000202178955 17.5
      vertex 38.58699989318848 41.813000202178955 17.5
    endloop
  endfacet
  facet normal 0.43738863092126357 -0.8992725868949986 0
    outer loop
      vertex 38.58600044250488 41.81099987030029 15
      vertex 38.58600044250488 41.81099987030029 17.5
      vertex 38.07199954986572 41.56099987030029 17.5
    endloop
  endfacet
  facet normal -0.2777185540781576 0.9606624822073242 0
    outer loop
      vertex 38.58699989318848 41.813000202178955 14.990000128746033
      vertex 38.58699989318848 41.813000202178955 17.5
      vertex 39.13700008392334 41.97200012207031 17.5
    endloop
  endfacet
  facet normal 0.277718998488818 -0.9606623537322403 0
    outer loop
      vertex 38.58600044250488 41.81099987030029 15
      vertex 39.13599967956543 41.96999979019165 17.5
      vertex 38.58600044250488 41.81099987030029 17.5
    endloop
  endfacet
  facet normal -0.09594045049189874 0.9953870754432225 0
    outer loop
      vertex 39.13700008392334 41.97200012207031 14.990000128746033
      vertex 39.13700008392334 41.97200012207031 17.5
      vertex 39.718000411987305 42.02799987792969 17.5
    endloop
  endfacet
  facet normal 0.09440461404327724 -0.9955339114502026 0
    outer loop
      vertex 39.13599967956543 41.96999979019165 15
      vertex 39.715999603271484 42.02500009536743 17.5
      vertex 39.13599967956543 41.96999979019165 17.5
    endloop
  endfacet
  facet normal 0.0881961244189658 0.9961031290170081 0
    outer loop
      vertex 39.718000411987305 42.02799987792969 14.990000128746033
      vertex 39.718000411987305 42.02799987792969 17.5
      vertex 40.293999671936035 41.97700023651123 17.5
    endloop
  endfacet
  facet normal -0.08804506843262512 -0.9961164921457201 0
    outer loop
      vertex 39.715999603271484 42.02500009536743 15
      vertex 40.29300022125244 41.973999977111816 17.5
      vertex 39.715999603271484 42.02500009536743 17.5
    endloop
  endfacet
  facet normal 0.26524014135730717 0.9641823828574944 0
    outer loop
      vertex 40.83199977874756 41.8289999961853 14.990000128746033
      vertex 40.293999671936035 41.97700023651123 17.5
      vertex 40.83199977874756 41.8289999961853 17.5
    endloop
  endfacet
  facet normal -0.2640290249375229 -0.9645147349784454 0
    outer loop
      vertex 40.829999923706055 41.8270001411438 15
      vertex 40.829999923706055 41.8270001411438 17.5
      vertex 40.29300022125244 41.973999977111816 17.5
    endloop
  endfacet
  facet normal 0.43681773638509946 0.8995500348393066 0
    outer loop
      vertex 40.83199977874756 41.8289999961853 14.990000128746033
      vertex 40.83199977874756 41.8289999961853 17.5
      vertex 41.31800079345703 41.59299993515015 17.5
    endloop
  endfacet
  facet normal -0.43681842999364057 -0.8995496980255682 0
    outer loop
      vertex 41.31599998474121 41.59100008010864 15
      vertex 41.31599998474121 41.59100008010864 17.5
      vertex 40.829999923706055 41.8270001411438 17.5
    endloop
  endfacet
  facet normal 0.8663746152482568 0.4993946596164553 0
    outer loop
      vertex 42.35499954223633 40.42399978637695 14.990000128746033
      vertex 42.090999603271484 40.88199996948242 17.5
      vertex 42.35499954223633 40.42399978637695 17.5
    endloop
  endfacet
  facet normal -0.8663746152482567 -0.49939465961645524 0
    outer loop
      vertex 42.35300064086914 40.4229998588562 15
      vertex 42.35300064086914 40.4229998588562 17.5
      vertex 42.0890007019043 40.88100004196167 17.5
    endloop
  endfacet
  facet normal 0.7477251769090923 0.6640083281226724 0
    outer loop
      vertex 42.090999603271484 40.88199996948242 14.990000128746033
      vertex 41.742000579833984 41.27500009536743 17.5
      vertex 42.090999603271484 40.88199996948242 17.5
    endloop
  endfacet
  facet normal -0.7459370659397989 -0.6660164364767015 0
    outer loop
      vertex 42.0890007019043 40.88100004196167 15
      vertex 42.0890007019043 40.88100004196167 17.5
      vertex 41.73900032043457 41.27299976348877 17.5
    endloop
  endfacet
  facet normal 0.6 0.8 0
    outer loop
      vertex 41.31800079345703 41.59299993515015 14.990000128746033
      vertex 41.31800079345703 41.59299993515015 17.5
      vertex 41.742000579833984 41.27500009536743 17.5
    endloop
  endfacet
  facet normal -0.6009067208295636 -0.7993191558206653 0
    outer loop
      vertex 41.73900032043457 41.27299976348877 15
      vertex 41.73900032043457 41.27299976348877 17.5
      vertex 41.31599998474121 41.59100008010864 17.5
    endloop
  endfacet
  facet normal -0.7732007986890628 -0.6341612767321854 0
    outer loop
      vertex 64.07099914550781 35.29499998688698 10
      vertex 64.25799942016602 35.06700000166893 17.5
      vertex 64.07099914550781 35.29499998688698 17.5
    endloop
  endfacet
  facet normal -0.6321256696541714 -0.7748658837271555 0
    outer loop
      vertex 64.25799942016602 35.06700000166893 10
      vertex 64.48600006103516 34.880999997258186 17.5
      vertex 64.25799942016602 35.06700000166893 17.5
    endloop
  endfacet
  facet normal -0.47147056506534607 -0.8818817983590337 0
    outer loop
      vertex 64.48600006103516 34.880999997258186 10
      vertex 64.74599838256836 34.74200001358986 17.5
      vertex 64.48600006103516 34.880999997258186 17.5
    endloop
  endfacet
  facet normal -0.2917001162579702 -0.9565098233552475 0
    outer loop
      vertex 64.74599838256836 34.74200001358986 10
      vertex 65.02799987792969 34.65599998831749 17.5
      vertex 64.74599838256836 34.74200001358986 17.5
    endloop
  endfacet
  facet normal -0.09849503483876008 -0.9951375423086556 0
    outer loop
      vertex 65.32099914550781 34.627000004053116 10
      vertex 65.32099914550781 34.627000004053116 17.5
      vertex 65.02799987792969 34.65599998831749 17.5
    endloop
  endfacet
  facet normal 0.09849503483876008 -0.9951375423086556 0
    outer loop
      vertex 65.32099914550781 34.627000004053116 10
      vertex 65.61399841308594 34.65599998831749 17.5
      vertex 65.32099914550781 34.627000004053116 17.5
    endloop
  endfacet
  facet normal 0.2917001162579702 -0.9565098233552475 0
    outer loop
      vertex 65.61399841308594 34.65599998831749 10
      vertex 65.89599990844727 34.74200001358986 17.5
      vertex 65.61399841308594 34.65599998831749 17.5
    endloop
  endfacet
  facet normal -0.8832909297479987 -0.46882526961002874 0
    outer loop
      vertex 63.93299865722656 35.55500000715256 10
      vertex 64.07099914550781 35.29499998688698 17.5
      vertex 63.93299865722656 35.55500000715256 17.5
    endloop
  endfacet
  facet normal -0.956510803505007 -0.29169690224307493 0
    outer loop
      vertex 63.84700012207031 35.837000012397766 10
      vertex 63.93299865722656 35.55500000715256 17.5
      vertex 63.84700012207031 35.837000012397766 17.5
    endloop
  endfacet
  facet normal -0.9951377841386134 -0.09849259149646955 0
    outer loop
      vertex 63.84700012207031 35.837000012397766 10
      vertex 63.84700012207031 35.837000012397766 17.5
      vertex 63.81800079345703 36.12999999523163 17.5
    endloop
  endfacet
  facet normal -0.9951377841386134 0.09849259149646955 0
    outer loop
      vertex 63.81800079345703 36.12999999523163 10
      vertex 63.81800079345703 36.12999999523163 17.5
      vertex 63.84700012207031 36.42299997806549 17.5
    endloop
  endfacet
  facet normal -0.9565108207072222 0.29169684583484345 0
    outer loop
      vertex 63.93299865722656 36.705000042915344 10
      vertex 63.84700012207031 36.42299997806549 17.5
      vertex 63.93299865722656 36.705000042915344 17.5
    endloop
  endfacet
  facet normal -0.8832909074942807 0.468825311537176 0
    outer loop
      vertex 64.07099914550781 36.9650000333786 10
      vertex 63.93299865722656 36.705000042915344 17.5
      vertex 64.07099914550781 36.9650000333786 17.5
    endloop
  endfacet
  facet normal -0.7718314532203369 0.6358271839264054 0
    outer loop
      vertex 64.07099914550781 36.9650000333786 10
      vertex 64.07099914550781 36.9650000333786 17.5
      vertex 64.25799942016602 37.19199991226196 17.5
    endloop
  endfacet
  facet normal 0.47288368743969517 -0.8811248595706722 0
    outer loop
      vertex 65.89599990844727 34.74200001358986 10
      vertex 66.15499877929688 34.880999997258186 17.5
      vertex 65.89599990844727 34.74200001358986 17.5
    endloop
  endfacet
  facet normal 0.6321256696541714 -0.7748658837271555 0
    outer loop
      vertex 66.38299942016602 35.06700000166893 10
      vertex 66.38299942016602 35.06700000166893 17.5
      vertex 66.15499877929688 34.880999997258186 17.5
    endloop
  endfacet
  facet normal 0.7732007986890628 -0.6341612767321854 0
    outer loop
      vertex 66.38299942016602 35.06700000166893 10
      vertex 66.56999969482422 35.29499998688698 17.5
      vertex 66.38299942016602 35.06700000166893 17.5
    endloop
  endfacet
  facet normal 0.8818831421713859 -0.4714680514668235 0
    outer loop
      vertex 66.56999969482422 35.29499998688698 10
      vertex 66.70899963378906 35.55500000715256 17.5
      vertex 66.56999969482422 35.29499998688698 17.5
    endloop
  endfacet
  facet normal 0.9574525496749423 -0.28859073983922645 0
    outer loop
      vertex 66.70899963378906 35.55500000715256 10
      vertex 66.79399871826172 35.837000012397766 17.5
      vertex 66.70899963378906 35.55500000715256 17.5
    endloop
  endfacet
  facet normal 0.995136514178116 -0.09850542192909077 0
    outer loop
      vertex 66.79399871826172 35.837000012397766 10
      vertex 66.82300186157227 36.12999999523163 17.5
      vertex 66.79399871826172 35.837000012397766 17.5
    endloop
  endfacet
  facet normal 0.995136514178116 0.09850542192909077 0
    outer loop
      vertex 66.82300186157227 36.12999999523163 10
      vertex 66.79399871826172 36.42299997806549 17.5
      vertex 66.82300186157227 36.12999999523163 17.5
    endloop
  endfacet
  facet normal 0.9574525665293272 0.2885906839217171 0
    outer loop
      vertex 66.79399871826172 36.42299997806549 10
      vertex 66.70899963378906 36.705000042915344 17.5
      vertex 66.79399871826172 36.42299997806549 17.5
    endloop
  endfacet
  facet normal 0.8818831197019399 0.47146809349602214 0
    outer loop
      vertex 66.56999969482422 36.9650000333786 10
      vertex 66.56999969482422 36.9650000333786 17.5
      vertex 66.70899963378906 36.705000042915344 17.5
    endloop
  endfacet
  facet normal 0.7718314532203369 0.6358271839264054 0
    outer loop
      vertex 66.56999969482422 36.9650000333786 10
      vertex 66.38299942016602 37.19199991226196 17.5
      vertex 66.56999969482422 36.9650000333786 17.5
    endloop
  endfacet
  facet normal -0.6341597031196096 0.7732020893267483 0
    outer loop
      vertex 64.25799942016602 37.19199991226196 10
      vertex 64.25799942016602 37.19199991226196 17.5
      vertex 64.48600006103516 37.37899994850159 17.5
    endloop
  endfacet
  facet normal -0.4714704471413991 0.8818818614033793 0
    outer loop
      vertex 64.74599838256836 37.51799988746643 10
      vertex 64.48600006103516 37.37899994850159 17.5
      vertex 64.74599838256836 37.51799988746643 17.5
    endloop
  endfacet
  facet normal -0.2917006711623288 0.9565096541297673 0
    outer loop
      vertex 65.02799987792969 37.604000091552734 10
      vertex 64.74599838256836 37.51799988746643 17.5
      vertex 65.02799987792969 37.604000091552734 17.5
    endloop
  endfacet
  facet normal -0.09512957445434855 0.9954648984590742 0
    outer loop
      vertex 65.02799987792969 37.604000091552734 10
      vertex 65.02799987792969 37.604000091552734 17.5
      vertex 65.32099914550781 37.63199996948242 17.5
    endloop
  endfacet
  facet normal 0.09512957445434855 0.9954648984590742 0
    outer loop
      vertex 65.61399841308594 37.604000091552734 10
      vertex 65.32099914550781 37.63199996948242 17.5
      vertex 65.61399841308594 37.604000091552734 17.5
    endloop
  endfacet
  facet normal 0.2917006711623288 0.9565096541297673 0
    outer loop
      vertex 65.61399841308594 37.604000091552734 10
      vertex 65.61399841308594 37.604000091552734 17.5
      vertex 65.89599990844727 37.51799988746643 17.5
    endloop
  endfacet
  facet normal 0.47288356936525183 0.8811249229390684 0
    outer loop
      vertex 66.15499877929688 37.37899994850159 10
      vertex 65.89599990844727 37.51799988746643 17.5
      vertex 66.15499877929688 37.37899994850159 17.5
    endloop
  endfacet
  facet normal 0.6341597031196096 0.7732020893267483 0
    outer loop
      vertex 66.15499877929688 37.37899994850159 10
      vertex 66.15499877929688 37.37899994850159 17.5
      vertex 66.38299942016602 37.19199991226196 17.5
    endloop
  endfacet
  facet normal -0.7071070468877589 -0.7071065154852363 0
    outer loop
      vertex 68 38.56500005722046 10
      vertex 68 38.56500005722046 17.5
      vertex 65.46200180053711 41.10300016403198 17.5
    endloop
  endfacet
  facet normal 0 -1 0
    outer loop
      vertex 65.46200180053711 41.104000091552734 10
      vertex 68 41.104000091552734 17.5
      vertex 65.46200180053711 41.104000091552734 17.5
    endloop
  endfacet
  facet normal 0 1 0
    outer loop
      vertex 68 41.10300016403198 10
      vertex 65.46200180053711 41.10300016403198 17.5
      vertex 68 41.10300016403198 17.5
    endloop
  endfacet
  facet normal -1 0 0
    outer loop
      vertex 65.46200180053711 41.104000091552734 10
      vertex 65.46200180053711 41.104000091552734 17.5
      vertex 65.46200180053711 54 17.5
    endloop
  endfacet
  facet normal 0 0 -1
    outer loop
      vertex 0 0 8
      vertex 0 54 8
      vertex 68 0 8
    endloop
  endfacet
  facet normal 0 0 -1
    outer loop
      vertex 0 54 8
      vertex 68 54 8
      vertex 68 0 8
    endloop
  endfacet
endsolid OpenSCAD_Model
