solid OpenSCAD_Model
  facet normal 0 0 1
    outer loop
      vertex -7.427050983124842 -1.7633557568774194 1.6
      vertex -0.3501680457838581 -1.4585548805965147 1.6
      vertex -7.5579204930622765 -1.5674956941478464 1.6
    endloop
  endfacet
  facet normal 0 0 1
    outer loop
      vertex -7.427050983124842 -1.7633557568774194 1.6
      vertex -0.23465169756034632 -1.4815325108927067 1.6
      vertex -0.3501680457838581 -1.4585548805965147 1.6
    endloop
  endfacet
  facet normal 0 0 1
    outer loop
      vertex -7.427050983124842 -1.7633557568774194 1.6
      vertex -0.11768864359176742 -1.495376000599692 1.6
      vertex -0.23465169756034632 -1.4815325108927067 1.6
    endloop
  endfacet
  facet normal 0 0 1
    outer loop
      vertex -7.427050983124842 -1.7633557568774194 1.6
      vertex 0 -1.5 1.6
      vertex -0.11768864359176742 -1.495376000599692 1.6
    endloop
  endfacet
  facet normal 0 0 1
    outer loop
      vertex -7.963065021785413 -0.46930339512069263 1.6
      vertex -3.923879532511287 -0.3826834323650898 1.6
      vertex -7.990752001199384 -0.23537728718353484 1.6
    endloop
  endfacet
  facet normal 0 0 1
    outer loop
      vertex -7.990752001199384 -0.23537728718353484 1.6
      vertex -3.972369920397677 -0.2334453638559054 1.6
      vertex -8 0 1.6
    endloop
  endfacet
  facet normal 0 0 1
    outer loop
      vertex -7.5579204930622765 -1.5674956941478464 1.6
      vertex -0.6809857496093201 -1.336509786282552 1.6
      vertex -7.673019572565104 -1.3619714992186402 1.6
    endloop
  endfacet
  facet normal 0 0 1
    outer loop
      vertex -7.673019572565104 -1.3619714992186402 1.6
      vertex -0.8816778784387097 -1.2135254915624212 1.6
      vertex -7.77163859753386 -1.1480502970952693 1.6
    endloop
  endfacet
  facet normal 0 0 1
    outer loop
      vertex -7.77163859753386 -1.1480502970952693 1.6
      vertex -3.2334453638559055 -0.9723699203976766 1.6
      vertex -7.853169548885461 -0.9270509831248421 1.6
    endloop
  endfacet
  facet normal 0 0 1
    outer loop
      vertex -7.853169548885461 -0.9270509831248421 1.6
      vertex -3.5877852522924734 -0.8090169943749475 1.6
      vertex -7.9171097611930294 -0.7003360915677161 1.6
    endloop
  endfacet
  facet normal 0 0 1
    outer loop
      vertex -7.77163859753386 -1.1480502970952693 1.6
      vertex -3.078459095727845 -0.996917333733128 1.6
      vertex -3.1564344650402307 -0.9876883405951378 1.6
    endloop
  endfacet
  facet normal 0 0 1
    outer loop
      vertex -7.77163859753386 -1.1480502970952693 1.6
      vertex -3.1564344650402307 -0.9876883405951378 1.6
      vertex -3.2334453638559055 -0.9723699203976766 1.6
    endloop
  endfacet
  facet normal 0 0 1
    outer loop
      vertex -7.853169548885461 -0.9270509831248421 1.6
      vertex -3.2334453638559055 -0.9723699203976766 1.6
      vertex -3.3090169943749475 -0.9510565162951535 1.6
    endloop
  endfacet
  facet normal 0 0 1
    outer loop
      vertex -7.853169548885461 -0.9270509831248421 1.6
      vertex -3.522498564715949 -0.8526401643540922 1.6
      vertex -3.5877852522924734 -0.8090169943749475 1.6
    endloop
  endfacet
  facet normal 0 0 1
    outer loop
      vertex -7.853169548885461 -0.9270509831248421 1.6
      vertex -3.3090169943749475 -0.9510565162951535 1.6
      vertex -3.3826834323650896 -0.9238795325112867 1.6
    endloop
  endfacet
  facet normal 0 0 1
    outer loop
      vertex -7.853169548885461 -0.9270509831248421 1.6
      vertex -3.3826834323650896 -0.9238795325112867 1.6
      vertex -3.4539904997395467 -0.8910065241883679 1.6
    endloop
  endfacet
  facet normal 0 0 1
    outer loop
      vertex -7.853169548885461 -0.9270509831248421 1.6
      vertex -3.4539904997395467 -0.8910065241883679 1.6
      vertex -3.522498564715949 -0.8526401643540922 1.6
    endloop
  endfacet
  facet normal 0 0 1
    outer loop
      vertex -3.5877852522924734 -0.8090169943749475 1.6
      vertex -3.649448048330184 -0.7604059656000309 1.6
      vertex -7.9171097611930294 -0.7003360915677161 1.6
    endloop
  endfacet
  facet normal 0 0 1
    outer loop
      vertex -7.5579204930622765 -1.5674956941478464 1.6
      vertex -0.5740251485476346 -1.38581929876693 1.6
      vertex -0.6809857496093201 -1.336509786282552 1.6
    endloop
  endfacet
  facet normal 0 0 1
    outer loop
      vertex -7.5579204930622765 -1.5674956941478464 1.6
      vertex -0.3501680457838581 -1.4585548805965147 1.6
      vertex -0.46352549156242107 -1.4265847744427302 1.6
    endloop
  endfacet
  facet normal 0 0 1
    outer loop
      vertex -7.5579204930622765 -1.5674956941478464 1.6
      vertex -0.46352549156242107 -1.4265847744427302 1.6
      vertex -0.5740251485476346 -1.38581929876693 1.6
    endloop
  endfacet
  facet normal 0 0 1
    outer loop
      vertex -7.673019572565104 -1.3619714992186402 1.6
      vertex -0.6809857496093201 -1.336509786282552 1.6
      vertex -0.7837478470739232 -1.2789602465311383 1.6
    endloop
  endfacet
  facet normal 0 0 1
    outer loop
      vertex -7.673019572565104 -1.3619714992186402 1.6
      vertex -0.7837478470739232 -1.2789602465311383 1.6
      vertex -0.8816778784387097 -1.2135254915624212 1.6
    endloop
  endfacet
  facet normal 0 0 1
    outer loop
      vertex -7.77163859753386 -1.1480502970952693 1.6
      vertex -0.8816778784387097 -1.2135254915624212 1.6
      vertex -3.078459095727845 -0.996917333733128 1.6
    endloop
  endfacet
  facet normal 0 0 1
    outer loop
      vertex -3.078459095727845 -0.996917333733128 1.6
      vertex -0.8816778784387097 -1.2135254915624212 1.6
      vertex -3 -1 1.6
    endloop
  endfacet
  facet normal 0 0 1
    outer loop
      vertex -3 -1 1.6
      vertex -0.8816778784387097 -1.2135254915624212 1.6
      vertex -2.921540904272155 -0.996917333733128 1.6
    endloop
  endfacet
  facet normal 0 0 1
    outer loop
      vertex -2.921540904272155 -0.996917333733128 1.6
      vertex -0.8816778784387097 -1.2135254915624212 1.6
      vertex -2.8435655349597693 -0.9876883405951378 1.6
    endloop
  endfacet
  facet normal 0 0 1
    outer loop
      vertex -0.8816778784387097 -1.2135254915624212 1.6
      vertex -2.7665546361440945 -0.9723699203976766 1.6
      vertex -2.8435655349597693 -0.9876883405951378 1.6
    endloop
  endfacet
  facet normal 0 0 1
    outer loop
      vertex -0.8816778784387097 -1.2135254915624212 1.6
      vertex -2.6909830056250525 -0.9510565162951535 1.6
      vertex -2.7665546361440945 -0.9723699203976766 1.6
    endloop
  endfacet
  facet normal 0 0 1
    outer loop
      vertex -2.6909830056250525 -0.9510565162951535 1.6
      vertex -1.0606601717798214 -1.0606601717798214 1.6
      vertex -2.6173165676349104 -0.9238795325112867 1.6
    endloop
  endfacet
  facet normal 0 0 1
    outer loop
      vertex -1.0606601717798214 -1.0606601717798214 1.6
      vertex -2.5460095002604533 -0.8910065241883679 1.6
      vertex -2.6173165676349104 -0.9238795325112867 1.6
    endloop
  endfacet
  facet normal 0 0 1
    outer loop
      vertex -0.9741720724952755 -1.1406089484000463 1.6
      vertex -2.6909830056250525 -0.9510565162951535 1.6
      vertex -0.8816778784387097 -1.2135254915624212 1.6
    endloop
  endfacet
  facet normal 0 0 1
    outer loop
      vertex -0.9741720724952755 -1.1406089484000463 1.6
      vertex -1.0606601717798214 -1.0606601717798214 1.6
      vertex -2.6909830056250525 -0.9510565162951535 1.6
    endloop
  endfacet
  facet normal 0 0 1
    outer loop
      vertex -1.0606601717798214 -1.0606601717798214 1.6
      vertex -1.1406089484000463 -0.9741720724952755 1.6
      vertex -2.477501435284051 -0.8526401643540922 1.6
    endloop
  endfacet
  facet normal 0 0 1
    outer loop
      vertex -1.0606601717798214 -1.0606601717798214 1.6
      vertex -2.477501435284051 -0.8526401643540922 1.6
      vertex -2.5460095002604533 -0.8910065241883679 1.6
    endloop
  endfacet
  facet normal 0 0 1
    outer loop
      vertex -1.1406089484000463 -0.9741720724952755 1.6
      vertex -2.4122147477075266 -0.8090169943749475 1.6
      vertex -2.477501435284051 -0.8526401643540922 1.6
    endloop
  endfacet
  facet normal 0 0 1
    outer loop
      vertex -2.4122147477075266 -0.8090169943749475 1.6
      vertex -1.2135254915624212 -0.8816778784387097 1.6
      vertex -2.350551951669816 -0.7604059656000309 1.6
    endloop
  endfacet
  facet normal 0 0 1
    outer loop
      vertex -2.350551951669816 -0.7604059656000309 1.6
      vertex -1.2135254915624212 -0.8816778784387097 1.6
      vertex -2.2928932188134525 -0.7071067811865476 1.6
    endloop
  endfacet
  facet normal 0 0 1
    outer loop
      vertex -1.1406089484000463 -0.9741720724952755 1.6
      vertex -1.2135254915624212 -0.8816778784387097 1.6
      vertex -2.4122147477075266 -0.8090169943749475 1.6
    endloop
  endfacet
  facet normal 0 0 1
    outer loop
      vertex -1.2135254915624212 -0.8816778784387097 1.6
      vertex -1.2789602465311383 -0.7837478470739232 1.6
      vertex -2.2928932188134525 -0.7071067811865476 1.6
    endloop
  endfacet
  facet normal 0 0 1
    outer loop
      vertex -7.9171097611930294 -0.7003360915677161 1.6
      vertex -3.8090169943749475 -0.5877852522924731 1.6
      vertex -7.963065021785413 -0.46930339512069263 1.6
    endloop
  endfacet
  facet normal 0 0 1
    outer loop
      vertex -3.649448048330184 -0.7604059656000309 1.6
      vertex -3.7071067811865475 -0.7071067811865476 1.6
      vertex -7.9171097611930294 -0.7003360915677161 1.6
    endloop
  endfacet
  facet normal 0 0 1
    outer loop
      vertex -7.9171097611930294 -0.7003360915677161 1.6
      vertex -3.7071067811865475 -0.7071067811865476 1.6
      vertex -3.760405965600031 -0.6494480483301837 1.6
    endloop
  endfacet
  facet normal 0 0 1
    outer loop
      vertex -7.9171097611930294 -0.7003360915677161 1.6
      vertex -3.760405965600031 -0.6494480483301837 1.6
      vertex -3.8090169943749475 -0.5877852522924731 1.6
    endloop
  endfacet
  facet normal 0 0 1
    outer loop
      vertex -7.963065021785413 -0.46930339512069263 1.6
      vertex -3.8090169943749475 -0.5877852522924731 1.6
      vertex -3.852640164354092 -0.5224985647159488 1.6
    endloop
  endfacet
  facet normal 0 0 1
    outer loop
      vertex -7.963065021785413 -0.46930339512069263 1.6
      vertex -3.852640164354092 -0.5224985647159488 1.6
      vertex -3.891006524188368 -0.45399049973954675 1.6
    endloop
  endfacet
  facet normal 0 0 1
    outer loop
      vertex -7.963065021785413 -0.46930339512069263 1.6
      vertex -3.891006524188368 -0.45399049973954675 1.6
      vertex -3.923879532511287 -0.3826834323650898 1.6
    endloop
  endfacet
  facet normal 0 0 1
    outer loop
      vertex -3.923879532511287 -0.3826834323650898 1.6
      vertex -3.9510565162951536 -0.3090169943749474 1.6
      vertex -7.990752001199384 -0.23537728718353484 1.6
    endloop
  endfacet
  facet normal 0 0 1
    outer loop
      vertex -7.990752001199384 -0.23537728718353484 1.6
      vertex -3.9510565162951536 -0.3090169943749474 1.6
      vertex -3.972369920397677 -0.2334453638559054 1.6
    endloop
  endfacet
  facet normal 0 0 1
    outer loop
      vertex -3.972369920397677 -0.2334453638559054 1.6
      vertex -3.9876883405951378 -0.15643446504023087 1.6
      vertex -8 0 1.6
    endloop
  endfacet
  facet normal 0 0 1
    outer loop
      vertex -3.9876883405951378 -0.15643446504023087 1.6
      vertex -3.996917333733128 -0.07845909572784494 1.6
      vertex -8 0 1.6
    endloop
  endfacet
  facet normal 0 0 1
    outer loop
      vertex -3.996917333733128 -0.07845909572784494 1.6
      vertex -4 0 1.6
      vertex -8 0 1.6
    endloop
  endfacet
  facet normal 0 0 1
    outer loop
      vertex -1.2789602465311383 -0.7837478470739232 1.6
      vertex -2.239594034399969 -0.6494480483301837 1.6
      vertex -2.2928932188134525 -0.7071067811865476 1.6
    endloop
  endfacet
  facet normal 0 0 1
    outer loop
      vertex -2.239594034399969 -0.6494480483301837 1.6
      vertex -1.336509786282552 -0.6809857496093201 1.6
      vertex -2.1909830056250525 -0.5877852522924731 1.6
    endloop
  endfacet
  facet normal 0 0 1
    outer loop
      vertex -1.2789602465311383 -0.7837478470739232 1.6
      vertex -1.336509786282552 -0.6809857496093201 1.6
      vertex -2.239594034399969 -0.6494480483301837 1.6
    endloop
  endfacet
  facet normal 0 0 1
    outer loop
      vertex -2.1909830056250525 -0.5877852522924731 1.6
      vertex -1.336509786282552 -0.6809857496093201 1.6
      vertex -2.147359835645908 -0.5224985647159488 1.6
    endloop
  endfacet
  facet normal 0 0 1
    outer loop
      vertex -1.336509786282552 -0.6809857496093201 1.6
      vertex -1.38581929876693 -0.5740251485476346 1.6
      vertex -2.147359835645908 -0.5224985647159488 1.6
    endloop
  endfacet
  facet normal 0 0 1
    outer loop
      vertex -1.38581929876693 -0.5740251485476346 1.6
      vertex -2.108993475811632 -0.45399049973954675 1.6
      vertex -2.147359835645908 -0.5224985647159488 1.6
    endloop
  endfacet
  facet normal 0 0 1
    outer loop
      vertex -1.38581929876693 -0.5740251485476346 1.6
      vertex -2.076120467488713 -0.3826834323650898 1.6
      vertex -2.108993475811632 -0.45399049973954675 1.6
    endloop
  endfacet
  facet normal 0 0 1
    outer loop
      vertex -1.38581929876693 -0.5740251485476346 1.6
      vertex -1.4265847744427302 -0.46352549156242107 1.6
      vertex -2.076120467488713 -0.3826834323650898 1.6
    endloop
  endfacet
  facet normal 0 0 1
    outer loop
      vertex -2.076120467488713 -0.3826834323650898 1.6
      vertex -1.4265847744427302 -0.46352549156242107 1.6
      vertex -2.0489434837048464 -0.3090169943749474 1.6
    endloop
  endfacet
  facet normal 0 0 1
    outer loop
      vertex -1.4265847744427302 -0.46352549156242107 1.6
      vertex -1.4585548805965147 -0.3501680457838581 1.6
      vertex -2.0489434837048464 -0.3090169943749474 1.6
    endloop
  endfacet
  facet normal 0 0 1
    outer loop
      vertex -2.0489434837048464 -0.3090169943749474 1.6
      vertex -1.4585548805965147 -0.3501680457838581 1.6
      vertex -2.027630079602323 -0.2334453638559054 1.6
    endloop
  endfacet
  facet normal 0 0 1
    outer loop
      vertex -2.027630079602323 -0.2334453638559054 1.6
      vertex -1.4585548805965147 -0.3501680457838581 1.6
      vertex -1.4815325108927067 -0.23465169756034632 1.6
    endloop
  endfacet
  facet normal 0 0 1
    outer loop
      vertex -2.027630079602323 -0.2334453638559054 1.6
      vertex -1.4815325108927067 -0.23465169756034632 1.6
      vertex -2.0123116594048622 -0.15643446504023087 1.6
    endloop
  endfacet
  facet normal 0 0 1
    outer loop
      vertex -1.4815325108927067 -0.23465169756034632 1.6
      vertex -1.495376000599692 -0.11768864359176742 1.6
      vertex -2.0123116594048622 -0.15643446504023087 1.6
    endloop
  endfacet
  facet normal 0 0 1
    outer loop
      vertex -2.0123116594048622 -0.15643446504023087 1.6
      vertex -1.495376000599692 -0.11768864359176742 1.6
      vertex -2.003082666266872 -0.07845909572784494 1.6
    endloop
  endfacet
  facet normal 0 0 1
    outer loop
      vertex -2.003082666266872 -0.07845909572784494 1.6
      vertex -1.495376000599692 -0.11768864359176742 1.6
      vertex -2 0 1.6
    endloop
  endfacet
  facet normal 0 0 1
    outer loop
      vertex -1.495376000599692 -0.11768864359176742 1.6
      vertex -1.5 0 1.6
      vertex -2 0 1.6
    endloop
  endfacet
  facet normal 0 0 1
    outer loop
      vertex -5.927050983124842 -2.8531695488854605 1.6
      vertex 17.228361402466142 -1.1480502970952693 1.6
      vertex -6.148050297095269 -2.77163859753386 1.6
    endloop
  endfacet
  facet normal 0 0 1
    outer loop
      vertex -5.700336091567716 -2.9171097611930294 1.6
      vertex 17.228361402466142 -1.1480502970952693 1.6
      vertex -5.927050983124842 -2.8531695488854605 1.6
    endloop
  endfacet
  facet normal 0 0 1
    outer loop
      vertex -5.469303395120693 -2.9630650217854133 1.6
      vertex 17.228361402466142 -1.1480502970952693 1.6
      vertex -5.700336091567716 -2.9171097611930294 1.6
    endloop
  endfacet
  facet normal 0 0 1
    outer loop
      vertex -0.5866292439008658 -3.7038312772317665 1.6
      vertex 17.228361402466142 -1.1480502970952693 1.6
      vertex -5.469303395120693 -2.9630650217854133 1.6
    endloop
  endfacet
  facet normal 0 0 1
    outer loop
      vertex -6.36197149921864 -2.673019572565104 1.6
      vertex 17.228361402466142 -1.1480502970952693 1.6
      vertex -6.567495694147846 -2.5579204930622765 1.6
    endloop
  endfacet
  facet normal 0 0 1
    outer loop
      vertex -6.567495694147846 -2.5579204930622765 1.6
      vertex 17.228361402466142 -1.1480502970952693 1.6
      vertex -6.763355756877419 -2.4270509831248424 1.6
    endloop
  endfacet
  facet normal 0 0 1
    outer loop
      vertex -6.763355756877419 -2.4270509831248424 1.6
      vertex 17.228361402466142 -1.1480502970952693 1.6
      vertex -6.948344144990551 -2.2812178968000927 1.6
    endloop
  endfacet
  facet normal 0 0 1
    outer loop
      vertex -6.948344144990551 -2.2812178968000927 1.6
      vertex 17.228361402466142 -1.1480502970952693 1.6
      vertex -7.121320343559643 -2.121320343559643 1.6
    endloop
  endfacet
  facet normal 0 0 1
    outer loop
      vertex -7.121320343559643 -2.121320343559643 1.6
      vertex 17.228361402466142 -1.1480502970952693 1.6
      vertex -7.281217896800093 -1.948344144990551 1.6
    endloop
  endfacet
  facet normal 0 0 1
    outer loop
      vertex -7.281217896800093 -1.948344144990551 1.6
      vertex 17.228361402466142 -1.1480502970952693 1.6
      vertex -7.427050983124842 -1.7633557568774194 1.6
    endloop
  endfacet
  facet normal 0 0 1
    outer loop
      vertex -6.148050297095269 -2.77163859753386 1.6
      vertex 17.228361402466142 -1.1480502970952693 1.6
      vertex -6.36197149921864 -2.673019572565104 1.6
    endloop
  endfacet
  facet normal 0 0 1
    outer loop
      vertex -0.5866292439008658 -3.7038312772317665 1.6
      vertex -0.2942216089794185 -3.73844000149923 1.6
      vertex 17.228361402466142 -1.1480502970952693 1.6
    endloop
  endfacet
  facet normal 0 0 1
    outer loop
      vertex -0.2942216089794185 -3.73844000149923 1.6
      vertex 0 -3.75 1.6
      vertex 17.228361402466142 -1.1480502970952693 1.6
    endloop
  endfacet
  facet normal 0 0 1
    outer loop
      vertex 0 -3.75 1.6
      vertex 0.2942216089794185 -3.73844000149923 1.6
      vertex 17.228361402466142 -1.1480502970952693 1.6
    endloop
  endfacet
  facet normal 0 0 1
    outer loop
      vertex -7.427050983124842 -1.7633557568774194 1.6
      vertex 17.228361402466142 -1.1480502970952693 1.6
      vertex 0 -1.5 1.6
    endloop
  endfacet
  facet normal 0 0 1
    outer loop
      vertex 0 -1.5 1.6
      vertex 17.228361402466142 -1.1480502970952693 1.6
      vertex 0.11768864359176742 -1.495376000599692 1.6
    endloop
  endfacet
  facet normal 0 0 1
    outer loop
      vertex 0.11768864359176742 -1.495376000599692 1.6
      vertex 17.228361402466142 -1.1480502970952693 1.6
      vertex 0.23465169756034632 -1.4815325108927067 1.6
    endloop
  endfacet
  facet normal 0 0 1
    outer loop
      vertex 0.23465169756034632 -1.4815325108927067 1.6
      vertex 17.228361402466142 -1.1480502970952693 1.6
      vertex 0.3501680457838581 -1.4585548805965147 1.6
    endloop
  endfacet
  facet normal 0 0 1
    outer loop
      vertex 0.3501680457838581 -1.4585548805965147 1.6
      vertex 17.228361402466142 -1.1480502970952693 1.6
      vertex 0.46352549156242107 -1.4265847744427302 1.6
    endloop
  endfacet
  facet normal 0 0 1
    outer loop
      vertex 0.46352549156242107 -1.4265847744427302 1.6
      vertex 17.228361402466142 -1.1480502970952693 1.6
      vertex 0.5740251485476346 -1.38581929876693 1.6
    endloop
  endfacet
  facet normal 0 0 1
    outer loop
      vertex 0.5740251485476346 -1.38581929876693 1.6
      vertex 17.228361402466142 -1.1480502970952693 1.6
      vertex 0.6809857496093201 -1.336509786282552 1.6
    endloop
  endfacet
  facet normal 0 0 1
    outer loop
      vertex 0.6809857496093201 -1.336509786282552 1.6
      vertex 17.228361402466142 -1.1480502970952693 1.6
      vertex 0.7837478470739232 -1.2789602465311383 1.6
    endloop
  endfacet
  facet normal 0 0 1
    outer loop
      vertex 0.7837478470739232 -1.2789602465311383 1.6
      vertex 17.228361402466142 -1.1480502970952693 1.6
      vertex 0.8816778784387097 -1.2135254915624212 1.6
    endloop
  endfacet
  facet normal 0 0 1
    outer loop
      vertex 0.8816778784387097 -1.2135254915624212 1.6
      vertex 17.228361402466142 -1.1480502970952693 1.6
      vertex 0.9741720724952755 -1.1406089484000463 1.6
    endloop
  endfacet
  facet normal 0 0 1
    outer loop
      vertex 0.9741720724952755 -1.1406089484000463 1.6
      vertex 17.228361402466142 -1.1480502970952693 1.6
      vertex 1.0606601717798214 -1.0606601717798214 1.6
    endloop
  endfacet
  facet normal 0 0 1
    outer loop
      vertex 1.0606601717798214 -1.0606601717798214 1.6
      vertex 17.228361402466142 -1.1480502970952693 1.6
      vertex 1.1406089484000463 -0.9741720724952755 1.6
    endloop
  endfacet
  facet normal 0 0 1
    outer loop
      vertex 1.1406089484000463 -0.9741720724952755 1.6
      vertex 17.228361402466142 -1.1480502970952693 1.6
      vertex 1.2135254915624212 -0.8816778784387097 1.6
    endloop
  endfacet
  facet normal 0 0 1
    outer loop
      vertex 1.2135254915624212 -0.8816778784387097 1.6
      vertex 17.228361402466142 -1.1480502970952693 1.6
      vertex 1.2789602465311383 -0.7837478470739232 1.6
    endloop
  endfacet
  facet normal 0 0 1
    outer loop
      vertex 1.2789602465311383 -0.7837478470739232 1.6
      vertex 17.228361402466142 -1.1480502970952693 1.6
      vertex 1.336509786282552 -0.6809857496093201 1.6
    endloop
  endfacet
  facet normal 0 0 1
    outer loop
      vertex 1.336509786282552 -0.6809857496093201 1.6
      vertex 13 -1 1.6
      vertex 12.921540904272154 -0.996917333733128 1.6
    endloop
  endfacet
  facet normal 0 0 1
    outer loop
      vertex 1.336509786282552 -0.6809857496093201 1.6
      vertex 12.843565534959769 -0.9876883405951378 1.6
      vertex 12.766554636144095 -0.9723699203976766 1.6
    endloop
  endfacet
  facet normal 0 0 1
    outer loop
      vertex 1.336509786282552 -0.6809857496093201 1.6
      vertex 12.921540904272154 -0.996917333733128 1.6
      vertex 12.843565534959769 -0.9876883405951378 1.6
    endloop
  endfacet
  facet normal 0 0 1
    outer loop
      vertex 1.4265847744427302 -0.46352549156242107 1.6
      vertex 12.766554636144095 -0.9723699203976766 1.6
      vertex 12.690983005625053 -0.9510565162951535 1.6
    endloop
  endfacet
  facet normal 0 0 1
    outer loop
      vertex 1.4265847744427302 -0.46352549156242107 1.6
      vertex 12.690983005625053 -0.9510565162951535 1.6
      vertex 12.61731656763491 -0.9238795325112867 1.6
    endloop
  endfacet
  facet normal 0 0 1
    outer loop
      vertex 1.336509786282552 -0.6809857496093201 1.6
      vertex 12.766554636144095 -0.9723699203976766 1.6
      vertex 1.38581929876693 -0.5740251485476346 1.6
    endloop
  endfacet
  facet normal 0 0 1
    outer loop
      vertex 1.38581929876693 -0.5740251485476346 1.6
      vertex 12.766554636144095 -0.9723699203976766 1.6
      vertex 1.4265847744427302 -0.46352549156242107 1.6
    endloop
  endfacet
  facet normal 0 0 1
    outer loop
      vertex 1.4265847744427302 -0.46352549156242107 1.6
      vertex 12.61731656763491 -0.9238795325112867 1.6
      vertex 1.4585548805965147 -0.3501680457838581 1.6
    endloop
  endfacet
  facet normal 0 0 1
    outer loop
      vertex 1.4585548805965147 -0.3501680457838581 1.6
      vertex 12.546009500260453 -0.8910065241883679 1.6
      vertex 1.4815325108927067 -0.23465169756034632 1.6
    endloop
  endfacet
  facet normal 0 0 1
    outer loop
      vertex 1.4815325108927067 -0.23465169756034632 1.6
      vertex 12.47750143528405 -0.8526401643540922 1.6
      vertex 1.495376000599692 -0.11768864359176742 1.6
    endloop
  endfacet
  facet normal 0 0 1
    outer loop
      vertex 1.495376000599692 -0.11768864359176742 1.6
      vertex 12.350551951669816 -0.7604059656000309 1.6
      vertex 1.5 0 1.6
    endloop
  endfacet
  facet normal 0 0 1
    outer loop
      vertex 12.350551951669816 -0.7604059656000309 1.6
      vertex 1.495376000599692 0.11768864359176742 1.6
      vertex 1.5 0 1.6
    endloop
  endfacet
  facet normal 0 0 1
    outer loop
      vertex 12.292893218813452 -0.7071067811865476 1.6
      vertex 1.4815325108927067 0.23465169756034632 1.6
      vertex 1.495376000599692 0.11768864359176742 1.6
    endloop
  endfacet
  facet normal 0 0 1
    outer loop
      vertex 12.292893218813452 -0.7071067811865476 1.6
      vertex 1.4585548805965147 0.3501680457838581 1.6
      vertex 1.4815325108927067 0.23465169756034632 1.6
    endloop
  endfacet
  facet normal 0 0 1
    outer loop
      vertex 1.495376000599692 -0.11768864359176742 1.6
      vertex 12.47750143528405 -0.8526401643540922 1.6
      vertex 12.412214747707527 -0.8090169943749475 1.6
    endloop
  endfacet
  facet normal 0 0 1
    outer loop
      vertex 1.4585548805965147 -0.3501680457838581 1.6
      vertex 12.61731656763491 -0.9238795325112867 1.6
      vertex 12.546009500260453 -0.8910065241883679 1.6
    endloop
  endfacet
  facet normal 0 0 1
    outer loop
      vertex 1.4815325108927067 -0.23465169756034632 1.6
      vertex 12.546009500260453 -0.8910065241883679 1.6
      vertex 12.47750143528405 -0.8526401643540922 1.6
    endloop
  endfacet
  facet normal 0 0 1
    outer loop
      vertex 1.495376000599692 -0.11768864359176742 1.6
      vertex 12.412214747707527 -0.8090169943749475 1.6
      vertex 12.350551951669816 -0.7604059656000309 1.6
    endloop
  endfacet
  facet normal 0 0 1
    outer loop
      vertex 12.350551951669816 -0.7604059656000309 1.6
      vertex 12.292893218813452 -0.7071067811865476 1.6
      vertex 1.495376000599692 0.11768864359176742 1.6
    endloop
  endfacet
  facet normal 0 0 1
    outer loop
      vertex 12.292893218813452 -0.7071067811865476 1.6
      vertex 12.23959403439997 -0.6494480483301837 1.6
      vertex 1.4585548805965147 0.3501680457838581 1.6
    endloop
  endfacet
  facet normal 0 0 1
    outer loop
      vertex 12.23959403439997 -0.6494480483301837 1.6
      vertex 12.190983005625053 -0.5877852522924731 1.6
      vertex 1.38581929876693 0.5740251485476346 1.6
    endloop
  endfacet
  facet normal 0 0 1
    outer loop
      vertex 12.190983005625053 -0.5877852522924731 1.6
      vertex 12.147359835645908 -0.5224985647159488 1.6
      vertex 1.336509786282552 0.6809857496093201 1.6
    endloop
  endfacet
  facet normal 0 0 1
    outer loop
      vertex 12.147359835645908 -0.5224985647159488 1.6
      vertex 12.108993475811632 -0.45399049973954675 1.6
      vertex 1.2789602465311383 0.7837478470739232 1.6
    endloop
  endfacet
  facet normal 0 0 1
    outer loop
      vertex 0.2942216089794185 -3.73844000149923 1.6
      vertex 15.235377287183535 -2.990752001199384 1.6
      vertex 17.228361402466142 -1.1480502970952693 1.6
    endloop
  endfacet
  facet normal 0 0 1
    outer loop
      vertex 15.235377287183535 -2.990752001199384 1.6
      vertex 15.469303395120694 -2.9630650217854133 1.6
      vertex 17.326980427434897 -1.3619714992186402 1.6
    endloop
  endfacet
  facet normal 0 0 1
    outer loop
      vertex 15.469303395120694 -2.9630650217854133 1.6
      vertex 15.700336091567717 -2.9171097611930294 1.6
      vertex 17.326980427434897 -1.3619714992186402 1.6
    endloop
  endfacet
  facet normal 0 0 1
    outer loop
      vertex 15.700336091567717 -2.9171097611930294 1.6
      vertex 15.927050983124841 -2.8531695488854605 1.6
      vertex 17.326980427434897 -1.3619714992186402 1.6
    endloop
  endfacet
  facet normal 0 0 1
    outer loop
      vertex 15.927050983124841 -2.8531695488854605 1.6
      vertex 16.14805029709527 -2.77163859753386 1.6
      vertex 17.326980427434897 -1.3619714992186402 1.6
    endloop
  endfacet
  facet normal 0 0 1
    outer loop
      vertex 16.14805029709527 -2.77163859753386 1.6
      vertex 16.36197149921864 -2.673019572565104 1.6
      vertex 17.326980427434897 -1.3619714992186402 1.6
    endloop
  endfacet
  facet normal 0 0 1
    outer loop
      vertex 16.36197149921864 -2.673019572565104 1.6
      vertex 16.567495694147848 -2.5579204930622765 1.6
      vertex 17.326980427434897 -1.3619714992186402 1.6
    endloop
  endfacet
  facet normal 0 0 1
    outer loop
      vertex 16.567495694147848 -2.5579204930622765 1.6
      vertex 16.76335575687742 -2.4270509831248424 1.6
      vertex 17.326980427434897 -1.3619714992186402 1.6
    endloop
  endfacet
  facet normal 0 0 1
    outer loop
      vertex 16.76335575687742 -2.4270509831248424 1.6
      vertex 16.94834414499055 -2.2812178968000927 1.6
      vertex 17.326980427434897 -1.3619714992186402 1.6
    endloop
  endfacet
  facet normal 0 0 1
    outer loop
      vertex 16.94834414499055 -2.2812178968000927 1.6
      vertex 17.121320343559642 -2.121320343559643 1.6
      vertex 17.442079506937723 -1.5674956941478464 1.6
    endloop
  endfacet
  facet normal 0 0 1
    outer loop
      vertex 17.121320343559642 -2.121320343559643 1.6
      vertex 17.281217896800094 -1.948344144990551 1.6
      vertex 17.442079506937723 -1.5674956941478464 1.6
    endloop
  endfacet
  facet normal 0 0 1
    outer loop
      vertex 15.235377287183535 -2.990752001199384 1.6
      vertex 17.326980427434897 -1.3619714992186402 1.6
      vertex 17.228361402466142 -1.1480502970952693 1.6
    endloop
  endfacet
  facet normal 0 0 1
    outer loop
      vertex 17.281217896800094 -1.948344144990551 1.6
      vertex 17.427050983124843 -1.7633557568774194 1.6
      vertex 17.442079506937723 -1.5674956941478464 1.6
    endloop
  endfacet
  facet normal 0 0 1
    outer loop
      vertex 16.94834414499055 -2.2812178968000927 1.6
      vertex 17.442079506937723 -1.5674956941478464 1.6
      vertex 17.326980427434897 -1.3619714992186402 1.6
    endloop
  endfacet
  facet normal 0 0 1
    outer loop
      vertex 17.427050983124843 -1.7633557568774194 1.6
      vertex 17.5 -1.6541798378412769 1.6
      vertex 17.442079506937723 -1.5674956941478464 1.6
    endloop
  endfacet
  facet normal 0 0 1
    outer loop
      vertex 1.336509786282552 -0.6809857496093201 1.6
      vertex 17.228361402466142 -1.1480502970952693 1.6
      vertex 13 -1 1.6
    endloop
  endfacet
  facet normal 0 0 1
    outer loop
      vertex 13 -1 1.6
      vertex 17.14683045111454 -0.9270509831248421 1.6
      vertex 13.078459095727846 -0.996917333733128 1.6
    endloop
  endfacet
  facet normal 0 0 1
    outer loop
      vertex 13.078459095727846 -0.996917333733128 1.6
      vertex 17.14683045111454 -0.9270509831248421 1.6
      vertex 13.156434465040231 -0.9876883405951378 1.6
    endloop
  endfacet
  facet normal 0 0 1
    outer loop
      vertex 13.156434465040231 -0.9876883405951378 1.6
      vertex 17.14683045111454 -0.9270509831248421 1.6
      vertex 13.233445363855905 -0.9723699203976766 1.6
    endloop
  endfacet
  facet normal 0 0 1
    outer loop
      vertex 13.233445363855905 -0.9723699203976766 1.6
      vertex 17.14683045111454 -0.9270509831248421 1.6
      vertex 13.309016994374947 -0.9510565162951535 1.6
    endloop
  endfacet
  facet normal 0 0 1
    outer loop
      vertex 13.309016994374947 -0.9510565162951535 1.6
      vertex 17.14683045111454 -0.9270509831248421 1.6
      vertex 13.38268343236509 -0.9238795325112867 1.6
    endloop
  endfacet
  facet normal 0 0 1
    outer loop
      vertex 13.38268343236509 -0.9238795325112867 1.6
      vertex 17.14683045111454 -0.9270509831248421 1.6
      vertex 13.453990499739547 -0.8910065241883679 1.6
    endloop
  endfacet
  facet normal 0 0 1
    outer loop
      vertex 13.453990499739547 -0.8910065241883679 1.6
      vertex 17.14683045111454 -0.9270509831248421 1.6
      vertex 13.52249856471595 -0.8526401643540922 1.6
    endloop
  endfacet
  facet normal 0 0 1
    outer loop
      vertex 13.52249856471595 -0.8526401643540922 1.6
      vertex 17.14683045111454 -0.9270509831248421 1.6
      vertex 13.587785252292473 -0.8090169943749475 1.6
    endloop
  endfacet
  facet normal 0 0 1
    outer loop
      vertex 13.587785252292473 -0.8090169943749475 1.6
      vertex 17.14683045111454 -0.9270509831248421 1.6
      vertex 13.649448048330184 -0.7604059656000309 1.6
    endloop
  endfacet
  facet normal 0 0 1
    outer loop
      vertex 13.649448048330184 -0.7604059656000309 1.6
      vertex 17.14683045111454 -0.9270509831248421 1.6
      vertex 13.707106781186548 -0.7071067811865476 1.6
    endloop
  endfacet
  facet normal 0 0 1
    outer loop
      vertex 17.14683045111454 -0.9270509831248421 1.6
      vertex 13.76040596560003 -0.6494480483301837 1.6
      vertex 13.707106781186548 -0.7071067811865476 1.6
    endloop
  endfacet
  facet normal 0 0 1
    outer loop
      vertex 17.228361402466142 -1.1480502970952693 1.6
      vertex 17.14683045111454 -0.9270509831248421 1.6
      vertex 13 -1 1.6
    endloop
  endfacet
  facet normal 0 0 1
    outer loop
      vertex 17.14683045111454 -0.9270509831248421 1.6
      vertex 13.809016994374947 -0.5877852522924731 1.6
      vertex 13.76040596560003 -0.6494480483301837 1.6
    endloop
  endfacet
  facet normal 0 0 1
    outer loop
      vertex 17.14683045111454 -0.9270509831248421 1.6
      vertex 13.852640164354092 -0.5224985647159488 1.6
      vertex 13.809016994374947 -0.5877852522924731 1.6
    endloop
  endfacet
  facet normal 0 0 1
    outer loop
      vertex 17.14683045111454 -0.9270509831248421 1.6
      vertex 13.891006524188368 -0.45399049973954675 1.6
      vertex 13.852640164354092 -0.5224985647159488 1.6
    endloop
  endfacet
  facet normal 0 0 1
    outer loop
      vertex 17.14683045111454 -0.9270509831248421 1.6
      vertex 13.923879532511286 -0.3826834323650898 1.6
      vertex 13.891006524188368 -0.45399049973954675 1.6
    endloop
  endfacet
  facet normal 0 0 1
    outer loop
      vertex 17.14683045111454 -0.9270509831248421 1.6
      vertex 13.951056516295154 -0.3090169943749474 1.6
      vertex 13.923879532511286 -0.3826834323650898 1.6
    endloop
  endfacet
  facet normal 0 0 1
    outer loop
      vertex 17.14683045111454 -0.9270509831248421 1.6
      vertex 13.972369920397677 -0.2334453638559054 1.6
      vertex 13.951056516295154 -0.3090169943749474 1.6
    endloop
  endfacet
  facet normal 0 0 1
    outer loop
      vertex 17.14683045111454 -0.9270509831248421 1.6
      vertex 13.987688340595138 -0.15643446504023087 1.6
      vertex 13.972369920397677 -0.2334453638559054 1.6
    endloop
  endfacet
  facet normal 0 0 1
    outer loop
      vertex 17.14683045111454 -0.9270509831248421 1.6
      vertex 13.996917333733128 -0.07845909572784494 1.6
      vertex 13.987688340595138 -0.15643446504023087 1.6
    endloop
  endfacet
  facet normal 0 0 1
    outer loop
      vertex 17.14683045111454 -0.9270509831248421 1.6
      vertex 17.08289023880697 -0.7003360915677161 1.6
      vertex 13.996917333733128 0.07845909572784494 1.6
    endloop
  endfacet
  facet normal 0 0 1
    outer loop
      vertex 17.14683045111454 -0.9270509831248421 1.6
      vertex 14 0 1.6
      vertex 13.996917333733128 -0.07845909572784494 1.6
    endloop
  endfacet
  facet normal 0 0 1
    outer loop
      vertex 17.14683045111454 -0.9270509831248421 1.6
      vertex 13.996917333733128 0.07845909572784494 1.6
      vertex 14 0 1.6
    endloop
  endfacet
  facet normal 0 0 1
    outer loop
      vertex 17.08289023880697 -0.7003360915677161 1.6
      vertex 17.036934978214585 -0.46930339512069263 1.6
      vertex 13.996917333733128 0.07845909572784494 1.6
    endloop
  endfacet
  facet normal 0 0 1
    outer loop
      vertex 17.036934978214585 -0.46930339512069263 1.6
      vertex 17.009247998800618 -0.23537728718353484 1.6
      vertex 13.996917333733128 0.07845909572784494 1.6
    endloop
  endfacet
  facet normal 0 0 1
    outer loop
      vertex 17.009247998800618 -0.23537728718353484 1.6
      vertex 17 0 1.6
      vertex 13.996917333733128 0.07845909572784494 1.6
    endloop
  endfacet
  facet normal 0.14999681703050202 0.9886864795680773 0
    outer loop
      vertex -0.5866292439008658 -3.7038312772317665 1.6
      vertex -5.469303395120693 -2.9630650217854133 1.6
      vertex -5.469303395120693 -2.9630650217854133 4
    endloop
  endfacet
  facet normal 0.1175373974578372 0.9930684569549264 0
    outer loop
      vertex -0.5866292439008658 -3.7038312772317665 1.6
      vertex -0.5866292439008658 -3.7038312772317665 4
      vertex -0.2942216089794185 -3.73844000149923 1.6
    endloop
  endfacet
  facet normal 0.03925981575906887 0.9992290362407229 0
    outer loop
      vertex -0.2942216089794185 -3.73844000149923 1.6
      vertex -0.2942216089794185 -3.73844000149923 4
      vertex 0 -3.75 1.6
    endloop
  endfacet
  facet normal -0.03925981575906887 0.9992290362407229 0
    outer loop
      vertex 0 -3.75 1.6
      vertex 0 -3.75 4
      vertex 0.2942216089794185 -3.73844000149923 1.6
    endloop
  endfacet
  facet normal -0.04997963902529886 0.9987502368875316 0
    outer loop
      vertex 0.2942216089794185 -3.73844000149923 1.6
      vertex 0.2942216089794185 -3.73844000149923 4
      vertex 15.235377287183535 -2.990752001199384 1.6
    endloop
  endfacet
  facet normal 0.14999681703050202 0.9886864795680773 0
    outer loop
      vertex -0.5866292439008658 -3.7038312772317665 1.6
      vertex -5.469303395120693 -2.9630650217854133 4
      vertex -0.5866292439008658 -3.7038312772317665 4
    endloop
  endfacet
  facet normal 0.1175373974578372 0.9930684569549264 0
    outer loop
      vertex -0.2942216089794185 -3.73844000149923 1.6
      vertex -0.5866292439008658 -3.7038312772317665 4
      vertex -0.2942216089794185 -3.73844000149923 4
    endloop
  endfacet
  facet normal 0.03925981575906887 0.9992290362407229 0
    outer loop
      vertex 0 -3.75 1.6
      vertex -0.2942216089794185 -3.73844000149923 4
      vertex 0 -3.75 4
    endloop
  endfacet
  facet normal -0.03925981575906887 0.9992290362407229 0
    outer loop
      vertex 0.2942216089794185 -3.73844000149923 1.6
      vertex 0 -3.75 4
      vertex 0.2942216089794185 -3.73844000149923 4
    endloop
  endfacet
  facet normal -0.04997963902529888 0.9987502368875317 -6.559814542216033e-17
    outer loop
      vertex 15.235377287183535 -2.990752001199384 1.6
      vertex 0.2942216089794185 -3.73844000149923 4
      vertex 11.563193739277693 -3.1745160709140854 4
    endloop
  endfacet
  facet normal 0.5555702330196007 0.8314696123025461 0
    outer loop
      vertex -6.567495694147846 -2.5579204930622765 1.6
      vertex -6.763355756877419 -2.4270509831248424 1.6
      vertex -6.763355756877419 -2.4270509831248424 4
    endloop
  endfacet
  facet normal 0.6190939493098346 0.7853169308807445 0
    outer loop
      vertex -6.763355756877419 -2.4270509831248424 1.6
      vertex -6.948344144990551 -2.2812178968000927 1.6
      vertex -6.948344144990551 -2.2812178968000927 4
    endloop
  endfacet
  facet normal 0.6788007455329399 0.7343225094356873 0
    outer loop
      vertex -6.948344144990551 -2.2812178968000927 1.6
      vertex -7.121320343559643 -2.121320343559643 1.6
      vertex -7.121320343559643 -2.121320343559643 4
    endloop
  endfacet
  facet normal 0.7343225094356868 0.6788007455329402 0
    outer loop
      vertex -7.121320343559643 -2.121320343559643 1.6
      vertex -7.281217896800093 -1.948344144990551 1.6
      vertex -7.281217896800093 -1.948344144990551 4
    endloop
  endfacet
  facet normal 0.7853169308807445 0.6190939493098346 0
    outer loop
      vertex -7.281217896800093 -1.948344144990551 1.6
      vertex -7.427050983124842 -1.7633557568774194 1.6
      vertex -7.427050983124842 -1.7633557568774194 4
    endloop
  endfacet
  facet normal 0.8314696123025459 0.5555702330196012 0
    outer loop
      vertex -7.427050983124842 -1.7633557568774194 1.6
      vertex -7.5579204930622765 -1.5674956941478464 1.6
      vertex -7.5579204930622765 -1.5674956941478464 4
    endloop
  endfacet
  facet normal 0.19509032201613036 0.9807852804032301 0
    outer loop
      vertex -5.469303395120693 -2.9630650217854133 1.6
      vertex -5.700336091567716 -2.9171097611930294 1.6
      vertex -5.700336091567716 -2.9171097611930294 4
    endloop
  endfacet
  facet normal 0.2714404498650736 0.9624552364536476 0
    outer loop
      vertex -5.700336091567716 -2.9171097611930294 1.6
      vertex -5.927050983124842 -2.8531695488854605 1.6
      vertex -5.927050983124842 -2.8531695488854605 4
    endloop
  endfacet
  facet normal 0.34611705707749396 0.9381913359224838 0
    outer loop
      vertex -5.927050983124842 -2.8531695488854605 1.6
      vertex -6.148050297095269 -2.77163859753386 1.6
      vertex -6.148050297095269 -2.77163859753386 4
    endloop
  endfacet
  facet normal 0.41865973753742575 0.9081431738250823 0
    outer loop
      vertex -6.148050297095269 -2.77163859753386 1.6
      vertex -6.36197149921864 -2.673019572565104 1.6
      vertex -6.36197149921864 -2.673019572565104 4
    endloop
  endfacet
  facet normal 0.48862124149695696 0.8724960070727958 0
    outer loop
      vertex -6.36197149921864 -2.673019572565104 1.6
      vertex -6.567495694147846 -2.5579204930622765 1.6
      vertex -6.567495694147846 -2.5579204930622765 4
    endloop
  endfacet
  facet normal 0.8724960070727964 0.4886212414969562 0
    outer loop
      vertex -7.5579204930622765 -1.5674956941478464 1.6
      vertex -7.673019572565104 -1.3619714992186402 1.6
      vertex -7.673019572565104 -1.3619714992186402 4
    endloop
  endfacet
  facet normal 0.9081431738250819 0.4186597375374265 0
    outer loop
      vertex -7.673019572565104 -1.3619714992186402 1.6
      vertex -7.77163859753386 -1.1480502970952693 1.6
      vertex -7.77163859753386 -1.1480502970952693 4
    endloop
  endfacet
  facet normal 0.9381913359224835 0.34611705707749457 0
    outer loop
      vertex -7.77163859753386 -1.1480502970952693 1.6
      vertex -7.853169548885461 -0.9270509831248421 1.6
      vertex -7.853169548885461 -0.9270509831248421 4
    endloop
  endfacet
  facet normal 0.9624552364536479 0.2714404498650721 0
    outer loop
      vertex -7.853169548885461 -0.9270509831248421 1.6
      vertex -7.9171097611930294 -0.7003360915677161 1.6
      vertex -7.9171097611930294 -0.7003360915677161 4
    endloop
  endfacet
  facet normal 0.9807852804032303 0.19509032201612853 0
    outer loop
      vertex -7.9171097611930294 -0.7003360915677161 1.6
      vertex -7.963065021785413 -0.46930339512069263 1.6
      vertex -7.963065021785413 -0.46930339512069263 4
    endloop
  endfacet
  facet normal 0.993068456954926 0.11753739745784018 0
    outer loop
      vertex -7.963065021785413 -0.46930339512069263 1.6
      vertex -7.990752001199384 -0.23537728718353484 1.6
      vertex -7.990752001199384 -0.23537728718353484 4
    endloop
  endfacet
  facet normal 0.999229036240723 0.039259815759067354 0
    outer loop
      vertex -7.990752001199384 -0.23537728718353484 1.6
      vertex -8 0 1.6
      vertex -8 0 4
    endloop
  endfacet
  facet normal 0.5555702330196007 0.8314696123025461 0
    outer loop
      vertex -6.567495694147846 -2.5579204930622765 1.6
      vertex -6.763355756877419 -2.4270509831248424 4
      vertex -6.567495694147846 -2.5579204930622765 4
    endloop
  endfacet
  facet normal 0.6190939493098346 0.7853169308807445 0
    outer loop
      vertex -6.763355756877419 -2.4270509831248424 1.6
      vertex -6.948344144990551 -2.2812178968000927 4
      vertex -6.763355756877419 -2.4270509831248424 4
    endloop
  endfacet
  facet normal 0.6788007455329399 0.7343225094356873 0
    outer loop
      vertex -6.948344144990551 -2.2812178968000927 1.6
      vertex -7.121320343559643 -2.121320343559643 4
      vertex -6.948344144990551 -2.2812178968000927 4
    endloop
  endfacet
  facet normal 0.7343225094356868 0.6788007455329402 0
    outer loop
      vertex -7.121320343559643 -2.121320343559643 1.6
      vertex -7.281217896800093 -1.948344144990551 4
      vertex -7.121320343559643 -2.121320343559643 4
    endloop
  endfacet
  facet normal 0.7853169308807445 0.6190939493098346 0
    outer loop
      vertex -7.281217896800093 -1.948344144990551 1.6
      vertex -7.427050983124842 -1.7633557568774194 4
      vertex -7.281217896800093 -1.948344144990551 4
    endloop
  endfacet
  facet normal 0.8314696123025459 0.5555702330196012 0
    outer loop
      vertex -7.427050983124842 -1.7633557568774194 1.6
      vertex -7.5579204930622765 -1.5674956941478464 4
      vertex -7.427050983124842 -1.7633557568774194 4
    endloop
  endfacet
  facet normal 0.34611705707749396 0.9381913359224838 0
    outer loop
      vertex -5.927050983124842 -2.8531695488854605 1.6
      vertex -6.148050297095269 -2.77163859753386 4
      vertex -5.927050983124842 -2.8531695488854605 4
    endloop
  endfacet
  facet normal 0.19509032201613036 0.9807852804032301 0
    outer loop
      vertex -5.469303395120693 -2.9630650217854133 1.6
      vertex -5.700336091567716 -2.9171097611930294 4
      vertex -5.469303395120693 -2.9630650217854133 4
    endloop
  endfacet
  facet normal 0.2714404498650736 0.9624552364536476 0
    outer loop
      vertex -5.700336091567716 -2.9171097611930294 1.6
      vertex -5.927050983124842 -2.8531695488854605 4
      vertex -5.700336091567716 -2.9171097611930294 4
    endloop
  endfacet
  facet normal 0.41865973753742575 0.9081431738250823 0
    outer loop
      vertex -6.148050297095269 -2.77163859753386 1.6
      vertex -6.36197149921864 -2.673019572565104 4
      vertex -6.148050297095269 -2.77163859753386 4
    endloop
  endfacet
  facet normal 0.48862124149695696 0.8724960070727958 0
    outer loop
      vertex -6.36197149921864 -2.673019572565104 1.6
      vertex -6.567495694147846 -2.5579204930622765 4
      vertex -6.36197149921864 -2.673019572565104 4
    endloop
  endfacet
  facet normal 0.8724960070727964 0.4886212414969562 0
    outer loop
      vertex -7.5579204930622765 -1.5674956941478464 1.6
      vertex -7.673019572565104 -1.3619714992186402 4
      vertex -7.5579204930622765 -1.5674956941478464 4
    endloop
  endfacet
  facet normal 0.9081431738250819 0.4186597375374265 0
    outer loop
      vertex -7.673019572565104 -1.3619714992186402 1.6
      vertex -7.77163859753386 -1.1480502970952693 4
      vertex -7.673019572565104 -1.3619714992186402 4
    endloop
  endfacet
  facet normal 0.9381913359224835 0.34611705707749457 0
    outer loop
      vertex -7.77163859753386 -1.1480502970952693 1.6
      vertex -7.853169548885461 -0.9270509831248421 4
      vertex -7.77163859753386 -1.1480502970952693 4
    endloop
  endfacet
  facet normal 0.9624552364536479 0.2714404498650721 0
    outer loop
      vertex -7.853169548885461 -0.9270509831248421 1.6
      vertex -7.9171097611930294 -0.7003360915677161 4
      vertex -7.853169548885461 -0.9270509831248421 4
    endloop
  endfacet
  facet normal 0.993068456954926 0.11753739745784018 0
    outer loop
      vertex -7.963065021785413 -0.46930339512069263 1.6
      vertex -7.990752001199384 -0.23537728718353484 4
      vertex -7.963065021785413 -0.46930339512069263 4
    endloop
  endfacet
  facet normal 0.9807852804032303 0.19509032201612853 0
    outer loop
      vertex -7.9171097611930294 -0.7003360915677161 1.6
      vertex -7.963065021785413 -0.46930339512069263 4
      vertex -7.9171097611930294 -0.7003360915677161 4
    endloop
  endfacet
  facet normal 0.999229036240723 0.039259815759067354 0
    outer loop
      vertex -7.990752001199384 -0.23537728718353484 1.6
      vertex -8 0 4
      vertex -7.990752001199384 -0.23537728718353484 4
    endloop
  endfacet
  facet normal -0.049979639025298825 0.9987502368875318 0
    outer loop
      vertex 15.235377287183535 -2.990752001199384 1.6
      vertex 11.563193739277693 -3.1745160709140854 4
      vertex 15.235377287183535 -2.990752001199384 4
    endloop
  endfacet
  facet normal -0.11753739745783626 0.9930684569549264 0
    outer loop
      vertex 15.235377287183535 -2.990752001199384 1.6
      vertex 15.235377287183535 -2.990752001199384 4
      vertex 15.469303395120694 -2.9630650217854133 1.6
    endloop
  endfacet
  facet normal -0.19509032201613036 0.9807852804032301 0
    outer loop
      vertex 15.469303395120694 -2.9630650217854133 1.6
      vertex 15.469303395120694 -2.9630650217854133 4
      vertex 15.700336091567717 -2.9171097611930294 1.6
    endloop
  endfacet
  facet normal -0.27144044986507554 0.962455236453647 0
    outer loop
      vertex 15.700336091567717 -2.9171097611930294 1.6
      vertex 15.700336091567717 -2.9171097611930294 4
      vertex 15.927050983124841 -2.8531695488854605 1.6
    endloop
  endfacet
  facet normal -0.3461170570774902 0.9381913359224852 0
    outer loop
      vertex 15.927050983124841 -2.8531695488854605 1.6
      vertex 15.927050983124841 -2.8531695488854605 4
      vertex 16.14805029709527 -2.77163859753386 1.6
    endloop
  endfacet
  facet normal -0.41865973753742863 0.908143173825081 0
    outer loop
      vertex 16.14805029709527 -2.77163859753386 1.6
      vertex 16.14805029709527 -2.77163859753386 4
      vertex 16.36197149921864 -2.673019572565104 1.6
    endloop
  endfacet
  facet normal -0.4886212414969538 0.8724960070727977 0
    outer loop
      vertex 16.36197149921864 -2.673019572565104 1.6
      vertex 16.36197149921864 -2.673019572565104 4
      vertex 16.567495694147848 -2.5579204930622765 1.6
    endloop
  endfacet
  facet normal -0.5555702330196025 0.831469612302545 0
    outer loop
      vertex 16.567495694147848 -2.5579204930622765 1.6
      vertex 16.567495694147848 -2.5579204930622765 4
      vertex 16.76335575687742 -2.4270509831248424 1.6
    endloop
  endfacet
  facet normal -0.6190939493098382 0.7853169308807416 0
    outer loop
      vertex 16.76335575687742 -2.4270509831248424 1.6
      vertex 16.76335575687742 -2.4270509831248424 4
      vertex 16.94834414499055 -2.2812178968000927 1.6
    endloop
  endfacet
  facet normal -0.6788007455329399 0.7343225094356873 0
    outer loop
      vertex 16.94834414499055 -2.2812178968000927 1.6
      vertex 16.94834414499055 -2.2812178968000927 4
      vertex 17.121320343559642 -2.121320343559643 1.6
    endloop
  endfacet
  facet normal -0.734322509435683 0.6788007455329443 0
    outer loop
      vertex 17.121320343559642 -2.121320343559643 1.6
      vertex 17.121320343559642 -2.121320343559643 4
      vertex 17.281217896800094 -1.948344144990551 1.6
    endloop
  endfacet
  facet normal -0.7853169308807445 0.6190939493098346 0
    outer loop
      vertex 17.281217896800094 -1.948344144990551 1.6
      vertex 17.281217896800094 -1.948344144990551 4
      vertex 17.427050983124843 -1.7633557568774194 1.6
    endloop
  endfacet
  facet normal -0.8314696123025475 0.555570233019599 0
    outer loop
      vertex 17.427050983124843 -1.7633557568774194 1.6
      vertex 17.427050983124843 -1.7633557568774194 4
      vertex 17.5 -1.6541798378412769 1.6
    endloop
  endfacet
  facet normal -0.11753739745783626 0.9930684569549264 0
    outer loop
      vertex 15.469303395120694 -2.9630650217854133 1.6
      vertex 15.235377287183535 -2.990752001199384 4
      vertex 15.469303395120694 -2.9630650217854133 4
    endloop
  endfacet
  facet normal -0.19509032201613036 0.9807852804032301 0
    outer loop
      vertex 15.700336091567717 -2.9171097611930294 1.6
      vertex 15.469303395120694 -2.9630650217854133 4
      vertex 15.700336091567717 -2.9171097611930294 4
    endloop
  endfacet
  facet normal -0.27144044986507554 0.962455236453647 0
    outer loop
      vertex 15.927050983124841 -2.8531695488854605 1.6
      vertex 15.700336091567717 -2.9171097611930294 4
      vertex 15.927050983124841 -2.8531695488854605 4
    endloop
  endfacet
  facet normal -0.3461170570774902 0.9381913359224852 0
    outer loop
      vertex 16.14805029709527 -2.77163859753386 1.6
      vertex 15.927050983124841 -2.8531695488854605 4
      vertex 16.14805029709527 -2.77163859753386 4
    endloop
  endfacet
  facet normal -0.41865973753742863 0.908143173825081 0
    outer loop
      vertex 16.36197149921864 -2.673019572565104 1.6
      vertex 16.14805029709527 -2.77163859753386 4
      vertex 16.36197149921864 -2.673019572565104 4
    endloop
  endfacet
  facet normal -0.4886212414969538 0.8724960070727977 0
    outer loop
      vertex 16.567495694147848 -2.5579204930622765 1.6
      vertex 16.36197149921864 -2.673019572565104 4
      vertex 16.567495694147848 -2.5579204930622765 4
    endloop
  endfacet
  facet normal -0.5555702330196025 0.831469612302545 0
    outer loop
      vertex 16.76335575687742 -2.4270509831248424 1.6
      vertex 16.567495694147848 -2.5579204930622765 4
      vertex 16.76335575687742 -2.4270509831248424 4
    endloop
  endfacet
  facet normal -0.6190939493098382 0.7853169308807416 0
    outer loop
      vertex 16.94834414499055 -2.2812178968000927 1.6
      vertex 16.76335575687742 -2.4270509831248424 4
      vertex 16.94834414499055 -2.2812178968000927 4
    endloop
  endfacet
  facet normal -0.6788007455329399 0.7343225094356873 0
    outer loop
      vertex 17.121320343559642 -2.121320343559643 1.6
      vertex 16.94834414499055 -2.2812178968000927 4
      vertex 17.121320343559642 -2.121320343559643 4
    endloop
  endfacet
  facet normal -0.734322509435683 0.6788007455329443 0
    outer loop
      vertex 17.281217896800094 -1.948344144990551 1.6
      vertex 17.121320343559642 -2.121320343559643 4
      vertex 17.281217896800094 -1.948344144990551 4
    endloop
  endfacet
  facet normal -0.7853169308807445 0.6190939493098346 0
    outer loop
      vertex 17.427050983124843 -1.7633557568774194 1.6
      vertex 17.281217896800094 -1.948344144990551 4
      vertex 17.427050983124843 -1.7633557568774194 4
    endloop
  endfacet
  facet normal -0.8314696123025475 0.555570233019599 0
    outer loop
      vertex 17.5 -1.6541798378412769 1.6
      vertex 17.427050983124843 -1.7633557568774194 4
      vertex 17.5 -1.6541798378412769 4
    endloop
  endfacet
  facet normal 0 0 1
    outer loop
      vertex -8 0 1.6
      vertex -4 0 1.6
      vertex -7.990752001199384 0.23537728718353484 1.6
    endloop
  endfacet
  facet normal 0 0 1
    outer loop
      vertex -7.990752001199384 0.23537728718353484 1.6
      vertex -4 0 1.6
      vertex -7.963065021785413 0.46930339512069263 1.6
    endloop
  endfacet
  facet normal 0 0 1
    outer loop
      vertex -4 0 1.6
      vertex -3.996917333733128 0.07845909572784494 1.6
      vertex -7.963065021785413 0.46930339512069263 1.6
    endloop
  endfacet
  facet normal 0 0 1
    outer loop
      vertex -3.996917333733128 0.07845909572784494 1.6
      vertex -3.9876883405951378 0.15643446504023087 1.6
      vertex -7.963065021785413 0.46930339512069263 1.6
    endloop
  endfacet
  facet normal 0 0 1
    outer loop
      vertex -3.9876883405951378 0.15643446504023087 1.6
      vertex -3.972369920397677 0.2334453638559054 1.6
      vertex -7.9171097611930294 0.7003360915677161 1.6
    endloop
  endfacet
  facet normal 0 0 1
    outer loop
      vertex -3.9876883405951378 0.15643446504023087 1.6
      vertex -7.9171097611930294 0.7003360915677161 1.6
      vertex -7.963065021785413 0.46930339512069263 1.6
    endloop
  endfacet
  facet normal 0 0 1
    outer loop
      vertex -7.9171097611930294 0.7003360915677161 1.6
      vertex -3.923879532511287 0.3826834323650898 1.6
      vertex -7.853169548885461 0.9270509831248421 1.6
    endloop
  endfacet
  facet normal 0 0 1
    outer loop
      vertex -3.972369920397677 0.2334453638559054 1.6
      vertex -3.9510565162951536 0.3090169943749474 1.6
      vertex -7.9171097611930294 0.7003360915677161 1.6
    endloop
  endfacet
  facet normal 0 0 1
    outer loop
      vertex -3.9510565162951536 0.3090169943749474 1.6
      vertex -3.923879532511287 0.3826834323650898 1.6
      vertex -7.9171097611930294 0.7003360915677161 1.6
    endloop
  endfacet
  facet normal 0 0 1
    outer loop
      vertex -3.923879532511287 0.3826834323650898 1.6
      vertex -3.891006524188368 0.45399049973954675 1.6
      vertex -7.853169548885461 0.9270509831248421 1.6
    endloop
  endfacet
  facet normal 0 0 1
    outer loop
      vertex -3.891006524188368 0.45399049973954675 1.6
      vertex -3.852640164354092 0.5224985647159488 1.6
      vertex -7.853169548885461 0.9270509831248421 1.6
    endloop
  endfacet
  facet normal 0 0 1
    outer loop
      vertex -3.852640164354092 0.5224985647159488 1.6
      vertex -3.8090169943749475 0.5877852522924731 1.6
      vertex -7.853169548885461 0.9270509831248421 1.6
    endloop
  endfacet
  facet normal 0 0 1
    outer loop
      vertex -2 0 1.6
      vertex -1.5 0 1.6
      vertex -2.003082666266872 0.07845909572784494 1.6
    endloop
  endfacet
  facet normal 0 0 1
    outer loop
      vertex -2.003082666266872 0.07845909572784494 1.6
      vertex -1.5 0 1.6
      vertex -2.0123116594048622 0.15643446504023087 1.6
    endloop
  endfacet
  facet normal 0 0 1
    outer loop
      vertex -2.0123116594048622 0.15643446504023087 1.6
      vertex -1.5 0 1.6
      vertex -1.495376000599692 0.11768864359176742 1.6
    endloop
  endfacet
  facet normal 0 0 1
    outer loop
      vertex -2.0123116594048622 0.15643446504023087 1.6
      vertex -1.495376000599692 0.11768864359176742 1.6
      vertex -2.027630079602323 0.2334453638559054 1.6
    endloop
  endfacet
  facet normal 0 0 1
    outer loop
      vertex -1.495376000599692 0.11768864359176742 1.6
      vertex -1.4815325108927067 0.23465169756034632 1.6
      vertex -2.027630079602323 0.2334453638559054 1.6
    endloop
  endfacet
  facet normal 0 0 1
    outer loop
      vertex -2.027630079602323 0.2334453638559054 1.6
      vertex -1.4815325108927067 0.23465169756034632 1.6
      vertex -2.0489434837048464 0.3090169943749474 1.6
    endloop
  endfacet
  facet normal 0 0 1
    outer loop
      vertex -2.0489434837048464 0.3090169943749474 1.6
      vertex -1.4815325108927067 0.23465169756034632 1.6
      vertex -1.4585548805965147 0.3501680457838581 1.6
    endloop
  endfacet
  facet normal 0 0 1
    outer loop
      vertex -2.0489434837048464 0.3090169943749474 1.6
      vertex -1.4585548805965147 0.3501680457838581 1.6
      vertex -2.076120467488713 0.3826834323650898 1.6
    endloop
  endfacet
  facet normal 0 0 1
    outer loop
      vertex -1.4585548805965147 0.3501680457838581 1.6
      vertex -2.108993475811632 0.45399049973954675 1.6
      vertex -2.076120467488713 0.3826834323650898 1.6
    endloop
  endfacet
  facet normal 0 0 1
    outer loop
      vertex -1.4585548805965147 0.3501680457838581 1.6
      vertex -2.147359835645908 0.5224985647159488 1.6
      vertex -2.108993475811632 0.45399049973954675 1.6
    endloop
  endfacet
  facet normal 0 0 1
    outer loop
      vertex -1.4585548805965147 0.3501680457838581 1.6
      vertex -1.4265847744427302 0.46352549156242107 1.6
      vertex -2.147359835645908 0.5224985647159488 1.6
    endloop
  endfacet
  facet normal 0 0 1
    outer loop
      vertex -2.147359835645908 0.5224985647159488 1.6
      vertex -1.38581929876693 0.5740251485476345 1.6
      vertex -2.1909830056250525 0.5877852522924731 1.6
    endloop
  endfacet
  facet normal 0 0 1
    outer loop
      vertex -2.147359835645908 0.5224985647159488 1.6
      vertex -1.4265847744427302 0.46352549156242107 1.6
      vertex -1.38581929876693 0.5740251485476345 1.6
    endloop
  endfacet
  facet normal 0 0 1
    outer loop
      vertex -2.239594034399969 0.6494480483301837 1.6
      vertex -2.1909830056250525 0.5877852522924731 1.6
      vertex -1.38581929876693 0.5740251485476345 1.6
    endloop
  endfacet
  facet normal 0 0 1
    outer loop
      vertex -2.239594034399969 0.6494480483301837 1.6
      vertex -1.38581929876693 0.5740251485476345 1.6
      vertex -2.2928932188134525 0.7071067811865476 1.6
    endloop
  endfacet
  facet normal 0 0 1
    outer loop
      vertex -2.2928932188134525 0.7071067811865476 1.6
      vertex -1.336509786282552 0.6809857496093201 1.6
      vertex -2.350551951669816 0.7604059656000309 1.6
    endloop
  endfacet
  facet normal 0 0 1
    outer loop
      vertex -2.2928932188134525 0.7071067811865476 1.6
      vertex -1.38581929876693 0.5740251485476345 1.6
      vertex -1.336509786282552 0.6809857496093201 1.6
    endloop
  endfacet
  facet normal 0 0 1
    outer loop
      vertex -3.8090169943749475 0.5877852522924731 1.6
      vertex -7.77163859753386 1.1480502970952693 1.6
      vertex -7.853169548885461 0.9270509831248421 1.6
    endloop
  endfacet
  facet normal 0 0 1
    outer loop
      vertex -3.649448048330184 0.7604059656000309 1.6
      vertex -7.673019572565104 1.3619714992186402 1.6
      vertex -7.77163859753386 1.1480502970952693 1.6
    endloop
  endfacet
  facet normal 0 0 1
    outer loop
      vertex -3.8090169943749475 0.5877852522924731 1.6
      vertex -3.760405965600031 0.6494480483301837 1.6
      vertex -7.77163859753386 1.1480502970952693 1.6
    endloop
  endfacet
  facet normal 0 0 1
    outer loop
      vertex -3.760405965600031 0.6494480483301837 1.6
      vertex -3.7071067811865475 0.7071067811865476 1.6
      vertex -7.77163859753386 1.1480502970952693 1.6
    endloop
  endfacet
  facet normal 0 0 1
    outer loop
      vertex -3.7071067811865475 0.7071067811865476 1.6
      vertex -3.649448048330184 0.7604059656000309 1.6
      vertex -7.77163859753386 1.1480502970952693 1.6
    endloop
  endfacet
  facet normal 0 0 1
    outer loop
      vertex -3.649448048330184 0.7604059656000309 1.6
      vertex -3.5877852522924734 0.8090169943749475 1.6
      vertex -7.673019572565104 1.3619714992186402 1.6
    endloop
  endfacet
  facet normal 0 0 1
    outer loop
      vertex -3.5877852522924734 0.8090169943749475 1.6
      vertex -3.522498564715949 0.8526401643540922 1.6
      vertex -7.673019572565104 1.3619714992186402 1.6
    endloop
  endfacet
  facet normal 0 0 1
    outer loop
      vertex -3.522498564715949 0.8526401643540922 1.6
      vertex -3.4539904997395467 0.8910065241883679 1.6
      vertex -7.673019572565104 1.3619714992186402 1.6
    endloop
  endfacet
  facet normal 0 0 1
    outer loop
      vertex -3.4539904997395467 0.8910065241883679 1.6
      vertex -3.3826834323650896 0.9238795325112867 1.6
      vertex -7.673019572565104 1.3619714992186402 1.6
    endloop
  endfacet
  facet normal 0 0 1
    outer loop
      vertex -3.3826834323650896 0.9238795325112867 1.6
      vertex -7.5579204930622765 1.5674956941478464 1.6
      vertex -7.673019572565104 1.3619714992186402 1.6
    endloop
  endfacet
  facet normal 0 0 1
    outer loop
      vertex -1.2135254915624212 0.8816778784387097 1.6
      vertex -7.427050983124842 1.7633557568774194 1.6
      vertex -7.5579204930622765 1.5674956941478464 1.6
    endloop
  endfacet
  facet normal 0 0 1
    outer loop
      vertex -3.3826834323650896 0.9238795325112867 1.6
      vertex -3.3090169943749475 0.9510565162951535 1.6
      vertex -7.5579204930622765 1.5674956941478464 1.6
    endloop
  endfacet
  facet normal 0 0 1
    outer loop
      vertex -3.3090169943749475 0.9510565162951535 1.6
      vertex -3.2334453638559055 0.9723699203976766 1.6
      vertex -7.5579204930622765 1.5674956941478464 1.6
    endloop
  endfacet
  facet normal 0 0 1
    outer loop
      vertex -3.2334453638559055 0.9723699203976766 1.6
      vertex -3.1564344650402307 0.9876883405951378 1.6
      vertex -7.5579204930622765 1.5674956941478464 1.6
    endloop
  endfacet
  facet normal 0 0 1
    outer loop
      vertex -3.1564344650402307 0.9876883405951378 1.6
      vertex -3.078459095727845 0.996917333733128 1.6
      vertex -7.5579204930622765 1.5674956941478464 1.6
    endloop
  endfacet
  facet normal 0 0 1
    outer loop
      vertex -3.078459095727845 0.996917333733128 1.6
      vertex -3 1 1.6
      vertex -7.5579204930622765 1.5674956941478464 1.6
    endloop
  endfacet
  facet normal 0 0 1
    outer loop
      vertex -3 1 1.6
      vertex -2.921540904272155 0.996917333733128 1.6
      vertex -7.5579204930622765 1.5674956941478464 1.6
    endloop
  endfacet
  facet normal 0 0 1
    outer loop
      vertex -2.921540904272155 0.996917333733128 1.6
      vertex -2.8435655349597693 0.9876883405951378 1.6
      vertex -7.5579204930622765 1.5674956941478464 1.6
    endloop
  endfacet
  facet normal 0 0 1
    outer loop
      vertex -1.336509786282552 0.6809857496093201 1.6
      vertex -2.4122147477075266 0.8090169943749475 1.6
      vertex -2.350551951669816 0.7604059656000309 1.6
    endloop
  endfacet
  facet normal 0 0 1
    outer loop
      vertex -1.336509786282552 0.6809857496093201 1.6
      vertex -2.477501435284051 0.8526401643540922 1.6
      vertex -2.4122147477075266 0.8090169943749475 1.6
    endloop
  endfacet
  facet normal 0 0 1
    outer loop
      vertex -2.477501435284051 0.8526401643540922 1.6
      vertex -1.2135254915624212 0.8816778784387097 1.6
      vertex -2.5460095002604533 0.8910065241883679 1.6
    endloop
  endfacet
  facet normal 0 0 1
    outer loop
      vertex -2.6173165676349104 0.9238795325112867 1.6
      vertex -2.5460095002604533 0.8910065241883679 1.6
      vertex -1.2135254915624212 0.8816778784387097 1.6
    endloop
  endfacet
  facet normal 0 0 1
    outer loop
      vertex -2.6173165676349104 0.9238795325112867 1.6
      vertex -1.2135254915624212 0.8816778784387097 1.6
      vertex -2.6909830056250525 0.9510565162951535 1.6
    endloop
  endfacet
  facet normal 0 0 1
    outer loop
      vertex -1.2135254915624212 0.8816778784387097 1.6
      vertex -2.7665546361440945 0.9723699203976766 1.6
      vertex -2.6909830056250525 0.9510565162951535 1.6
    endloop
  endfacet
  facet normal 0 0 1
    outer loop
      vertex -1.336509786282552 0.6809857496093201 1.6
      vertex -1.2789602465311383 0.7837478470739232 1.6
      vertex -2.477501435284051 0.8526401643540922 1.6
    endloop
  endfacet
  facet normal 0 0 1
    outer loop
      vertex -2.477501435284051 0.8526401643540922 1.6
      vertex -1.2789602465311383 0.7837478470739232 1.6
      vertex -1.2135254915624212 0.8816778784387097 1.6
    endloop
  endfacet
  facet normal 0 0 1
    outer loop
      vertex -1.2135254915624212 0.8816778784387097 1.6
      vertex -2.8435655349597693 0.9876883405951378 1.6
      vertex -2.7665546361440945 0.9723699203976766 1.6
    endloop
  endfacet
  facet normal 0 0 1
    outer loop
      vertex -1.2135254915624212 0.8816778784387097 1.6
      vertex -7.5579204930622765 1.5674956941478464 1.6
      vertex -2.8435655349597693 0.9876883405951378 1.6
    endloop
  endfacet
  facet normal 0 0 1
    outer loop
      vertex -1.2135254915624212 0.8816778784387097 1.6
      vertex -1.1406089484000463 0.9741720724952755 1.6
      vertex -7.427050983124842 1.7633557568774194 1.6
    endloop
  endfacet
  facet normal 0 0 1
    outer loop
      vertex -1.1406089484000463 0.9741720724952755 1.6
      vertex -1.0606601717798214 1.0606601717798214 1.6
      vertex -7.281217896800093 1.948344144990551 1.6
    endloop
  endfacet
  facet normal 0 0 1
    outer loop
      vertex -1.0606601717798214 1.0606601717798214 1.6
      vertex -0.9741720724952755 1.1406089484000463 1.6
      vertex -7.281217896800093 1.948344144990551 1.6
    endloop
  endfacet
  facet normal 0 0 1
    outer loop
      vertex -0.9741720724952755 1.1406089484000463 1.6
      vertex -0.8816778784387097 1.2135254915624212 1.6
      vertex -7.121320343559643 2.121320343559643 1.6
    endloop
  endfacet
  facet normal 0 0 1
    outer loop
      vertex -1.1406089484000463 0.9741720724952755 1.6
      vertex -7.281217896800093 1.948344144990551 1.6
      vertex -7.427050983124842 1.7633557568774194 1.6
    endloop
  endfacet
  facet normal 0 0 1
    outer loop
      vertex -0.9741720724952755 1.1406089484000463 1.6
      vertex -7.121320343559643 2.121320343559643 1.6
      vertex -7.281217896800093 1.948344144990551 1.6
    endloop
  endfacet
  facet normal 0 0 1
    outer loop
      vertex -0.7837478470739232 1.2789602465311383 1.6
      vertex -6.948344144990551 2.2812178968000927 1.6
      vertex -7.121320343559643 2.121320343559643 1.6
    endloop
  endfacet
  facet normal 0 0 1
    outer loop
      vertex -0.5740251485476346 1.38581929876693 1.6
      vertex -6.763355756877419 2.4270509831248424 1.6
      vertex -6.948344144990551 2.2812178968000927 1.6
    endloop
  endfacet
  facet normal 0 0 1
    outer loop
      vertex -0.3501680457838581 1.4585548805965147 1.6
      vertex -6.567495694147846 2.5579204930622765 1.6
      vertex -6.763355756877419 2.4270509831248424 1.6
    endloop
  endfacet
  facet normal 0 0 1
    outer loop
      vertex -0.8816778784387097 1.2135254915624212 1.6
      vertex -0.7837478470739232 1.2789602465311383 1.6
      vertex -7.121320343559643 2.121320343559643 1.6
    endloop
  endfacet
  facet normal 0 0 1
    outer loop
      vertex -0.7837478470739232 1.2789602465311383 1.6
      vertex -0.6809857496093201 1.336509786282552 1.6
      vertex -6.948344144990551 2.2812178968000927 1.6
    endloop
  endfacet
  facet normal 0 0 1
    outer loop
      vertex -0.6809857496093201 1.336509786282552 1.6
      vertex -0.5740251485476346 1.38581929876693 1.6
      vertex -6.948344144990551 2.2812178968000927 1.6
    endloop
  endfacet
  facet normal 0 0 1
    outer loop
      vertex -0.5740251485476346 1.38581929876693 1.6
      vertex -0.46352549156242107 1.4265847744427302 1.6
      vertex -6.763355756877419 2.4270509831248424 1.6
    endloop
  endfacet
  facet normal 0 0 1
    outer loop
      vertex -0.46352549156242107 1.4265847744427302 1.6
      vertex -0.3501680457838581 1.4585548805965147 1.6
      vertex -6.763355756877419 2.4270509831248424 1.6
    endloop
  endfacet
  facet normal 0 0 1
    outer loop
      vertex -0.3501680457838581 1.4585548805965147 1.6
      vertex -0.23465169756034632 1.4815325108927067 1.6
      vertex -6.567495694147846 2.5579204930622765 1.6
    endloop
  endfacet
  facet normal 0 0 1
    outer loop
      vertex -0.23465169756034632 1.4815325108927067 1.6
      vertex -0.11768864359176742 1.495376000599692 1.6
      vertex -6.567495694147846 2.5579204930622765 1.6
    endloop
  endfacet
  facet normal 0 0 1
    outer loop
      vertex -0.11768864359176742 1.495376000599692 1.6
      vertex 0 1.5 1.6
      vertex -6.567495694147846 2.5579204930622765 1.6
    endloop
  endfacet
  facet normal 0 0 1
    outer loop
      vertex 0.11768864359176742 1.495376000599692 1.6
      vertex -6.567495694147846 2.5579204930622765 1.6
      vertex 0 1.5 1.6
    endloop
  endfacet
  facet normal 0 0 1
    outer loop
      vertex 0.11768864359176742 1.495376000599692 1.6
      vertex 0.23465169756034632 1.4815325108927067 1.6
      vertex -6.567495694147846 2.5579204930622765 1.6
    endloop
  endfacet
  facet normal 0 0 1
    outer loop
      vertex 12.048943483704846 -0.3090169943749474 1.6
      vertex -6.567495694147846 2.5579204930622765 1.6
      vertex 0.23465169756034632 1.4815325108927067 1.6
    endloop
  endfacet
  facet normal 0 0 1
    outer loop
      vertex 12.23959403439997 -0.6494480483301837 1.6
      vertex 1.4265847744427302 0.46352549156242107 1.6
      vertex 1.4585548805965147 0.3501680457838581 1.6
    endloop
  endfacet
  facet normal 0 0 1
    outer loop
      vertex 12.23959403439997 -0.6494480483301837 1.6
      vertex 1.38581929876693 0.5740251485476346 1.6
      vertex 1.4265847744427302 0.46352549156242107 1.6
    endloop
  endfacet
  facet normal 0 0 1
    outer loop
      vertex 12.190983005625053 -0.5877852522924731 1.6
      vertex 1.336509786282552 0.6809857496093201 1.6
      vertex 1.38581929876693 0.5740251485476346 1.6
    endloop
  endfacet
  facet normal 0 0 1
    outer loop
      vertex 12.147359835645908 -0.5224985647159488 1.6
      vertex 1.2789602465311383 0.7837478470739232 1.6
      vertex 1.336509786282552 0.6809857496093201 1.6
    endloop
  endfacet
  facet normal 0 0 1
    outer loop
      vertex 12.108993475811632 -0.45399049973954675 1.6
      vertex 1.0606601717798214 1.0606601717798214 1.6
      vertex 1.1406089484000463 0.9741720724952755 1.6
    endloop
  endfacet
  facet normal 0 0 1
    outer loop
      vertex 12.108993475811632 -0.45399049973954675 1.6
      vertex 1.2135254915624212 0.8816778784387097 1.6
      vertex 1.2789602465311383 0.7837478470739232 1.6
    endloop
  endfacet
  facet normal 0 0 1
    outer loop
      vertex 12.108993475811632 -0.45399049973954675 1.6
      vertex 1.1406089484000463 0.9741720724952755 1.6
      vertex 1.2135254915624212 0.8816778784387097 1.6
    endloop
  endfacet
  facet normal 0 0 1
    outer loop
      vertex 12.076120467488714 -0.3826834323650898 1.6
      vertex 0.9741720724952755 1.1406089484000463 1.6
      vertex 1.0606601717798214 1.0606601717798214 1.6
    endloop
  endfacet
  facet normal 0 0 1
    outer loop
      vertex 12.076120467488714 -0.3826834323650898 1.6
      vertex 0.8816778784387097 1.2135254915624212 1.6
      vertex 0.9741720724952755 1.1406089484000463 1.6
    endloop
  endfacet
  facet normal 0 0 1
    outer loop
      vertex 12.076120467488714 -0.3826834323650898 1.6
      vertex 0.7837478470739232 1.2789602465311383 1.6
      vertex 0.8816778784387097 1.2135254915624212 1.6
    endloop
  endfacet
  facet normal 0 0 1
    outer loop
      vertex 12.076120467488714 -0.3826834323650898 1.6
      vertex 0.6809857496093201 1.336509786282552 1.6
      vertex 0.7837478470739232 1.2789602465311383 1.6
    endloop
  endfacet
  facet normal 0 0 1
    outer loop
      vertex 12.048943483704846 -0.3090169943749474 1.6
      vertex 12.027630079602323 -0.2334453638559054 1.6
      vertex -6.148050297095269 2.77163859753386 1.6
    endloop
  endfacet
  facet normal 0 0 1
    outer loop
      vertex 12.108993475811632 -0.45399049973954675 1.6
      vertex 12.076120467488714 -0.3826834323650898 1.6
      vertex 1.0606601717798214 1.0606601717798214 1.6
    endloop
  endfacet
  facet normal 0 0 1
    outer loop
      vertex 12.076120467488714 -0.3826834323650898 1.6
      vertex 12.048943483704846 -0.3090169943749474 1.6
      vertex 0.5740251485476346 1.38581929876693 1.6
    endloop
  endfacet
  facet normal 0 0 1
    outer loop
      vertex 12.076120467488714 -0.3826834323650898 1.6
      vertex 0.5740251485476346 1.38581929876693 1.6
      vertex 0.6809857496093201 1.336509786282552 1.6
    endloop
  endfacet
  facet normal 0 0 1
    outer loop
      vertex 12.048943483704846 -0.3090169943749474 1.6
      vertex 0.46352549156242107 1.4265847744427302 1.6
      vertex 0.5740251485476346 1.38581929876693 1.6
    endloop
  endfacet
  facet normal 0 0 1
    outer loop
      vertex 12.048943483704846 -0.3090169943749474 1.6
      vertex 0.3501680457838581 1.4585548805965147 1.6
      vertex 0.46352549156242107 1.4265847744427302 1.6
    endloop
  endfacet
  facet normal 0 0 1
    outer loop
      vertex 12.048943483704846 -0.3090169943749474 1.6
      vertex 0.23465169756034632 1.4815325108927067 1.6
      vertex 0.3501680457838581 1.4585548805965147 1.6
    endloop
  endfacet
  facet normal 0 0 1
    outer loop
      vertex 12.027630079602323 -0.2334453638559054 1.6
      vertex 12.012311659404862 -0.15643446504023087 1.6
      vertex -5.700336091567716 2.9171097611930294 1.6
    endloop
  endfacet
  facet normal 0 0 1
    outer loop
      vertex 12.012311659404862 -0.15643446504023087 1.6
      vertex 12.003082666266872 -0.07845909572784494 1.6
      vertex -0.5866292439008658 3.7038312772317665 1.6
    endloop
  endfacet
  facet normal 0 0 1
    outer loop
      vertex 12.003082666266872 -0.07845909572784494 1.6
      vertex 12 0 1.6
      vertex -0.5866292439008658 3.7038312772317665 1.6
    endloop
  endfacet
  facet normal 0 0 1
    outer loop
      vertex 12 0 1.6
      vertex 12.003082666266872 0.07845909572784494 1.6
      vertex -0.5866292439008658 3.7038312772317665 1.6
    endloop
  endfacet
  facet normal 0 0 1
    outer loop
      vertex 12.003082666266872 0.07845909572784494 1.6
      vertex 12.012311659404862 0.15643446504023087 1.6
      vertex -0.5866292439008658 3.7038312772317665 1.6
    endloop
  endfacet
  facet normal 0 0 1
    outer loop
      vertex 12.012311659404862 0.15643446504023087 1.6
      vertex 12.027630079602323 0.2334453638559054 1.6
      vertex -0.5866292439008658 3.7038312772317665 1.6
    endloop
  endfacet
  facet normal 0 0 1
    outer loop
      vertex 12.027630079602323 0.2334453638559054 1.6
      vertex 12.048943483704846 0.3090169943749474 1.6
      vertex -0.5866292439008658 3.7038312772317665 1.6
    endloop
  endfacet
  facet normal 0 0 1
    outer loop
      vertex 12.048943483704846 0.3090169943749474 1.6
      vertex 12.076120467488714 0.3826834323650898 1.6
      vertex -0.2942216089794185 3.73844000149923 1.6
    endloop
  endfacet
  facet normal 0 0 1
    outer loop
      vertex 12.048943483704846 -0.3090169943749474 1.6
      vertex -6.36197149921864 2.673019572565104 1.6
      vertex -6.567495694147846 2.5579204930622765 1.6
    endloop
  endfacet
  facet normal 0 0 1
    outer loop
      vertex 12.048943483704846 -0.3090169943749474 1.6
      vertex -6.148050297095269 2.77163859753386 1.6
      vertex -6.36197149921864 2.673019572565104 1.6
    endloop
  endfacet
  facet normal 0 0 1
    outer loop
      vertex 12.027630079602323 -0.2334453638559054 1.6
      vertex -5.927050983124842 2.8531695488854605 1.6
      vertex -6.148050297095269 2.77163859753386 1.6
    endloop
  endfacet
  facet normal 0 0 1
    outer loop
      vertex 12.027630079602323 -0.2334453638559054 1.6
      vertex -5.700336091567716 2.9171097611930294 1.6
      vertex -5.927050983124842 2.8531695488854605 1.6
    endloop
  endfacet
  facet normal 0 0 1
    outer loop
      vertex 12.012311659404862 -0.15643446504023087 1.6
      vertex -5.469303395120693 2.9630650217854133 1.6
      vertex -5.700336091567716 2.9171097611930294 1.6
    endloop
  endfacet
  facet normal 0 0 1
    outer loop
      vertex 12.012311659404862 -0.15643446504023087 1.6
      vertex -0.5866292439008658 3.7038312772317665 1.6
      vertex -5.469303395120693 2.9630650217854133 1.6
    endloop
  endfacet
  facet normal 0 0 1
    outer loop
      vertex 12.048943483704846 0.3090169943749474 1.6
      vertex -0.2942216089794185 3.73844000149923 1.6
      vertex -0.5866292439008658 3.7038312772317665 1.6
    endloop
  endfacet
  facet normal 0 0 1
    outer loop
      vertex 12.076120467488714 0.3826834323650898 1.6
      vertex 0 3.75 1.6
      vertex -0.2942216089794185 3.73844000149923 1.6
    endloop
  endfacet
  facet normal 0 0 1
    outer loop
      vertex 12.076120467488714 0.3826834323650898 1.6
      vertex 0.2942216089794185 3.73844000149923 1.6
      vertex 0 3.75 1.6
    endloop
  endfacet
  facet normal 0 0 1
    outer loop
      vertex 12.076120467488714 0.3826834323650898 1.6
      vertex 12.108993475811632 0.45399049973954675 1.6
      vertex 0.2942216089794185 3.73844000149923 1.6
    endloop
  endfacet
  facet normal 0 0 1
    outer loop
      vertex 12.108993475811632 0.45399049973954675 1.6
      vertex 12.147359835645908 0.5224985647159488 1.6
      vertex 0.2942216089794185 3.73844000149923 1.6
    endloop
  endfacet
  facet normal 0 0 1
    outer loop
      vertex 12.147359835645908 0.5224985647159488 1.6
      vertex 12.190983005625053 0.5877852522924731 1.6
      vertex 0.2942216089794185 3.73844000149923 1.6
    endloop
  endfacet
  facet normal 0 0 1
    outer loop
      vertex 12.190983005625053 0.5877852522924731 1.6
      vertex 12.23959403439997 0.6494480483301837 1.6
      vertex 0.2942216089794185 3.73844000149923 1.6
    endloop
  endfacet
  facet normal 0 0 1
    outer loop
      vertex 12.23959403439997 0.6494480483301837 1.6
      vertex 12.292893218813452 0.7071067811865476 1.6
      vertex 0.2942216089794185 3.73844000149923 1.6
    endloop
  endfacet
  facet normal 0 0 1
    outer loop
      vertex 12.292893218813452 0.7071067811865476 1.6
      vertex 12.350551951669816 0.7604059656000309 1.6
      vertex 0.2942216089794185 3.73844000149923 1.6
    endloop
  endfacet
  facet normal 0 0 1
    outer loop
      vertex 12.350551951669816 0.7604059656000309 1.6
      vertex 12.412214747707527 0.8090169943749475 1.6
      vertex 0.2942216089794185 3.73844000149923 1.6
    endloop
  endfacet
  facet normal 0 0 1
    outer loop
      vertex 12.412214747707527 0.8090169943749475 1.6
      vertex 12.47750143528405 0.8526401643540922 1.6
      vertex 0.2942216089794185 3.73844000149923 1.6
    endloop
  endfacet
  facet normal 0 0 1
    outer loop
      vertex 12.47750143528405 0.8526401643540922 1.6
      vertex 12.546009500260453 0.8910065241883679 1.6
      vertex 0.2942216089794185 3.73844000149923 1.6
    endloop
  endfacet
  facet normal 0 0 1
    outer loop
      vertex 12.546009500260453 0.8910065241883679 1.6
      vertex 12.61731656763491 0.9238795325112867 1.6
      vertex 0.2942216089794185 3.73844000149923 1.6
    endloop
  endfacet
  facet normal 0 0 1
    outer loop
      vertex 12.61731656763491 0.9238795325112867 1.6
      vertex 12.690983005625053 0.9510565162951535 1.6
      vertex 0.2942216089794185 3.73844000149923 1.6
    endloop
  endfacet
  facet normal 0 0 1
    outer loop
      vertex 12.690983005625053 0.9510565162951535 1.6
      vertex 12.766554636144095 0.9723699203976766 1.6
      vertex 0.2942216089794185 3.73844000149923 1.6
    endloop
  endfacet
  facet normal 0 0 1
    outer loop
      vertex 12.766554636144095 0.9723699203976766 1.6
      vertex 12.843565534959769 0.9876883405951378 1.6
      vertex 0.2942216089794185 3.73844000149923 1.6
    endloop
  endfacet
  facet normal 0 0 1
    outer loop
      vertex 12.843565534959769 0.9876883405951378 1.6
      vertex 12.921540904272154 0.996917333733128 1.6
      vertex 0.2942216089794185 3.73844000149923 1.6
    endloop
  endfacet
  facet normal 0 0 1
    outer loop
      vertex 12.921540904272154 0.996917333733128 1.6
      vertex 13 1 1.6
      vertex 0.2942216089794185 3.73844000149923 1.6
    endloop
  endfacet
  facet normal 0 0 1
    outer loop
      vertex 13 1 1.6
      vertex 13.078459095727846 0.996917333733128 1.6
      vertex 0.2942216089794185 3.73844000149923 1.6
    endloop
  endfacet
  facet normal 0 0 1
    outer loop
      vertex 13.078459095727846 0.996917333733128 1.6
      vertex 13.156434465040231 0.9876883405951378 1.6
      vertex 0.2942216089794185 3.73844000149923 1.6
    endloop
  endfacet
  facet normal 0 0 1
    outer loop
      vertex 13.233445363855905 0.9723699203976766 1.6
      vertex 0.2942216089794185 3.73844000149923 1.6
      vertex 13.156434465040231 0.9876883405951378 1.6
    endloop
  endfacet
  facet normal 0 0 1
    outer loop
      vertex 13.996917333733128 0.07845909572784494 1.6
      vertex 15.235377287183535 2.990752001199384 1.6
      vertex 13.987688340595138 0.15643446504023087 1.6
    endloop
  endfacet
  facet normal 0 0 1
    outer loop
      vertex 13.987688340595138 0.15643446504023087 1.6
      vertex 15.235377287183535 2.990752001199384 1.6
      vertex 13.972369920397677 0.2334453638559054 1.6
    endloop
  endfacet
  facet normal 0 0 1
    outer loop
      vertex 13.972369920397677 0.2334453638559054 1.6
      vertex 15.235377287183535 2.990752001199384 1.6
      vertex 13.951056516295154 0.3090169943749474 1.6
    endloop
  endfacet
  facet normal 0 0 1
    outer loop
      vertex 13.951056516295154 0.3090169943749474 1.6
      vertex 15.235377287183535 2.990752001199384 1.6
      vertex 13.923879532511286 0.3826834323650898 1.6
    endloop
  endfacet
  facet normal 0 0 1
    outer loop
      vertex 13.923879532511286 0.3826834323650898 1.6
      vertex 15.235377287183535 2.990752001199384 1.6
      vertex 13.891006524188368 0.45399049973954675 1.6
    endloop
  endfacet
  facet normal 0 0 1
    outer loop
      vertex 13.707106781186548 0.7071067811865476 1.6
      vertex 15.235377287183535 2.990752001199384 1.6
      vertex 13.649448048330184 0.7604059656000309 1.6
    endloop
  endfacet
  facet normal 0 0 1
    outer loop
      vertex 13.891006524188368 0.45399049973954675 1.6
      vertex 15.235377287183535 2.990752001199384 1.6
      vertex 13.852640164354092 0.5224985647159488 1.6
    endloop
  endfacet
  facet normal 0 0 1
    outer loop
      vertex 13.852640164354092 0.5224985647159488 1.6
      vertex 15.235377287183535 2.990752001199384 1.6
      vertex 13.809016994374947 0.5877852522924731 1.6
    endloop
  endfacet
  facet normal 0 0 1
    outer loop
      vertex 13.76040596560003 0.6494480483301837 1.6
      vertex 13.809016994374947 0.5877852522924731 1.6
      vertex 15.235377287183535 2.990752001199384 1.6
    endloop
  endfacet
  facet normal 0 0 1
    outer loop
      vertex 13.76040596560003 0.6494480483301837 1.6
      vertex 15.235377287183535 2.990752001199384 1.6
      vertex 13.707106781186548 0.7071067811865476 1.6
    endloop
  endfacet
  facet normal 0 0 1
    outer loop
      vertex 13.996917333733128 0.07845909572784494 1.6
      vertex 17 0 1.6
      vertex 17.009247998800618 0.23537728718353484 1.6
    endloop
  endfacet
  facet normal 0 0 1
    outer loop
      vertex 13.996917333733128 0.07845909572784494 1.6
      vertex 17.009247998800618 0.23537728718353484 1.6
      vertex 15.235377287183535 2.990752001199384 1.6
    endloop
  endfacet
  facet normal 0 0 1
    outer loop
      vertex 17.009247998800618 0.23537728718353484 1.6
      vertex 17.036934978214585 0.46930339512069263 1.6
      vertex 15.700336091567717 2.9171097611930294 1.6
    endloop
  endfacet
  facet normal 0 0 1
    outer loop
      vertex 17.036934978214585 0.46930339512069263 1.6
      vertex 17.08289023880697 0.7003360915677161 1.6
      vertex 16.14805029709527 2.77163859753386 1.6
    endloop
  endfacet
  facet normal 0 0 1
    outer loop
      vertex 17.08289023880697 0.7003360915677161 1.6
      vertex 17.14683045111454 0.9270509831248421 1.6
      vertex 16.36197149921864 2.673019572565104 1.6
    endloop
  endfacet
  facet normal 0 0 1
    outer loop
      vertex 13.649448048330184 0.7604059656000309 1.6
      vertex 15.235377287183535 2.990752001199384 1.6
      vertex 13.587785252292473 0.8090169943749475 1.6
    endloop
  endfacet
  facet normal 0 0 1
    outer loop
      vertex 13.587785252292473 0.8090169943749475 1.6
      vertex 15.235377287183535 2.990752001199384 1.6
      vertex 13.52249856471595 0.8526401643540922 1.6
    endloop
  endfacet
  facet normal 0 0 1
    outer loop
      vertex 13.52249856471595 0.8526401643540922 1.6
      vertex 15.235377287183535 2.990752001199384 1.6
      vertex 13.453990499739547 0.8910065241883679 1.6
    endloop
  endfacet
  facet normal 0 0 1
    outer loop
      vertex 13.453990499739547 0.8910065241883679 1.6
      vertex 15.235377287183535 2.990752001199384 1.6
      vertex 13.38268343236509 0.9238795325112867 1.6
    endloop
  endfacet
  facet normal 0 0 1
    outer loop
      vertex 13.309016994374947 0.9510565162951535 1.6
      vertex 15.235377287183535 2.990752001199384 1.6
      vertex 13.233445363855905 0.9723699203976766 1.6
    endloop
  endfacet
  facet normal 0 0 1
    outer loop
      vertex 13.38268343236509 0.9238795325112867 1.6
      vertex 15.235377287183535 2.990752001199384 1.6
      vertex 13.309016994374947 0.9510565162951535 1.6
    endloop
  endfacet
  facet normal 0 0 1
    outer loop
      vertex 13.233445363855905 0.9723699203976766 1.6
      vertex 15.235377287183535 2.990752001199384 1.6
      vertex 0.2942216089794185 3.73844000149923 1.6
    endloop
  endfacet
  facet normal 0 0 1
    outer loop
      vertex 17.14683045111454 0.9270509831248421 1.6
      vertex 17.228361402466142 1.1480502970952693 1.6
      vertex 16.76335575687742 2.4270509831248424 1.6
    endloop
  endfacet
  facet normal 0 0 1
    outer loop
      vertex 17.228361402466142 1.1480502970952693 1.6
      vertex 17.326980427434897 1.3619714992186402 1.6
      vertex 17.121320343559642 2.121320343559643 1.6
    endloop
  endfacet
  facet normal 0 0 1
    outer loop
      vertex 17.326980427434897 1.3619714992186402 1.6
      vertex 17.442079506937723 1.5674956941478464 1.6
      vertex 17.281217896800094 1.948344144990551 1.6
    endloop
  endfacet
  facet normal 0 0 1
    outer loop
      vertex 17.442079506937723 1.5674956941478464 1.6
      vertex 17.5 1.6541798378412769 1.6
      vertex 17.427050983124843 1.7633557568774194 1.6
    endloop
  endfacet
  facet normal 0 0 1
    outer loop
      vertex 17.442079506937723 1.5674956941478464 1.6
      vertex 17.427050983124843 1.7633557568774194 1.6
      vertex 17.281217896800094 1.948344144990551 1.6
    endloop
  endfacet
  facet normal 0 0 1
    outer loop
      vertex 17.228361402466142 1.1480502970952693 1.6
      vertex 17.121320343559642 2.121320343559643 1.6
      vertex 16.94834414499055 2.2812178968000927 1.6
    endloop
  endfacet
  facet normal 0 0 1
    outer loop
      vertex 17.326980427434897 1.3619714992186402 1.6
      vertex 17.281217896800094 1.948344144990551 1.6
      vertex 17.121320343559642 2.121320343559643 1.6
    endloop
  endfacet
  facet normal 0 0 1
    outer loop
      vertex 17.009247998800618 0.23537728718353484 1.6
      vertex 15.700336091567717 2.9171097611930294 1.6
      vertex 15.469303395120694 2.9630650217854133 1.6
    endloop
  endfacet
  facet normal 0 0 1
    outer loop
      vertex 17.009247998800618 0.23537728718353484 1.6
      vertex 15.469303395120694 2.9630650217854133 1.6
      vertex 15.235377287183535 2.990752001199384 1.6
    endloop
  endfacet
  facet normal 0 0 1
    outer loop
      vertex 17.036934978214585 0.46930339512069263 1.6
      vertex 16.14805029709527 2.77163859753386 1.6
      vertex 15.927050983124841 2.8531695488854605 1.6
    endloop
  endfacet
  facet normal 0 0 1
    outer loop
      vertex 17.08289023880697 0.7003360915677161 1.6
      vertex 16.36197149921864 2.673019572565104 1.6
      vertex 16.14805029709527 2.77163859753386 1.6
    endloop
  endfacet
  facet normal 0 0 1
    outer loop
      vertex 17.14683045111454 0.9270509831248421 1.6
      vertex 16.76335575687742 2.4270509831248424 1.6
      vertex 16.567495694147848 2.5579204930622765 1.6
    endloop
  endfacet
  facet normal 0 0 1
    outer loop
      vertex 17.14683045111454 0.9270509831248421 1.6
      vertex 16.567495694147848 2.5579204930622765 1.6
      vertex 16.36197149921864 2.673019572565104 1.6
    endloop
  endfacet
  facet normal 0 0 1
    outer loop
      vertex 17.228361402466142 1.1480502970952693 1.6
      vertex 16.94834414499055 2.2812178968000927 1.6
      vertex 16.76335575687742 2.4270509831248424 1.6
    endloop
  endfacet
  facet normal 0 0 1
    outer loop
      vertex 17.036934978214585 0.46930339512069263 1.6
      vertex 15.927050983124841 2.8531695488854605 1.6
      vertex 15.700336091567717 2.9171097611930294 1.6
    endloop
  endfacet
  facet normal 0.999229036240723 -0.039259815759067354 0
    outer loop
      vertex -8 0 1.6
      vertex -7.990752001199384 0.23537728718353484 1.6
      vertex -7.990752001199384 0.23537728718353484 4
    endloop
  endfacet
  facet normal 0.993068456954926 -0.11753739745784018 0
    outer loop
      vertex -7.990752001199384 0.23537728718353484 1.6
      vertex -7.963065021785413 0.46930339512069263 1.6
      vertex -7.963065021785413 0.46930339512069263 4
    endloop
  endfacet
  facet normal 0.9807852804032303 -0.19509032201612853 0
    outer loop
      vertex -7.963065021785413 0.46930339512069263 1.6
      vertex -7.9171097611930294 0.7003360915677161 1.6
      vertex -7.9171097611930294 0.7003360915677161 4
    endloop
  endfacet
  facet normal 0.9624552364536479 -0.2714404498650721 0
    outer loop
      vertex -7.9171097611930294 0.7003360915677161 1.6
      vertex -7.853169548885461 0.9270509831248421 1.6
      vertex -7.853169548885461 0.9270509831248421 4
    endloop
  endfacet
  facet normal 0.9381913359224835 -0.34611705707749457 0
    outer loop
      vertex -7.853169548885461 0.9270509831248421 1.6
      vertex -7.77163859753386 1.1480502970952693 1.6
      vertex -7.77163859753386 1.1480502970952693 4
    endloop
  endfacet
  facet normal 0.9081431738250819 -0.4186597375374265 0
    outer loop
      vertex -7.77163859753386 1.1480502970952693 1.6
      vertex -7.673019572565104 1.3619714992186402 1.6
      vertex -7.673019572565104 1.3619714992186402 4
    endloop
  endfacet
  facet normal 0.8724960070727964 -0.4886212414969562 0
    outer loop
      vertex -7.673019572565104 1.3619714992186402 1.6
      vertex -7.5579204930622765 1.5674956941478464 1.6
      vertex -7.5579204930622765 1.5674956941478464 4
    endloop
  endfacet
  facet normal 0.8314696123025459 -0.5555702330196012 0
    outer loop
      vertex -7.5579204930622765 1.5674956941478464 1.6
      vertex -7.427050983124842 1.7633557568774194 1.6
      vertex -7.427050983124842 1.7633557568774194 4
    endloop
  endfacet
  facet normal 0.7853169308807445 -0.6190939493098346 0
    outer loop
      vertex -7.427050983124842 1.7633557568774194 1.6
      vertex -7.281217896800093 1.948344144990551 1.6
      vertex -7.281217896800093 1.948344144990551 4
    endloop
  endfacet
  facet normal 0.7343225094356868 -0.6788007455329402 0
    outer loop
      vertex -7.281217896800093 1.948344144990551 1.6
      vertex -7.121320343559643 2.121320343559643 1.6
      vertex -7.121320343559643 2.121320343559643 4
    endloop
  endfacet
  facet normal 0.6788007455329399 -0.7343225094356873 0
    outer loop
      vertex -7.121320343559643 2.121320343559643 1.6
      vertex -6.948344144990551 2.2812178968000927 1.6
      vertex -6.948344144990551 2.2812178968000927 4
    endloop
  endfacet
  facet normal 0.6190939493098346 -0.7853169308807445 0
    outer loop
      vertex -6.948344144990551 2.2812178968000927 1.6
      vertex -6.763355756877419 2.4270509831248424 1.6
      vertex -6.763355756877419 2.4270509831248424 4
    endloop
  endfacet
  facet normal 0.5555702330196007 -0.8314696123025461 0
    outer loop
      vertex -6.763355756877419 2.4270509831248424 1.6
      vertex -6.567495694147846 2.5579204930622765 1.6
      vertex -6.567495694147846 2.5579204930622765 4
    endloop
  endfacet
  facet normal 0.48862124149695696 -0.8724960070727958 0
    outer loop
      vertex -6.567495694147846 2.5579204930622765 1.6
      vertex -6.36197149921864 2.673019572565104 1.6
      vertex -6.36197149921864 2.673019572565104 4
    endloop
  endfacet
  facet normal 0.41865973753742575 -0.9081431738250823 0
    outer loop
      vertex -6.36197149921864 2.673019572565104 1.6
      vertex -6.148050297095269 2.77163859753386 1.6
      vertex -6.148050297095269 2.77163859753386 4
    endloop
  endfacet
  facet normal 0.34611705707749396 -0.9381913359224838 0
    outer loop
      vertex -6.148050297095269 2.77163859753386 1.6
      vertex -5.927050983124842 2.8531695488854605 1.6
      vertex -5.927050983124842 2.8531695488854605 4
    endloop
  endfacet
  facet normal 0.2714404498650736 -0.9624552364536476 0
    outer loop
      vertex -5.927050983124842 2.8531695488854605 1.6
      vertex -5.700336091567716 2.9171097611930294 1.6
      vertex -5.700336091567716 2.9171097611930294 4
    endloop
  endfacet
  facet normal 0.19509032201613036 -0.9807852804032301 0
    outer loop
      vertex -5.700336091567716 2.9171097611930294 1.6
      vertex -5.469303395120693 2.9630650217854133 1.6
      vertex -5.469303395120693 2.9630650217854133 4
    endloop
  endfacet
  facet normal 0.999229036240723 -0.039259815759067354 0
    outer loop
      vertex -8 0 1.6
      vertex -7.990752001199384 0.23537728718353484 4
      vertex -8 0 4
    endloop
  endfacet
  facet normal 0.993068456954926 -0.11753739745784018 0
    outer loop
      vertex -7.990752001199384 0.23537728718353484 1.6
      vertex -7.963065021785413 0.46930339512069263 4
      vertex -7.990752001199384 0.23537728718353484 4
    endloop
  endfacet
  facet normal 0.9807852804032303 -0.19509032201612853 0
    outer loop
      vertex -7.963065021785413 0.46930339512069263 1.6
      vertex -7.9171097611930294 0.7003360915677161 4
      vertex -7.963065021785413 0.46930339512069263 4
    endloop
  endfacet
  facet normal 0.9624552364536479 -0.2714404498650721 0
    outer loop
      vertex -7.9171097611930294 0.7003360915677161 1.6
      vertex -7.853169548885461 0.9270509831248421 4
      vertex -7.9171097611930294 0.7003360915677161 4
    endloop
  endfacet
  facet normal 0.9381913359224835 -0.34611705707749457 0
    outer loop
      vertex -7.853169548885461 0.9270509831248421 1.6
      vertex -7.77163859753386 1.1480502970952693 4
      vertex -7.853169548885461 0.9270509831248421 4
    endloop
  endfacet
  facet normal 0.9081431738250819 -0.4186597375374265 0
    outer loop
      vertex -7.77163859753386 1.1480502970952693 1.6
      vertex -7.673019572565104 1.3619714992186402 4
      vertex -7.77163859753386 1.1480502970952693 4
    endloop
  endfacet
  facet normal 0.8724960070727964 -0.4886212414969562 0
    outer loop
      vertex -7.673019572565104 1.3619714992186402 1.6
      vertex -7.5579204930622765 1.5674956941478464 4
      vertex -7.673019572565104 1.3619714992186402 4
    endloop
  endfacet
  facet normal 0.8314696123025459 -0.5555702330196012 0
    outer loop
      vertex -7.5579204930622765 1.5674956941478464 1.6
      vertex -7.427050983124842 1.7633557568774194 4
      vertex -7.5579204930622765 1.5674956941478464 4
    endloop
  endfacet
  facet normal 0.7853169308807445 -0.6190939493098346 0
    outer loop
      vertex -7.427050983124842 1.7633557568774194 1.6
      vertex -7.281217896800093 1.948344144990551 4
      vertex -7.427050983124842 1.7633557568774194 4
    endloop
  endfacet
  facet normal 0.7343225094356868 -0.6788007455329402 0
    outer loop
      vertex -7.281217896800093 1.948344144990551 1.6
      vertex -7.121320343559643 2.121320343559643 4
      vertex -7.281217896800093 1.948344144990551 4
    endloop
  endfacet
  facet normal 0.6788007455329399 -0.7343225094356873 0
    outer loop
      vertex -7.121320343559643 2.121320343559643 1.6
      vertex -6.948344144990551 2.2812178968000927 4
      vertex -7.121320343559643 2.121320343559643 4
    endloop
  endfacet
  facet normal 0.6190939493098346 -0.7853169308807445 0
    outer loop
      vertex -6.948344144990551 2.2812178968000927 1.6
      vertex -6.763355756877419 2.4270509831248424 4
      vertex -6.948344144990551 2.2812178968000927 4
    endloop
  endfacet
  facet normal 0.5555702330196007 -0.8314696123025461 0
    outer loop
      vertex -6.763355756877419 2.4270509831248424 1.6
      vertex -6.567495694147846 2.5579204930622765 4
      vertex -6.763355756877419 2.4270509831248424 4
    endloop
  endfacet
  facet normal 0.48862124149695696 -0.8724960070727958 0
    outer loop
      vertex -6.567495694147846 2.5579204930622765 1.6
      vertex -6.36197149921864 2.673019572565104 4
      vertex -6.567495694147846 2.5579204930622765 4
    endloop
  endfacet
  facet normal 0.41865973753742575 -0.9081431738250823 0
    outer loop
      vertex -6.36197149921864 2.673019572565104 1.6
      vertex -6.148050297095269 2.77163859753386 4
      vertex -6.36197149921864 2.673019572565104 4
    endloop
  endfacet
  facet normal 0.34611705707749396 -0.9381913359224838 0
    outer loop
      vertex -6.148050297095269 2.77163859753386 1.6
      vertex -5.927050983124842 2.8531695488854605 4
      vertex -6.148050297095269 2.77163859753386 4
    endloop
  endfacet
  facet normal 0.2714404498650736 -0.9624552364536476 0
    outer loop
      vertex -5.927050983124842 2.8531695488854605 1.6
      vertex -5.700336091567716 2.9171097611930294 4
      vertex -5.927050983124842 2.8531695488854605 4
    endloop
  endfacet
  facet normal 0.19509032201613036 -0.9807852804032301 0
    outer loop
      vertex -5.700336091567716 2.9171097611930294 1.6
      vertex -5.469303395120693 2.9630650217854133 4
      vertex -5.700336091567716 2.9171097611930294 4
    endloop
  endfacet
  facet normal 0.14999681703050202 -0.9886864795680773 0
    outer loop
      vertex -5.469303395120693 2.9630650217854133 1.6
      vertex -0.5866292439008658 3.7038312772317665 1.6
      vertex -0.5866292439008658 3.7038312772317665 4
    endloop
  endfacet
  facet normal 0.1175373974578372 -0.9930684569549264 0
    outer loop
      vertex -0.5866292439008658 3.7038312772317665 1.6
      vertex -0.2942216089794185 3.73844000149923 1.6
      vertex -0.2942216089794185 3.73844000149923 4
    endloop
  endfacet
  facet normal 0.03925981575906887 -0.9992290362407229 0
    outer loop
      vertex -0.2942216089794185 3.73844000149923 1.6
      vertex 0 3.75 1.6
      vertex 0 3.75 4
    endloop
  endfacet
  facet normal -0.03925981575906887 -0.9992290362407229 0
    outer loop
      vertex 0.2942216089794185 3.73844000149923 1.6
      vertex 0.2942216089794185 3.73844000149923 4
      vertex 0 3.75 1.6
    endloop
  endfacet
  facet normal 0.14999681703050202 -0.9886864795680773 0
    outer loop
      vertex -5.469303395120693 2.9630650217854133 1.6
      vertex -0.5866292439008658 3.7038312772317665 4
      vertex -5.469303395120693 2.9630650217854133 4
    endloop
  endfacet
  facet normal 0.1175373974578372 -0.9930684569549264 0
    outer loop
      vertex -0.5866292439008658 3.7038312772317665 1.6
      vertex -0.2942216089794185 3.73844000149923 4
      vertex -0.5866292439008658 3.7038312772317665 4
    endloop
  endfacet
  facet normal 0.03925981575906887 -0.9992290362407229 0
    outer loop
      vertex -0.2942216089794185 3.73844000149923 1.6
      vertex 0 3.75 4
      vertex -0.2942216089794185 3.73844000149923 4
    endloop
  endfacet
  facet normal -0.03925981575906887 -0.9992290362407229 0
    outer loop
      vertex 0 3.75 1.6
      vertex 0.2942216089794185 3.73844000149923 4
      vertex 0 3.75 4
    endloop
  endfacet
  facet normal -0.04997963902529888 -0.9987502368875317 0
    outer loop
      vertex 0.2942216089794185 3.73844000149923 1.6
      vertex 11.563193739277693 3.1745160709140854 4
      vertex 0.2942216089794185 3.73844000149923 4
    endloop
  endfacet
  facet normal -0.04997963902529883 -0.9987502368875318 -2.0130357399567888e-16
    outer loop
      vertex 0.2942216089794185 3.73844000149923 1.6
      vertex 15.235377287183535 2.990752001199384 4
      vertex 11.563193739277693 3.1745160709140854 4
    endloop
  endfacet
  facet normal -0.8314696123025475 -0.555570233019599 0
    outer loop
      vertex 17.5 1.6541798378412769 1.6
      vertex 17.5 1.6541798378412769 4
      vertex 17.427050983124843 1.7633557568774194 1.6
    endloop
  endfacet
  facet normal -0.7853169308807445 -0.6190939493098346 0
    outer loop
      vertex 17.427050983124843 1.7633557568774194 1.6
      vertex 17.427050983124843 1.7633557568774194 4
      vertex 17.281217896800094 1.948344144990551 1.6
    endloop
  endfacet
  facet normal -0.734322509435683 -0.6788007455329443 0
    outer loop
      vertex 17.281217896800094 1.948344144990551 1.6
      vertex 17.281217896800094 1.948344144990551 4
      vertex 17.121320343559642 2.121320343559643 1.6
    endloop
  endfacet
  facet normal -0.6788007455329399 -0.7343225094356873 0
    outer loop
      vertex 17.121320343559642 2.121320343559643 1.6
      vertex 17.121320343559642 2.121320343559643 4
      vertex 16.94834414499055 2.2812178968000927 1.6
    endloop
  endfacet
  facet normal -0.6190939493098382 -0.7853169308807416 0
    outer loop
      vertex 16.94834414499055 2.2812178968000927 1.6
      vertex 16.94834414499055 2.2812178968000927 4
      vertex 16.76335575687742 2.4270509831248424 1.6
    endloop
  endfacet
  facet normal -0.5555702330196025 -0.831469612302545 0
    outer loop
      vertex 16.76335575687742 2.4270509831248424 1.6
      vertex 16.76335575687742 2.4270509831248424 4
      vertex 16.567495694147848 2.5579204930622765 1.6
    endloop
  endfacet
  facet normal -0.4886212414969538 -0.8724960070727977 0
    outer loop
      vertex 16.567495694147848 2.5579204930622765 1.6
      vertex 16.567495694147848 2.5579204930622765 4
      vertex 16.36197149921864 2.673019572565104 1.6
    endloop
  endfacet
  facet normal -0.3461170570774902 -0.9381913359224852 0
    outer loop
      vertex 16.14805029709527 2.77163859753386 1.6
      vertex 16.14805029709527 2.77163859753386 4
      vertex 15.927050983124841 2.8531695488854605 1.6
    endloop
  endfacet
  facet normal -0.19509032201613036 -0.9807852804032301 0
    outer loop
      vertex 15.700336091567717 2.9171097611930294 1.6
      vertex 15.469303395120694 2.9630650217854133 4
      vertex 15.469303395120694 2.9630650217854133 1.6
    endloop
  endfacet
  facet normal -0.11753739745783626 -0.9930684569549264 0
    outer loop
      vertex 15.235377287183535 2.990752001199384 1.6
      vertex 15.469303395120694 2.9630650217854133 1.6
      vertex 15.469303395120694 2.9630650217854133 4
    endloop
  endfacet
  facet normal -0.27144044986507554 -0.962455236453647 0
    outer loop
      vertex 15.927050983124841 2.8531695488854605 1.6
      vertex 15.927050983124841 2.8531695488854605 4
      vertex 15.700336091567717 2.9171097611930294 1.6
    endloop
  endfacet
  facet normal -0.41865973753742863 -0.908143173825081 0
    outer loop
      vertex 16.14805029709527 2.77163859753386 1.6
      vertex 16.36197149921864 2.673019572565104 1.6
      vertex 16.36197149921864 2.673019572565104 4
    endloop
  endfacet
  facet normal -0.8314696123025475 -0.555570233019599 0
    outer loop
      vertex 17.427050983124843 1.7633557568774194 1.6
      vertex 17.5 1.6541798378412769 4
      vertex 17.427050983124843 1.7633557568774194 4
    endloop
  endfacet
  facet normal -0.7853169308807445 -0.6190939493098346 0
    outer loop
      vertex 17.281217896800094 1.948344144990551 1.6
      vertex 17.427050983124843 1.7633557568774194 4
      vertex 17.281217896800094 1.948344144990551 4
    endloop
  endfacet
  facet normal -0.734322509435683 -0.6788007455329443 0
    outer loop
      vertex 17.121320343559642 2.121320343559643 1.6
      vertex 17.281217896800094 1.948344144990551 4
      vertex 17.121320343559642 2.121320343559643 4
    endloop
  endfacet
  facet normal -0.6788007455329399 -0.7343225094356873 0
    outer loop
      vertex 16.94834414499055 2.2812178968000927 1.6
      vertex 17.121320343559642 2.121320343559643 4
      vertex 16.94834414499055 2.2812178968000927 4
    endloop
  endfacet
  facet normal -0.6190939493098382 -0.7853169308807416 0
    outer loop
      vertex 16.76335575687742 2.4270509831248424 1.6
      vertex 16.94834414499055 2.2812178968000927 4
      vertex 16.76335575687742 2.4270509831248424 4
    endloop
  endfacet
  facet normal -0.5555702330196025 -0.831469612302545 0
    outer loop
      vertex 16.567495694147848 2.5579204930622765 1.6
      vertex 16.76335575687742 2.4270509831248424 4
      vertex 16.567495694147848 2.5579204930622765 4
    endloop
  endfacet
  facet normal -0.11753739745783626 -0.9930684569549264 0
    outer loop
      vertex 15.235377287183535 2.990752001199384 1.6
      vertex 15.469303395120694 2.9630650217854133 4
      vertex 15.235377287183535 2.990752001199384 4
    endloop
  endfacet
  facet normal -0.27144044986507554 -0.962455236453647 0
    outer loop
      vertex 15.700336091567717 2.9171097611930294 1.6
      vertex 15.927050983124841 2.8531695488854605 4
      vertex 15.700336091567717 2.9171097611930294 4
    endloop
  endfacet
  facet normal -0.3461170570774902 -0.9381913359224852 0
    outer loop
      vertex 15.927050983124841 2.8531695488854605 1.6
      vertex 16.14805029709527 2.77163859753386 4
      vertex 15.927050983124841 2.8531695488854605 4
    endloop
  endfacet
  facet normal -0.19509032201613036 -0.9807852804032301 0
    outer loop
      vertex 15.700336091567717 2.9171097611930294 1.6
      vertex 15.700336091567717 2.9171097611930294 4
      vertex 15.469303395120694 2.9630650217854133 4
    endloop
  endfacet
  facet normal -0.4886212414969538 -0.8724960070727977 0
    outer loop
      vertex 16.36197149921864 2.673019572565104 1.6
      vertex 16.567495694147848 2.5579204930622765 4
      vertex 16.36197149921864 2.673019572565104 4
    endloop
  endfacet
  facet normal -0.41865973753742863 -0.908143173825081 0
    outer loop
      vertex 16.14805029709527 2.77163859753386 1.6
      vertex 16.36197149921864 2.673019572565104 4
      vertex 16.14805029709527 2.77163859753386 4
    endloop
  endfacet
  facet normal -0.04997963902529886 -0.9987502368875316 0
    outer loop
      vertex 15.235377287183535 2.990752001199384 1.6
      vertex 15.235377287183535 2.990752001199384 4
      vertex 0.2942216089794185 3.73844000149923 1.6
    endloop
  endfacet
  facet normal 0.8314696123025459 0.5555702330196012 0
    outer loop
      vertex -1.2789602465311383 -0.7837478470739232 1.6
      vertex -1.2135254915624212 -0.8816778784387097 0
      vertex -1.2789602465311383 -0.7837478470739232 0
    endloop
  endfacet
  facet normal 0.8724960070727964 0.4886212414969562 0
    outer loop
      vertex -1.336509786282552 -0.6809857496093201 1.6
      vertex -1.2789602465311383 -0.7837478470739232 0
      vertex -1.336509786282552 -0.6809857496093201 0
    endloop
  endfacet
  facet normal 0.908143173825082 0.4186597375374265 0
    outer loop
      vertex -1.38581929876693 -0.5740251485476346 1.6
      vertex -1.336509786282552 -0.6809857496093201 0
      vertex -1.38581929876693 -0.5740251485476346 0
    endloop
  endfacet
  facet normal 0.938191335922484 0.3461170570774929 0
    outer loop
      vertex -1.4265847744427302 -0.46352549156242107 1.6
      vertex -1.38581929876693 -0.5740251485476346 0
      vertex -1.4265847744427302 -0.46352549156242107 0
    endloop
  endfacet
  facet normal 0.9624552364536474 0.2714404498650738 0
    outer loop
      vertex -1.4585548805965147 -0.3501680457838581 1.6
      vertex -1.4265847744427302 -0.46352549156242107 0
      vertex -1.4585548805965147 -0.3501680457838581 0
    endloop
  endfacet
  facet normal 0.98078528040323 0.19509032201613036 0
    outer loop
      vertex -1.4815325108927067 -0.23465169756034632 1.6
      vertex -1.4585548805965147 -0.3501680457838581 0
      vertex -1.4815325108927067 -0.23465169756034632 0
    endloop
  endfacet
  facet normal 0.9930684569549264 0.11753739745783645 0
    outer loop
      vertex -1.495376000599692 -0.11768864359176742 1.6
      vertex -1.4815325108927067 -0.23465169756034632 0
      vertex -1.495376000599692 -0.11768864359176742 0
    endloop
  endfacet
  facet normal 0.9992290362407229 0.039259815759069235 0
    outer loop
      vertex -1.5 0 1.6
      vertex -1.495376000599692 -0.11768864359176742 0
      vertex -1.5 0 0
    endloop
  endfacet
  facet normal 0.4186597375374265 0.908143173825082 0
    outer loop
      vertex -0.6809857496093201 -1.336509786282552 1.6
      vertex -0.5740251485476346 -1.38581929876693 0
      vertex -0.6809857496093201 -1.336509786282552 0
    endloop
  endfacet
  facet normal 0.19509032201613036 0.98078528040323 0
    outer loop
      vertex -0.3501680457838581 -1.4585548805965147 1.6
      vertex -0.23465169756034632 -1.4815325108927067 0
      vertex -0.3501680457838581 -1.4585548805965147 0
    endloop
  endfacet
  facet normal 0.2714404498650738 0.9624552364536474 0
    outer loop
      vertex -0.46352549156242107 -1.4265847744427302 1.6
      vertex -0.3501680457838581 -1.4585548805965147 0
      vertex -0.46352549156242107 -1.4265847744427302 0
    endloop
  endfacet
  facet normal 0.11753739745783645 0.9930684569549264 0
    outer loop
      vertex -0.23465169756034632 -1.4815325108927067 1.6
      vertex -0.11768864359176742 -1.495376000599692 0
      vertex -0.23465169756034632 -1.4815325108927067 0
    endloop
  endfacet
  facet normal 0.039259815759069235 0.9992290362407229 0
    outer loop
      vertex -0.11768864359176742 -1.495376000599692 1.6
      vertex 0 -1.5 0
      vertex -0.11768864359176742 -1.495376000599692 0
    endloop
  endfacet
  facet normal -0.039259815759069235 0.9992290362407229 0
    outer loop
      vertex 0 -1.5 1.6
      vertex 0.11768864359176742 -1.495376000599692 0
      vertex 0 -1.5 0
    endloop
  endfacet
  facet normal 0.3461170570774929 0.938191335922484 0
    outer loop
      vertex -0.5740251485476346 -1.38581929876693 1.6
      vertex -0.46352549156242107 -1.4265847744427302 0
      vertex -0.5740251485476346 -1.38581929876693 0
    endloop
  endfacet
  facet normal 0.4886212414969562 0.8724960070727964 0
    outer loop
      vertex -0.7837478470739232 -1.2789602465311383 1.6
      vertex -0.6809857496093201 -1.336509786282552 0
      vertex -0.7837478470739232 -1.2789602465311383 0
    endloop
  endfacet
  facet normal 0.5555702330196012 0.8314696123025459 0
    outer loop
      vertex -0.8816778784387097 -1.2135254915624212 1.6
      vertex -0.7837478470739232 -1.2789602465311383 0
      vertex -0.8816778784387097 -1.2135254915624212 0
    endloop
  endfacet
  facet normal 0.6190939493098346 0.7853169308807444 0
    outer loop
      vertex -0.9741720724952755 -1.1406089484000463 1.6
      vertex -0.8816778784387097 -1.2135254915624212 0
      vertex -0.9741720724952755 -1.1406089484000463 0
    endloop
  endfacet
  facet normal -0.11753739745783645 0.9930684569549264 0
    outer loop
      vertex 0.11768864359176742 -1.495376000599692 1.6
      vertex 0.23465169756034632 -1.4815325108927067 0
      vertex 0.11768864359176742 -1.495376000599692 0
    endloop
  endfacet
  facet normal -0.19509032201613036 0.98078528040323 0
    outer loop
      vertex 0.23465169756034632 -1.4815325108927067 1.6
      vertex 0.3501680457838581 -1.4585548805965147 0
      vertex 0.23465169756034632 -1.4815325108927067 0
    endloop
  endfacet
  facet normal -0.2714404498650738 0.9624552364536474 0
    outer loop
      vertex 0.3501680457838581 -1.4585548805965147 1.6
      vertex 0.46352549156242107 -1.4265847744427302 0
      vertex 0.3501680457838581 -1.4585548805965147 0
    endloop
  endfacet
  facet normal -0.3461170570774929 0.938191335922484 0
    outer loop
      vertex 0.46352549156242107 -1.4265847744427302 1.6
      vertex 0.5740251485476346 -1.38581929876693 0
      vertex 0.46352549156242107 -1.4265847744427302 0
    endloop
  endfacet
  facet normal -0.4186597375374265 0.908143173825082 0
    outer loop
      vertex 0.5740251485476346 -1.38581929876693 1.6
      vertex 0.6809857496093201 -1.336509786282552 0
      vertex 0.5740251485476346 -1.38581929876693 0
    endloop
  endfacet
  facet normal -0.4886212414969562 0.8724960070727964 0
    outer loop
      vertex 0.6809857496093201 -1.336509786282552 1.6
      vertex 0.7837478470739232 -1.2789602465311383 0
      vertex 0.6809857496093201 -1.336509786282552 0
    endloop
  endfacet
  facet normal -0.5555702330196012 0.8314696123025459 0
    outer loop
      vertex 0.7837478470739232 -1.2789602465311383 1.6
      vertex 0.8816778784387097 -1.2135254915624212 0
      vertex 0.7837478470739232 -1.2789602465311383 0
    endloop
  endfacet
  facet normal -0.6190939493098346 0.7853169308807444 0
    outer loop
      vertex 0.8816778784387097 -1.2135254915624212 1.6
      vertex 0.9741720724952755 -1.1406089484000463 0
      vertex 0.8816778784387097 -1.2135254915624212 0
    endloop
  endfacet
  facet normal 0.6788007455329403 0.7343225094356868 0
    outer loop
      vertex -1.0606601717798214 -1.0606601717798214 1.6
      vertex -0.9741720724952755 -1.1406089484000463 0
      vertex -1.0606601717798214 -1.0606601717798214 0
    endloop
  endfacet
  facet normal 0.7343225094356868 0.6788007455329403 0
    outer loop
      vertex -1.1406089484000463 -0.9741720724952755 1.6
      vertex -1.0606601717798214 -1.0606601717798214 0
      vertex -1.1406089484000463 -0.9741720724952755 0
    endloop
  endfacet
  facet normal 0.7853169308807444 0.6190939493098346 0
    outer loop
      vertex -1.2135254915624212 -0.8816778784387097 1.6
      vertex -1.1406089484000463 -0.9741720724952755 0
      vertex -1.2135254915624212 -0.8816778784387097 0
    endloop
  endfacet
  facet normal -0.6788007455329403 0.7343225094356868 0
    outer loop
      vertex 0.9741720724952755 -1.1406089484000463 1.6
      vertex 1.0606601717798214 -1.0606601717798214 0
      vertex 0.9741720724952755 -1.1406089484000463 0
    endloop
  endfacet
  facet normal -0.7343225094356868 0.6788007455329403 0
    outer loop
      vertex 1.0606601717798214 -1.0606601717798214 1.6
      vertex 1.1406089484000463 -0.9741720724952755 0
      vertex 1.0606601717798214 -1.0606601717798214 0
    endloop
  endfacet
  facet normal -0.7853169308807444 0.6190939493098346 0
    outer loop
      vertex 1.1406089484000463 -0.9741720724952755 1.6
      vertex 1.2135254915624212 -0.8816778784387097 0
      vertex 1.1406089484000463 -0.9741720724952755 0
    endloop
  endfacet
  facet normal -0.8314696123025459 0.5555702330196012 0
    outer loop
      vertex 1.2135254915624212 -0.8816778784387097 1.6
      vertex 1.2789602465311383 -0.7837478470739232 0
      vertex 1.2135254915624212 -0.8816778784387097 0
    endloop
  endfacet
  facet normal -0.8724960070727964 0.4886212414969562 0
    outer loop
      vertex 1.2789602465311383 -0.7837478470739232 1.6
      vertex 1.336509786282552 -0.6809857496093201 0
      vertex 1.2789602465311383 -0.7837478470739232 0
    endloop
  endfacet
  facet normal -0.908143173825082 0.4186597375374265 0
    outer loop
      vertex 1.336509786282552 -0.6809857496093201 1.6
      vertex 1.38581929876693 -0.5740251485476346 0
      vertex 1.336509786282552 -0.6809857496093201 0
    endloop
  endfacet
  facet normal -0.938191335922484 0.3461170570774929 0
    outer loop
      vertex 1.38581929876693 -0.5740251485476346 1.6
      vertex 1.4265847744427302 -0.46352549156242107 0
      vertex 1.38581929876693 -0.5740251485476346 0
    endloop
  endfacet
  facet normal -0.9624552364536474 0.2714404498650738 0
    outer loop
      vertex 1.4265847744427302 -0.46352549156242107 1.6
      vertex 1.4585548805965147 -0.3501680457838581 0
      vertex 1.4265847744427302 -0.46352549156242107 0
    endloop
  endfacet
  facet normal -0.98078528040323 0.19509032201613036 0
    outer loop
      vertex 1.4585548805965147 -0.3501680457838581 1.6
      vertex 1.4815325108927067 -0.23465169756034632 0
      vertex 1.4585548805965147 -0.3501680457838581 0
    endloop
  endfacet
  facet normal -0.9930684569549264 0.11753739745783645 0
    outer loop
      vertex 1.4815325108927067 -0.23465169756034632 1.6
      vertex 1.495376000599692 -0.11768864359176742 0
      vertex 1.4815325108927067 -0.23465169756034632 0
    endloop
  endfacet
  facet normal -0.9992290362407229 0.039259815759069235 0
    outer loop
      vertex 1.495376000599692 -0.11768864359176742 1.6
      vertex 1.5 0 0
      vertex 1.495376000599692 -0.11768864359176742 0
    endloop
  endfacet
  facet normal 0.8724960070727964 0.4886212414969562 0
    outer loop
      vertex -1.2789602465311383 -0.7837478470739232 1.6
      vertex -1.2789602465311383 -0.7837478470739232 0
      vertex -1.336509786282552 -0.6809857496093201 1.6
    endloop
  endfacet
  facet normal 0.908143173825082 0.4186597375374265 0
    outer loop
      vertex -1.336509786282552 -0.6809857496093201 1.6
      vertex -1.336509786282552 -0.6809857496093201 0
      vertex -1.38581929876693 -0.5740251485476346 1.6
    endloop
  endfacet
  facet normal 0.938191335922484 0.3461170570774929 0
    outer loop
      vertex -1.38581929876693 -0.5740251485476346 1.6
      vertex -1.38581929876693 -0.5740251485476346 0
      vertex -1.4265847744427302 -0.46352549156242107 1.6
    endloop
  endfacet
  facet normal 0.9624552364536474 0.2714404498650738 0
    outer loop
      vertex -1.4265847744427302 -0.46352549156242107 1.6
      vertex -1.4265847744427302 -0.46352549156242107 0
      vertex -1.4585548805965147 -0.3501680457838581 1.6
    endloop
  endfacet
  facet normal 0.98078528040323 0.19509032201613036 0
    outer loop
      vertex -1.4585548805965147 -0.3501680457838581 1.6
      vertex -1.4585548805965147 -0.3501680457838581 0
      vertex -1.4815325108927067 -0.23465169756034632 1.6
    endloop
  endfacet
  facet normal 0.9930684569549264 0.11753739745783645 0
    outer loop
      vertex -1.4815325108927067 -0.23465169756034632 1.6
      vertex -1.4815325108927067 -0.23465169756034632 0
      vertex -1.495376000599692 -0.11768864359176742 1.6
    endloop
  endfacet
  facet normal 0.9992290362407229 0.039259815759069235 0
    outer loop
      vertex -1.495376000599692 -0.11768864359176742 1.6
      vertex -1.495376000599692 -0.11768864359176742 0
      vertex -1.5 0 1.6
    endloop
  endfacet
  facet normal 0.4186597375374265 0.908143173825082 0
    outer loop
      vertex -0.5740251485476346 -1.38581929876693 1.6
      vertex -0.5740251485476346 -1.38581929876693 0
      vertex -0.6809857496093201 -1.336509786282552 1.6
    endloop
  endfacet
  facet normal 0.4886212414969562 0.8724960070727964 0
    outer loop
      vertex -0.6809857496093201 -1.336509786282552 1.6
      vertex -0.6809857496093201 -1.336509786282552 0
      vertex -0.7837478470739232 -1.2789602465311383 1.6
    endloop
  endfacet
  facet normal 0.19509032201613036 0.98078528040323 0
    outer loop
      vertex -0.3501680457838581 -1.4585548805965147 1.6
      vertex -0.23465169756034632 -1.4815325108927067 1.6
      vertex -0.23465169756034632 -1.4815325108927067 0
    endloop
  endfacet
  facet normal 0.3461170570774929 0.938191335922484 0
    outer loop
      vertex -0.46352549156242107 -1.4265847744427302 1.6
      vertex -0.46352549156242107 -1.4265847744427302 0
      vertex -0.5740251485476346 -1.38581929876693 1.6
    endloop
  endfacet
  facet normal 0.2714404498650738 0.9624552364536474 0
    outer loop
      vertex -0.3501680457838581 -1.4585548805965147 1.6
      vertex -0.3501680457838581 -1.4585548805965147 0
      vertex -0.46352549156242107 -1.4265847744427302 1.6
    endloop
  endfacet
  facet normal 0.11753739745783645 0.9930684569549264 0
    outer loop
      vertex -0.23465169756034632 -1.4815325108927067 1.6
      vertex -0.11768864359176742 -1.495376000599692 1.6
      vertex -0.11768864359176742 -1.495376000599692 0
    endloop
  endfacet
  facet normal 0.039259815759069235 0.9992290362407229 0
    outer loop
      vertex -0.11768864359176742 -1.495376000599692 1.6
      vertex 0 -1.5 1.6
      vertex 0 -1.5 0
    endloop
  endfacet
  facet normal -0.039259815759069235 0.9992290362407229 0
    outer loop
      vertex 0 -1.5 1.6
      vertex 0.11768864359176742 -1.495376000599692 1.6
      vertex 0.11768864359176742 -1.495376000599692 0
    endloop
  endfacet
  facet normal 0.5555702330196012 0.8314696123025459 0
    outer loop
      vertex -0.7837478470739232 -1.2789602465311383 1.6
      vertex -0.7837478470739232 -1.2789602465311383 0
      vertex -0.8816778784387097 -1.2135254915624212 1.6
    endloop
  endfacet
  facet normal 0.6190939493098346 0.7853169308807444 0
    outer loop
      vertex -0.9741720724952755 -1.1406089484000463 1.6
      vertex -0.8816778784387097 -1.2135254915624212 1.6
      vertex -0.8816778784387097 -1.2135254915624212 0
    endloop
  endfacet
  facet normal -0.11753739745783645 0.9930684569549264 0
    outer loop
      vertex 0.11768864359176742 -1.495376000599692 1.6
      vertex 0.23465169756034632 -1.4815325108927067 1.6
      vertex 0.23465169756034632 -1.4815325108927067 0
    endloop
  endfacet
  facet normal -0.19509032201613036 0.98078528040323 0
    outer loop
      vertex 0.23465169756034632 -1.4815325108927067 1.6
      vertex 0.3501680457838581 -1.4585548805965147 1.6
      vertex 0.3501680457838581 -1.4585548805965147 0
    endloop
  endfacet
  facet normal -0.2714404498650738 0.9624552364536474 0
    outer loop
      vertex 0.3501680457838581 -1.4585548805965147 1.6
      vertex 0.46352549156242107 -1.4265847744427302 1.6
      vertex 0.46352549156242107 -1.4265847744427302 0
    endloop
  endfacet
  facet normal -0.3461170570774929 0.938191335922484 0
    outer loop
      vertex 0.46352549156242107 -1.4265847744427302 1.6
      vertex 0.5740251485476346 -1.38581929876693 1.6
      vertex 0.5740251485476346 -1.38581929876693 0
    endloop
  endfacet
  facet normal -0.4186597375374265 0.908143173825082 0
    outer loop
      vertex 0.5740251485476346 -1.38581929876693 1.6
      vertex 0.6809857496093201 -1.336509786282552 1.6
      vertex 0.6809857496093201 -1.336509786282552 0
    endloop
  endfacet
  facet normal -0.4886212414969562 0.8724960070727964 0
    outer loop
      vertex 0.6809857496093201 -1.336509786282552 1.6
      vertex 0.7837478470739232 -1.2789602465311383 1.6
      vertex 0.7837478470739232 -1.2789602465311383 0
    endloop
  endfacet
  facet normal -0.5555702330196012 0.8314696123025459 0
    outer loop
      vertex 0.7837478470739232 -1.2789602465311383 1.6
      vertex 0.8816778784387097 -1.2135254915624212 1.6
      vertex 0.8816778784387097 -1.2135254915624212 0
    endloop
  endfacet
  facet normal -0.6190939493098346 0.7853169308807444 0
    outer loop
      vertex 0.8816778784387097 -1.2135254915624212 1.6
      vertex 0.9741720724952755 -1.1406089484000463 1.6
      vertex 0.9741720724952755 -1.1406089484000463 0
    endloop
  endfacet
  facet normal 0.6788007455329403 0.7343225094356868 0
    outer loop
      vertex -0.9741720724952755 -1.1406089484000463 1.6
      vertex -0.9741720724952755 -1.1406089484000463 0
      vertex -1.0606601717798214 -1.0606601717798214 1.6
    endloop
  endfacet
  facet normal 0.7343225094356868 0.6788007455329403 0
    outer loop
      vertex -1.0606601717798214 -1.0606601717798214 1.6
      vertex -1.0606601717798214 -1.0606601717798214 0
      vertex -1.1406089484000463 -0.9741720724952755 1.6
    endloop
  endfacet
  facet normal 0.7853169308807444 0.6190939493098346 0
    outer loop
      vertex -1.1406089484000463 -0.9741720724952755 1.6
      vertex -1.1406089484000463 -0.9741720724952755 0
      vertex -1.2135254915624212 -0.8816778784387097 1.6
    endloop
  endfacet
  facet normal 0.8314696123025459 0.5555702330196012 0
    outer loop
      vertex -1.2135254915624212 -0.8816778784387097 1.6
      vertex -1.2135254915624212 -0.8816778784387097 0
      vertex -1.2789602465311383 -0.7837478470739232 1.6
    endloop
  endfacet
  facet normal -0.6788007455329403 0.7343225094356868 0
    outer loop
      vertex 0.9741720724952755 -1.1406089484000463 1.6
      vertex 1.0606601717798214 -1.0606601717798214 1.6
      vertex 1.0606601717798214 -1.0606601717798214 0
    endloop
  endfacet
  facet normal -0.7343225094356868 0.6788007455329403 0
    outer loop
      vertex 1.0606601717798214 -1.0606601717798214 1.6
      vertex 1.1406089484000463 -0.9741720724952755 1.6
      vertex 1.1406089484000463 -0.9741720724952755 0
    endloop
  endfacet
  facet normal -0.7853169308807444 0.6190939493098346 0
    outer loop
      vertex 1.1406089484000463 -0.9741720724952755 1.6
      vertex 1.2135254915624212 -0.8816778784387097 1.6
      vertex 1.2135254915624212 -0.8816778784387097 0
    endloop
  endfacet
  facet normal -0.8314696123025459 0.5555702330196012 0
    outer loop
      vertex 1.2135254915624212 -0.8816778784387097 1.6
      vertex 1.2789602465311383 -0.7837478470739232 1.6
      vertex 1.2789602465311383 -0.7837478470739232 0
    endloop
  endfacet
  facet normal -0.8724960070727964 0.4886212414969562 0
    outer loop
      vertex 1.2789602465311383 -0.7837478470739232 1.6
      vertex 1.336509786282552 -0.6809857496093201 1.6
      vertex 1.336509786282552 -0.6809857496093201 0
    endloop
  endfacet
  facet normal -0.908143173825082 0.4186597375374265 0
    outer loop
      vertex 1.336509786282552 -0.6809857496093201 1.6
      vertex 1.38581929876693 -0.5740251485476346 1.6
      vertex 1.38581929876693 -0.5740251485476346 0
    endloop
  endfacet
  facet normal -0.938191335922484 0.3461170570774929 0
    outer loop
      vertex 1.38581929876693 -0.5740251485476346 1.6
      vertex 1.4265847744427302 -0.46352549156242107 1.6
      vertex 1.4265847744427302 -0.46352549156242107 0
    endloop
  endfacet
  facet normal -0.9624552364536474 0.2714404498650738 0
    outer loop
      vertex 1.4265847744427302 -0.46352549156242107 1.6
      vertex 1.4585548805965147 -0.3501680457838581 1.6
      vertex 1.4585548805965147 -0.3501680457838581 0
    endloop
  endfacet
  facet normal -0.98078528040323 0.19509032201613036 0
    outer loop
      vertex 1.4585548805965147 -0.3501680457838581 1.6
      vertex 1.4815325108927067 -0.23465169756034632 1.6
      vertex 1.4815325108927067 -0.23465169756034632 0
    endloop
  endfacet
  facet normal -0.9930684569549264 0.11753739745783645 0
    outer loop
      vertex 1.4815325108927067 -0.23465169756034632 1.6
      vertex 1.495376000599692 -0.11768864359176742 1.6
      vertex 1.495376000599692 -0.11768864359176742 0
    endloop
  endfacet
  facet normal -0.9992290362407229 0.039259815759069235 0
    outer loop
      vertex 1.495376000599692 -0.11768864359176742 1.6
      vertex 1.5 0 1.6
      vertex 1.5 0 0
    endloop
  endfacet
  facet normal 0.9992290362407229 -0.039259815759069235 0
    outer loop
      vertex -1.495376000599692 0.11768864359176742 1.6
      vertex -1.5 0 0
      vertex -1.495376000599692 0.11768864359176742 0
    endloop
  endfacet
  facet normal 0.9930684569549264 -0.11753739745783645 0
    outer loop
      vertex -1.4815325108927067 0.23465169756034632 1.6
      vertex -1.495376000599692 0.11768864359176742 0
      vertex -1.4815325108927067 0.23465169756034632 0
    endloop
  endfacet
  facet normal 0.98078528040323 -0.19509032201613036 0
    outer loop
      vertex -1.4585548805965147 0.3501680457838581 1.6
      vertex -1.4815325108927067 0.23465169756034632 0
      vertex -1.4585548805965147 0.3501680457838581 0
    endloop
  endfacet
  facet normal 0.9624552364536474 -0.2714404498650738 0
    outer loop
      vertex -1.4265847744427302 0.46352549156242107 1.6
      vertex -1.4585548805965147 0.3501680457838581 0
      vertex -1.4265847744427302 0.46352549156242107 0
    endloop
  endfacet
  facet normal 0.938191335922484 -0.3461170570774933 0
    outer loop
      vertex -1.38581929876693 0.5740251485476345 1.6
      vertex -1.4265847744427302 0.46352549156242107 0
      vertex -1.38581929876693 0.5740251485476345 0
    endloop
  endfacet
  facet normal 0.9081431738250821 -0.4186597375374261 0
    outer loop
      vertex -1.336509786282552 0.6809857496093201 1.6
      vertex -1.38581929876693 0.5740251485476345 0
      vertex -1.336509786282552 0.6809857496093201 0
    endloop
  endfacet
  facet normal 0.8724960070727964 -0.4886212414969562 0
    outer loop
      vertex -1.2789602465311383 0.7837478470739232 1.6
      vertex -1.336509786282552 0.6809857496093201 0
      vertex -1.2789602465311383 0.7837478470739232 0
    endloop
  endfacet
  facet normal -0.938191335922484 -0.3461170570774929 0
    outer loop
      vertex 1.4265847744427302 0.46352549156242107 1.6
      vertex 1.38581929876693 0.5740251485476346 0
      vertex 1.4265847744427302 0.46352549156242107 0
    endloop
  endfacet
  facet normal -0.908143173825082 -0.4186597375374265 0
    outer loop
      vertex 1.38581929876693 0.5740251485476346 1.6
      vertex 1.336509786282552 0.6809857496093201 0
      vertex 1.38581929876693 0.5740251485476346 0
    endloop
  endfacet
  facet normal -0.8724960070727964 -0.4886212414969562 0
    outer loop
      vertex 1.336509786282552 0.6809857496093201 1.6
      vertex 1.2789602465311383 0.7837478470739232 0
      vertex 1.336509786282552 0.6809857496093201 0
    endloop
  endfacet
  facet normal -0.9992290362407229 -0.039259815759069235 0
    outer loop
      vertex 1.5 0 1.6
      vertex 1.495376000599692 0.11768864359176742 0
      vertex 1.5 0 0
    endloop
  endfacet
  facet normal -0.9930684569549264 -0.11753739745783645 0
    outer loop
      vertex 1.495376000599692 0.11768864359176742 1.6
      vertex 1.4815325108927067 0.23465169756034632 0
      vertex 1.495376000599692 0.11768864359176742 0
    endloop
  endfacet
  facet normal -0.98078528040323 -0.19509032201613036 0
    outer loop
      vertex 1.4815325108927067 0.23465169756034632 1.6
      vertex 1.4585548805965147 0.3501680457838581 0
      vertex 1.4815325108927067 0.23465169756034632 0
    endloop
  endfacet
  facet normal -0.9624552364536474 -0.2714404498650738 0
    outer loop
      vertex 1.4585548805965147 0.3501680457838581 1.6
      vertex 1.4265847744427302 0.46352549156242107 0
      vertex 1.4585548805965147 0.3501680457838581 0
    endloop
  endfacet
  facet normal 0.8314696123025459 -0.5555702330196012 0
    outer loop
      vertex -1.2135254915624212 0.8816778784387097 1.6
      vertex -1.2789602465311383 0.7837478470739232 0
      vertex -1.2135254915624212 0.8816778784387097 0
    endloop
  endfacet
  facet normal 0.7853169308807444 -0.6190939493098346 0
    outer loop
      vertex -1.1406089484000463 0.9741720724952755 1.6
      vertex -1.2135254915624212 0.8816778784387097 0
      vertex -1.1406089484000463 0.9741720724952755 0
    endloop
  endfacet
  facet normal 0.7343225094356868 -0.6788007455329403 0
    outer loop
      vertex -1.0606601717798214 1.0606601717798214 1.6
      vertex -1.1406089484000463 0.9741720724952755 0
      vertex -1.0606601717798214 1.0606601717798214 0
    endloop
  endfacet
  facet normal 0.6788007455329403 -0.7343225094356868 0
    outer loop
      vertex -0.9741720724952755 1.1406089484000463 1.6
      vertex -1.0606601717798214 1.0606601717798214 0
      vertex -0.9741720724952755 1.1406089484000463 0
    endloop
  endfacet
  facet normal -0.8314696123025459 -0.5555702330196012 0
    outer loop
      vertex 1.2789602465311383 0.7837478470739232 1.6
      vertex 1.2135254915624212 0.8816778784387097 0
      vertex 1.2789602465311383 0.7837478470739232 0
    endloop
  endfacet
  facet normal -0.7853169308807444 -0.6190939493098346 0
    outer loop
      vertex 1.2135254915624212 0.8816778784387097 1.6
      vertex 1.1406089484000463 0.9741720724952755 0
      vertex 1.2135254915624212 0.8816778784387097 0
    endloop
  endfacet
  facet normal -0.7343225094356868 -0.6788007455329403 0
    outer loop
      vertex 1.1406089484000463 0.9741720724952755 1.6
      vertex 1.0606601717798214 1.0606601717798214 0
      vertex 1.1406089484000463 0.9741720724952755 0
    endloop
  endfacet
  facet normal -0.6788007455329403 -0.7343225094356868 0
    outer loop
      vertex 1.0606601717798214 1.0606601717798214 1.6
      vertex 0.9741720724952755 1.1406089484000463 0
      vertex 1.0606601717798214 1.0606601717798214 0
    endloop
  endfacet
  facet normal 0.6190939493098346 -0.7853169308807444 0
    outer loop
      vertex -0.8816778784387097 1.2135254915624212 1.6
      vertex -0.9741720724952755 1.1406089484000463 0
      vertex -0.8816778784387097 1.2135254915624212 0
    endloop
  endfacet
  facet normal 0.5555702330196012 -0.8314696123025459 0
    outer loop
      vertex -0.7837478470739232 1.2789602465311383 1.6
      vertex -0.8816778784387097 1.2135254915624212 0
      vertex -0.7837478470739232 1.2789602465311383 0
    endloop
  endfacet
  facet normal 0.4886212414969562 -0.8724960070727964 0
    outer loop
      vertex -0.6809857496093201 1.336509786282552 1.6
      vertex -0.7837478470739232 1.2789602465311383 0
      vertex -0.6809857496093201 1.336509786282552 0
    endloop
  endfacet
  facet normal 0.4186597375374265 -0.908143173825082 0
    outer loop
      vertex -0.5740251485476346 1.38581929876693 1.6
      vertex -0.6809857496093201 1.336509786282552 0
      vertex -0.5740251485476346 1.38581929876693 0
    endloop
  endfacet
  facet normal 0.3461170570774929 -0.938191335922484 0
    outer loop
      vertex -0.46352549156242107 1.4265847744427302 1.6
      vertex -0.5740251485476346 1.38581929876693 0
      vertex -0.46352549156242107 1.4265847744427302 0
    endloop
  endfacet
  facet normal 0.2714404498650738 -0.9624552364536474 0
    outer loop
      vertex -0.3501680457838581 1.4585548805965147 1.6
      vertex -0.46352549156242107 1.4265847744427302 0
      vertex -0.3501680457838581 1.4585548805965147 0
    endloop
  endfacet
  facet normal 0.19509032201613036 -0.98078528040323 0
    outer loop
      vertex -0.23465169756034632 1.4815325108927067 1.6
      vertex -0.3501680457838581 1.4585548805965147 0
      vertex -0.23465169756034632 1.4815325108927067 0
    endloop
  endfacet
  facet normal 0.11753739745783645 -0.9930684569549264 0
    outer loop
      vertex -0.11768864359176742 1.495376000599692 1.6
      vertex -0.23465169756034632 1.4815325108927067 0
      vertex -0.11768864359176742 1.495376000599692 0
    endloop
  endfacet
  facet normal 0.039259815759069235 -0.9992290362407229 0
    outer loop
      vertex 0 1.5 1.6
      vertex -0.11768864359176742 1.495376000599692 0
      vertex 0 1.5 0
    endloop
  endfacet
  facet normal -0.039259815759069235 -0.9992290362407229 0
    outer loop
      vertex 0.11768864359176742 1.495376000599692 1.6
      vertex 0 1.5 0
      vertex 0.11768864359176742 1.495376000599692 0
    endloop
  endfacet
  facet normal -0.4886212414969562 -0.8724960070727964 0
    outer loop
      vertex 0.7837478470739232 1.2789602465311383 1.6
      vertex 0.6809857496093201 1.336509786282552 0
      vertex 0.7837478470739232 1.2789602465311383 0
    endloop
  endfacet
  facet normal -0.6190939493098346 -0.7853169308807444 0
    outer loop
      vertex 0.9741720724952755 1.1406089484000463 1.6
      vertex 0.8816778784387097 1.2135254915624212 0
      vertex 0.9741720724952755 1.1406089484000463 0
    endloop
  endfacet
  facet normal -0.5555702330196012 -0.8314696123025459 0
    outer loop
      vertex 0.8816778784387097 1.2135254915624212 1.6
      vertex 0.7837478470739232 1.2789602465311383 0
      vertex 0.8816778784387097 1.2135254915624212 0
    endloop
  endfacet
  facet normal -0.4186597375374265 -0.908143173825082 0
    outer loop
      vertex 0.6809857496093201 1.336509786282552 1.6
      vertex 0.5740251485476346 1.38581929876693 0
      vertex 0.6809857496093201 1.336509786282552 0
    endloop
  endfacet
  facet normal -0.3461170570774929 -0.938191335922484 0
    outer loop
      vertex 0.5740251485476346 1.38581929876693 1.6
      vertex 0.46352549156242107 1.4265847744427302 0
      vertex 0.5740251485476346 1.38581929876693 0
    endloop
  endfacet
  facet normal -0.2714404498650738 -0.9624552364536474 0
    outer loop
      vertex 0.46352549156242107 1.4265847744427302 1.6
      vertex 0.3501680457838581 1.4585548805965147 0
      vertex 0.46352549156242107 1.4265847744427302 0
    endloop
  endfacet
  facet normal -0.11753739745783645 -0.9930684569549264 0
    outer loop
      vertex 0.23465169756034632 1.4815325108927067 1.6
      vertex 0.11768864359176742 1.495376000599692 0
      vertex 0.23465169756034632 1.4815325108927067 0
    endloop
  endfacet
  facet normal -0.19509032201613036 -0.98078528040323 0
    outer loop
      vertex 0.3501680457838581 1.4585548805965147 1.6
      vertex 0.23465169756034632 1.4815325108927067 0
      vertex 0.3501680457838581 1.4585548805965147 0
    endloop
  endfacet
  facet normal 0.9992290362407229 -0.039259815759069235 0
    outer loop
      vertex -1.5 0 1.6
      vertex -1.5 0 0
      vertex -1.495376000599692 0.11768864359176742 1.6
    endloop
  endfacet
  facet normal 0.9930684569549264 -0.11753739745783645 0
    outer loop
      vertex -1.495376000599692 0.11768864359176742 1.6
      vertex -1.495376000599692 0.11768864359176742 0
      vertex -1.4815325108927067 0.23465169756034632 1.6
    endloop
  endfacet
  facet normal 0.98078528040323 -0.19509032201613036 0
    outer loop
      vertex -1.4815325108927067 0.23465169756034632 1.6
      vertex -1.4815325108927067 0.23465169756034632 0
      vertex -1.4585548805965147 0.3501680457838581 1.6
    endloop
  endfacet
  facet normal 0.9624552364536474 -0.2714404498650738 0
    outer loop
      vertex -1.4585548805965147 0.3501680457838581 1.6
      vertex -1.4585548805965147 0.3501680457838581 0
      vertex -1.4265847744427302 0.46352549156242107 1.6
    endloop
  endfacet
  facet normal 0.938191335922484 -0.3461170570774933 0
    outer loop
      vertex -1.4265847744427302 0.46352549156242107 1.6
      vertex -1.4265847744427302 0.46352549156242107 0
      vertex -1.38581929876693 0.5740251485476345 1.6
    endloop
  endfacet
  facet normal 0.9081431738250821 -0.4186597375374261 0
    outer loop
      vertex -1.38581929876693 0.5740251485476345 1.6
      vertex -1.38581929876693 0.5740251485476345 0
      vertex -1.336509786282552 0.6809857496093201 1.6
    endloop
  endfacet
  facet normal 0.8724960070727964 -0.4886212414969562 0
    outer loop
      vertex -1.336509786282552 0.6809857496093201 1.6
      vertex -1.336509786282552 0.6809857496093201 0
      vertex -1.2789602465311383 0.7837478470739232 1.6
    endloop
  endfacet
  facet normal 0.8314696123025459 -0.5555702330196012 0
    outer loop
      vertex -1.2789602465311383 0.7837478470739232 1.6
      vertex -1.2789602465311383 0.7837478470739232 0
      vertex -1.2135254915624212 0.8816778784387097 1.6
    endloop
  endfacet
  facet normal -0.9624552364536474 -0.2714404498650738 0
    outer loop
      vertex 1.4585548805965147 0.3501680457838581 1.6
      vertex 1.4265847744427302 0.46352549156242107 1.6
      vertex 1.4265847744427302 0.46352549156242107 0
    endloop
  endfacet
  facet normal -0.938191335922484 -0.3461170570774929 0
    outer loop
      vertex 1.4265847744427302 0.46352549156242107 1.6
      vertex 1.38581929876693 0.5740251485476346 1.6
      vertex 1.38581929876693 0.5740251485476346 0
    endloop
  endfacet
  facet normal -0.908143173825082 -0.4186597375374265 0
    outer loop
      vertex 1.38581929876693 0.5740251485476346 1.6
      vertex 1.336509786282552 0.6809857496093201 1.6
      vertex 1.336509786282552 0.6809857496093201 0
    endloop
  endfacet
  facet normal -0.8724960070727964 -0.4886212414969562 0
    outer loop
      vertex 1.336509786282552 0.6809857496093201 1.6
      vertex 1.2789602465311383 0.7837478470739232 1.6
      vertex 1.2789602465311383 0.7837478470739232 0
    endloop
  endfacet
  facet normal -0.9992290362407229 -0.039259815759069235 0
    outer loop
      vertex 1.5 0 1.6
      vertex 1.495376000599692 0.11768864359176742 1.6
      vertex 1.495376000599692 0.11768864359176742 0
    endloop
  endfacet
  facet normal -0.9930684569549264 -0.11753739745783645 0
    outer loop
      vertex 1.495376000599692 0.11768864359176742 1.6
      vertex 1.4815325108927067 0.23465169756034632 1.6
      vertex 1.4815325108927067 0.23465169756034632 0
    endloop
  endfacet
  facet normal -0.98078528040323 -0.19509032201613036 0
    outer loop
      vertex 1.4815325108927067 0.23465169756034632 1.6
      vertex 1.4585548805965147 0.3501680457838581 1.6
      vertex 1.4585548805965147 0.3501680457838581 0
    endloop
  endfacet
  facet normal 0.7853169308807444 -0.6190939493098346 0
    outer loop
      vertex -1.2135254915624212 0.8816778784387097 1.6
      vertex -1.2135254915624212 0.8816778784387097 0
      vertex -1.1406089484000463 0.9741720724952755 1.6
    endloop
  endfacet
  facet normal 0.7343225094356868 -0.6788007455329403 0
    outer loop
      vertex -1.1406089484000463 0.9741720724952755 1.6
      vertex -1.1406089484000463 0.9741720724952755 0
      vertex -1.0606601717798214 1.0606601717798214 1.6
    endloop
  endfacet
  facet normal 0.6788007455329403 -0.7343225094356868 0
    outer loop
      vertex -1.0606601717798214 1.0606601717798214 1.6
      vertex -1.0606601717798214 1.0606601717798214 0
      vertex -0.9741720724952755 1.1406089484000463 1.6
    endloop
  endfacet
  facet normal -0.8314696123025459 -0.5555702330196012 0
    outer loop
      vertex 1.2789602465311383 0.7837478470739232 1.6
      vertex 1.2135254915624212 0.8816778784387097 1.6
      vertex 1.2135254915624212 0.8816778784387097 0
    endloop
  endfacet
  facet normal -0.7853169308807444 -0.6190939493098346 0
    outer loop
      vertex 1.2135254915624212 0.8816778784387097 1.6
      vertex 1.1406089484000463 0.9741720724952755 1.6
      vertex 1.1406089484000463 0.9741720724952755 0
    endloop
  endfacet
  facet normal -0.7343225094356868 -0.6788007455329403 0
    outer loop
      vertex 1.1406089484000463 0.9741720724952755 1.6
      vertex 1.0606601717798214 1.0606601717798214 1.6
      vertex 1.0606601717798214 1.0606601717798214 0
    endloop
  endfacet
  facet normal -0.6788007455329403 -0.7343225094356868 0
    outer loop
      vertex 1.0606601717798214 1.0606601717798214 1.6
      vertex 0.9741720724952755 1.1406089484000463 1.6
      vertex 0.9741720724952755 1.1406089484000463 0
    endloop
  endfacet
  facet normal 0.6190939493098346 -0.7853169308807444 0
    outer loop
      vertex -0.9741720724952755 1.1406089484000463 1.6
      vertex -0.9741720724952755 1.1406089484000463 0
      vertex -0.8816778784387097 1.2135254915624212 1.6
    endloop
  endfacet
  facet normal 0.5555702330196012 -0.8314696123025459 0
    outer loop
      vertex -0.8816778784387097 1.2135254915624212 1.6
      vertex -0.8816778784387097 1.2135254915624212 0
      vertex -0.7837478470739232 1.2789602465311383 1.6
    endloop
  endfacet
  facet normal 0.4886212414969562 -0.8724960070727964 0
    outer loop
      vertex -0.7837478470739232 1.2789602465311383 1.6
      vertex -0.7837478470739232 1.2789602465311383 0
      vertex -0.6809857496093201 1.336509786282552 1.6
    endloop
  endfacet
  facet normal 0.4186597375374265 -0.908143173825082 0
    outer loop
      vertex -0.6809857496093201 1.336509786282552 1.6
      vertex -0.6809857496093201 1.336509786282552 0
      vertex -0.5740251485476346 1.38581929876693 1.6
    endloop
  endfacet
  facet normal 0.3461170570774929 -0.938191335922484 0
    outer loop
      vertex -0.5740251485476346 1.38581929876693 1.6
      vertex -0.5740251485476346 1.38581929876693 0
      vertex -0.46352549156242107 1.4265847744427302 1.6
    endloop
  endfacet
  facet normal 0.2714404498650738 -0.9624552364536474 0
    outer loop
      vertex -0.46352549156242107 1.4265847744427302 1.6
      vertex -0.46352549156242107 1.4265847744427302 0
      vertex -0.3501680457838581 1.4585548805965147 1.6
    endloop
  endfacet
  facet normal 0.19509032201613036 -0.98078528040323 0
    outer loop
      vertex -0.3501680457838581 1.4585548805965147 1.6
      vertex -0.3501680457838581 1.4585548805965147 0
      vertex -0.23465169756034632 1.4815325108927067 1.6
    endloop
  endfacet
  facet normal 0.11753739745783645 -0.9930684569549264 0
    outer loop
      vertex -0.23465169756034632 1.4815325108927067 1.6
      vertex -0.23465169756034632 1.4815325108927067 0
      vertex -0.11768864359176742 1.495376000599692 1.6
    endloop
  endfacet
  facet normal 0.039259815759069235 -0.9992290362407229 0
    outer loop
      vertex -0.11768864359176742 1.495376000599692 1.6
      vertex -0.11768864359176742 1.495376000599692 0
      vertex 0 1.5 1.6
    endloop
  endfacet
  facet normal -0.039259815759069235 -0.9992290362407229 0
    outer loop
      vertex 0.11768864359176742 1.495376000599692 1.6
      vertex 0 1.5 1.6
      vertex 0 1.5 0
    endloop
  endfacet
  facet normal -0.6190939493098346 -0.7853169308807444 0
    outer loop
      vertex 0.8816778784387097 1.2135254915624212 1.6
      vertex 0.8816778784387097 1.2135254915624212 0
      vertex 0.9741720724952755 1.1406089484000463 1.6
    endloop
  endfacet
  facet normal -0.5555702330196012 -0.8314696123025459 0
    outer loop
      vertex 0.8816778784387097 1.2135254915624212 1.6
      vertex 0.7837478470739232 1.2789602465311383 1.6
      vertex 0.7837478470739232 1.2789602465311383 0
    endloop
  endfacet
  facet normal -0.4886212414969562 -0.8724960070727964 0
    outer loop
      vertex 0.7837478470739232 1.2789602465311383 1.6
      vertex 0.6809857496093201 1.336509786282552 1.6
      vertex 0.6809857496093201 1.336509786282552 0
    endloop
  endfacet
  facet normal -0.4186597375374265 -0.908143173825082 0
    outer loop
      vertex 0.6809857496093201 1.336509786282552 1.6
      vertex 0.5740251485476346 1.38581929876693 1.6
      vertex 0.5740251485476346 1.38581929876693 0
    endloop
  endfacet
  facet normal -0.2714404498650738 -0.9624552364536474 0
    outer loop
      vertex 0.46352549156242107 1.4265847744427302 1.6
      vertex 0.3501680457838581 1.4585548805965147 1.6
      vertex 0.3501680457838581 1.4585548805965147 0
    endloop
  endfacet
  facet normal -0.11753739745783645 -0.9930684569549264 0
    outer loop
      vertex 0.11768864359176742 1.495376000599692 1.6
      vertex 0.11768864359176742 1.495376000599692 0
      vertex 0.23465169756034632 1.4815325108927067 1.6
    endloop
  endfacet
  facet normal -0.19509032201613036 -0.98078528040323 0
    outer loop
      vertex 0.23465169756034632 1.4815325108927067 1.6
      vertex 0.23465169756034632 1.4815325108927067 0
      vertex 0.3501680457838581 1.4585548805965147 1.6
    endloop
  endfacet
  facet normal -0.3461170570774929 -0.938191335922484 0
    outer loop
      vertex 0.5740251485476346 1.38581929876693 1.6
      vertex 0.46352549156242107 1.4265847744427302 1.6
      vertex 0.46352549156242107 1.4265847744427302 0
    endloop
  endfacet
  facet normal 0.19509032201613088 0.9807852804032299 0
    outer loop
      vertex 12.766554636144095 -0.9723699203976766 1.6
      vertex 12.843565534959769 -0.9876883405951378 0
      vertex 12.766554636144095 -0.9723699203976766 0
    endloop
  endfacet
  facet normal 0.271440449865076 0.9624552364536467 0
    outer loop
      vertex 12.690983005625053 -0.9510565162951535 1.6
      vertex 12.766554636144095 -0.9723699203976766 0
      vertex 12.690983005625053 -0.9510565162951535 0
    endloop
  endfacet
  facet normal 0.03925981575906839 0.9992290362407231 0
    outer loop
      vertex 12.921540904272154 -0.996917333733128 1.6
      vertex 13 -1 0
      vertex 12.921540904272154 -0.996917333733128 0
    endloop
  endfacet
  facet normal 0.1175373974578376 0.9930684569549263 0
    outer loop
      vertex 12.843565534959769 -0.9876883405951378 1.6
      vertex 12.921540904272154 -0.996917333733128 0
      vertex 12.843565534959769 -0.9876883405951378 0
    endloop
  endfacet
  facet normal -0.03925981575906839 0.9992290362407231 0
    outer loop
      vertex 13 -1 1.6
      vertex 13.078459095727846 -0.996917333733128 0
      vertex 13 -1 0
    endloop
  endfacet
  facet normal -0.1175373974578376 0.9930684569549263 0
    outer loop
      vertex 13.078459095727846 -0.996917333733128 1.6
      vertex 13.156434465040231 -0.9876883405951378 0
      vertex 13.078459095727846 -0.996917333733128 0
    endloop
  endfacet
  facet normal -0.19509032201613088 0.9807852804032299 0
    outer loop
      vertex 13.156434465040231 -0.9876883405951378 1.6
      vertex 13.233445363855905 -0.9723699203976766 0
      vertex 13.156434465040231 -0.9876883405951378 0
    endloop
  endfacet
  facet normal -0.271440449865076 0.9624552364536467 0
    outer loop
      vertex 13.233445363855905 -0.9723699203976766 1.6
      vertex 13.309016994374947 -0.9510565162951535 0
      vertex 13.233445363855905 -0.9723699203976766 0
    endloop
  endfacet
  facet normal -0.3461170570774898 0.9381913359224853 0
    outer loop
      vertex 13.309016994374947 -0.9510565162951535 1.6
      vertex 13.38268343236509 -0.9238795325112867 0
      vertex 13.309016994374947 -0.9510565162951535 0
    endloop
  endfacet
  facet normal 0.4886212414969534 0.872496007072798 0
    outer loop
      vertex 12.47750143528405 -0.8526401643540922 1.6
      vertex 12.546009500260453 -0.8910065241883679 0
      vertex 12.47750143528405 -0.8526401643540922 0
    endloop
  endfacet
  facet normal 0.3461170570774898 0.9381913359224853 0
    outer loop
      vertex 12.61731656763491 -0.9238795325112867 1.6
      vertex 12.690983005625053 -0.9510565162951535 0
      vertex 12.61731656763491 -0.9238795325112867 0
    endloop
  endfacet
  facet normal 0.41865973753742697 0.9081431738250818 0
    outer loop
      vertex 12.546009500260453 -0.8910065241883679 1.6
      vertex 12.61731656763491 -0.9238795325112867 0
      vertex 12.546009500260453 -0.8910065241883679 0
    endloop
  endfacet
  facet normal 0.5555702330196025 0.8314696123025451 0
    outer loop
      vertex 12.412214747707527 -0.8090169943749475 1.6
      vertex 12.47750143528405 -0.8526401643540922 0
      vertex 12.412214747707527 -0.8090169943749475 0
    endloop
  endfacet
  facet normal 0.6190939493098342 0.7853169308807446 0
    outer loop
      vertex 12.350551951669816 -0.7604059656000309 1.6
      vertex 12.412214747707527 -0.8090169943749475 0
      vertex 12.350551951669816 -0.7604059656000309 0
    endloop
  endfacet
  facet normal -0.41865973753742697 0.9081431738250818 0
    outer loop
      vertex 13.38268343236509 -0.9238795325112867 1.6
      vertex 13.453990499739547 -0.8910065241883679 0
      vertex 13.38268343236509 -0.9238795325112867 0
    endloop
  endfacet
  facet normal -0.4886212414969534 0.872496007072798 0
    outer loop
      vertex 13.453990499739547 -0.8910065241883679 1.6
      vertex 13.52249856471595 -0.8526401643540922 0
      vertex 13.453990499739547 -0.8910065241883679 0
    endloop
  endfacet
  facet normal -0.5555702330196025 0.8314696123025451 0
    outer loop
      vertex 13.52249856471595 -0.8526401643540922 1.6
      vertex 13.587785252292473 -0.8090169943749475 0
      vertex 13.52249856471595 -0.8526401643540922 0
    endloop
  endfacet
  facet normal -0.6190939493098342 0.7853169308807446 0
    outer loop
      vertex 13.587785252292473 -0.8090169943749475 1.6
      vertex 13.649448048330184 -0.7604059656000309 0
      vertex 13.587785252292473 -0.8090169943749475 0
    endloop
  endfacet
  facet normal 0.8314696123025408 0.555570233019609 0
    outer loop
      vertex 12.147359835645908 -0.5224985647159488 1.6
      vertex 12.190983005625053 -0.5877852522924731 0
      vertex 12.147359835645908 -0.5224985647159488 0
    endloop
  endfacet
  facet normal 0.8724960070727947 0.48862124149695907 0
    outer loop
      vertex 12.108993475811632 -0.45399049973954675 1.6
      vertex 12.147359835645908 -0.5224985647159488 0
      vertex 12.108993475811632 -0.45399049973954675 0
    endloop
  endfacet
  facet normal 0.9081431738250864 0.4186597375374173 0
    outer loop
      vertex 12.076120467488714 -0.3826834323650898 1.6
      vertex 12.108993475811632 -0.45399049973954675 0
      vertex 12.076120467488714 -0.3826834323650898 0
    endloop
  endfacet
  facet normal 0.938191335922481 0.34611705707750123 0
    outer loop
      vertex 12.048943483704846 -0.3090169943749474 1.6
      vertex 12.076120467488714 -0.3826834323650898 0
      vertex 12.048943483704846 -0.3090169943749474 0
    endloop
  endfacet
  facet normal 0.962455236453647 0.27144044986507554 0
    outer loop
      vertex 12.027630079602323 -0.2334453638559054 1.6
      vertex 12.048943483704846 -0.3090169943749474 0
      vertex 12.027630079602323 -0.2334453638559054 0
    endloop
  endfacet
  facet normal 0.9807852804032297 0.1950903220161321 0
    outer loop
      vertex 12.012311659404862 -0.15643446504023087 1.6
      vertex 12.027630079602323 -0.2334453638559054 0
      vertex 12.012311659404862 -0.15643446504023087 0
    endloop
  endfacet
  facet normal 0.9930684569549268 0.11753739745783275 0
    outer loop
      vertex 12.003082666266872 -0.07845909572784494 1.6
      vertex 12.012311659404862 -0.15643446504023087 0
      vertex 12.003082666266872 -0.07845909572784494 0
    endloop
  endfacet
  facet normal 0.999229036240723 0.03925981575906736 0
    outer loop
      vertex 12 0 1.6
      vertex 12.003082666266872 -0.07845909572784494 0
      vertex 12 0 0
    endloop
  endfacet
  facet normal 0.6788007455329403 0.7343225094356868 0
    outer loop
      vertex 12.292893218813452 -0.7071067811865476 1.6
      vertex 12.350551951669816 -0.7604059656000309 0
      vertex 12.292893218813452 -0.7071067811865476 0
    endloop
  endfacet
  facet normal 0.7343225094356904 0.6788007455329366 0
    outer loop
      vertex 12.23959403439997 -0.6494480483301837 1.6
      vertex 12.292893218813452 -0.7071067811865476 0
      vertex 12.23959403439997 -0.6494480483301837 0
    endloop
  endfacet
  facet normal 0.785316930880748 0.6190939493098299 0
    outer loop
      vertex 12.190983005625053 -0.5877852522924731 1.6
      vertex 12.23959403439997 -0.6494480483301837 0
      vertex 12.190983005625053 -0.5877852522924731 0
    endloop
  endfacet
  facet normal -0.6788007455329403 0.7343225094356868 0
    outer loop
      vertex 13.649448048330184 -0.7604059656000309 1.6
      vertex 13.707106781186548 -0.7071067811865476 0
      vertex 13.649448048330184 -0.7604059656000309 0
    endloop
  endfacet
  facet normal -0.7343225094356904 0.6788007455329366 0
    outer loop
      vertex 13.707106781186548 -0.7071067811865476 1.6
      vertex 13.76040596560003 -0.6494480483301837 0
      vertex 13.707106781186548 -0.7071067811865476 0
    endloop
  endfacet
  facet normal -0.785316930880748 0.6190939493098299 0
    outer loop
      vertex 13.76040596560003 -0.6494480483301837 1.6
      vertex 13.809016994374947 -0.5877852522924731 0
      vertex 13.76040596560003 -0.6494480483301837 0
    endloop
  endfacet
  facet normal -0.8314696123025408 0.555570233019609 0
    outer loop
      vertex 13.809016994374947 -0.5877852522924731 1.6
      vertex 13.852640164354092 -0.5224985647159488 0
      vertex 13.809016994374947 -0.5877852522924731 0
    endloop
  endfacet
  facet normal -0.8724960070727947 0.48862124149695907 0
    outer loop
      vertex 13.852640164354092 -0.5224985647159488 1.6
      vertex 13.891006524188368 -0.45399049973954675 0
      vertex 13.852640164354092 -0.5224985647159488 0
    endloop
  endfacet
  facet normal -0.9081431738250864 0.4186597375374173 0
    outer loop
      vertex 13.891006524188368 -0.45399049973954675 1.6
      vertex 13.923879532511286 -0.3826834323650898 0
      vertex 13.891006524188368 -0.45399049973954675 0
    endloop
  endfacet
  facet normal -0.938191335922481 0.34611705707750123 0
    outer loop
      vertex 13.923879532511286 -0.3826834323650898 1.6
      vertex 13.951056516295154 -0.3090169943749474 0
      vertex 13.923879532511286 -0.3826834323650898 0
    endloop
  endfacet
  facet normal -0.962455236453647 0.27144044986507554 0
    outer loop
      vertex 13.951056516295154 -0.3090169943749474 1.6
      vertex 13.972369920397677 -0.2334453638559054 0
      vertex 13.951056516295154 -0.3090169943749474 0
    endloop
  endfacet
  facet normal -0.9807852804032297 0.1950903220161321 0
    outer loop
      vertex 13.972369920397677 -0.2334453638559054 1.6
      vertex 13.987688340595138 -0.15643446504023087 0
      vertex 13.972369920397677 -0.2334453638559054 0
    endloop
  endfacet
  facet normal -0.9930684569549268 0.11753739745783275 0
    outer loop
      vertex 13.987688340595138 -0.15643446504023087 1.6
      vertex 13.996917333733128 -0.07845909572784494 0
      vertex 13.987688340595138 -0.15643446504023087 0
    endloop
  endfacet
  facet normal -0.999229036240723 0.03925981575906736 0
    outer loop
      vertex 13.996917333733128 -0.07845909572784494 1.6
      vertex 14 0 0
      vertex 13.996917333733128 -0.07845909572784494 0
    endloop
  endfacet
  facet normal 0.3461170570774898 0.9381913359224853 0
    outer loop
      vertex 12.690983005625053 -0.9510565162951535 1.6
      vertex 12.690983005625053 -0.9510565162951535 0
      vertex 12.61731656763491 -0.9238795325112867 1.6
    endloop
  endfacet
  facet normal 0.19509032201613088 0.9807852804032299 0
    outer loop
      vertex 12.843565534959769 -0.9876883405951378 1.6
      vertex 12.843565534959769 -0.9876883405951378 0
      vertex 12.766554636144095 -0.9723699203976766 1.6
    endloop
  endfacet
  facet normal 0.271440449865076 0.9624552364536467 0
    outer loop
      vertex 12.766554636144095 -0.9723699203976766 1.6
      vertex 12.766554636144095 -0.9723699203976766 0
      vertex 12.690983005625053 -0.9510565162951535 1.6
    endloop
  endfacet
  facet normal 0.03925981575906839 0.9992290362407231 0
    outer loop
      vertex 12.921540904272154 -0.996917333733128 1.6
      vertex 13 -1 1.6
      vertex 13 -1 0
    endloop
  endfacet
  facet normal 0.1175373974578376 0.9930684569549263 0
    outer loop
      vertex 12.921540904272154 -0.996917333733128 1.6
      vertex 12.921540904272154 -0.996917333733128 0
      vertex 12.843565534959769 -0.9876883405951378 1.6
    endloop
  endfacet
  facet normal -0.03925981575906839 0.9992290362407231 0
    outer loop
      vertex 13 -1 1.6
      vertex 13.078459095727846 -0.996917333733128 1.6
      vertex 13.078459095727846 -0.996917333733128 0
    endloop
  endfacet
  facet normal -0.1175373974578376 0.9930684569549263 0
    outer loop
      vertex 13.078459095727846 -0.996917333733128 1.6
      vertex 13.156434465040231 -0.9876883405951378 1.6
      vertex 13.156434465040231 -0.9876883405951378 0
    endloop
  endfacet
  facet normal -0.19509032201613088 0.9807852804032299 0
    outer loop
      vertex 13.156434465040231 -0.9876883405951378 1.6
      vertex 13.233445363855905 -0.9723699203976766 1.6
      vertex 13.233445363855905 -0.9723699203976766 0
    endloop
  endfacet
  facet normal -0.271440449865076 0.9624552364536467 0
    outer loop
      vertex 13.233445363855905 -0.9723699203976766 1.6
      vertex 13.309016994374947 -0.9510565162951535 1.6
      vertex 13.309016994374947 -0.9510565162951535 0
    endloop
  endfacet
  facet normal 0.4886212414969534 0.872496007072798 0
    outer loop
      vertex 12.47750143528405 -0.8526401643540922 1.6
      vertex 12.546009500260453 -0.8910065241883679 1.6
      vertex 12.546009500260453 -0.8910065241883679 0
    endloop
  endfacet
  facet normal 0.41865973753742697 0.9081431738250818 0
    outer loop
      vertex 12.61731656763491 -0.9238795325112867 1.6
      vertex 12.61731656763491 -0.9238795325112867 0
      vertex 12.546009500260453 -0.8910065241883679 1.6
    endloop
  endfacet
  facet normal 0.5555702330196025 0.8314696123025451 0
    outer loop
      vertex 12.47750143528405 -0.8526401643540922 1.6
      vertex 12.47750143528405 -0.8526401643540922 0
      vertex 12.412214747707527 -0.8090169943749475 1.6
    endloop
  endfacet
  facet normal 0.6190939493098342 0.7853169308807446 0
    outer loop
      vertex 12.412214747707527 -0.8090169943749475 1.6
      vertex 12.412214747707527 -0.8090169943749475 0
      vertex 12.350551951669816 -0.7604059656000309 1.6
    endloop
  endfacet
  facet normal -0.3461170570774898 0.9381913359224853 0
    outer loop
      vertex 13.309016994374947 -0.9510565162951535 1.6
      vertex 13.38268343236509 -0.9238795325112867 1.6
      vertex 13.38268343236509 -0.9238795325112867 0
    endloop
  endfacet
  facet normal -0.41865973753742697 0.9081431738250818 0
    outer loop
      vertex 13.38268343236509 -0.9238795325112867 1.6
      vertex 13.453990499739547 -0.8910065241883679 1.6
      vertex 13.453990499739547 -0.8910065241883679 0
    endloop
  endfacet
  facet normal -0.4886212414969534 0.872496007072798 0
    outer loop
      vertex 13.453990499739547 -0.8910065241883679 1.6
      vertex 13.52249856471595 -0.8526401643540922 1.6
      vertex 13.52249856471595 -0.8526401643540922 0
    endloop
  endfacet
  facet normal -0.5555702330196025 0.8314696123025451 0
    outer loop
      vertex 13.52249856471595 -0.8526401643540922 1.6
      vertex 13.587785252292473 -0.8090169943749475 1.6
      vertex 13.587785252292473 -0.8090169943749475 0
    endloop
  endfacet
  facet normal -0.6190939493098342 0.7853169308807446 0
    outer loop
      vertex 13.587785252292473 -0.8090169943749475 1.6
      vertex 13.649448048330184 -0.7604059656000309 1.6
      vertex 13.649448048330184 -0.7604059656000309 0
    endloop
  endfacet
  facet normal 0.8314696123025408 0.555570233019609 0
    outer loop
      vertex 12.190983005625053 -0.5877852522924731 1.6
      vertex 12.190983005625053 -0.5877852522924731 0
      vertex 12.147359835645908 -0.5224985647159488 1.6
    endloop
  endfacet
  facet normal 0.8724960070727947 0.48862124149695907 0
    outer loop
      vertex 12.147359835645908 -0.5224985647159488 1.6
      vertex 12.147359835645908 -0.5224985647159488 0
      vertex 12.108993475811632 -0.45399049973954675 1.6
    endloop
  endfacet
  facet normal 0.9081431738250864 0.4186597375374173 0
    outer loop
      vertex 12.108993475811632 -0.45399049973954675 1.6
      vertex 12.108993475811632 -0.45399049973954675 0
      vertex 12.076120467488714 -0.3826834323650898 1.6
    endloop
  endfacet
  facet normal 0.938191335922481 0.34611705707750123 0
    outer loop
      vertex 12.076120467488714 -0.3826834323650898 1.6
      vertex 12.076120467488714 -0.3826834323650898 0
      vertex 12.048943483704846 -0.3090169943749474 1.6
    endloop
  endfacet
  facet normal 0.962455236453647 0.27144044986507554 0
    outer loop
      vertex 12.048943483704846 -0.3090169943749474 1.6
      vertex 12.048943483704846 -0.3090169943749474 0
      vertex 12.027630079602323 -0.2334453638559054 1.6
    endloop
  endfacet
  facet normal 0.9807852804032297 0.1950903220161321 0
    outer loop
      vertex 12.027630079602323 -0.2334453638559054 1.6
      vertex 12.027630079602323 -0.2334453638559054 0
      vertex 12.012311659404862 -0.15643446504023087 1.6
    endloop
  endfacet
  facet normal 0.9930684569549268 0.11753739745783275 0
    outer loop
      vertex 12.012311659404862 -0.15643446504023087 1.6
      vertex 12.012311659404862 -0.15643446504023087 0
      vertex 12.003082666266872 -0.07845909572784494 1.6
    endloop
  endfacet
  facet normal 0.999229036240723 0.03925981575906736 0
    outer loop
      vertex 12.003082666266872 -0.07845909572784494 1.6
      vertex 12.003082666266872 -0.07845909572784494 0
      vertex 12 0 1.6
    endloop
  endfacet
  facet normal 0.6788007455329403 0.7343225094356868 0
    outer loop
      vertex 12.350551951669816 -0.7604059656000309 1.6
      vertex 12.350551951669816 -0.7604059656000309 0
      vertex 12.292893218813452 -0.7071067811865476 1.6
    endloop
  endfacet
  facet normal 0.7343225094356904 0.6788007455329366 0
    outer loop
      vertex 12.292893218813452 -0.7071067811865476 1.6
      vertex 12.292893218813452 -0.7071067811865476 0
      vertex 12.23959403439997 -0.6494480483301837 1.6
    endloop
  endfacet
  facet normal 0.785316930880748 0.6190939493098299 0
    outer loop
      vertex 12.23959403439997 -0.6494480483301837 1.6
      vertex 12.23959403439997 -0.6494480483301837 0
      vertex 12.190983005625053 -0.5877852522924731 1.6
    endloop
  endfacet
  facet normal -0.6788007455329403 0.7343225094356868 0
    outer loop
      vertex 13.649448048330184 -0.7604059656000309 1.6
      vertex 13.707106781186548 -0.7071067811865476 1.6
      vertex 13.707106781186548 -0.7071067811865476 0
    endloop
  endfacet
  facet normal -0.7343225094356904 0.6788007455329366 0
    outer loop
      vertex 13.707106781186548 -0.7071067811865476 1.6
      vertex 13.76040596560003 -0.6494480483301837 1.6
      vertex 13.76040596560003 -0.6494480483301837 0
    endloop
  endfacet
  facet normal -0.785316930880748 0.6190939493098299 0
    outer loop
      vertex 13.76040596560003 -0.6494480483301837 1.6
      vertex 13.809016994374947 -0.5877852522924731 1.6
      vertex 13.809016994374947 -0.5877852522924731 0
    endloop
  endfacet
  facet normal -0.8314696123025408 0.555570233019609 0
    outer loop
      vertex 13.809016994374947 -0.5877852522924731 1.6
      vertex 13.852640164354092 -0.5224985647159488 1.6
      vertex 13.852640164354092 -0.5224985647159488 0
    endloop
  endfacet
  facet normal -0.8724960070727947 0.48862124149695907 0
    outer loop
      vertex 13.852640164354092 -0.5224985647159488 1.6
      vertex 13.891006524188368 -0.45399049973954675 1.6
      vertex 13.891006524188368 -0.45399049973954675 0
    endloop
  endfacet
  facet normal -0.9081431738250864 0.4186597375374173 0
    outer loop
      vertex 13.891006524188368 -0.45399049973954675 1.6
      vertex 13.923879532511286 -0.3826834323650898 1.6
      vertex 13.923879532511286 -0.3826834323650898 0
    endloop
  endfacet
  facet normal -0.938191335922481 0.34611705707750123 0
    outer loop
      vertex 13.923879532511286 -0.3826834323650898 1.6
      vertex 13.951056516295154 -0.3090169943749474 1.6
      vertex 13.951056516295154 -0.3090169943749474 0
    endloop
  endfacet
  facet normal -0.962455236453647 0.27144044986507554 0
    outer loop
      vertex 13.951056516295154 -0.3090169943749474 1.6
      vertex 13.972369920397677 -0.2334453638559054 1.6
      vertex 13.972369920397677 -0.2334453638559054 0
    endloop
  endfacet
  facet normal -0.9807852804032297 0.1950903220161321 0
    outer loop
      vertex 13.972369920397677 -0.2334453638559054 1.6
      vertex 13.987688340595138 -0.15643446504023087 1.6
      vertex 13.987688340595138 -0.15643446504023087 0
    endloop
  endfacet
  facet normal -0.9930684569549268 0.11753739745783275 0
    outer loop
      vertex 13.987688340595138 -0.15643446504023087 1.6
      vertex 13.996917333733128 -0.07845909572784494 1.6
      vertex 13.996917333733128 -0.07845909572784494 0
    endloop
  endfacet
  facet normal -0.999229036240723 0.03925981575906736 0
    outer loop
      vertex 13.996917333733128 -0.07845909572784494 1.6
      vertex 14 0 1.6
      vertex 14 0 0
    endloop
  endfacet
  facet normal 0.999229036240723 -0.03925981575906736 0
    outer loop
      vertex 12.003082666266872 0.07845909572784494 1.6
      vertex 12 0 0
      vertex 12.003082666266872 0.07845909572784494 0
    endloop
  endfacet
  facet normal 0.9930684569549268 -0.11753739745783275 0
    outer loop
      vertex 12.012311659404862 0.15643446504023087 1.6
      vertex 12.003082666266872 0.07845909572784494 0
      vertex 12.012311659404862 0.15643446504023087 0
    endloop
  endfacet
  facet normal 0.9807852804032297 -0.1950903220161321 0
    outer loop
      vertex 12.027630079602323 0.2334453638559054 1.6
      vertex 12.012311659404862 0.15643446504023087 0
      vertex 12.027630079602323 0.2334453638559054 0
    endloop
  endfacet
  facet normal 0.962455236453647 -0.27144044986507554 0
    outer loop
      vertex 12.048943483704846 0.3090169943749474 1.6
      vertex 12.027630079602323 0.2334453638559054 0
      vertex 12.048943483704846 0.3090169943749474 0
    endloop
  endfacet
  facet normal 0.938191335922481 -0.34611705707750123 0
    outer loop
      vertex 12.076120467488714 0.3826834323650898 1.6
      vertex 12.048943483704846 0.3090169943749474 0
      vertex 12.076120467488714 0.3826834323650898 0
    endloop
  endfacet
  facet normal 0.9081431738250864 -0.4186597375374173 0
    outer loop
      vertex 12.108993475811632 0.45399049973954675 1.6
      vertex 12.076120467488714 0.3826834323650898 0
      vertex 12.108993475811632 0.45399049973954675 0
    endloop
  endfacet
  facet normal 0.8724960070727947 -0.48862124149695907 0
    outer loop
      vertex 12.147359835645908 0.5224985647159488 1.6
      vertex 12.108993475811632 0.45399049973954675 0
      vertex 12.147359835645908 0.5224985647159488 0
    endloop
  endfacet
  facet normal 0.8314696123025408 -0.555570233019609 0
    outer loop
      vertex 12.190983005625053 0.5877852522924731 1.6
      vertex 12.147359835645908 0.5224985647159488 0
      vertex 12.190983005625053 0.5877852522924731 0
    endloop
  endfacet
  facet normal -0.999229036240723 -0.03925981575906736 0
    outer loop
      vertex 14 0 1.6
      vertex 13.996917333733128 0.07845909572784494 0
      vertex 14 0 0
    endloop
  endfacet
  facet normal -0.9930684569549268 -0.11753739745783275 0
    outer loop
      vertex 13.996917333733128 0.07845909572784494 1.6
      vertex 13.987688340595138 0.15643446504023087 0
      vertex 13.996917333733128 0.07845909572784494 0
    endloop
  endfacet
  facet normal -0.9807852804032297 -0.1950903220161321 0
    outer loop
      vertex 13.987688340595138 0.15643446504023087 1.6
      vertex 13.972369920397677 0.2334453638559054 0
      vertex 13.987688340595138 0.15643446504023087 0
    endloop
  endfacet
  facet normal -0.962455236453647 -0.27144044986507554 0
    outer loop
      vertex 13.972369920397677 0.2334453638559054 1.6
      vertex 13.951056516295154 0.3090169943749474 0
      vertex 13.972369920397677 0.2334453638559054 0
    endloop
  endfacet
  facet normal -0.938191335922481 -0.34611705707750123 0
    outer loop
      vertex 13.951056516295154 0.3090169943749474 1.6
      vertex 13.923879532511286 0.3826834323650898 0
      vertex 13.951056516295154 0.3090169943749474 0
    endloop
  endfacet
  facet normal 0.785316930880748 -0.6190939493098299 0
    outer loop
      vertex 12.23959403439997 0.6494480483301837 1.6
      vertex 12.190983005625053 0.5877852522924731 0
      vertex 12.23959403439997 0.6494480483301837 0
    endloop
  endfacet
  facet normal 0.7343225094356904 -0.6788007455329366 0
    outer loop
      vertex 12.292893218813452 0.7071067811865476 1.6
      vertex 12.23959403439997 0.6494480483301837 0
      vertex 12.292893218813452 0.7071067811865476 0
    endloop
  endfacet
  facet normal 0.6788007455329403 -0.7343225094356868 0
    outer loop
      vertex 12.350551951669816 0.7604059656000309 1.6
      vertex 12.292893218813452 0.7071067811865476 0
      vertex 12.350551951669816 0.7604059656000309 0
    endloop
  endfacet
  facet normal -0.9081431738250864 -0.4186597375374173 0
    outer loop
      vertex 13.923879532511286 0.3826834323650898 1.6
      vertex 13.891006524188368 0.45399049973954675 0
      vertex 13.923879532511286 0.3826834323650898 0
    endloop
  endfacet
  facet normal -0.8314696123025408 -0.555570233019609 0
    outer loop
      vertex 13.852640164354092 0.5224985647159488 1.6
      vertex 13.809016994374947 0.5877852522924731 0
      vertex 13.852640164354092 0.5224985647159488 0
    endloop
  endfacet
  facet normal -0.8724960070727947 -0.48862124149695907 0
    outer loop
      vertex 13.891006524188368 0.45399049973954675 1.6
      vertex 13.852640164354092 0.5224985647159488 0
      vertex 13.891006524188368 0.45399049973954675 0
    endloop
  endfacet
  facet normal -0.785316930880748 -0.6190939493098299 0
    outer loop
      vertex 13.809016994374947 0.5877852522924731 1.6
      vertex 13.76040596560003 0.6494480483301837 0
      vertex 13.809016994374947 0.5877852522924731 0
    endloop
  endfacet
  facet normal -0.7343225094356904 -0.6788007455329366 0
    outer loop
      vertex 13.76040596560003 0.6494480483301837 1.6
      vertex 13.707106781186548 0.7071067811865476 0
      vertex 13.76040596560003 0.6494480483301837 0
    endloop
  endfacet
  facet normal -0.6788007455329403 -0.7343225094356868 0
    outer loop
      vertex 13.707106781186548 0.7071067811865476 1.6
      vertex 13.649448048330184 0.7604059656000309 0
      vertex 13.707106781186548 0.7071067811865476 0
    endloop
  endfacet
  facet normal 0.6190939493098342 -0.7853169308807446 0
    outer loop
      vertex 12.412214747707527 0.8090169943749475 1.6
      vertex 12.350551951669816 0.7604059656000309 0
      vertex 12.412214747707527 0.8090169943749475 0
    endloop
  endfacet
  facet normal 0.5555702330196025 -0.8314696123025451 0
    outer loop
      vertex 12.47750143528405 0.8526401643540922 1.6
      vertex 12.412214747707527 0.8090169943749475 0
      vertex 12.47750143528405 0.8526401643540922 0
    endloop
  endfacet
  facet normal 0.4886212414969534 -0.872496007072798 0
    outer loop
      vertex 12.546009500260453 0.8910065241883679 1.6
      vertex 12.47750143528405 0.8526401643540922 0
      vertex 12.546009500260453 0.8910065241883679 0
    endloop
  endfacet
  facet normal 0.41865973753742697 -0.9081431738250818 0
    outer loop
      vertex 12.61731656763491 0.9238795325112867 1.6
      vertex 12.546009500260453 0.8910065241883679 0
      vertex 12.61731656763491 0.9238795325112867 0
    endloop
  endfacet
  facet normal -0.4886212414969534 -0.872496007072798 0
    outer loop
      vertex 13.52249856471595 0.8526401643540922 1.6
      vertex 13.453990499739547 0.8910065241883679 0
      vertex 13.52249856471595 0.8526401643540922 0
    endloop
  endfacet
  facet normal -0.3461170570774898 -0.9381913359224853 0
    outer loop
      vertex 13.38268343236509 0.9238795325112867 1.6
      vertex 13.309016994374947 0.9510565162951535 0
      vertex 13.38268343236509 0.9238795325112867 0
    endloop
  endfacet
  facet normal -0.41865973753742697 -0.9081431738250818 0
    outer loop
      vertex 13.453990499739547 0.8910065241883679 1.6
      vertex 13.38268343236509 0.9238795325112867 0
      vertex 13.453990499739547 0.8910065241883679 0
    endloop
  endfacet
  facet normal 0.3461170570774898 -0.9381913359224853 0
    outer loop
      vertex 12.690983005625053 0.9510565162951535 1.6
      vertex 12.61731656763491 0.9238795325112867 0
      vertex 12.690983005625053 0.9510565162951535 0
    endloop
  endfacet
  facet normal 0.271440449865076 -0.9624552364536467 0
    outer loop
      vertex 12.766554636144095 0.9723699203976766 1.6
      vertex 12.690983005625053 0.9510565162951535 0
      vertex 12.766554636144095 0.9723699203976766 0
    endloop
  endfacet
  facet normal 0.19509032201613088 -0.9807852804032299 0
    outer loop
      vertex 12.843565534959769 0.9876883405951378 1.6
      vertex 12.766554636144095 0.9723699203976766 0
      vertex 12.843565534959769 0.9876883405951378 0
    endloop
  endfacet
  facet normal 0.1175373974578376 -0.9930684569549263 0
    outer loop
      vertex 12.921540904272154 0.996917333733128 1.6
      vertex 12.843565534959769 0.9876883405951378 0
      vertex 12.921540904272154 0.996917333733128 0
    endloop
  endfacet
  facet normal 0.03925981575906839 -0.9992290362407231 0
    outer loop
      vertex 13 1 1.6
      vertex 12.921540904272154 0.996917333733128 0
      vertex 13 1 0
    endloop
  endfacet
  facet normal -0.1175373974578376 -0.9930684569549263 0
    outer loop
      vertex 13.156434465040231 0.9876883405951378 1.6
      vertex 13.078459095727846 0.996917333733128 0
      vertex 13.156434465040231 0.9876883405951378 0
    endloop
  endfacet
  facet normal -0.03925981575906839 -0.9992290362407231 0
    outer loop
      vertex 13.078459095727846 0.996917333733128 1.6
      vertex 13 1 0
      vertex 13.078459095727846 0.996917333733128 0
    endloop
  endfacet
  facet normal -0.271440449865076 -0.9624552364536467 0
    outer loop
      vertex 13.309016994374947 0.9510565162951535 1.6
      vertex 13.233445363855905 0.9723699203976766 0
      vertex 13.309016994374947 0.9510565162951535 0
    endloop
  endfacet
  facet normal -0.19509032201613088 -0.9807852804032299 0
    outer loop
      vertex 13.233445363855905 0.9723699203976766 1.6
      vertex 13.156434465040231 0.9876883405951378 0
      vertex 13.233445363855905 0.9723699203976766 0
    endloop
  endfacet
  facet normal -0.6190939493098342 -0.7853169308807446 0
    outer loop
      vertex 13.649448048330184 0.7604059656000309 1.6
      vertex 13.587785252292473 0.8090169943749475 0
      vertex 13.649448048330184 0.7604059656000309 0
    endloop
  endfacet
  facet normal -0.5555702330196025 -0.8314696123025451 0
    outer loop
      vertex 13.587785252292473 0.8090169943749475 1.6
      vertex 13.52249856471595 0.8526401643540922 0
      vertex 13.587785252292473 0.8090169943749475 0
    endloop
  endfacet
  facet normal 0.999229036240723 -0.03925981575906736 0
    outer loop
      vertex 12 0 1.6
      vertex 12 0 0
      vertex 12.003082666266872 0.07845909572784494 1.6
    endloop
  endfacet
  facet normal 0.9930684569549268 -0.11753739745783275 0
    outer loop
      vertex 12.003082666266872 0.07845909572784494 1.6
      vertex 12.003082666266872 0.07845909572784494 0
      vertex 12.012311659404862 0.15643446504023087 1.6
    endloop
  endfacet
  facet normal 0.9807852804032297 -0.1950903220161321 0
    outer loop
      vertex 12.012311659404862 0.15643446504023087 1.6
      vertex 12.012311659404862 0.15643446504023087 0
      vertex 12.027630079602323 0.2334453638559054 1.6
    endloop
  endfacet
  facet normal 0.962455236453647 -0.27144044986507554 0
    outer loop
      vertex 12.027630079602323 0.2334453638559054 1.6
      vertex 12.027630079602323 0.2334453638559054 0
      vertex 12.048943483704846 0.3090169943749474 1.6
    endloop
  endfacet
  facet normal 0.938191335922481 -0.34611705707750123 0
    outer loop
      vertex 12.048943483704846 0.3090169943749474 1.6
      vertex 12.048943483704846 0.3090169943749474 0
      vertex 12.076120467488714 0.3826834323650898 1.6
    endloop
  endfacet
  facet normal 0.9081431738250864 -0.4186597375374173 0
    outer loop
      vertex 12.076120467488714 0.3826834323650898 1.6
      vertex 12.076120467488714 0.3826834323650898 0
      vertex 12.108993475811632 0.45399049973954675 1.6
    endloop
  endfacet
  facet normal 0.8724960070727947 -0.48862124149695907 0
    outer loop
      vertex 12.108993475811632 0.45399049973954675 1.6
      vertex 12.108993475811632 0.45399049973954675 0
      vertex 12.147359835645908 0.5224985647159488 1.6
    endloop
  endfacet
  facet normal 0.8314696123025408 -0.555570233019609 0
    outer loop
      vertex 12.147359835645908 0.5224985647159488 1.6
      vertex 12.147359835645908 0.5224985647159488 0
      vertex 12.190983005625053 0.5877852522924731 1.6
    endloop
  endfacet
  facet normal -0.999229036240723 -0.03925981575906736 0
    outer loop
      vertex 14 0 1.6
      vertex 13.996917333733128 0.07845909572784494 1.6
      vertex 13.996917333733128 0.07845909572784494 0
    endloop
  endfacet
  facet normal -0.9930684569549268 -0.11753739745783275 0
    outer loop
      vertex 13.996917333733128 0.07845909572784494 1.6
      vertex 13.987688340595138 0.15643446504023087 1.6
      vertex 13.987688340595138 0.15643446504023087 0
    endloop
  endfacet
  facet normal -0.9807852804032297 -0.1950903220161321 0
    outer loop
      vertex 13.987688340595138 0.15643446504023087 1.6
      vertex 13.972369920397677 0.2334453638559054 1.6
      vertex 13.972369920397677 0.2334453638559054 0
    endloop
  endfacet
  facet normal -0.962455236453647 -0.27144044986507554 0
    outer loop
      vertex 13.972369920397677 0.2334453638559054 1.6
      vertex 13.951056516295154 0.3090169943749474 1.6
      vertex 13.951056516295154 0.3090169943749474 0
    endloop
  endfacet
  facet normal -0.938191335922481 -0.34611705707750123 0
    outer loop
      vertex 13.951056516295154 0.3090169943749474 1.6
      vertex 13.923879532511286 0.3826834323650898 1.6
      vertex 13.923879532511286 0.3826834323650898 0
    endloop
  endfacet
  facet normal 0.785316930880748 -0.6190939493098299 0
    outer loop
      vertex 12.190983005625053 0.5877852522924731 1.6
      vertex 12.190983005625053 0.5877852522924731 0
      vertex 12.23959403439997 0.6494480483301837 1.6
    endloop
  endfacet
  facet normal 0.7343225094356904 -0.6788007455329366 0
    outer loop
      vertex 12.23959403439997 0.6494480483301837 1.6
      vertex 12.23959403439997 0.6494480483301837 0
      vertex 12.292893218813452 0.7071067811865476 1.6
    endloop
  endfacet
  facet normal 0.6788007455329403 -0.7343225094356868 0
    outer loop
      vertex 12.292893218813452 0.7071067811865476 1.6
      vertex 12.292893218813452 0.7071067811865476 0
      vertex 12.350551951669816 0.7604059656000309 1.6
    endloop
  endfacet
  facet normal -0.9081431738250864 -0.4186597375374173 0
    outer loop
      vertex 13.923879532511286 0.3826834323650898 1.6
      vertex 13.891006524188368 0.45399049973954675 1.6
      vertex 13.891006524188368 0.45399049973954675 0
    endloop
  endfacet
  facet normal -0.8724960070727947 -0.48862124149695907 0
    outer loop
      vertex 13.891006524188368 0.45399049973954675 1.6
      vertex 13.852640164354092 0.5224985647159488 1.6
      vertex 13.852640164354092 0.5224985647159488 0
    endloop
  endfacet
  facet normal -0.8314696123025408 -0.555570233019609 0
    outer loop
      vertex 13.852640164354092 0.5224985647159488 1.6
      vertex 13.809016994374947 0.5877852522924731 1.6
      vertex 13.809016994374947 0.5877852522924731 0
    endloop
  endfacet
  facet normal -0.785316930880748 -0.6190939493098299 0
    outer loop
      vertex 13.76040596560003 0.6494480483301837 1.6
      vertex 13.76040596560003 0.6494480483301837 0
      vertex 13.809016994374947 0.5877852522924731 1.6
    endloop
  endfacet
  facet normal -0.7343225094356904 -0.6788007455329366 0
    outer loop
      vertex 13.76040596560003 0.6494480483301837 1.6
      vertex 13.707106781186548 0.7071067811865476 1.6
      vertex 13.707106781186548 0.7071067811865476 0
    endloop
  endfacet
  facet normal -0.6788007455329403 -0.7343225094356868 0
    outer loop
      vertex 13.707106781186548 0.7071067811865476 1.6
      vertex 13.649448048330184 0.7604059656000309 1.6
      vertex 13.649448048330184 0.7604059656000309 0
    endloop
  endfacet
  facet normal 0.6190939493098342 -0.7853169308807446 0
    outer loop
      vertex 12.350551951669816 0.7604059656000309 1.6
      vertex 12.350551951669816 0.7604059656000309 0
      vertex 12.412214747707527 0.8090169943749475 1.6
    endloop
  endfacet
  facet normal 0.5555702330196025 -0.8314696123025451 0
    outer loop
      vertex 12.412214747707527 0.8090169943749475 1.6
      vertex 12.412214747707527 0.8090169943749475 0
      vertex 12.47750143528405 0.8526401643540922 1.6
    endloop
  endfacet
  facet normal 0.4886212414969534 -0.872496007072798 0
    outer loop
      vertex 12.47750143528405 0.8526401643540922 1.6
      vertex 12.47750143528405 0.8526401643540922 0
      vertex 12.546009500260453 0.8910065241883679 1.6
    endloop
  endfacet
  facet normal 0.41865973753742697 -0.9081431738250818 0
    outer loop
      vertex 12.546009500260453 0.8910065241883679 1.6
      vertex 12.546009500260453 0.8910065241883679 0
      vertex 12.61731656763491 0.9238795325112867 1.6
    endloop
  endfacet
  facet normal 0.3461170570774898 -0.9381913359224853 0
    outer loop
      vertex 12.61731656763491 0.9238795325112867 1.6
      vertex 12.61731656763491 0.9238795325112867 0
      vertex 12.690983005625053 0.9510565162951535 1.6
    endloop
  endfacet
  facet normal -0.4886212414969534 -0.872496007072798 0
    outer loop
      vertex 13.52249856471595 0.8526401643540922 1.6
      vertex 13.453990499739547 0.8910065241883679 1.6
      vertex 13.453990499739547 0.8910065241883679 0
    endloop
  endfacet
  facet normal -0.41865973753742697 -0.9081431738250818 0
    outer loop
      vertex 13.453990499739547 0.8910065241883679 1.6
      vertex 13.38268343236509 0.9238795325112867 1.6
      vertex 13.38268343236509 0.9238795325112867 0
    endloop
  endfacet
  facet normal 0.271440449865076 -0.9624552364536467 0
    outer loop
      vertex 12.690983005625053 0.9510565162951535 1.6
      vertex 12.690983005625053 0.9510565162951535 0
      vertex 12.766554636144095 0.9723699203976766 1.6
    endloop
  endfacet
  facet normal 0.19509032201613088 -0.9807852804032299 0
    outer loop
      vertex 12.766554636144095 0.9723699203976766 1.6
      vertex 12.766554636144095 0.9723699203976766 0
      vertex 12.843565534959769 0.9876883405951378 1.6
    endloop
  endfacet
  facet normal -0.19509032201613088 -0.9807852804032299 0
    outer loop
      vertex 13.233445363855905 0.9723699203976766 1.6
      vertex 13.156434465040231 0.9876883405951378 1.6
      vertex 13.156434465040231 0.9876883405951378 0
    endloop
  endfacet
  facet normal 0.1175373974578376 -0.9930684569549263 0
    outer loop
      vertex 12.843565534959769 0.9876883405951378 1.6
      vertex 12.843565534959769 0.9876883405951378 0
      vertex 12.921540904272154 0.996917333733128 1.6
    endloop
  endfacet
  facet normal 0.03925981575906839 -0.9992290362407231 0
    outer loop
      vertex 12.921540904272154 0.996917333733128 1.6
      vertex 12.921540904272154 0.996917333733128 0
      vertex 13 1 1.6
    endloop
  endfacet
  facet normal -0.03925981575906839 -0.9992290362407231 0
    outer loop
      vertex 13 1 1.6
      vertex 13 1 0
      vertex 13.078459095727846 0.996917333733128 1.6
    endloop
  endfacet
  facet normal -0.1175373974578376 -0.9930684569549263 0
    outer loop
      vertex 13.078459095727846 0.996917333733128 1.6
      vertex 13.078459095727846 0.996917333733128 0
      vertex 13.156434465040231 0.9876883405951378 1.6
    endloop
  endfacet
  facet normal -0.3461170570774898 -0.9381913359224853 0
    outer loop
      vertex 13.38268343236509 0.9238795325112867 1.6
      vertex 13.309016994374947 0.9510565162951535 1.6
      vertex 13.309016994374947 0.9510565162951535 0
    endloop
  endfacet
  facet normal -0.271440449865076 -0.9624552364536467 0
    outer loop
      vertex 13.309016994374947 0.9510565162951535 1.6
      vertex 13.233445363855905 0.9723699203976766 1.6
      vertex 13.233445363855905 0.9723699203976766 0
    endloop
  endfacet
  facet normal -0.6190939493098342 -0.7853169308807446 0
    outer loop
      vertex 13.649448048330184 0.7604059656000309 1.6
      vertex 13.587785252292473 0.8090169943749475 1.6
      vertex 13.587785252292473 0.8090169943749475 0
    endloop
  endfacet
  facet normal -0.5555702330196025 -0.8314696123025451 0
    outer loop
      vertex 13.587785252292473 0.8090169943749475 1.6
      vertex 13.52249856471595 0.8526401643540922 1.6
      vertex 13.52249856471595 0.8526401643540922 0
    endloop
  endfacet
  facet normal 0.27144044986507454 0.9624552364536473 0
    outer loop
      vertex -3.3090169943749475 -0.9510565162951535 1.6
      vertex -3.2334453638559055 -0.9723699203976766 0
      vertex -3.3090169943749475 -0.9510565162951535 0
    endloop
  endfacet
  facet normal 0.11753739745783696 0.9930684569549264 0
    outer loop
      vertex -3.1564344650402307 -0.9876883405951378 1.6
      vertex -3.078459095727845 -0.996917333733128 0
      vertex -3.1564344650402307 -0.9876883405951378 0
    endloop
  endfacet
  facet normal 0.03925981575906882 0.9992290362407228 0
    outer loop
      vertex -3.078459095727845 -0.996917333733128 1.6
      vertex -3 -1 0
      vertex -3.078459095727845 -0.996917333733128 0
    endloop
  endfacet
  facet normal -0.03925981575906882 0.9992290362407228 0
    outer loop
      vertex -3 -1 1.6
      vertex -2.921540904272155 -0.996917333733128 0
      vertex -3 -1 0
    endloop
  endfacet
  facet normal 0.19509032201612875 0.9807852804032303 0
    outer loop
      vertex -3.2334453638559055 -0.9723699203976766 1.6
      vertex -3.1564344650402307 -0.9876883405951378 0
      vertex -3.2334453638559055 -0.9723699203976766 0
    endloop
  endfacet
  facet normal -0.11753739745783696 0.9930684569549264 0
    outer loop
      vertex -2.921540904272155 -0.996917333733128 1.6
      vertex -2.8435655349597693 -0.9876883405951378 0
      vertex -2.921540904272155 -0.996917333733128 0
    endloop
  endfacet
  facet normal -0.19509032201612875 0.9807852804032303 0
    outer loop
      vertex -2.8435655349597693 -0.9876883405951378 1.6
      vertex -2.7665546361440945 -0.9723699203976766 0
      vertex -2.8435655349597693 -0.9876883405951378 0
    endloop
  endfacet
  facet normal -0.27144044986507454 0.9624552364536473 0
    outer loop
      vertex -2.7665546361440945 -0.9723699203976766 1.6
      vertex -2.6909830056250525 -0.9510565162951535 0
      vertex -2.7665546361440945 -0.9723699203976766 0
    endloop
  endfacet
  facet normal -0.34611705707749346 0.9381913359224839 0
    outer loop
      vertex -2.6909830056250525 -0.9510565162951535 1.6
      vertex -2.6173165676349104 -0.9238795325112867 0
      vertex -2.6909830056250525 -0.9510565162951535 0
    endloop
  endfacet
  facet normal 0.34611705707749346 0.9381913359224839 0
    outer loop
      vertex -3.3826834323650896 -0.9238795325112867 1.6
      vertex -3.3090169943749475 -0.9510565162951535 0
      vertex -3.3826834323650896 -0.9238795325112867 0
    endloop
  endfacet
  facet normal 0.41865973753742697 0.9081431738250818 0
    outer loop
      vertex -3.4539904997395467 -0.8910065241883679 1.6
      vertex -3.3826834323650896 -0.9238795325112867 0
      vertex -3.4539904997395467 -0.8910065241883679 0
    endloop
  endfacet
  facet normal 0.4886212414969559 0.8724960070727967 0
    outer loop
      vertex -3.522498564715949 -0.8526401643540922 1.6
      vertex -3.4539904997395467 -0.8910065241883679 0
      vertex -3.522498564715949 -0.8526401643540922 0
    endloop
  endfacet
  facet normal 0.6190939493098342 0.7853169308807446 0
    outer loop
      vertex -3.649448048330184 -0.7604059656000309 1.6
      vertex -3.5877852522924734 -0.8090169943749475 0
      vertex -3.649448048330184 -0.7604059656000309 0
    endloop
  endfacet
  facet normal 0.5555702330196 0.8314696123025469 0
    outer loop
      vertex -3.5877852522924734 -0.8090169943749475 1.6
      vertex -3.522498564715949 -0.8526401643540922 0
      vertex -3.5877852522924734 -0.8090169943749475 0
    endloop
  endfacet
  facet normal -0.41865973753742697 0.9081431738250818 0
    outer loop
      vertex -2.6173165676349104 -0.9238795325112867 1.6
      vertex -2.5460095002604533 -0.8910065241883679 0
      vertex -2.6173165676349104 -0.9238795325112867 0
    endloop
  endfacet
  facet normal -0.4886212414969559 0.8724960070727967 0
    outer loop
      vertex -2.5460095002604533 -0.8910065241883679 1.6
      vertex -2.477501435284051 -0.8526401643540922 0
      vertex -2.5460095002604533 -0.8910065241883679 0
    endloop
  endfacet
  facet normal -0.5555702330196 0.8314696123025469 0
    outer loop
      vertex -2.477501435284051 -0.8526401643540922 1.6
      vertex -2.4122147477075266 -0.8090169943749475 0
      vertex -2.477501435284051 -0.8526401643540922 0
    endloop
  endfacet
  facet normal -0.6190939493098342 0.7853169308807446 0
    outer loop
      vertex -2.4122147477075266 -0.8090169943749475 1.6
      vertex -2.350551951669816 -0.7604059656000309 0
      vertex -2.4122147477075266 -0.8090169943749475 0
    endloop
  endfacet
  facet normal 0.9381913359224848 0.34611705707749135 0
    outer loop
      vertex -3.9510565162951536 -0.3090169943749474 1.6
      vertex -3.923879532511287 -0.3826834323650898 0
      vertex -3.9510565162951536 -0.3090169943749474 0
    endloop
  endfacet
  facet normal 0.962455236453647 0.27144044986507554 0
    outer loop
      vertex -3.972369920397677 -0.2334453638559054 1.6
      vertex -3.9510565162951536 -0.3090169943749474 0
      vertex -3.972369920397677 -0.2334453638559054 0
    endloop
  endfacet
  facet normal 0.9807852804032307 0.19509032201612667 0
    outer loop
      vertex -3.9876883405951378 -0.15643446504023087 1.6
      vertex -3.972369920397677 -0.2334453638559054 0
      vertex -3.9876883405951378 -0.15643446504023087 0
    endloop
  endfacet
  facet normal 0.9930684569549262 0.11753739745783832 0
    outer loop
      vertex -3.996917333733128 -0.07845909572784494 1.6
      vertex -3.9876883405951378 -0.15643446504023087 0
      vertex -3.996917333733128 -0.07845909572784494 0
    endloop
  endfacet
  facet normal 0.999229036240723 0.03925981575906736 0
    outer loop
      vertex -4 0 1.6
      vertex -3.996917333733128 -0.07845909572784494 0
      vertex -4 0 0
    endloop
  endfacet
  facet normal 0.6788007455329432 0.7343225094356842 0
    outer loop
      vertex -3.7071067811865475 -0.7071067811865476 1.6
      vertex -3.649448048330184 -0.7604059656000309 0
      vertex -3.7071067811865475 -0.7071067811865476 0
    endloop
  endfacet
  facet normal 0.7343225094356848 0.6788007455329426 0
    outer loop
      vertex -3.760405965600031 -0.6494480483301837 1.6
      vertex -3.7071067811865475 -0.7071067811865476 0
      vertex -3.760405965600031 -0.6494480483301837 0
    endloop
  endfacet
  facet normal 0.7853169308807453 0.6190939493098333 0
    outer loop
      vertex -3.8090169943749475 -0.5877852522924731 1.6
      vertex -3.760405965600031 -0.6494480483301837 0
      vertex -3.8090169943749475 -0.5877852522924731 0
    endloop
  endfacet
  facet normal 0.8314696123025459 0.5555702330196012 0
    outer loop
      vertex -3.852640164354092 -0.5224985647159488 1.6
      vertex -3.8090169943749475 -0.5877852522924731 0
      vertex -3.852640164354092 -0.5224985647159488 0
    endloop
  endfacet
  facet normal 0.8724960070727973 0.48862124149695485 0
    outer loop
      vertex -3.891006524188368 -0.45399049973954675 1.6
      vertex -3.852640164354092 -0.5224985647159488 0
      vertex -3.891006524188368 -0.45399049973954675 0
    endloop
  endfacet
  facet normal 0.9081431738250797 0.41865973753743124 0
    outer loop
      vertex -3.923879532511287 -0.3826834323650898 1.6
      vertex -3.891006524188368 -0.45399049973954675 0
      vertex -3.923879532511287 -0.3826834323650898 0
    endloop
  endfacet
  facet normal -0.6788007455329432 0.7343225094356842 0
    outer loop
      vertex -2.350551951669816 -0.7604059656000309 1.6
      vertex -2.2928932188134525 -0.7071067811865476 0
      vertex -2.350551951669816 -0.7604059656000309 0
    endloop
  endfacet
  facet normal -0.7343225094356848 0.6788007455329426 0
    outer loop
      vertex -2.2928932188134525 -0.7071067811865476 1.6
      vertex -2.239594034399969 -0.6494480483301837 0
      vertex -2.2928932188134525 -0.7071067811865476 0
    endloop
  endfacet
  facet normal -0.7853169308807453 0.6190939493098333 0
    outer loop
      vertex -2.239594034399969 -0.6494480483301837 1.6
      vertex -2.1909830056250525 -0.5877852522924731 0
      vertex -2.239594034399969 -0.6494480483301837 0
    endloop
  endfacet
  facet normal -0.8314696123025459 0.5555702330196012 0
    outer loop
      vertex -2.1909830056250525 -0.5877852522924731 1.6
      vertex -2.147359835645908 -0.5224985647159488 0
      vertex -2.1909830056250525 -0.5877852522924731 0
    endloop
  endfacet
  facet normal -0.8724960070727973 0.48862124149695485 0
    outer loop
      vertex -2.147359835645908 -0.5224985647159488 1.6
      vertex -2.108993475811632 -0.45399049973954675 0
      vertex -2.147359835645908 -0.5224985647159488 0
    endloop
  endfacet
  facet normal -0.9081431738250797 0.41865973753743124 0
    outer loop
      vertex -2.108993475811632 -0.45399049973954675 1.6
      vertex -2.076120467488713 -0.3826834323650898 0
      vertex -2.108993475811632 -0.45399049973954675 0
    endloop
  endfacet
  facet normal -0.9381913359224848 0.34611705707749135 0
    outer loop
      vertex -2.076120467488713 -0.3826834323650898 1.6
      vertex -2.0489434837048464 -0.3090169943749474 0
      vertex -2.076120467488713 -0.3826834323650898 0
    endloop
  endfacet
  facet normal -0.962455236453647 0.27144044986507554 0
    outer loop
      vertex -2.0489434837048464 -0.3090169943749474 1.6
      vertex -2.027630079602323 -0.2334453638559054 0
      vertex -2.0489434837048464 -0.3090169943749474 0
    endloop
  endfacet
  facet normal -0.9807852804032307 0.19509032201612667 0
    outer loop
      vertex -2.027630079602323 -0.2334453638559054 1.6
      vertex -2.0123116594048622 -0.15643446504023087 0
      vertex -2.027630079602323 -0.2334453638559054 0
    endloop
  endfacet
  facet normal -0.9930684569549262 0.11753739745783832 0
    outer loop
      vertex -2.0123116594048622 -0.15643446504023087 1.6
      vertex -2.003082666266872 -0.07845909572784494 0
      vertex -2.0123116594048622 -0.15643446504023087 0
    endloop
  endfacet
  facet normal -0.999229036240723 0.03925981575906736 0
    outer loop
      vertex -2.003082666266872 -0.07845909572784494 1.6
      vertex -2 0 0
      vertex -2.003082666266872 -0.07845909572784494 0
    endloop
  endfacet
  facet normal 0.34611705707749346 0.9381913359224839 0
    outer loop
      vertex -3.3090169943749475 -0.9510565162951535 1.6
      vertex -3.3090169943749475 -0.9510565162951535 0
      vertex -3.3826834323650896 -0.9238795325112867 1.6
    endloop
  endfacet
  facet normal 0.11753739745783696 0.9930684569549264 0
    outer loop
      vertex -3.078459095727845 -0.996917333733128 1.6
      vertex -3.078459095727845 -0.996917333733128 0
      vertex -3.1564344650402307 -0.9876883405951378 1.6
    endloop
  endfacet
  facet normal 0.03925981575906882 0.9992290362407228 0
    outer loop
      vertex -3.078459095727845 -0.996917333733128 1.6
      vertex -3 -1 1.6
      vertex -3 -1 0
    endloop
  endfacet
  facet normal -0.03925981575906882 0.9992290362407228 0
    outer loop
      vertex -3 -1 1.6
      vertex -2.921540904272155 -0.996917333733128 1.6
      vertex -2.921540904272155 -0.996917333733128 0
    endloop
  endfacet
  facet normal 0.19509032201612875 0.9807852804032303 0
    outer loop
      vertex -3.1564344650402307 -0.9876883405951378 1.6
      vertex -3.1564344650402307 -0.9876883405951378 0
      vertex -3.2334453638559055 -0.9723699203976766 1.6
    endloop
  endfacet
  facet normal 0.27144044986507454 0.9624552364536473 0
    outer loop
      vertex -3.2334453638559055 -0.9723699203976766 1.6
      vertex -3.2334453638559055 -0.9723699203976766 0
      vertex -3.3090169943749475 -0.9510565162951535 1.6
    endloop
  endfacet
  facet normal -0.11753739745783696 0.9930684569549264 0
    outer loop
      vertex -2.921540904272155 -0.996917333733128 1.6
      vertex -2.8435655349597693 -0.9876883405951378 1.6
      vertex -2.8435655349597693 -0.9876883405951378 0
    endloop
  endfacet
  facet normal -0.19509032201612875 0.9807852804032303 0
    outer loop
      vertex -2.8435655349597693 -0.9876883405951378 1.6
      vertex -2.7665546361440945 -0.9723699203976766 1.6
      vertex -2.7665546361440945 -0.9723699203976766 0
    endloop
  endfacet
  facet normal -0.27144044986507454 0.9624552364536473 0
    outer loop
      vertex -2.7665546361440945 -0.9723699203976766 1.6
      vertex -2.6909830056250525 -0.9510565162951535 1.6
      vertex -2.6909830056250525 -0.9510565162951535 0
    endloop
  endfacet
  facet normal 0.41865973753742697 0.9081431738250818 0
    outer loop
      vertex -3.3826834323650896 -0.9238795325112867 1.6
      vertex -3.3826834323650896 -0.9238795325112867 0
      vertex -3.4539904997395467 -0.8910065241883679 1.6
    endloop
  endfacet
  facet normal 0.4886212414969559 0.8724960070727967 0
    outer loop
      vertex -3.522498564715949 -0.8526401643540922 1.6
      vertex -3.4539904997395467 -0.8910065241883679 1.6
      vertex -3.4539904997395467 -0.8910065241883679 0
    endloop
  endfacet
  facet normal 0.6190939493098342 0.7853169308807446 0
    outer loop
      vertex -3.5877852522924734 -0.8090169943749475 1.6
      vertex -3.5877852522924734 -0.8090169943749475 0
      vertex -3.649448048330184 -0.7604059656000309 1.6
    endloop
  endfacet
  facet normal 0.5555702330196 0.8314696123025469 0
    outer loop
      vertex -3.522498564715949 -0.8526401643540922 1.6
      vertex -3.522498564715949 -0.8526401643540922 0
      vertex -3.5877852522924734 -0.8090169943749475 1.6
    endloop
  endfacet
  facet normal -0.34611705707749346 0.9381913359224839 0
    outer loop
      vertex -2.6909830056250525 -0.9510565162951535 1.6
      vertex -2.6173165676349104 -0.9238795325112867 1.6
      vertex -2.6173165676349104 -0.9238795325112867 0
    endloop
  endfacet
  facet normal -0.41865973753742697 0.9081431738250818 0
    outer loop
      vertex -2.6173165676349104 -0.9238795325112867 1.6
      vertex -2.5460095002604533 -0.8910065241883679 1.6
      vertex -2.5460095002604533 -0.8910065241883679 0
    endloop
  endfacet
  facet normal -0.4886212414969559 0.8724960070727967 0
    outer loop
      vertex -2.5460095002604533 -0.8910065241883679 1.6
      vertex -2.477501435284051 -0.8526401643540922 1.6
      vertex -2.477501435284051 -0.8526401643540922 0
    endloop
  endfacet
  facet normal -0.5555702330196 0.8314696123025469 0
    outer loop
      vertex -2.477501435284051 -0.8526401643540922 1.6
      vertex -2.4122147477075266 -0.8090169943749475 1.6
      vertex -2.4122147477075266 -0.8090169943749475 0
    endloop
  endfacet
  facet normal -0.6190939493098342 0.7853169308807446 0
    outer loop
      vertex -2.4122147477075266 -0.8090169943749475 1.6
      vertex -2.350551951669816 -0.7604059656000309 1.6
      vertex -2.350551951669816 -0.7604059656000309 0
    endloop
  endfacet
  facet normal 0.962455236453647 0.27144044986507554 0
    outer loop
      vertex -3.9510565162951536 -0.3090169943749474 1.6
      vertex -3.9510565162951536 -0.3090169943749474 0
      vertex -3.972369920397677 -0.2334453638559054 1.6
    endloop
  endfacet
  facet normal 0.9807852804032307 0.19509032201612667 0
    outer loop
      vertex -3.972369920397677 -0.2334453638559054 1.6
      vertex -3.972369920397677 -0.2334453638559054 0
      vertex -3.9876883405951378 -0.15643446504023087 1.6
    endloop
  endfacet
  facet normal 0.9930684569549262 0.11753739745783832 0
    outer loop
      vertex -3.9876883405951378 -0.15643446504023087 1.6
      vertex -3.9876883405951378 -0.15643446504023087 0
      vertex -3.996917333733128 -0.07845909572784494 1.6
    endloop
  endfacet
  facet normal 0.999229036240723 0.03925981575906736 0
    outer loop
      vertex -3.996917333733128 -0.07845909572784494 1.6
      vertex -3.996917333733128 -0.07845909572784494 0
      vertex -4 0 1.6
    endloop
  endfacet
  facet normal 0.6788007455329432 0.7343225094356842 0
    outer loop
      vertex -3.649448048330184 -0.7604059656000309 1.6
      vertex -3.649448048330184 -0.7604059656000309 0
      vertex -3.7071067811865475 -0.7071067811865476 1.6
    endloop
  endfacet
  facet normal 0.7343225094356848 0.6788007455329426 0
    outer loop
      vertex -3.7071067811865475 -0.7071067811865476 1.6
      vertex -3.7071067811865475 -0.7071067811865476 0
      vertex -3.760405965600031 -0.6494480483301837 1.6
    endloop
  endfacet
  facet normal 0.7853169308807453 0.6190939493098333 0
    outer loop
      vertex -3.760405965600031 -0.6494480483301837 1.6
      vertex -3.760405965600031 -0.6494480483301837 0
      vertex -3.8090169943749475 -0.5877852522924731 1.6
    endloop
  endfacet
  facet normal 0.8314696123025459 0.5555702330196012 0
    outer loop
      vertex -3.8090169943749475 -0.5877852522924731 1.6
      vertex -3.8090169943749475 -0.5877852522924731 0
      vertex -3.852640164354092 -0.5224985647159488 1.6
    endloop
  endfacet
  facet normal 0.8724960070727973 0.48862124149695485 0
    outer loop
      vertex -3.852640164354092 -0.5224985647159488 1.6
      vertex -3.852640164354092 -0.5224985647159488 0
      vertex -3.891006524188368 -0.45399049973954675 1.6
    endloop
  endfacet
  facet normal 0.9081431738250797 0.41865973753743124 0
    outer loop
      vertex -3.891006524188368 -0.45399049973954675 1.6
      vertex -3.891006524188368 -0.45399049973954675 0
      vertex -3.923879532511287 -0.3826834323650898 1.6
    endloop
  endfacet
  facet normal -0.6788007455329432 0.7343225094356842 0
    outer loop
      vertex -2.350551951669816 -0.7604059656000309 1.6
      vertex -2.2928932188134525 -0.7071067811865476 1.6
      vertex -2.2928932188134525 -0.7071067811865476 0
    endloop
  endfacet
  facet normal -0.7343225094356848 0.6788007455329426 0
    outer loop
      vertex -2.2928932188134525 -0.7071067811865476 1.6
      vertex -2.239594034399969 -0.6494480483301837 1.6
      vertex -2.239594034399969 -0.6494480483301837 0
    endloop
  endfacet
  facet normal -0.7853169308807453 0.6190939493098333 0
    outer loop
      vertex -2.239594034399969 -0.6494480483301837 1.6
      vertex -2.1909830056250525 -0.5877852522924731 1.6
      vertex -2.1909830056250525 -0.5877852522924731 0
    endloop
  endfacet
  facet normal -0.8314696123025459 0.5555702330196012 0
    outer loop
      vertex -2.1909830056250525 -0.5877852522924731 1.6
      vertex -2.147359835645908 -0.5224985647159488 1.6
      vertex -2.147359835645908 -0.5224985647159488 0
    endloop
  endfacet
  facet normal -0.8724960070727973 0.48862124149695485 0
    outer loop
      vertex -2.147359835645908 -0.5224985647159488 1.6
      vertex -2.108993475811632 -0.45399049973954675 1.6
      vertex -2.108993475811632 -0.45399049973954675 0
    endloop
  endfacet
  facet normal -0.9081431738250797 0.41865973753743124 0
    outer loop
      vertex -2.108993475811632 -0.45399049973954675 1.6
      vertex -2.076120467488713 -0.3826834323650898 1.6
      vertex -2.076120467488713 -0.3826834323650898 0
    endloop
  endfacet
  facet normal 0.9381913359224848 0.34611705707749135 0
    outer loop
      vertex -3.923879532511287 -0.3826834323650898 1.6
      vertex -3.923879532511287 -0.3826834323650898 0
      vertex -3.9510565162951536 -0.3090169943749474 1.6
    endloop
  endfacet
  facet normal -0.9381913359224848 0.34611705707749135 0
    outer loop
      vertex -2.076120467488713 -0.3826834323650898 1.6
      vertex -2.0489434837048464 -0.3090169943749474 1.6
      vertex -2.0489434837048464 -0.3090169943749474 0
    endloop
  endfacet
  facet normal -0.962455236453647 0.27144044986507554 0
    outer loop
      vertex -2.0489434837048464 -0.3090169943749474 1.6
      vertex -2.027630079602323 -0.2334453638559054 1.6
      vertex -2.027630079602323 -0.2334453638559054 0
    endloop
  endfacet
  facet normal -0.9807852804032307 0.19509032201612667 0
    outer loop
      vertex -2.027630079602323 -0.2334453638559054 1.6
      vertex -2.0123116594048622 -0.15643446504023087 1.6
      vertex -2.0123116594048622 -0.15643446504023087 0
    endloop
  endfacet
  facet normal -0.9930684569549262 0.11753739745783832 0
    outer loop
      vertex -2.0123116594048622 -0.15643446504023087 1.6
      vertex -2.003082666266872 -0.07845909572784494 1.6
      vertex -2.003082666266872 -0.07845909572784494 0
    endloop
  endfacet
  facet normal -0.999229036240723 0.03925981575906736 0
    outer loop
      vertex -2.003082666266872 -0.07845909572784494 1.6
      vertex -2 0 1.6
      vertex -2 0 0
    endloop
  endfacet
  facet normal 0.999229036240723 -0.03925981575906736 0
    outer loop
      vertex -3.996917333733128 0.07845909572784494 1.6
      vertex -4 0 0
      vertex -3.996917333733128 0.07845909572784494 0
    endloop
  endfacet
  facet normal 0.9930684569549262 -0.11753739745783832 0
    outer loop
      vertex -3.9876883405951378 0.15643446504023087 1.6
      vertex -3.996917333733128 0.07845909572784494 0
      vertex -3.9876883405951378 0.15643446504023087 0
    endloop
  endfacet
  facet normal 0.9807852804032307 -0.19509032201612667 0
    outer loop
      vertex -3.972369920397677 0.2334453638559054 1.6
      vertex -3.9876883405951378 0.15643446504023087 0
      vertex -3.972369920397677 0.2334453638559054 0
    endloop
  endfacet
  facet normal 0.962455236453647 -0.27144044986507554 0
    outer loop
      vertex -3.9510565162951536 0.3090169943749474 1.6
      vertex -3.972369920397677 0.2334453638559054 0
      vertex -3.9510565162951536 0.3090169943749474 0
    endloop
  endfacet
  facet normal 0.9381913359224848 -0.34611705707749135 0
    outer loop
      vertex -3.923879532511287 0.3826834323650898 1.6
      vertex -3.9510565162951536 0.3090169943749474 0
      vertex -3.923879532511287 0.3826834323650898 0
    endloop
  endfacet
  facet normal -0.999229036240723 -0.03925981575906736 0
    outer loop
      vertex -2 0 1.6
      vertex -2.003082666266872 0.07845909572784494 0
      vertex -2 0 0
    endloop
  endfacet
  facet normal -0.9930684569549262 -0.11753739745783832 0
    outer loop
      vertex -2.003082666266872 0.07845909572784494 1.6
      vertex -2.0123116594048622 0.15643446504023087 0
      vertex -2.003082666266872 0.07845909572784494 0
    endloop
  endfacet
  facet normal -0.9807852804032307 -0.19509032201612667 0
    outer loop
      vertex -2.0123116594048622 0.15643446504023087 1.6
      vertex -2.027630079602323 0.2334453638559054 0
      vertex -2.0123116594048622 0.15643446504023087 0
    endloop
  endfacet
  facet normal -0.962455236453647 -0.27144044986507554 0
    outer loop
      vertex -2.027630079602323 0.2334453638559054 1.6
      vertex -2.0489434837048464 0.3090169943749474 0
      vertex -2.027630079602323 0.2334453638559054 0
    endloop
  endfacet
  facet normal -0.9381913359224848 -0.34611705707749135 0
    outer loop
      vertex -2.0489434837048464 0.3090169943749474 1.6
      vertex -2.076120467488713 0.3826834323650898 0
      vertex -2.0489434837048464 0.3090169943749474 0
    endloop
  endfacet
  facet normal 0.9081431738250797 -0.41865973753743124 0
    outer loop
      vertex -3.891006524188368 0.45399049973954675 1.6
      vertex -3.923879532511287 0.3826834323650898 0
      vertex -3.891006524188368 0.45399049973954675 0
    endloop
  endfacet
  facet normal 0.8724960070727973 -0.48862124149695485 0
    outer loop
      vertex -3.852640164354092 0.5224985647159488 1.6
      vertex -3.891006524188368 0.45399049973954675 0
      vertex -3.852640164354092 0.5224985647159488 0
    endloop
  endfacet
  facet normal 0.8314696123025459 -0.5555702330196012 0
    outer loop
      vertex -3.8090169943749475 0.5877852522924731 1.6
      vertex -3.852640164354092 0.5224985647159488 0
      vertex -3.8090169943749475 0.5877852522924731 0
    endloop
  endfacet
  facet normal 0.7853169308807453 -0.6190939493098333 0
    outer loop
      vertex -3.760405965600031 0.6494480483301837 1.6
      vertex -3.8090169943749475 0.5877852522924731 0
      vertex -3.760405965600031 0.6494480483301837 0
    endloop
  endfacet
  facet normal 0.7343225094356848 -0.6788007455329426 0
    outer loop
      vertex -3.7071067811865475 0.7071067811865476 1.6
      vertex -3.760405965600031 0.6494480483301837 0
      vertex -3.7071067811865475 0.7071067811865476 0
    endloop
  endfacet
  facet normal 0.6788007455329432 -0.7343225094356842 0
    outer loop
      vertex -3.649448048330184 0.7604059656000309 1.6
      vertex -3.7071067811865475 0.7071067811865476 0
      vertex -3.649448048330184 0.7604059656000309 0
    endloop
  endfacet
  facet normal -0.9081431738250797 -0.41865973753743124 0
    outer loop
      vertex -2.076120467488713 0.3826834323650898 1.6
      vertex -2.108993475811632 0.45399049973954675 0
      vertex -2.076120467488713 0.3826834323650898 0
    endloop
  endfacet
  facet normal -0.8724960070727973 -0.48862124149695485 0
    outer loop
      vertex -2.108993475811632 0.45399049973954675 1.6
      vertex -2.147359835645908 0.5224985647159488 0
      vertex -2.108993475811632 0.45399049973954675 0
    endloop
  endfacet
  facet normal -0.8314696123025459 -0.5555702330196012 0
    outer loop
      vertex -2.147359835645908 0.5224985647159488 1.6
      vertex -2.1909830056250525 0.5877852522924731 0
      vertex -2.147359835645908 0.5224985647159488 0
    endloop
  endfacet
  facet normal -0.7853169308807453 -0.6190939493098333 0
    outer loop
      vertex -2.1909830056250525 0.5877852522924731 1.6
      vertex -2.239594034399969 0.6494480483301837 0
      vertex -2.1909830056250525 0.5877852522924731 0
    endloop
  endfacet
  facet normal -0.6788007455329432 -0.7343225094356842 0
    outer loop
      vertex -2.2928932188134525 0.7071067811865476 1.6
      vertex -2.350551951669816 0.7604059656000309 0
      vertex -2.2928932188134525 0.7071067811865476 0
    endloop
  endfacet
  facet normal -0.7343225094356848 -0.6788007455329426 0
    outer loop
      vertex -2.239594034399969 0.6494480483301837 1.6
      vertex -2.2928932188134525 0.7071067811865476 0
      vertex -2.239594034399969 0.6494480483301837 0
    endloop
  endfacet
  facet normal 0.6190939493098342 -0.7853169308807446 0
    outer loop
      vertex -3.5877852522924734 0.8090169943749475 1.6
      vertex -3.649448048330184 0.7604059656000309 0
      vertex -3.5877852522924734 0.8090169943749475 0
    endloop
  endfacet
  facet normal 0.5555702330196 -0.8314696123025469 0
    outer loop
      vertex -3.522498564715949 0.8526401643540922 1.6
      vertex -3.5877852522924734 0.8090169943749475 0
      vertex -3.522498564715949 0.8526401643540922 0
    endloop
  endfacet
  facet normal 0.4886212414969559 -0.8724960070727967 0
    outer loop
      vertex -3.4539904997395467 0.8910065241883679 1.6
      vertex -3.522498564715949 0.8526401643540922 0
      vertex -3.4539904997395467 0.8910065241883679 0
    endloop
  endfacet
  facet normal 0.41865973753742697 -0.9081431738250818 0
    outer loop
      vertex -3.3826834323650896 0.9238795325112867 1.6
      vertex -3.4539904997395467 0.8910065241883679 0
      vertex -3.3826834323650896 0.9238795325112867 0
    endloop
  endfacet
  facet normal -0.34611705707749346 -0.9381913359224839 0
    outer loop
      vertex -2.6173165676349104 0.9238795325112867 1.6
      vertex -2.6909830056250525 0.9510565162951535 0
      vertex -2.6173165676349104 0.9238795325112867 0
    endloop
  endfacet
  facet normal 0.34611705707749346 -0.9381913359224839 0
    outer loop
      vertex -3.3090169943749475 0.9510565162951535 1.6
      vertex -3.3826834323650896 0.9238795325112867 0
      vertex -3.3090169943749475 0.9510565162951535 0
    endloop
  endfacet
  facet normal 0.27144044986507454 -0.9624552364536473 0
    outer loop
      vertex -3.2334453638559055 0.9723699203976766 1.6
      vertex -3.3090169943749475 0.9510565162951535 0
      vertex -3.2334453638559055 0.9723699203976766 0
    endloop
  endfacet
  facet normal 0.19509032201612875 -0.9807852804032303 0
    outer loop
      vertex -3.1564344650402307 0.9876883405951378 1.6
      vertex -3.2334453638559055 0.9723699203976766 0
      vertex -3.1564344650402307 0.9876883405951378 0
    endloop
  endfacet
  facet normal 0.11753739745783696 -0.9930684569549264 0
    outer loop
      vertex -3.078459095727845 0.996917333733128 1.6
      vertex -3.1564344650402307 0.9876883405951378 0
      vertex -3.078459095727845 0.996917333733128 0
    endloop
  endfacet
  facet normal 0.03925981575906882 -0.9992290362407228 0
    outer loop
      vertex -3 1 1.6
      vertex -3.078459095727845 0.996917333733128 0
      vertex -3 1 0
    endloop
  endfacet
  facet normal -0.03925981575906882 -0.9992290362407228 0
    outer loop
      vertex -2.921540904272155 0.996917333733128 1.6
      vertex -3 1 0
      vertex -2.921540904272155 0.996917333733128 0
    endloop
  endfacet
  facet normal -0.19509032201612875 -0.9807852804032303 0
    outer loop
      vertex -2.7665546361440945 0.9723699203976766 1.6
      vertex -2.8435655349597693 0.9876883405951378 0
      vertex -2.7665546361440945 0.9723699203976766 0
    endloop
  endfacet
  facet normal -0.27144044986507454 -0.9624552364536473 0
    outer loop
      vertex -2.6909830056250525 0.9510565162951535 1.6
      vertex -2.7665546361440945 0.9723699203976766 0
      vertex -2.6909830056250525 0.9510565162951535 0
    endloop
  endfacet
  facet normal -0.11753739745783696 -0.9930684569549264 0
    outer loop
      vertex -2.8435655349597693 0.9876883405951378 1.6
      vertex -2.921540904272155 0.996917333733128 0
      vertex -2.8435655349597693 0.9876883405951378 0
    endloop
  endfacet
  facet normal -0.6190939493098342 -0.7853169308807446 0
    outer loop
      vertex -2.350551951669816 0.7604059656000309 1.6
      vertex -2.4122147477075266 0.8090169943749475 0
      vertex -2.350551951669816 0.7604059656000309 0
    endloop
  endfacet
  facet normal -0.5555702330196 -0.8314696123025469 0
    outer loop
      vertex -2.4122147477075266 0.8090169943749475 1.6
      vertex -2.477501435284051 0.8526401643540922 0
      vertex -2.4122147477075266 0.8090169943749475 0
    endloop
  endfacet
  facet normal -0.4886212414969559 -0.8724960070727967 0
    outer loop
      vertex -2.477501435284051 0.8526401643540922 1.6
      vertex -2.5460095002604533 0.8910065241883679 0
      vertex -2.477501435284051 0.8526401643540922 0
    endloop
  endfacet
  facet normal -0.41865973753742697 -0.9081431738250818 0
    outer loop
      vertex -2.5460095002604533 0.8910065241883679 1.6
      vertex -2.6173165676349104 0.9238795325112867 0
      vertex -2.5460095002604533 0.8910065241883679 0
    endloop
  endfacet
  facet normal 0.999229036240723 -0.03925981575906736 0
    outer loop
      vertex -4 0 1.6
      vertex -4 0 0
      vertex -3.996917333733128 0.07845909572784494 1.6
    endloop
  endfacet
  facet normal 0.9930684569549262 -0.11753739745783832 0
    outer loop
      vertex -3.996917333733128 0.07845909572784494 1.6
      vertex -3.996917333733128 0.07845909572784494 0
      vertex -3.9876883405951378 0.15643446504023087 1.6
    endloop
  endfacet
  facet normal 0.9807852804032307 -0.19509032201612667 0
    outer loop
      vertex -3.9876883405951378 0.15643446504023087 1.6
      vertex -3.9876883405951378 0.15643446504023087 0
      vertex -3.972369920397677 0.2334453638559054 1.6
    endloop
  endfacet
  facet normal 0.962455236453647 -0.27144044986507554 0
    outer loop
      vertex -3.972369920397677 0.2334453638559054 1.6
      vertex -3.972369920397677 0.2334453638559054 0
      vertex -3.9510565162951536 0.3090169943749474 1.6
    endloop
  endfacet
  facet normal 0.9381913359224848 -0.34611705707749135 0
    outer loop
      vertex -3.9510565162951536 0.3090169943749474 1.6
      vertex -3.9510565162951536 0.3090169943749474 0
      vertex -3.923879532511287 0.3826834323650898 1.6
    endloop
  endfacet
  facet normal -0.999229036240723 -0.03925981575906736 0
    outer loop
      vertex -2 0 1.6
      vertex -2.003082666266872 0.07845909572784494 1.6
      vertex -2.003082666266872 0.07845909572784494 0
    endloop
  endfacet
  facet normal -0.9930684569549262 -0.11753739745783832 0
    outer loop
      vertex -2.003082666266872 0.07845909572784494 1.6
      vertex -2.0123116594048622 0.15643446504023087 1.6
      vertex -2.0123116594048622 0.15643446504023087 0
    endloop
  endfacet
  facet normal -0.9807852804032307 -0.19509032201612667 0
    outer loop
      vertex -2.0123116594048622 0.15643446504023087 1.6
      vertex -2.027630079602323 0.2334453638559054 1.6
      vertex -2.027630079602323 0.2334453638559054 0
    endloop
  endfacet
  facet normal -0.962455236453647 -0.27144044986507554 0
    outer loop
      vertex -2.027630079602323 0.2334453638559054 1.6
      vertex -2.0489434837048464 0.3090169943749474 1.6
      vertex -2.0489434837048464 0.3090169943749474 0
    endloop
  endfacet
  facet normal -0.9381913359224848 -0.34611705707749135 0
    outer loop
      vertex -2.0489434837048464 0.3090169943749474 1.6
      vertex -2.076120467488713 0.3826834323650898 1.6
      vertex -2.076120467488713 0.3826834323650898 0
    endloop
  endfacet
  facet normal 0.9081431738250797 -0.41865973753743124 0
    outer loop
      vertex -3.923879532511287 0.3826834323650898 1.6
      vertex -3.923879532511287 0.3826834323650898 0
      vertex -3.891006524188368 0.45399049973954675 1.6
    endloop
  endfacet
  facet normal 0.8724960070727973 -0.48862124149695485 0
    outer loop
      vertex -3.891006524188368 0.45399049973954675 1.6
      vertex -3.891006524188368 0.45399049973954675 0
      vertex -3.852640164354092 0.5224985647159488 1.6
    endloop
  endfacet
  facet normal 0.8314696123025459 -0.5555702330196012 0
    outer loop
      vertex -3.852640164354092 0.5224985647159488 1.6
      vertex -3.852640164354092 0.5224985647159488 0
      vertex -3.8090169943749475 0.5877852522924731 1.6
    endloop
  endfacet
  facet normal 0.7853169308807453 -0.6190939493098333 0
    outer loop
      vertex -3.8090169943749475 0.5877852522924731 1.6
      vertex -3.8090169943749475 0.5877852522924731 0
      vertex -3.760405965600031 0.6494480483301837 1.6
    endloop
  endfacet
  facet normal 0.7343225094356848 -0.6788007455329426 0
    outer loop
      vertex -3.760405965600031 0.6494480483301837 1.6
      vertex -3.760405965600031 0.6494480483301837 0
      vertex -3.7071067811865475 0.7071067811865476 1.6
    endloop
  endfacet
  facet normal 0.6788007455329432 -0.7343225094356842 0
    outer loop
      vertex -3.7071067811865475 0.7071067811865476 1.6
      vertex -3.7071067811865475 0.7071067811865476 0
      vertex -3.649448048330184 0.7604059656000309 1.6
    endloop
  endfacet
  facet normal -0.9081431738250797 -0.41865973753743124 0
    outer loop
      vertex -2.076120467488713 0.3826834323650898 1.6
      vertex -2.108993475811632 0.45399049973954675 1.6
      vertex -2.108993475811632 0.45399049973954675 0
    endloop
  endfacet
  facet normal -0.8724960070727973 -0.48862124149695485 0
    outer loop
      vertex -2.108993475811632 0.45399049973954675 1.6
      vertex -2.147359835645908 0.5224985647159488 1.6
      vertex -2.147359835645908 0.5224985647159488 0
    endloop
  endfacet
  facet normal -0.8314696123025459 -0.5555702330196012 0
    outer loop
      vertex -2.147359835645908 0.5224985647159488 1.6
      vertex -2.1909830056250525 0.5877852522924731 1.6
      vertex -2.1909830056250525 0.5877852522924731 0
    endloop
  endfacet
  facet normal -0.7853169308807453 -0.6190939493098333 0
    outer loop
      vertex -2.239594034399969 0.6494480483301837 1.6
      vertex -2.239594034399969 0.6494480483301837 0
      vertex -2.1909830056250525 0.5877852522924731 1.6
    endloop
  endfacet
  facet normal -0.7343225094356848 -0.6788007455329426 0
    outer loop
      vertex -2.239594034399969 0.6494480483301837 1.6
      vertex -2.2928932188134525 0.7071067811865476 1.6
      vertex -2.2928932188134525 0.7071067811865476 0
    endloop
  endfacet
  facet normal -0.6788007455329432 -0.7343225094356842 0
    outer loop
      vertex -2.2928932188134525 0.7071067811865476 1.6
      vertex -2.350551951669816 0.7604059656000309 1.6
      vertex -2.350551951669816 0.7604059656000309 0
    endloop
  endfacet
  facet normal 0.6190939493098342 -0.7853169308807446 0
    outer loop
      vertex -3.649448048330184 0.7604059656000309 1.6
      vertex -3.649448048330184 0.7604059656000309 0
      vertex -3.5877852522924734 0.8090169943749475 1.6
    endloop
  endfacet
  facet normal 0.5555702330196 -0.8314696123025469 0
    outer loop
      vertex -3.5877852522924734 0.8090169943749475 1.6
      vertex -3.5877852522924734 0.8090169943749475 0
      vertex -3.522498564715949 0.8526401643540922 1.6
    endloop
  endfacet
  facet normal 0.4886212414969559 -0.8724960070727967 0
    outer loop
      vertex -3.522498564715949 0.8526401643540922 1.6
      vertex -3.522498564715949 0.8526401643540922 0
      vertex -3.4539904997395467 0.8910065241883679 1.6
    endloop
  endfacet
  facet normal 0.41865973753742697 -0.9081431738250818 0
    outer loop
      vertex -3.4539904997395467 0.8910065241883679 1.6
      vertex -3.4539904997395467 0.8910065241883679 0
      vertex -3.3826834323650896 0.9238795325112867 1.6
    endloop
  endfacet
  facet normal 0.34611705707749346 -0.9381913359224839 0
    outer loop
      vertex -3.3826834323650896 0.9238795325112867 1.6
      vertex -3.3826834323650896 0.9238795325112867 0
      vertex -3.3090169943749475 0.9510565162951535 1.6
    endloop
  endfacet
  facet normal 0.27144044986507454 -0.9624552364536473 0
    outer loop
      vertex -3.3090169943749475 0.9510565162951535 1.6
      vertex -3.3090169943749475 0.9510565162951535 0
      vertex -3.2334453638559055 0.9723699203976766 1.6
    endloop
  endfacet
  facet normal 0.19509032201612875 -0.9807852804032303 0
    outer loop
      vertex -3.2334453638559055 0.9723699203976766 1.6
      vertex -3.2334453638559055 0.9723699203976766 0
      vertex -3.1564344650402307 0.9876883405951378 1.6
    endloop
  endfacet
  facet normal 0.11753739745783696 -0.9930684569549264 0
    outer loop
      vertex -3.1564344650402307 0.9876883405951378 1.6
      vertex -3.1564344650402307 0.9876883405951378 0
      vertex -3.078459095727845 0.996917333733128 1.6
    endloop
  endfacet
  facet normal 0.03925981575906882 -0.9992290362407228 0
    outer loop
      vertex -3.078459095727845 0.996917333733128 1.6
      vertex -3.078459095727845 0.996917333733128 0
      vertex -3 1 1.6
    endloop
  endfacet
  facet normal -0.03925981575906882 -0.9992290362407228 0
    outer loop
      vertex -3 1 1.6
      vertex -3 1 0
      vertex -2.921540904272155 0.996917333733128 1.6
    endloop
  endfacet
  facet normal -0.19509032201612875 -0.9807852804032303 0
    outer loop
      vertex -2.7665546361440945 0.9723699203976766 1.6
      vertex -2.8435655349597693 0.9876883405951378 1.6
      vertex -2.8435655349597693 0.9876883405951378 0
    endloop
  endfacet
  facet normal -0.34611705707749346 -0.9381913359224839 0
    outer loop
      vertex -2.6173165676349104 0.9238795325112867 1.6
      vertex -2.6909830056250525 0.9510565162951535 1.6
      vertex -2.6909830056250525 0.9510565162951535 0
    endloop
  endfacet
  facet normal -0.27144044986507454 -0.9624552364536473 0
    outer loop
      vertex -2.6909830056250525 0.9510565162951535 1.6
      vertex -2.7665546361440945 0.9723699203976766 1.6
      vertex -2.7665546361440945 0.9723699203976766 0
    endloop
  endfacet
  facet normal -0.11753739745783696 -0.9930684569549264 0
    outer loop
      vertex -2.921540904272155 0.996917333733128 1.6
      vertex -2.921540904272155 0.996917333733128 0
      vertex -2.8435655349597693 0.9876883405951378 1.6
    endloop
  endfacet
  facet normal -0.6190939493098342 -0.7853169308807446 0
    outer loop
      vertex -2.350551951669816 0.7604059656000309 1.6
      vertex -2.4122147477075266 0.8090169943749475 1.6
      vertex -2.4122147477075266 0.8090169943749475 0
    endloop
  endfacet
  facet normal -0.5555702330196 -0.8314696123025469 0
    outer loop
      vertex -2.4122147477075266 0.8090169943749475 1.6
      vertex -2.477501435284051 0.8526401643540922 1.6
      vertex -2.477501435284051 0.8526401643540922 0
    endloop
  endfacet
  facet normal -0.4886212414969559 -0.8724960070727967 0
    outer loop
      vertex -2.477501435284051 0.8526401643540922 1.6
      vertex -2.5460095002604533 0.8910065241883679 1.6
      vertex -2.5460095002604533 0.8910065241883679 0
    endloop
  endfacet
  facet normal -0.41865973753742697 -0.9081431738250818 0
    outer loop
      vertex -2.6173165676349104 0.9238795325112867 1.6
      vertex -2.6173165676349104 0.9238795325112867 0
      vertex -2.5460095002604533 0.8910065241883679 1.6
    endloop
  endfacet
  facet normal -0.34611705707749296 -0.938191335922484 0
    outer loop
      vertex -3.7082039324993685 -11.412678195541842 0
      vertex -3.7082039324993685 -11.412678195541842 4
      vertex -4.592201188381077 -11.08655439013544 0
    endloop
  endfacet
  facet normal -0.11753739745783645 -0.9930684569549264 0
    outer loop
      vertex -1.8772135804827705 -11.852260087141653 0
      vertex -0.9415091487341394 -11.963008004797535 0
      vertex -0.9415091487341394 -11.963008004797535 4
    endloop
  endfacet
  facet normal -0.19509032201613039 -0.9807852804032301 0
    outer loop
      vertex -2.8013443662708646 -11.668439044772118 0
      vertex -1.8772135804827705 -11.852260087141653 0
      vertex -1.8772135804827705 -11.852260087141653 4
    endloop
  endfacet
  facet normal -0.2714404498650738 -0.9624552364536474 0
    outer loop
      vertex -2.8013443662708646 -11.668439044772118 0
      vertex -2.8013443662708646 -11.668439044772118 4
      vertex -3.7082039324993685 -11.412678195541842 0
    endloop
  endfacet
  facet normal -0.41865973753742647 -0.9081431738250819 0
    outer loop
      vertex -4.592201188381077 -11.08655439013544 0
      vertex -4.592201188381077 -11.08655439013544 4
      vertex -5.447885996874561 -10.692078290260415 0
    endloop
  endfacet
  facet normal -0.4886212414969562 -0.8724960070727963 0
    outer loop
      vertex -5.447885996874561 -10.692078290260415 0
      vertex -5.447885996874561 -10.692078290260415 4
      vertex -6.269982776591386 -10.231681972249106 0
    endloop
  endfacet
  facet normal -0.6190939493098345 -0.7853169308807444 0
    outer loop
      vertex -7.053423027509678 -9.70820393249937 0
      vertex -7.053423027509678 -9.70820393249937 4
      vertex -7.793376579962204 -9.12487158720037 0
    endloop
  endfacet
  facet normal -0.5555702330196012 -0.831469612302546 0
    outer loop
      vertex -7.053423027509678 -9.70820393249937 0
      vertex -6.269982776591386 -10.231681972249106 0
      vertex -6.269982776591386 -10.231681972249106 4
    endloop
  endfacet
  facet normal -0.039259815759069235 -0.9992290362407229 0
    outer loop
      vertex -0.9415091487341394 -11.963008004797535 0
      vertex 0 -12 0
      vertex 0 -12 4
    endloop
  endfacet
  facet normal 0.039259815759069235 -0.9992290362407229 0
    outer loop
      vertex 0 -12 0
      vertex 0.9415091487341394 -11.963008004797535 0
      vertex 0.9415091487341394 -11.963008004797535 4
    endloop
  endfacet
  facet normal 0.11753739745783645 -0.9930684569549264 0
    outer loop
      vertex 0.9415091487341394 -11.963008004797535 0
      vertex 1.8772135804827705 -11.852260087141653 0
      vertex 1.8772135804827705 -11.852260087141653 4
    endloop
  endfacet
  facet normal 0.19509032201613039 -0.9807852804032301 0
    outer loop
      vertex 1.8772135804827705 -11.852260087141653 0
      vertex 2.8013443662708646 -11.668439044772118 0
      vertex 2.8013443662708646 -11.668439044772118 4
    endloop
  endfacet
  facet normal 0.2714404498650738 -0.9624552364536474 0
    outer loop
      vertex 2.8013443662708646 -11.668439044772118 0
      vertex 3.7082039324993685 -11.412678195541842 0
      vertex 3.7082039324993685 -11.412678195541842 4
    endloop
  endfacet
  facet normal 0.34611705707749296 -0.938191335922484 0
    outer loop
      vertex 3.7082039324993685 -11.412678195541842 0
      vertex 4.592201188381077 -11.08655439013544 0
      vertex 4.592201188381077 -11.08655439013544 4
    endloop
  endfacet
  facet normal 0.41865973753742647 -0.9081431738250819 0
    outer loop
      vertex 4.592201188381077 -11.08655439013544 0
      vertex 5.447885996874561 -10.692078290260415 0
      vertex 5.447885996874561 -10.692078290260415 4
    endloop
  endfacet
  facet normal 0.4886212414969562 -0.8724960070727963 0
    outer loop
      vertex 5.447885996874561 -10.692078290260415 0
      vertex 6.269982776591386 -10.231681972249106 0
      vertex 6.269982776591386 -10.231681972249106 4
    endloop
  endfacet
  facet normal 0.5555702330196011 -0.831469612302546 0
    outer loop
      vertex 6.269982776591386 -10.231681972249106 0
      vertex 6.616719351365105 -10 0
      vertex 6.616719351365105 -10 4
    endloop
  endfacet
  facet normal 0 0 -1
    outer loop
      vertex -3.7082039324993685 -11.412678195541842 0
      vertex -4.592201188381077 -11.08655439013544 0
      vertex -3.7071067811865475 -0.7071067811865476 0
    endloop
  endfacet
  facet normal 0 0 -1
    outer loop
      vertex -2.8013443662708646 -11.668439044772118 0
      vertex -3.7082039324993685 -11.412678195541842 0
      vertex -2.7665546361440945 -0.9723699203976766 0
    endloop
  endfacet
  facet normal 0 0 -1
    outer loop
      vertex -2.8013443662708646 -11.668439044772118 0
      vertex -2.350551951669816 -0.7604059656000309 0
      vertex -1.8772135804827705 -11.852260087141653 0
    endloop
  endfacet
  facet normal 0 0 -1
    outer loop
      vertex -0.9415091487341394 -11.963008004797535 0
      vertex 0 -1.5 0
      vertex 0 -12 0
    endloop
  endfacet
  facet normal 0 0 -1
    outer loop
      vertex -1.8772135804827705 -11.852260087141653 0
      vertex -0.8816778784387097 -1.2135254915624212 0
      vertex -0.9415091487341394 -11.963008004797535 0
    endloop
  endfacet
  facet normal 0 0 -1
    outer loop
      vertex 0 -12 0
      vertex 0.46352549156242107 -1.4265847744427302 0
      vertex 0.9415091487341394 -11.963008004797535 0
    endloop
  endfacet
  facet normal 0 0 -1
    outer loop
      vertex 0.9415091487341394 -11.963008004797535 0
      vertex 1.4265847744427302 -0.46352549156242107 0
      vertex 1.8772135804827705 -11.852260087141653 0
    endloop
  endfacet
  facet normal -0.6788007455329403 -0.7343225094356869 0
    outer loop
      vertex -7.793376579962204 -9.12487158720037 0
      vertex -7.793376579962204 -9.12487158720037 4
      vertex -8.485281374238571 -8.485281374238571 0
    endloop
  endfacet
  facet normal -0.7343225094356869 -0.6788007455329403 0
    outer loop
      vertex -8.485281374238571 -8.485281374238571 0
      vertex -9.12487158720037 -7.793376579962204 4
      vertex -9.12487158720037 -7.793376579962204 0
    endloop
  endfacet
  facet normal -0.7853169308807444 -0.6190939493098345 0
    outer loop
      vertex -9.12487158720037 -7.793376579962204 0
      vertex -9.70820393249937 -7.053423027509678 4
      vertex -9.70820393249937 -7.053423027509678 0
    endloop
  endfacet
  facet normal -0.831469612302546 -0.5555702330196012 0
    outer loop
      vertex -9.70820393249937 -7.053423027509678 0
      vertex -10.231681972249106 -6.269982776591386 4
      vertex -10.231681972249106 -6.269982776591386 0
    endloop
  endfacet
  facet normal -0.11753739745783645 -0.9930684569549264 0
    outer loop
      vertex -1.8772135804827705 -11.852260087141653 0
      vertex -0.9415091487341394 -11.963008004797535 4
      vertex -1.8772135804827705 -11.852260087141653 4
    endloop
  endfacet
  facet normal -0.19509032201613039 -0.9807852804032301 0
    outer loop
      vertex -2.8013443662708646 -11.668439044772118 0
      vertex -1.8772135804827705 -11.852260087141653 4
      vertex -2.8013443662708646 -11.668439044772118 4
    endloop
  endfacet
  facet normal -0.2714404498650738 -0.9624552364536474 0
    outer loop
      vertex -3.7082039324993685 -11.412678195541842 0
      vertex -2.8013443662708646 -11.668439044772118 4
      vertex -3.7082039324993685 -11.412678195541842 4
    endloop
  endfacet
  facet normal -0.34611705707749296 -0.938191335922484 0
    outer loop
      vertex -4.592201188381077 -11.08655439013544 0
      vertex -3.7082039324993685 -11.412678195541842 4
      vertex -4.592201188381077 -11.08655439013544 4
    endloop
  endfacet
  facet normal -0.41865973753742647 -0.9081431738250819 0
    outer loop
      vertex -5.447885996874561 -10.692078290260415 0
      vertex -4.592201188381077 -11.08655439013544 4
      vertex -5.447885996874561 -10.692078290260415 4
    endloop
  endfacet
  facet normal -0.5555702330196012 -0.831469612302546 0
    outer loop
      vertex -7.053423027509678 -9.70820393249937 0
      vertex -6.269982776591386 -10.231681972249106 4
      vertex -7.053423027509678 -9.70820393249937 4
    endloop
  endfacet
  facet normal -0.6190939493098345 -0.7853169308807444 0
    outer loop
      vertex -7.793376579962204 -9.12487158720037 0
      vertex -7.053423027509678 -9.70820393249937 4
      vertex -7.793376579962204 -9.12487158720037 4
    endloop
  endfacet
  facet normal -0.4886212414969562 -0.8724960070727963 0
    outer loop
      vertex -6.269982776591386 -10.231681972249106 0
      vertex -5.447885996874561 -10.692078290260415 4
      vertex -6.269982776591386 -10.231681972249106 4
    endloop
  endfacet
  facet normal -0.039259815759069235 -0.9992290362407229 0
    outer loop
      vertex -0.9415091487341394 -11.963008004797535 0
      vertex 0 -12 4
      vertex -0.9415091487341394 -11.963008004797535 4
    endloop
  endfacet
  facet normal 0.039259815759069235 -0.9992290362407229 0
    outer loop
      vertex 0 -12 0
      vertex 0.9415091487341394 -11.963008004797535 4
      vertex 0 -12 4
    endloop
  endfacet
  facet normal 0.11753739745783645 -0.9930684569549264 0
    outer loop
      vertex 0.9415091487341394 -11.963008004797535 0
      vertex 1.8772135804827705 -11.852260087141653 4
      vertex 0.9415091487341394 -11.963008004797535 4
    endloop
  endfacet
  facet normal 0.19509032201613039 -0.9807852804032301 0
    outer loop
      vertex 1.8772135804827705 -11.852260087141653 0
      vertex 2.8013443662708646 -11.668439044772118 4
      vertex 1.8772135804827705 -11.852260087141653 4
    endloop
  endfacet
  facet normal 0.2714404498650738 -0.9624552364536474 0
    outer loop
      vertex 2.8013443662708646 -11.668439044772118 0
      vertex 3.7082039324993685 -11.412678195541842 4
      vertex 2.8013443662708646 -11.668439044772118 4
    endloop
  endfacet
  facet normal 0.34611705707749296 -0.938191335922484 0
    outer loop
      vertex 3.7082039324993685 -11.412678195541842 0
      vertex 4.592201188381077 -11.08655439013544 4
      vertex 3.7082039324993685 -11.412678195541842 4
    endloop
  endfacet
  facet normal 0.41865973753742647 -0.9081431738250819 0
    outer loop
      vertex 4.592201188381077 -11.08655439013544 0
      vertex 5.447885996874561 -10.692078290260415 4
      vertex 4.592201188381077 -11.08655439013544 4
    endloop
  endfacet
  facet normal 0.4886212414969562 -0.8724960070727963 0
    outer loop
      vertex 5.447885996874561 -10.692078290260415 0
      vertex 6.269982776591386 -10.231681972249106 4
      vertex 5.447885996874561 -10.692078290260415 4
    endloop
  endfacet
  facet normal 0.5555702330196011 -0.831469612302546 0
    outer loop
      vertex 6.269982776591386 -10.231681972249106 0
      vertex 6.616719351365105 -10 4
      vertex 6.269982776591386 -10.231681972249106 4
    endloop
  endfacet
  facet normal -0.6788007455329403 -0.7343225094356869 0
    outer loop
      vertex -8.485281374238571 -8.485281374238571 0
      vertex -7.793376579962204 -9.12487158720037 4
      vertex -8.485281374238571 -8.485281374238571 4
    endloop
  endfacet
  facet normal -0.7343225094356869 -0.6788007455329403 0
    outer loop
      vertex -8.485281374238571 -8.485281374238571 0
      vertex -8.485281374238571 -8.485281374238571 4
      vertex -9.12487158720037 -7.793376579962204 4
    endloop
  endfacet
  facet normal -0.7853169308807444 -0.6190939493098345 0
    outer loop
      vertex -9.12487158720037 -7.793376579962204 0
      vertex -9.12487158720037 -7.793376579962204 4
      vertex -9.70820393249937 -7.053423027509678 4
    endloop
  endfacet
  facet normal -0.831469612302546 -0.5555702330196012 0
    outer loop
      vertex -9.70820393249937 -7.053423027509678 0
      vertex -9.70820393249937 -7.053423027509678 4
      vertex -10.231681972249106 -6.269982776591386 4
    endloop
  endfacet
  facet normal 0 0 -1
    outer loop
      vertex -2.8013443662708646 -11.668439044772118 0
      vertex -2.7665546361440945 -0.9723699203976766 0
      vertex -2.6909830056250525 -0.9510565162951535 0
    endloop
  endfacet
  facet normal 0 0 -1
    outer loop
      vertex -2.8013443662708646 -11.668439044772118 0
      vertex -2.6909830056250525 -0.9510565162951535 0
      vertex -2.6173165676349104 -0.9238795325112867 0
    endloop
  endfacet
  facet normal 0 0 -1
    outer loop
      vertex -1.8772135804827705 -11.852260087141653 0
      vertex -1.0606601717798214 -1.0606601717798214 0
      vertex -0.9741720724952755 -1.1406089484000463 0
    endloop
  endfacet
  facet normal 0 0 -1
    outer loop
      vertex -1.8772135804827705 -11.852260087141653 0
      vertex -1.1406089484000463 -0.9741720724952755 0
      vertex -1.0606601717798214 -1.0606601717798214 0
    endloop
  endfacet
  facet normal 0 0 -1
    outer loop
      vertex -1.8772135804827705 -11.852260087141653 0
      vertex -1.2135254915624212 -0.8816778784387097 0
      vertex -1.1406089484000463 -0.9741720724952755 0
    endloop
  endfacet
  facet normal 0 0 -1
    outer loop
      vertex -1.8772135804827705 -11.852260087141653 0
      vertex -1.2789602465311383 -0.7837478470739232 0
      vertex -1.2135254915624212 -0.8816778784387097 0
    endloop
  endfacet
  facet normal 0 0 -1
    outer loop
      vertex -7.053423027509678 -9.70820393249937 0
      vertex -7.793376579962204 -9.12487158720037 0
      vertex -7.053423027509678 9.70820393249937 0
    endloop
  endfacet
  facet normal 0 0 -1
    outer loop
      vertex -4.592201188381077 -11.08655439013544 0
      vertex -3.760405965600031 -0.6494480483301837 0
      vertex -3.7071067811865475 -0.7071067811865476 0
    endloop
  endfacet
  facet normal 0 0 -1
    outer loop
      vertex -4.592201188381077 -11.08655439013544 0
      vertex -3.8090169943749475 -0.5877852522924731 0
      vertex -3.760405965600031 -0.6494480483301837 0
    endloop
  endfacet
  facet normal 0 0 -1
    outer loop
      vertex -4.592201188381077 -11.08655439013544 0
      vertex -3.852640164354092 -0.5224985647159488 0
      vertex -3.8090169943749475 -0.5877852522924731 0
    endloop
  endfacet
  facet normal 0 0 -1
    outer loop
      vertex -4.592201188381077 -11.08655439013544 0
      vertex -3.891006524188368 -0.45399049973954675 0
      vertex -3.852640164354092 -0.5224985647159488 0
    endloop
  endfacet
  facet normal 0 0 -1
    outer loop
      vertex -4.592201188381077 -11.08655439013544 0
      vertex -3.923879532511287 -0.3826834323650898 0
      vertex -3.891006524188368 -0.45399049973954675 0
    endloop
  endfacet
  facet normal 0 0 -1
    outer loop
      vertex -4.592201188381077 -11.08655439013544 0
      vertex -3.9510565162951536 -0.3090169943749474 0
      vertex -3.923879532511287 -0.3826834323650898 0
    endloop
  endfacet
  facet normal 0 0 -1
    outer loop
      vertex -4.592201188381077 -11.08655439013544 0
      vertex -3.972369920397677 -0.2334453638559054 0
      vertex -3.9510565162951536 -0.3090169943749474 0
    endloop
  endfacet
  facet normal 0 0 -1
    outer loop
      vertex -4.592201188381077 -11.08655439013544 0
      vertex -3.9876883405951378 -0.15643446504023087 0
      vertex -3.972369920397677 -0.2334453638559054 0
    endloop
  endfacet
  facet normal 0 0 -1
    outer loop
      vertex -4.592201188381077 -11.08655439013544 0
      vertex -3.996917333733128 -0.07845909572784494 0
      vertex -3.9876883405951378 -0.15643446504023087 0
    endloop
  endfacet
  facet normal 0 0 -1
    outer loop
      vertex -3.7082039324993685 -11.412678195541842 0
      vertex -3.2334453638559055 -0.9723699203976766 0
      vertex -3.1564344650402307 -0.9876883405951378 0
    endloop
  endfacet
  facet normal 0 0 -1
    outer loop
      vertex -3.7082039324993685 -11.412678195541842 0
      vertex -3.1564344650402307 -0.9876883405951378 0
      vertex -3.078459095727845 -0.996917333733128 0
    endloop
  endfacet
  facet normal 0 0 -1
    outer loop
      vertex -3.7082039324993685 -11.412678195541842 0
      vertex -3.4539904997395467 -0.8910065241883679 0
      vertex -3.3826834323650896 -0.9238795325112867 0
    endloop
  endfacet
  facet normal 0 0 -1
    outer loop
      vertex -3.7082039324993685 -11.412678195541842 0
      vertex -3.3826834323650896 -0.9238795325112867 0
      vertex -3.3090169943749475 -0.9510565162951535 0
    endloop
  endfacet
  facet normal 0 0 -1
    outer loop
      vertex -3.7082039324993685 -11.412678195541842 0
      vertex -3.3090169943749475 -0.9510565162951535 0
      vertex -3.2334453638559055 -0.9723699203976766 0
    endloop
  endfacet
  facet normal 0 0 -1
    outer loop
      vertex -3.7082039324993685 -11.412678195541842 0
      vertex -3.5877852522924734 -0.8090169943749475 0
      vertex -3.522498564715949 -0.8526401643540922 0
    endloop
  endfacet
  facet normal 0 0 -1
    outer loop
      vertex -3.7082039324993685 -11.412678195541842 0
      vertex -3.649448048330184 -0.7604059656000309 0
      vertex -3.5877852522924734 -0.8090169943749475 0
    endloop
  endfacet
  facet normal 0 0 -1
    outer loop
      vertex -3.7082039324993685 -11.412678195541842 0
      vertex -3.522498564715949 -0.8526401643540922 0
      vertex -3.4539904997395467 -0.8910065241883679 0
    endloop
  endfacet
  facet normal 0 0 -1
    outer loop
      vertex -3.7082039324993685 -11.412678195541842 0
      vertex -2.8435655349597693 -0.9876883405951378 0
      vertex -2.7665546361440945 -0.9723699203976766 0
    endloop
  endfacet
  facet normal 0 0 -1
    outer loop
      vertex -3.7082039324993685 -11.412678195541842 0
      vertex -2.921540904272155 -0.996917333733128 0
      vertex -2.8435655349597693 -0.9876883405951378 0
    endloop
  endfacet
  facet normal 0 0 -1
    outer loop
      vertex -3.7082039324993685 -11.412678195541842 0
      vertex -3 -1 0
      vertex -2.921540904272155 -0.996917333733128 0
    endloop
  endfacet
  facet normal 0 0 -1
    outer loop
      vertex -3.7082039324993685 -11.412678195541842 0
      vertex -3.078459095727845 -0.996917333733128 0
      vertex -3 -1 0
    endloop
  endfacet
  facet normal 0 0 -1
    outer loop
      vertex -2.8013443662708646 -11.668439044772118 0
      vertex -2.6173165676349104 -0.9238795325112867 0
      vertex -2.5460095002604533 -0.8910065241883679 0
    endloop
  endfacet
  facet normal 0 0 -1
    outer loop
      vertex -2.8013443662708646 -11.668439044772118 0
      vertex -2.5460095002604533 -0.8910065241883679 0
      vertex -2.477501435284051 -0.8526401643540922 0
    endloop
  endfacet
  facet normal 0 0 -1
    outer loop
      vertex -3.7082039324993685 -11.412678195541842 0
      vertex -3.7071067811865475 -0.7071067811865476 0
      vertex -3.649448048330184 -0.7604059656000309 0
    endloop
  endfacet
  facet normal 0 0 -1
    outer loop
      vertex -2.8013443662708646 -11.668439044772118 0
      vertex -2.477501435284051 -0.8526401643540922 0
      vertex -2.4122147477075266 -0.8090169943749475 0
    endloop
  endfacet
  facet normal 0 0 -1
    outer loop
      vertex -2.8013443662708646 -11.668439044772118 0
      vertex -2.4122147477075266 -0.8090169943749475 0
      vertex -2.350551951669816 -0.7604059656000309 0
    endloop
  endfacet
  facet normal 0 0 -1
    outer loop
      vertex -1.8772135804827705 -11.852260087141653 0
      vertex -2.350551951669816 -0.7604059656000309 0
      vertex -2.2928932188134525 -0.7071067811865476 0
    endloop
  endfacet
  facet normal 0 0 -1
    outer loop
      vertex -1.8772135804827705 -11.852260087141653 0
      vertex -2.2928932188134525 -0.7071067811865476 0
      vertex -2.239594034399969 -0.6494480483301837 0
    endloop
  endfacet
  facet normal 0 0 -1
    outer loop
      vertex -1.8772135804827705 -11.852260087141653 0
      vertex -2.239594034399969 -0.6494480483301837 0
      vertex -2.1909830056250525 -0.5877852522924731 0
    endloop
  endfacet
  facet normal 0 0 -1
    outer loop
      vertex -1.8772135804827705 -11.852260087141653 0
      vertex -2.1909830056250525 -0.5877852522924731 0
      vertex -2.147359835645908 -0.5224985647159488 0
    endloop
  endfacet
  facet normal 0 0 -1
    outer loop
      vertex -1.8772135804827705 -11.852260087141653 0
      vertex -1.336509786282552 -0.6809857496093201 0
      vertex -1.2789602465311383 -0.7837478470739232 0
    endloop
  endfacet
  facet normal 0 0 -1
    outer loop
      vertex -1.8772135804827705 -11.852260087141653 0
      vertex -1.38581929876693 -0.5740251485476346 0
      vertex -1.336509786282552 -0.6809857496093201 0
    endloop
  endfacet
  facet normal 0 0 -1
    outer loop
      vertex -1.8772135804827705 -11.852260087141653 0
      vertex -2.147359835645908 -0.5224985647159488 0
      vertex -2.108993475811632 -0.45399049973954675 0
    endloop
  endfacet
  facet normal 0 0 -1
    outer loop
      vertex -1.8772135804827705 -11.852260087141653 0
      vertex -2.108993475811632 -0.45399049973954675 0
      vertex -2.076120467488713 -0.3826834323650898 0
    endloop
  endfacet
  facet normal 0 0 -1
    outer loop
      vertex -1.8772135804827705 -11.852260087141653 0
      vertex -2.076120467488713 -0.3826834323650898 0
      vertex -2.0489434837048464 -0.3090169943749474 0
    endloop
  endfacet
  facet normal 0 0 -1
    outer loop
      vertex -1.8772135804827705 -11.852260087141653 0
      vertex -2.0489434837048464 -0.3090169943749474 0
      vertex -2.027630079602323 -0.2334453638559054 0
    endloop
  endfacet
  facet normal 0 0 -1
    outer loop
      vertex -1.8772135804827705 -11.852260087141653 0
      vertex -1.4585548805965147 -0.3501680457838581 0
      vertex -1.4265847744427302 -0.46352549156242107 0
    endloop
  endfacet
  facet normal 0 0 -1
    outer loop
      vertex -1.8772135804827705 -11.852260087141653 0
      vertex -1.4265847744427302 -0.46352549156242107 0
      vertex -1.38581929876693 -0.5740251485476346 0
    endloop
  endfacet
  facet normal 0 0 -1
    outer loop
      vertex -1.8772135804827705 -11.852260087141653 0
      vertex -1.4815325108927067 -0.23465169756034632 0
      vertex -1.4585548805965147 -0.3501680457838581 0
    endloop
  endfacet
  facet normal 0 0 -1
    outer loop
      vertex -1.8772135804827705 -11.852260087141653 0
      vertex -2.027630079602323 -0.2334453638559054 0
      vertex -2.0123116594048622 -0.15643446504023087 0
    endloop
  endfacet
  facet normal 0 0 -1
    outer loop
      vertex -1.8772135804827705 -11.852260087141653 0
      vertex -2.0123116594048622 -0.15643446504023087 0
      vertex -2.003082666266872 -0.07845909572784494 0
    endloop
  endfacet
  facet normal 0 0 -1
    outer loop
      vertex -1.8772135804827705 -11.852260087141653 0
      vertex -2.003082666266872 -0.07845909572784494 0
      vertex -2 0 0
    endloop
  endfacet
  facet normal 0 0 -1
    outer loop
      vertex -1.8772135804827705 -11.852260087141653 0
      vertex -1.495376000599692 -0.11768864359176742 0
      vertex -1.4815325108927067 -0.23465169756034632 0
    endloop
  endfacet
  facet normal 0 0 -1
    outer loop
      vertex -1.8772135804827705 -11.852260087141653 0
      vertex -1.5 0 0
      vertex -1.495376000599692 -0.11768864359176742 0
    endloop
  endfacet
  facet normal 0 0 -1
    outer loop
      vertex -5.447885996874561 -10.692078290260415 0
      vertex -6.269982776591386 -10.231681972249106 0
      vertex -5.447885996874561 10.692078290260415 0
    endloop
  endfacet
  facet normal 0 0 -1
    outer loop
      vertex -4.592201188381077 -11.08655439013544 0
      vertex -5.447885996874561 -10.692078290260415 0
      vertex -4.592201188381077 11.08655439013544 0
    endloop
  endfacet
  facet normal 0 0 -1
    outer loop
      vertex -4.592201188381077 -11.08655439013544 0
      vertex -4 0 0
      vertex -3.996917333733128 -0.07845909572784494 0
    endloop
  endfacet
  facet normal 0 0 -1
    outer loop
      vertex -7.053423027509678 -9.70820393249937 0
      vertex -6.269982776591386 10.231681972249106 0
      vertex -6.269982776591386 -10.231681972249106 0
    endloop
  endfacet
  facet normal 0 0 -1
    outer loop
      vertex -0.9415091487341394 -11.963008004797535 0
      vertex -0.46352549156242107 -1.4265847744427302 0
      vertex -0.3501680457838581 -1.4585548805965147 0
    endloop
  endfacet
  facet normal 0 0 -1
    outer loop
      vertex -0.9415091487341394 -11.963008004797535 0
      vertex -0.5740251485476346 -1.38581929876693 0
      vertex -0.46352549156242107 -1.4265847744427302 0
    endloop
  endfacet
  facet normal 0 0 -1
    outer loop
      vertex -0.9415091487341394 -11.963008004797535 0
      vertex -0.6809857496093201 -1.336509786282552 0
      vertex -0.5740251485476346 -1.38581929876693 0
    endloop
  endfacet
  facet normal 0 0 -1
    outer loop
      vertex -0.9415091487341394 -11.963008004797535 0
      vertex -0.23465169756034632 -1.4815325108927067 0
      vertex -0.11768864359176742 -1.495376000599692 0
    endloop
  endfacet
  facet normal 0 0 -1
    outer loop
      vertex -0.9415091487341394 -11.963008004797535 0
      vertex -0.11768864359176742 -1.495376000599692 0
      vertex 0 -1.5 0
    endloop
  endfacet
  facet normal 0 0 -1
    outer loop
      vertex 0 -12 0
      vertex 0 -1.5 0
      vertex 0.11768864359176742 -1.495376000599692 0
    endloop
  endfacet
  facet normal 0 0 -1
    outer loop
      vertex -0.9415091487341394 -11.963008004797535 0
      vertex -0.3501680457838581 -1.4585548805965147 0
      vertex -0.23465169756034632 -1.4815325108927067 0
    endloop
  endfacet
  facet normal 0 0 -1
    outer loop
      vertex 0 -12 0
      vertex 0.11768864359176742 -1.495376000599692 0
      vertex 0.23465169756034632 -1.4815325108927067 0
    endloop
  endfacet
  facet normal 0 0 -1
    outer loop
      vertex 0 -12 0
      vertex 0.23465169756034632 -1.4815325108927067 0
      vertex 0.3501680457838581 -1.4585548805965147 0
    endloop
  endfacet
  facet normal 0 0 -1
    outer loop
      vertex 0 -12 0
      vertex 0.3501680457838581 -1.4585548805965147 0
      vertex 0.46352549156242107 -1.4265847744427302 0
    endloop
  endfacet
  facet normal 0 0 -1
    outer loop
      vertex 0.9415091487341394 -11.963008004797535 0
      vertex 0.46352549156242107 -1.4265847744427302 0
      vertex 0.5740251485476346 -1.38581929876693 0
    endloop
  endfacet
  facet normal 0 0 -1
    outer loop
      vertex 0.9415091487341394 -11.963008004797535 0
      vertex 0.5740251485476346 -1.38581929876693 0
      vertex 0.6809857496093201 -1.336509786282552 0
    endloop
  endfacet
  facet normal 0 0 -1
    outer loop
      vertex -0.9415091487341394 -11.963008004797535 0
      vertex -0.7837478470739232 -1.2789602465311383 0
      vertex -0.6809857496093201 -1.336509786282552 0
    endloop
  endfacet
  facet normal 0 0 -1
    outer loop
      vertex -0.9415091487341394 -11.963008004797535 0
      vertex -0.8816778784387097 -1.2135254915624212 0
      vertex -0.7837478470739232 -1.2789602465311383 0
    endloop
  endfacet
  facet normal 0 0 -1
    outer loop
      vertex -1.8772135804827705 -11.852260087141653 0
      vertex -0.9741720724952755 -1.1406089484000463 0
      vertex -0.8816778784387097 -1.2135254915624212 0
    endloop
  endfacet
  facet normal 0 0 -1
    outer loop
      vertex 0.9415091487341394 -11.963008004797535 0
      vertex 0.6809857496093201 -1.336509786282552 0
      vertex 0.7837478470739232 -1.2789602465311383 0
    endloop
  endfacet
  facet normal 0 0 -1
    outer loop
      vertex 0.9415091487341394 -11.963008004797535 0
      vertex 0.7837478470739232 -1.2789602465311383 0
      vertex 0.8816778784387097 -1.2135254915624212 0
    endloop
  endfacet
  facet normal 0 0 -1
    outer loop
      vertex 0.9415091487341394 -11.963008004797535 0
      vertex 0.8816778784387097 -1.2135254915624212 0
      vertex 0.9741720724952755 -1.1406089484000463 0
    endloop
  endfacet
  facet normal 0 0 -1
    outer loop
      vertex 0.9415091487341394 -11.963008004797535 0
      vertex 0.9741720724952755 -1.1406089484000463 0
      vertex 1.0606601717798214 -1.0606601717798214 0
    endloop
  endfacet
  facet normal 0 0 -1
    outer loop
      vertex 0.9415091487341394 -11.963008004797535 0
      vertex 1.0606601717798214 -1.0606601717798214 0
      vertex 1.1406089484000463 -0.9741720724952755 0
    endloop
  endfacet
  facet normal 0 0 -1
    outer loop
      vertex 0.9415091487341394 -11.963008004797535 0
      vertex 1.1406089484000463 -0.9741720724952755 0
      vertex 1.2135254915624212 -0.8816778784387097 0
    endloop
  endfacet
  facet normal 0 0 -1
    outer loop
      vertex 0.9415091487341394 -11.963008004797535 0
      vertex 1.2135254915624212 -0.8816778784387097 0
      vertex 1.2789602465311383 -0.7837478470739232 0
    endloop
  endfacet
  facet normal 0 0 -1
    outer loop
      vertex 0.9415091487341394 -11.963008004797535 0
      vertex 1.2789602465311383 -0.7837478470739232 0
      vertex 1.336509786282552 -0.6809857496093201 0
    endloop
  endfacet
  facet normal 0 0 -1
    outer loop
      vertex 0.9415091487341394 -11.963008004797535 0
      vertex 1.336509786282552 -0.6809857496093201 0
      vertex 1.38581929876693 -0.5740251485476346 0
    endloop
  endfacet
  facet normal 0 0 -1
    outer loop
      vertex 0.9415091487341394 -11.963008004797535 0
      vertex 1.38581929876693 -0.5740251485476346 0
      vertex 1.4265847744427302 -0.46352549156242107 0
    endloop
  endfacet
  facet normal 0 0 -1
    outer loop
      vertex 1.8772135804827705 -11.852260087141653 0
      vertex 1.4265847744427302 -0.46352549156242107 0
      vertex 1.4585548805965147 -0.3501680457838581 0
    endloop
  endfacet
  facet normal 0 0 -1
    outer loop
      vertex 1.8772135804827705 -11.852260087141653 0
      vertex 1.4585548805965147 -0.3501680457838581 0
      vertex 1.4815325108927067 -0.23465169756034632 0
    endloop
  endfacet
  facet normal 0 0 -1
    outer loop
      vertex 1.8772135804827705 -11.852260087141653 0
      vertex 1.4815325108927067 -0.23465169756034632 0
      vertex 1.495376000599692 -0.11768864359176742 0
    endloop
  endfacet
  facet normal 0 0 -1
    outer loop
      vertex 1.8772135804827705 -11.852260087141653 0
      vertex 1.495376000599692 -0.11768864359176742 0
      vertex 1.5 0 0
    endloop
  endfacet
  facet normal 0 0 -1
    outer loop
      vertex 1.8772135804827705 -11.852260087141653 0
      vertex 2.8013443662708646 11.668439044772118 0
      vertex 2.8013443662708646 -11.668439044772118 0
    endloop
  endfacet
  facet normal 0 0 -1
    outer loop
      vertex 2.8013443662708646 -11.668439044772118 0
      vertex 3.7082039324993685 11.412678195541842 0
      vertex 3.7082039324993685 -11.412678195541842 0
    endloop
  endfacet
  facet normal 0 0 -1
    outer loop
      vertex 3.7082039324993685 -11.412678195541842 0
      vertex 4.592201188381077 11.08655439013544 0
      vertex 4.592201188381077 -11.08655439013544 0
    endloop
  endfacet
  facet normal 0 0 -1
    outer loop
      vertex 4.592201188381077 -11.08655439013544 0
      vertex 5.447885996874561 10.692078290260415 0
      vertex 5.447885996874561 -10.692078290260415 0
    endloop
  endfacet
  facet normal 0 0 -1
    outer loop
      vertex 5.447885996874561 -10.692078290260415 0
      vertex 6.269982776591386 10.231681972249106 0
      vertex 6.269982776591386 -10.231681972249106 0
    endloop
  endfacet
  facet normal 0 0 -1
    outer loop
      vertex 6.269982776591386 -10.231681972249106 0
      vertex 7.053423027509678 9.70820393249937 0
      vertex 6.616719351365105 -10 0
    endloop
  endfacet
  facet normal 0 0 -1
    outer loop
      vertex 6.616719351365105 -10 0
      vertex 7.053423027509678 9.70820393249937 0
      vertex 7.053423027509678 -9.70820393249937 0
    endloop
  endfacet
  facet normal 0 0 -1
    outer loop
      vertex 7.053423027509678 -9.70820393249937 0
      vertex 7.793376579962204 9.12487158720037 0
      vertex 7.793376579962204 -9.12487158720037 0
    endloop
  endfacet
  facet normal 0 0 -1
    outer loop
      vertex 7.793376579962204 -9.12487158720037 0
      vertex 8.485281374238571 8.485281374238571 0
      vertex 8.485281374238571 -8.485281374238571 0
    endloop
  endfacet
  facet normal -0.8724960070727963 -0.4886212414969562 0
    outer loop
      vertex -10.231681972249106 -6.269982776591386 0
      vertex -10.692078290260415 -5.447885996874561 4
      vertex -10.692078290260415 -5.447885996874561 0
    endloop
  endfacet
  facet normal -0.9081431738250819 -0.41865973753742647 0
    outer loop
      vertex -10.692078290260415 -5.447885996874561 0
      vertex -11.08655439013544 -4.592201188381077 4
      vertex -11.08655439013544 -4.592201188381077 0
    endloop
  endfacet
  facet normal -0.938191335922484 -0.34611705707749296 0
    outer loop
      vertex -11.08655439013544 -4.592201188381077 0
      vertex -11.412678195541842 -3.7082039324993685 4
      vertex -11.412678195541842 -3.7082039324993685 0
    endloop
  endfacet
  facet normal -0.9624552364536474 -0.2714404498650738 0
    outer loop
      vertex -11.412678195541842 -3.7082039324993685 0
      vertex -11.668439044772118 -2.8013443662708646 4
      vertex -11.668439044772118 -2.8013443662708646 0
    endloop
  endfacet
  facet normal 0 0 -1
    outer loop
      vertex -9.12487158720037 -7.793376579962204 0
      vertex -9.70820393249937 -7.053423027509678 0
      vertex -9.12487158720037 7.793376579962204 0
    endloop
  endfacet
  facet normal 0 0 -1
    outer loop
      vertex -7.793376579962204 -9.12487158720037 0
      vertex -8.485281374238571 -8.485281374238571 0
      vertex -7.793376579962204 9.12487158720037 0
    endloop
  endfacet
  facet normal 0 0 -1
    outer loop
      vertex -8.485281374238571 -8.485281374238571 0
      vertex -9.12487158720037 -7.793376579962204 0
      vertex -8.485281374238571 8.485281374238571 0
    endloop
  endfacet
  facet normal 0 0 -1
    outer loop
      vertex -9.70820393249937 -7.053423027509678 0
      vertex -10.231681972249106 -6.269982776591386 0
      vertex -9.70820393249937 7.053423027509678 0
    endloop
  endfacet
  facet normal 0 0 -1
    outer loop
      vertex -10.692078290260415 -5.447885996874561 0
      vertex -11.08655439013544 -4.592201188381077 0
      vertex -10.692078290260415 5.447885996874561 0
    endloop
  endfacet
  facet normal 0 0 -1
    outer loop
      vertex -10.231681972249106 -6.269982776591386 0
      vertex -10.692078290260415 -5.447885996874561 0
      vertex -10.231681972249106 6.269982776591386 0
    endloop
  endfacet
  facet normal 0 0 -1
    outer loop
      vertex -11.08655439013544 -4.592201188381077 0
      vertex -11.412678195541842 -3.7082039324993685 0
      vertex -11.08655439013544 4.592201188381077 0
    endloop
  endfacet
  facet normal 0 0 -1
    outer loop
      vertex -11.412678195541842 -3.7082039324993685 0
      vertex -11.668439044772118 -2.8013443662708646 0
      vertex -11.412678195541842 3.7082039324993685 0
    endloop
  endfacet
  facet normal 0 0 -1
    outer loop
      vertex -11.668439044772118 -2.8013443662708646 0
      vertex -11.852260087141653 -1.8772135804827705 0
      vertex -11.668439044772118 2.8013443662708646 0
    endloop
  endfacet
  facet normal 0 0 -1
    outer loop
      vertex -11.852260087141653 -1.8772135804827705 0
      vertex -11.963008004797535 -0.9415091487341394 0
      vertex -11.852260087141653 1.8772135804827705 0
    endloop
  endfacet
  facet normal 0 0 -1
    outer loop
      vertex 8.485281374238571 -8.485281374238571 0
      vertex 9.12487158720037 7.793376579962204 0
      vertex 9.12487158720037 -7.793376579962204 0
    endloop
  endfacet
  facet normal -0.9807852804032301 -0.19509032201613039 0
    outer loop
      vertex -11.668439044772118 -2.8013443662708646 0
      vertex -11.852260087141653 -1.8772135804827705 4
      vertex -11.852260087141653 -1.8772135804827705 0
    endloop
  endfacet
  facet normal -0.9930684569549264 -0.11753739745783645 0
    outer loop
      vertex -11.852260087141653 -1.8772135804827705 0
      vertex -11.963008004797535 -0.9415091487341394 4
      vertex -11.963008004797535 -0.9415091487341394 0
    endloop
  endfacet
  facet normal -0.9992290362407229 -0.039259815759069235 0
    outer loop
      vertex -11.963008004797535 -0.9415091487341394 0
      vertex -12 0 4
      vertex -12 0 0
    endloop
  endfacet
  facet normal 0 0 -1
    outer loop
      vertex 9.12487158720037 -7.793376579962204 0
      vertex 9.70820393249937 7.053423027509678 0
      vertex 9.70820393249937 -7.053423027509678 0
    endloop
  endfacet
  facet normal 0 0 -1
    outer loop
      vertex 9.70820393249937 -7.053423027509678 0
      vertex 10.231681972249106 6.269982776591386 0
      vertex 10.231681972249106 -6.269982776591386 0
    endloop
  endfacet
  facet normal 0 0 -1
    outer loop
      vertex 10.231681972249106 -6.269982776591386 0
      vertex 10.692078290260415 5.447885996874561 0
      vertex 10.692078290260415 -5.447885996874561 0
    endloop
  endfacet
  facet normal 0 0 -1
    outer loop
      vertex 10.692078290260415 -5.447885996874561 0
      vertex 11.08655439013544 4.592201188381077 0
      vertex 11.08655439013544 -4.592201188381077 0
    endloop
  endfacet
  facet normal 0 0 -1
    outer loop
      vertex 11.08655439013544 -4.592201188381077 0
      vertex 11.412678195541842 3.7082039324993685 0
      vertex 11.412678195541842 -3.7082039324993685 0
    endloop
  endfacet
  facet normal 0 0 -1
    outer loop
      vertex 11.412678195541842 -3.7082039324993685 0
      vertex 11.668439044772118 2.8013443662708646 0
      vertex 11.668439044772118 -2.8013443662708646 0
    endloop
  endfacet
  facet normal 0 0 -1
    outer loop
      vertex 11.668439044772118 -2.8013443662708646 0
      vertex 11.852260087141653 1.8772135804827705 0
      vertex 11.852260087141653 -1.8772135804827705 0
    endloop
  endfacet
  facet normal 0 0 -1
    outer loop
      vertex 11.852260087141653 -1.8772135804827705 0
      vertex 11.963008004797535 0.9415091487341394 0
      vertex 11.963008004797535 -0.9415091487341394 0
    endloop
  endfacet
  facet normal -0.8724960070727963 -0.4886212414969562 0
    outer loop
      vertex -10.231681972249106 -6.269982776591386 0
      vertex -10.231681972249106 -6.269982776591386 4
      vertex -10.692078290260415 -5.447885996874561 4
    endloop
  endfacet
  facet normal -0.9081431738250819 -0.41865973753742647 0
    outer loop
      vertex -10.692078290260415 -5.447885996874561 0
      vertex -10.692078290260415 -5.447885996874561 4
      vertex -11.08655439013544 -4.592201188381077 4
    endloop
  endfacet
  facet normal -0.938191335922484 -0.34611705707749296 0
    outer loop
      vertex -11.08655439013544 -4.592201188381077 0
      vertex -11.08655439013544 -4.592201188381077 4
      vertex -11.412678195541842 -3.7082039324993685 4
    endloop
  endfacet
  facet normal -0.9624552364536474 -0.2714404498650738 0
    outer loop
      vertex -11.412678195541842 -3.7082039324993685 0
      vertex -11.412678195541842 -3.7082039324993685 4
      vertex -11.668439044772118 -2.8013443662708646 4
    endloop
  endfacet
  facet normal -0.9807852804032301 -0.19509032201613039 0
    outer loop
      vertex -11.668439044772118 -2.8013443662708646 0
      vertex -11.668439044772118 -2.8013443662708646 4
      vertex -11.852260087141653 -1.8772135804827705 4
    endloop
  endfacet
  facet normal -0.9930684569549264 -0.11753739745783645 0
    outer loop
      vertex -11.852260087141653 -1.8772135804827705 0
      vertex -11.852260087141653 -1.8772135804827705 4
      vertex -11.963008004797535 -0.9415091487341394 4
    endloop
  endfacet
  facet normal -0.9992290362407229 -0.039259815759069235 0
    outer loop
      vertex -11.963008004797535 -0.9415091487341394 0
      vertex -11.963008004797535 -0.9415091487341394 4
      vertex -12 0 4
    endloop
  endfacet
  facet normal 0 0 1
    outer loop
      vertex -0.9415091487341394 -11.963008004797535 4
      vertex 0 -12 4
      vertex -0.5866292439008658 -3.7038312772317665 4
    endloop
  endfacet
  facet normal 0 0 1
    outer loop
      vertex 0 -12 4
      vertex 0.9415091487341394 -11.963008004797535 4
      vertex 0 -3.75 4
    endloop
  endfacet
  facet normal 0 0 1
    outer loop
      vertex 0.9415091487341394 -11.963008004797535 4
      vertex 1.8772135804827705 -11.852260087141653 4
      vertex 0.2942216089794185 -3.73844000149923 4
    endloop
  endfacet
  facet normal 0 0 1
    outer loop
      vertex 1.8772135804827705 -11.852260087141653 4
      vertex 2.8013443662708646 -11.668439044772118 4
      vertex 0.2942216089794185 -3.73844000149923 4
    endloop
  endfacet
  facet normal 0 0 1
    outer loop
      vertex -2.8013443662708646 -11.668439044772118 4
      vertex -5.469303395120693 -2.9630650217854133 4
      vertex -3.7082039324993685 -11.412678195541842 4
    endloop
  endfacet
  facet normal 0 0 1
    outer loop
      vertex -3.7082039324993685 -11.412678195541842 4
      vertex -5.469303395120693 -2.9630650217854133 4
      vertex -4.592201188381077 -11.08655439013544 4
    endloop
  endfacet
  facet normal 0 0 1
    outer loop
      vertex -2.8013443662708646 -11.668439044772118 4
      vertex -1.8772135804827705 -11.852260087141653 4
      vertex -5.469303395120693 -2.9630650217854133 4
    endloop
  endfacet
  facet normal 0 0 1
    outer loop
      vertex -1.8772135804827705 -11.852260087141653 4
      vertex -0.9415091487341394 -11.963008004797535 4
      vertex -5.469303395120693 -2.9630650217854133 4
    endloop
  endfacet
  facet normal 0 0 1
    outer loop
      vertex -5.447885996874561 -10.692078290260415 4
      vertex -5.927050983124842 -2.8531695488854605 4
      vertex -6.269982776591386 -10.231681972249106 4
    endloop
  endfacet
  facet normal 0 0 1
    outer loop
      vertex -4.592201188381077 -11.08655439013544 4
      vertex -5.469303395120693 -2.9630650217854133 4
      vertex -5.447885996874561 -10.692078290260415 4
    endloop
  endfacet
  facet normal 0 0 1
    outer loop
      vertex -7.053423027509678 -9.70820393249937 4
      vertex -6.269982776591386 -10.231681972249106 4
      vertex -6.763355756877419 -2.4270509831248424 4
    endloop
  endfacet
  facet normal 0 0 1
    outer loop
      vertex -7.053423027509678 -9.70820393249937 4
      vertex -7.427050983124842 -1.7633557568774194 4
      vertex -7.793376579962204 -9.12487158720037 4
    endloop
  endfacet
  facet normal 0 0 1
    outer loop
      vertex -0.9415091487341394 -11.963008004797535 4
      vertex -0.5866292439008658 -3.7038312772317665 4
      vertex -5.469303395120693 -2.9630650217854133 4
    endloop
  endfacet
  facet normal 0 0 1
    outer loop
      vertex 2.8013443662708646 -11.668439044772118 4
      vertex 3.7082039324993685 -11.412678195541842 4
      vertex 0.2942216089794185 -3.73844000149923 4
    endloop
  endfacet
  facet normal 0 0 1
    outer loop
      vertex 3.7082039324993685 -11.412678195541842 4
      vertex 4.592201188381077 -11.08655439013544 4
      vertex 0.2942216089794185 -3.73844000149923 4
    endloop
  endfacet
  facet normal 0 0 1
    outer loop
      vertex 4.592201188381077 -11.08655439013544 4
      vertex 5.447885996874561 -10.692078290260415 4
      vertex 0.2942216089794185 -3.73844000149923 4
    endloop
  endfacet
  facet normal 0 0 1
    outer loop
      vertex 5.447885996874561 -10.692078290260415 4
      vertex 6.269982776591386 -10.231681972249106 4
      vertex 0.2942216089794185 -3.73844000149923 4
    endloop
  endfacet
  facet normal 0 0 1
    outer loop
      vertex 6.269982776591386 -10.231681972249106 4
      vertex 6.616719351365105 -10 4
      vertex 0.2942216089794185 -3.73844000149923 4
    endloop
  endfacet
  facet normal 0 0 1
    outer loop
      vertex 6.616719351365105 -10 4
      vertex 7.053423027509678 -9.70820393249937 4
      vertex 0.2942216089794185 -3.73844000149923 4
    endloop
  endfacet
  facet normal 0 0 1
    outer loop
      vertex 7.053423027509678 -9.70820393249937 4
      vertex 7.793376579962204 -9.12487158720037 4
      vertex 0.2942216089794185 -3.73844000149923 4
    endloop
  endfacet
  facet normal 0 0 1
    outer loop
      vertex 0 -12 4
      vertex -0.2942216089794185 -3.73844000149923 4
      vertex -0.5866292439008658 -3.7038312772317665 4
    endloop
  endfacet
  facet normal 0 0 1
    outer loop
      vertex 0 -12 4
      vertex 0 -3.75 4
      vertex -0.2942216089794185 -3.73844000149923 4
    endloop
  endfacet
  facet normal 0 0 1
    outer loop
      vertex 0.9415091487341394 -11.963008004797535 4
      vertex 0.2942216089794185 -3.73844000149923 4
      vertex 0 -3.75 4
    endloop
  endfacet
  facet normal 0 0 1
    outer loop
      vertex 7.793376579962204 -9.12487158720037 4
      vertex 8.485281374238571 -8.485281374238571 4
      vertex 0.2942216089794185 -3.73844000149923 4
    endloop
  endfacet
  facet normal 0 0 1
    outer loop
      vertex 8.485281374238571 -8.485281374238571 4
      vertex 9.12487158720037 -7.793376579962204 4
      vertex 0.2942216089794185 -3.73844000149923 4
    endloop
  endfacet
  facet normal 0 0 1
    outer loop
      vertex 9.12487158720037 -7.793376579962204 4
      vertex 9.70820393249937 -7.053423027509678 4
      vertex 0.2942216089794185 -3.73844000149923 4
    endloop
  endfacet
  facet normal 0 0 1
    outer loop
      vertex -7.053423027509678 -9.70820393249937 4
      vertex -6.763355756877419 -2.4270509831248424 4
      vertex -6.948344144990551 -2.2812178968000927 4
    endloop
  endfacet
  facet normal 0 0 1
    outer loop
      vertex -7.053423027509678 -9.70820393249937 4
      vertex -6.948344144990551 -2.2812178968000927 4
      vertex -7.121320343559643 -2.121320343559643 4
    endloop
  endfacet
  facet normal 0 0 1
    outer loop
      vertex -7.053423027509678 -9.70820393249937 4
      vertex -7.121320343559643 -2.121320343559643 4
      vertex -7.281217896800093 -1.948344144990551 4
    endloop
  endfacet
  facet normal 0 0 1
    outer loop
      vertex -5.447885996874561 -10.692078290260415 4
      vertex -5.700336091567716 -2.9171097611930294 4
      vertex -5.927050983124842 -2.8531695488854605 4
    endloop
  endfacet
  facet normal 0 0 1
    outer loop
      vertex -5.447885996874561 -10.692078290260415 4
      vertex -5.469303395120693 -2.9630650217854133 4
      vertex -5.700336091567716 -2.9171097611930294 4
    endloop
  endfacet
  facet normal 0 0 1
    outer loop
      vertex -6.269982776591386 -10.231681972249106 4
      vertex -5.927050983124842 -2.8531695488854605 4
      vertex -6.148050297095269 -2.77163859753386 4
    endloop
  endfacet
  facet normal 0 0 1
    outer loop
      vertex -6.269982776591386 -10.231681972249106 4
      vertex -6.148050297095269 -2.77163859753386 4
      vertex -6.36197149921864 -2.673019572565104 4
    endloop
  endfacet
  facet normal 0 0 1
    outer loop
      vertex -6.269982776591386 -10.231681972249106 4
      vertex -6.36197149921864 -2.673019572565104 4
      vertex -6.567495694147846 -2.5579204930622765 4
    endloop
  endfacet
  facet normal 0 0 1
    outer loop
      vertex -6.269982776591386 -10.231681972249106 4
      vertex -6.567495694147846 -2.5579204930622765 4
      vertex -6.763355756877419 -2.4270509831248424 4
    endloop
  endfacet
  facet normal 0 0 1
    outer loop
      vertex -7.053423027509678 -9.70820393249937 4
      vertex -7.281217896800093 -1.948344144990551 4
      vertex -7.427050983124842 -1.7633557568774194 4
    endloop
  endfacet
  facet normal 0 0 1
    outer loop
      vertex -7.793376579962204 -9.12487158720037 4
      vertex -7.427050983124842 -1.7633557568774194 4
      vertex -7.5579204930622765 -1.5674956941478464 4
    endloop
  endfacet
  facet normal 0 0 1
    outer loop
      vertex -7.793376579962204 -9.12487158720037 4
      vertex -7.5579204930622765 -1.5674956941478464 4
      vertex -7.673019572565104 -1.3619714992186402 4
    endloop
  endfacet
  facet normal 0 0 1
    outer loop
      vertex -7.793376579962204 -9.12487158720037 4
      vertex -7.673019572565104 -1.3619714992186402 4
      vertex -7.77163859753386 -1.1480502970952693 4
    endloop
  endfacet
  facet normal 0 0 1
    outer loop
      vertex -7.793376579962204 -9.12487158720037 4
      vertex -7.77163859753386 -1.1480502970952693 4
      vertex -7.853169548885461 -0.9270509831248421 4
    endloop
  endfacet
  facet normal 0 0 1
    outer loop
      vertex -7.793376579962204 -9.12487158720037 4
      vertex -7.853169548885461 -0.9270509831248421 4
      vertex -7.9171097611930294 -0.7003360915677161 4
    endloop
  endfacet
  facet normal 0 0 1
    outer loop
      vertex -7.793376579962204 -9.12487158720037 4
      vertex -7.9171097611930294 -0.7003360915677161 4
      vertex -7.963065021785413 -0.46930339512069263 4
    endloop
  endfacet
  facet normal 0 0 1
    outer loop
      vertex -7.793376579962204 -9.12487158720037 4
      vertex -8.485281374238571 8.485281374238571 4
      vertex -8.485281374238571 -8.485281374238571 4
    endloop
  endfacet
  facet normal 0 0 1
    outer loop
      vertex -7.793376579962204 -9.12487158720037 4
      vertex -7.963065021785413 -0.46930339512069263 4
      vertex -7.990752001199384 -0.23537728718353484 4
    endloop
  endfacet
  facet normal 0 0 1
    outer loop
      vertex -7.793376579962204 -9.12487158720037 4
      vertex -7.990752001199384 -0.23537728718353484 4
      vertex -8 0 4
    endloop
  endfacet
  facet normal 0 0 1
    outer loop
      vertex 9.70820393249937 -7.053423027509678 4
      vertex 10.231681972249106 -6.269982776591386 4
      vertex 0.2942216089794185 -3.73844000149923 4
    endloop
  endfacet
  facet normal 0 0 1
    outer loop
      vertex 10.231681972249106 -6.269982776591386 4
      vertex 10.692078290260415 -5.447885996874561 4
      vertex 0.2942216089794185 -3.73844000149923 4
    endloop
  endfacet
  facet normal 0 0 1
    outer loop
      vertex 10.692078290260415 -5.447885996874561 4
      vertex 11.08655439013544 -4.592201188381077 4
      vertex 0.2942216089794185 -3.73844000149923 4
    endloop
  endfacet
  facet normal 0 0 1
    outer loop
      vertex 11.08655439013544 -4.592201188381077 4
      vertex 11.412678195541842 -3.7082039324993685 4
      vertex 0.2942216089794185 -3.73844000149923 4
    endloop
  endfacet
  facet normal 0 0 1
    outer loop
      vertex 11.412678195541842 -3.7082039324993685 4
      vertex 11.563193739277693 -3.1745160709140854 4
      vertex 0.2942216089794185 -3.73844000149923 4
    endloop
  endfacet
  facet normal 0 0 1
    outer loop
      vertex -9.12487158720037 -7.793376579962204 4
      vertex -9.70820393249937 7.053423027509678 4
      vertex -9.70820393249937 -7.053423027509678 4
    endloop
  endfacet
  facet normal 0 0 1
    outer loop
      vertex -9.70820393249937 -7.053423027509678 4
      vertex -10.231681972249106 6.269982776591386 4
      vertex -10.231681972249106 -6.269982776591386 4
    endloop
  endfacet
  facet normal 0 0 1
    outer loop
      vertex -8.485281374238571 -8.485281374238571 4
      vertex -9.12487158720037 7.793376579962204 4
      vertex -9.12487158720037 -7.793376579962204 4
    endloop
  endfacet
  facet normal 0 0 1
    outer loop
      vertex -10.231681972249106 -6.269982776591386 4
      vertex -10.692078290260415 5.447885996874561 4
      vertex -10.692078290260415 -5.447885996874561 4
    endloop
  endfacet
  facet normal 0 0 1
    outer loop
      vertex -10.692078290260415 -5.447885996874561 4
      vertex -11.08655439013544 4.592201188381077 4
      vertex -11.08655439013544 -4.592201188381077 4
    endloop
  endfacet
  facet normal 0 0 1
    outer loop
      vertex -11.08655439013544 -4.592201188381077 4
      vertex -11.412678195541842 3.7082039324993685 4
      vertex -11.412678195541842 -3.7082039324993685 4
    endloop
  endfacet
  facet normal 0 0 1
    outer loop
      vertex -11.412678195541842 -3.7082039324993685 4
      vertex -11.668439044772118 2.8013443662708646 4
      vertex -11.668439044772118 -2.8013443662708646 4
    endloop
  endfacet
  facet normal 0 0 1
    outer loop
      vertex -11.668439044772118 -2.8013443662708646 4
      vertex -11.852260087141653 1.8772135804827705 4
      vertex -11.852260087141653 -1.8772135804827705 4
    endloop
  endfacet
  facet normal 0 0 1
    outer loop
      vertex -11.852260087141653 -1.8772135804827705 4
      vertex -11.963008004797535 0.9415091487341394 4
      vertex -11.963008004797535 -0.9415091487341394 4
    endloop
  endfacet
  facet normal 0 0 1
    outer loop
      vertex -7.793376579962204 -9.12487158720037 4
      vertex -8 0 4
      vertex -8.485281374238571 8.485281374238571 4
    endloop
  endfacet
  facet normal 0 0 -1
    outer loop
      vertex -11.963008004797535 -0.9415091487341394 0
      vertex -12 0 0
      vertex -11.963008004797535 0.9415091487341394 0
    endloop
  endfacet
  facet normal 0 0 -1
    outer loop
      vertex -11.963008004797535 -0.9415091487341394 0
      vertex -11.963008004797535 0.9415091487341394 0
      vertex -11.852260087141653 1.8772135804827705 0
    endloop
  endfacet
  facet normal 0 0 -1
    outer loop
      vertex -11.852260087141653 -1.8772135804827705 0
      vertex -11.852260087141653 1.8772135804827705 0
      vertex -11.668439044772118 2.8013443662708646 0
    endloop
  endfacet
  facet normal 0 0 -1
    outer loop
      vertex -11.668439044772118 -2.8013443662708646 0
      vertex -11.668439044772118 2.8013443662708646 0
      vertex -11.412678195541842 3.7082039324993685 0
    endloop
  endfacet
  facet normal 0 0 -1
    outer loop
      vertex -4.592201188381077 -11.08655439013544 0
      vertex -3.7082039324993685 11.412678195541842 0
      vertex -4 0 0
    endloop
  endfacet
  facet normal 0 0 -1
    outer loop
      vertex -1.8772135804827705 -11.852260087141653 0
      vertex -2 0 0
      vertex -1.8772135804827705 11.852260087141653 0
    endloop
  endfacet
  facet normal 0 0 -1
    outer loop
      vertex -1.8772135804827705 -11.852260087141653 0
      vertex -1.8772135804827705 11.852260087141653 0
      vertex -1.5 0 0
    endloop
  endfacet
  facet normal 0 0 -1
    outer loop
      vertex -11.412678195541842 -3.7082039324993685 0
      vertex -11.412678195541842 3.7082039324993685 0
      vertex -11.08655439013544 4.592201188381077 0
    endloop
  endfacet
  facet normal 0 0 -1
    outer loop
      vertex -11.08655439013544 -4.592201188381077 0
      vertex -11.08655439013544 4.592201188381077 0
      vertex -10.692078290260415 5.447885996874561 0
    endloop
  endfacet
  facet normal 0 0 -1
    outer loop
      vertex -10.692078290260415 -5.447885996874561 0
      vertex -10.692078290260415 5.447885996874561 0
      vertex -10.231681972249106 6.269982776591386 0
    endloop
  endfacet
  facet normal 0 0 -1
    outer loop
      vertex -10.231681972249106 -6.269982776591386 0
      vertex -10.231681972249106 6.269982776591386 0
      vertex -9.70820393249937 7.053423027509678 0
    endloop
  endfacet
  facet normal 0 0 -1
    outer loop
      vertex -9.70820393249937 -7.053423027509678 0
      vertex -9.70820393249937 7.053423027509678 0
      vertex -9.12487158720037 7.793376579962204 0
    endloop
  endfacet
  facet normal 0 0 -1
    outer loop
      vertex -9.12487158720037 -7.793376579962204 0
      vertex -9.12487158720037 7.793376579962204 0
      vertex -8.485281374238571 8.485281374238571 0
    endloop
  endfacet
  facet normal 0 0 -1
    outer loop
      vertex 1.8772135804827705 -11.852260087141653 0
      vertex 1.5 0 0
      vertex 1.8772135804827705 11.852260087141653 0
    endloop
  endfacet
  facet normal 0 0 -1
    outer loop
      vertex 9.12487158720037 -7.793376579962204 0
      vertex 9.12487158720037 7.793376579962204 0
      vertex 9.70820393249937 7.053423027509678 0
    endloop
  endfacet
  facet normal 0 0 -1
    outer loop
      vertex 8.485281374238571 -8.485281374238571 0
      vertex 8.485281374238571 8.485281374238571 0
      vertex 9.12487158720037 7.793376579962204 0
    endloop
  endfacet
  facet normal 0 0 -1
    outer loop
      vertex 7.793376579962204 -9.12487158720037 0
      vertex 7.793376579962204 9.12487158720037 0
      vertex 8.485281374238571 8.485281374238571 0
    endloop
  endfacet
  facet normal -0.9992290362407229 0.039259815759069235 0
    outer loop
      vertex -12 0 0
      vertex -11.963008004797535 0.9415091487341394 4
      vertex -11.963008004797535 0.9415091487341394 0
    endloop
  endfacet
  facet normal -0.9930684569549264 0.11753739745783645 0
    outer loop
      vertex -11.963008004797535 0.9415091487341394 0
      vertex -11.852260087141653 1.8772135804827705 4
      vertex -11.852260087141653 1.8772135804827705 0
    endloop
  endfacet
  facet normal -0.9807852804032301 0.19509032201613039 0
    outer loop
      vertex -11.852260087141653 1.8772135804827705 0
      vertex -11.668439044772118 2.8013443662708646 4
      vertex -11.668439044772118 2.8013443662708646 0
    endloop
  endfacet
  facet normal 0 0 -1
    outer loop
      vertex -8.485281374238571 -8.485281374238571 0
      vertex -8.485281374238571 8.485281374238571 0
      vertex -7.793376579962204 9.12487158720037 0
    endloop
  endfacet
  facet normal 0 0 -1
    outer loop
      vertex -7.793376579962204 -9.12487158720037 0
      vertex -7.793376579962204 9.12487158720037 0
      vertex -7.053423027509678 9.70820393249937 0
    endloop
  endfacet
  facet normal 0 0 -1
    outer loop
      vertex -7.053423027509678 -9.70820393249937 0
      vertex -7.053423027509678 9.70820393249937 0
      vertex -6.269982776591386 10.231681972249106 0
    endloop
  endfacet
  facet normal 0 0 -1
    outer loop
      vertex -6.269982776591386 -10.231681972249106 0
      vertex -6.269982776591386 10.231681972249106 0
      vertex -5.447885996874561 10.692078290260415 0
    endloop
  endfacet
  facet normal 0 0 -1
    outer loop
      vertex -5.447885996874561 -10.692078290260415 0
      vertex -5.447885996874561 10.692078290260415 0
      vertex -4.592201188381077 11.08655439013544 0
    endloop
  endfacet
  facet normal 0 0 -1
    outer loop
      vertex -4.592201188381077 -11.08655439013544 0
      vertex -4.592201188381077 11.08655439013544 0
      vertex -3.7082039324993685 11.412678195541842 0
    endloop
  endfacet
  facet normal 0 0 -1
    outer loop
      vertex -3.7082039324993685 11.412678195541842 0
      vertex -3.996917333733128 0.07845909572784494 0
      vertex -4 0 0
    endloop
  endfacet
  facet normal 0 0 -1
    outer loop
      vertex -3.7082039324993685 11.412678195541842 0
      vertex -3.9876883405951378 0.15643446504023087 0
      vertex -3.996917333733128 0.07845909572784494 0
    endloop
  endfacet
  facet normal 0 0 -1
    outer loop
      vertex -3.7082039324993685 11.412678195541842 0
      vertex -3.972369920397677 0.2334453638559054 0
      vertex -3.9876883405951378 0.15643446504023087 0
    endloop
  endfacet
  facet normal 0 0 -1
    outer loop
      vertex -3.7082039324993685 11.412678195541842 0
      vertex -3.9510565162951536 0.3090169943749474 0
      vertex -3.972369920397677 0.2334453638559054 0
    endloop
  endfacet
  facet normal 0 0 -1
    outer loop
      vertex -3.7082039324993685 11.412678195541842 0
      vertex -3.923879532511287 0.3826834323650898 0
      vertex -3.9510565162951536 0.3090169943749474 0
    endloop
  endfacet
  facet normal 0 0 -1
    outer loop
      vertex -3.7082039324993685 11.412678195541842 0
      vertex -3.891006524188368 0.45399049973954675 0
      vertex -3.923879532511287 0.3826834323650898 0
    endloop
  endfacet
  facet normal 0 0 -1
    outer loop
      vertex -1.8772135804827705 11.852260087141653 0
      vertex -2 0 0
      vertex -2.003082666266872 0.07845909572784494 0
    endloop
  endfacet
  facet normal 0 0 -1
    outer loop
      vertex -1.8772135804827705 11.852260087141653 0
      vertex -2.003082666266872 0.07845909572784494 0
      vertex -2.0123116594048622 0.15643446504023087 0
    endloop
  endfacet
  facet normal 0 0 -1
    outer loop
      vertex -1.8772135804827705 11.852260087141653 0
      vertex -2.0123116594048622 0.15643446504023087 0
      vertex -2.027630079602323 0.2334453638559054 0
    endloop
  endfacet
  facet normal 0 0 -1
    outer loop
      vertex -1.8772135804827705 11.852260087141653 0
      vertex -1.495376000599692 0.11768864359176742 0
      vertex -1.5 0 0
    endloop
  endfacet
  facet normal 0 0 -1
    outer loop
      vertex -1.8772135804827705 11.852260087141653 0
      vertex -1.4815325108927067 0.23465169756034632 0
      vertex -1.495376000599692 0.11768864359176742 0
    endloop
  endfacet
  facet normal 0 0 -1
    outer loop
      vertex -3.7082039324993685 11.412678195541842 0
      vertex -3.852640164354092 0.5224985647159488 0
      vertex -3.891006524188368 0.45399049973954675 0
    endloop
  endfacet
  facet normal 0 0 -1
    outer loop
      vertex -3.7082039324993685 11.412678195541842 0
      vertex -3.8090169943749475 0.5877852522924731 0
      vertex -3.852640164354092 0.5224985647159488 0
    endloop
  endfacet
  facet normal 0 0 -1
    outer loop
      vertex -3.7082039324993685 11.412678195541842 0
      vertex -3.760405965600031 0.6494480483301837 0
      vertex -3.8090169943749475 0.5877852522924731 0
    endloop
  endfacet
  facet normal 0 0 -1
    outer loop
      vertex -3.7082039324993685 11.412678195541842 0
      vertex -3.7071067811865475 0.7071067811865476 0
      vertex -3.760405965600031 0.6494480483301837 0
    endloop
  endfacet
  facet normal 0 0 -1
    outer loop
      vertex -3.7082039324993685 11.412678195541842 0
      vertex -3.649448048330184 0.7604059656000309 0
      vertex -3.7071067811865475 0.7071067811865476 0
    endloop
  endfacet
  facet normal 0 0 -1
    outer loop
      vertex -3.7082039324993685 11.412678195541842 0
      vertex -3.5877852522924734 0.8090169943749475 0
      vertex -3.649448048330184 0.7604059656000309 0
    endloop
  endfacet
  facet normal 0 0 -1
    outer loop
      vertex -3.7082039324993685 11.412678195541842 0
      vertex -3.522498564715949 0.8526401643540922 0
      vertex -3.5877852522924734 0.8090169943749475 0
    endloop
  endfacet
  facet normal 0 0 -1
    outer loop
      vertex -3.7082039324993685 11.412678195541842 0
      vertex -3.4539904997395467 0.8910065241883679 0
      vertex -3.522498564715949 0.8526401643540922 0
    endloop
  endfacet
  facet normal 0 0 -1
    outer loop
      vertex -3.7082039324993685 11.412678195541842 0
      vertex -3.3826834323650896 0.9238795325112867 0
      vertex -3.4539904997395467 0.8910065241883679 0
    endloop
  endfacet
  facet normal 0 0 -1
    outer loop
      vertex -3.7082039324993685 11.412678195541842 0
      vertex -3.3090169943749475 0.9510565162951535 0
      vertex -3.3826834323650896 0.9238795325112867 0
    endloop
  endfacet
  facet normal 0 0 -1
    outer loop
      vertex -3.7082039324993685 11.412678195541842 0
      vertex -3.2334453638559055 0.9723699203976766 0
      vertex -3.3090169943749475 0.9510565162951535 0
    endloop
  endfacet
  facet normal 0 0 -1
    outer loop
      vertex -2.8013443662708646 11.668439044772118 0
      vertex -2.477501435284051 0.8526401643540922 0
      vertex -2.5460095002604533 0.8910065241883679 0
    endloop
  endfacet
  facet normal 0 0 -1
    outer loop
      vertex -2.8013443662708646 11.668439044772118 0
      vertex -2.5460095002604533 0.8910065241883679 0
      vertex -2.6173165676349104 0.9238795325112867 0
    endloop
  endfacet
  facet normal 0 0 -1
    outer loop
      vertex -1.8772135804827705 11.852260087141653 0
      vertex -2.027630079602323 0.2334453638559054 0
      vertex -2.0489434837048464 0.3090169943749474 0
    endloop
  endfacet
  facet normal 0 0 -1
    outer loop
      vertex -1.8772135804827705 11.852260087141653 0
      vertex -2.0489434837048464 0.3090169943749474 0
      vertex -2.076120467488713 0.3826834323650898 0
    endloop
  endfacet
  facet normal 0 0 -1
    outer loop
      vertex -1.8772135804827705 11.852260087141653 0
      vertex -2.076120467488713 0.3826834323650898 0
      vertex -2.108993475811632 0.45399049973954675 0
    endloop
  endfacet
  facet normal 0 0 -1
    outer loop
      vertex -1.8772135804827705 11.852260087141653 0
      vertex -2.108993475811632 0.45399049973954675 0
      vertex -2.147359835645908 0.5224985647159488 0
    endloop
  endfacet
  facet normal 0 0 -1
    outer loop
      vertex -1.8772135804827705 11.852260087141653 0
      vertex -1.4585548805965147 0.3501680457838581 0
      vertex -1.4815325108927067 0.23465169756034632 0
    endloop
  endfacet
  facet normal 0 0 -1
    outer loop
      vertex -1.8772135804827705 11.852260087141653 0
      vertex -1.4265847744427302 0.46352549156242107 0
      vertex -1.4585548805965147 0.3501680457838581 0
    endloop
  endfacet
  facet normal 0 0 -1
    outer loop
      vertex -1.8772135804827705 11.852260087141653 0
      vertex -2.147359835645908 0.5224985647159488 0
      vertex -2.1909830056250525 0.5877852522924731 0
    endloop
  endfacet
  facet normal 0 0 -1
    outer loop
      vertex -1.8772135804827705 11.852260087141653 0
      vertex -2.1909830056250525 0.5877852522924731 0
      vertex -2.239594034399969 0.6494480483301837 0
    endloop
  endfacet
  facet normal 0 0 -1
    outer loop
      vertex -1.8772135804827705 11.852260087141653 0
      vertex -2.239594034399969 0.6494480483301837 0
      vertex -2.2928932188134525 0.7071067811865476 0
    endloop
  endfacet
  facet normal 0 0 -1
    outer loop
      vertex -1.8772135804827705 11.852260087141653 0
      vertex -2.2928932188134525 0.7071067811865476 0
      vertex -2.350551951669816 0.7604059656000309 0
    endloop
  endfacet
  facet normal 0 0 -1
    outer loop
      vertex -1.8772135804827705 11.852260087141653 0
      vertex -2.350551951669816 0.7604059656000309 0
      vertex -2.4122147477075266 0.8090169943749475 0
    endloop
  endfacet
  facet normal 0 0 -1
    outer loop
      vertex -0.9415091487341394 11.963008004797535 0
      vertex -1.38581929876693 0.5740251485476345 0
      vertex -1.4265847744427302 0.46352549156242107 0
    endloop
  endfacet
  facet normal 0 0 -1
    outer loop
      vertex -2.8013443662708646 11.668439044772118 0
      vertex -3.1564344650402307 0.9876883405951378 0
      vertex -3.2334453638559055 0.9723699203976766 0
    endloop
  endfacet
  facet normal 0 0 -1
    outer loop
      vertex -2.8013443662708646 11.668439044772118 0
      vertex -3.078459095727845 0.996917333733128 0
      vertex -3.1564344650402307 0.9876883405951378 0
    endloop
  endfacet
  facet normal 0 0 -1
    outer loop
      vertex -2.8013443662708646 11.668439044772118 0
      vertex -3 1 0
      vertex -3.078459095727845 0.996917333733128 0
    endloop
  endfacet
  facet normal 0 0 -1
    outer loop
      vertex -2.8013443662708646 11.668439044772118 0
      vertex -2.7665546361440945 0.9723699203976766 0
      vertex -2.8435655349597693 0.9876883405951378 0
    endloop
  endfacet
  facet normal 0 0 -1
    outer loop
      vertex -2.8013443662708646 11.668439044772118 0
      vertex -2.6173165676349104 0.9238795325112867 0
      vertex -2.6909830056250525 0.9510565162951535 0
    endloop
  endfacet
  facet normal 0 0 -1
    outer loop
      vertex -2.8013443662708646 11.668439044772118 0
      vertex -2.6909830056250525 0.9510565162951535 0
      vertex -2.7665546361440945 0.9723699203976766 0
    endloop
  endfacet
  facet normal 0 0 -1
    outer loop
      vertex -2.8013443662708646 11.668439044772118 0
      vertex -2.8435655349597693 0.9876883405951378 0
      vertex -2.921540904272155 0.996917333733128 0
    endloop
  endfacet
  facet normal 0 0 -1
    outer loop
      vertex -2.8013443662708646 11.668439044772118 0
      vertex -2.921540904272155 0.996917333733128 0
      vertex -3 1 0
    endloop
  endfacet
  facet normal 0 0 -1
    outer loop
      vertex -1.8772135804827705 11.852260087141653 0
      vertex -2.4122147477075266 0.8090169943749475 0
      vertex -2.477501435284051 0.8526401643540922 0
    endloop
  endfacet
  facet normal 0 0 -1
    outer loop
      vertex 3.7082039324993685 -11.412678195541842 0
      vertex 3.7082039324993685 11.412678195541842 0
      vertex 4.592201188381077 11.08655439013544 0
    endloop
  endfacet
  facet normal 0 0 -1
    outer loop
      vertex -0.9415091487341394 11.963008004797535 0
      vertex -1.336509786282552 0.6809857496093201 0
      vertex -1.38581929876693 0.5740251485476345 0
    endloop
  endfacet
  facet normal 0 0 -1
    outer loop
      vertex -0.9415091487341394 11.963008004797535 0
      vertex -1.2789602465311383 0.7837478470739232 0
      vertex -1.336509786282552 0.6809857496093201 0
    endloop
  endfacet
  facet normal 0 0 -1
    outer loop
      vertex 1.8772135804827705 -11.852260087141653 0
      vertex 1.8772135804827705 11.852260087141653 0
      vertex 2.8013443662708646 11.668439044772118 0
    endloop
  endfacet
  facet normal 0 0 -1
    outer loop
      vertex 1.8772135804827705 11.852260087141653 0
      vertex 1.5 0 0
      vertex 1.495376000599692 0.11768864359176742 0
    endloop
  endfacet
  facet normal 0 0 -1
    outer loop
      vertex 1.8772135804827705 11.852260087141653 0
      vertex 1.495376000599692 0.11768864359176742 0
      vertex 1.4815325108927067 0.23465169756034632 0
    endloop
  endfacet
  facet normal 0 0 -1
    outer loop
      vertex 2.8013443662708646 -11.668439044772118 0
      vertex 2.8013443662708646 11.668439044772118 0
      vertex 3.7082039324993685 11.412678195541842 0
    endloop
  endfacet
  facet normal 0 0 -1
    outer loop
      vertex 1.8772135804827705 11.852260087141653 0
      vertex 1.4815325108927067 0.23465169756034632 0
      vertex 1.4585548805965147 0.3501680457838581 0
    endloop
  endfacet
  facet normal 0 0 -1
    outer loop
      vertex 1.8772135804827705 11.852260087141653 0
      vertex 1.4585548805965147 0.3501680457838581 0
      vertex 1.4265847744427302 0.46352549156242107 0
    endloop
  endfacet
  facet normal 0 0 -1
    outer loop
      vertex 1.8772135804827705 11.852260087141653 0
      vertex 1.4265847744427302 0.46352549156242107 0
      vertex 1.38581929876693 0.5740251485476346 0
    endloop
  endfacet
  facet normal 0 0 -1
    outer loop
      vertex 1.8772135804827705 11.852260087141653 0
      vertex 1.38581929876693 0.5740251485476346 0
      vertex 1.336509786282552 0.6809857496093201 0
    endloop
  endfacet
  facet normal 0 0 -1
    outer loop
      vertex 1.8772135804827705 11.852260087141653 0
      vertex 1.336509786282552 0.6809857496093201 0
      vertex 1.2789602465311383 0.7837478470739232 0
    endloop
  endfacet
  facet normal 0 0 -1
    outer loop
      vertex 6.269982776591386 -10.231681972249106 0
      vertex 6.616719351365105 10 0
      vertex 7.053423027509678 9.70820393249937 0
    endloop
  endfacet
  facet normal 0 0 -1
    outer loop
      vertex 6.269982776591386 -10.231681972249106 0
      vertex 6.269982776591386 10.231681972249106 0
      vertex 6.616719351365105 10 0
    endloop
  endfacet
  facet normal 0 0 -1
    outer loop
      vertex 4.592201188381077 -11.08655439013544 0
      vertex 4.592201188381077 11.08655439013544 0
      vertex 5.447885996874561 10.692078290260415 0
    endloop
  endfacet
  facet normal 0 0 -1
    outer loop
      vertex 5.447885996874561 -10.692078290260415 0
      vertex 5.447885996874561 10.692078290260415 0
      vertex 6.269982776591386 10.231681972249106 0
    endloop
  endfacet
  facet normal 0 0 -1
    outer loop
      vertex 7.053423027509678 -9.70820393249937 0
      vertex 7.053423027509678 9.70820393249937 0
      vertex 7.793376579962204 9.12487158720037 0
    endloop
  endfacet
  facet normal 0 0 -1
    outer loop
      vertex -0.9415091487341394 11.963008004797535 0
      vertex -1.2135254915624212 0.8816778784387097 0
      vertex -1.2789602465311383 0.7837478470739232 0
    endloop
  endfacet
  facet normal 0 0 -1
    outer loop
      vertex -0.9415091487341394 11.963008004797535 0
      vertex -1.1406089484000463 0.9741720724952755 0
      vertex -1.2135254915624212 0.8816778784387097 0
    endloop
  endfacet
  facet normal 0 0 -1
    outer loop
      vertex -0.9415091487341394 11.963008004797535 0
      vertex -1.0606601717798214 1.0606601717798214 0
      vertex -1.1406089484000463 0.9741720724952755 0
    endloop
  endfacet
  facet normal 0 0 -1
    outer loop
      vertex -0.9415091487341394 11.963008004797535 0
      vertex -0.9741720724952755 1.1406089484000463 0
      vertex -1.0606601717798214 1.0606601717798214 0
    endloop
  endfacet
  facet normal 0 0 -1
    outer loop
      vertex -0.9415091487341394 11.963008004797535 0
      vertex -0.8816778784387097 1.2135254915624212 0
      vertex -0.9741720724952755 1.1406089484000463 0
    endloop
  endfacet
  facet normal 0 0 -1
    outer loop
      vertex -0.9415091487341394 11.963008004797535 0
      vertex -0.7837478470739232 1.2789602465311383 0
      vertex -0.8816778784387097 1.2135254915624212 0
    endloop
  endfacet
  facet normal 0 0 -1
    outer loop
      vertex -0.9415091487341394 11.963008004797535 0
      vertex -0.6809857496093201 1.336509786282552 0
      vertex -0.7837478470739232 1.2789602465311383 0
    endloop
  endfacet
  facet normal 0 0 -1
    outer loop
      vertex 1.8772135804827705 11.852260087141653 0
      vertex 1.2135254915624212 0.8816778784387097 0
      vertex 1.1406089484000463 0.9741720724952755 0
    endloop
  endfacet
  facet normal 0 0 -1
    outer loop
      vertex 1.8772135804827705 11.852260087141653 0
      vertex 1.1406089484000463 0.9741720724952755 0
      vertex 1.0606601717798214 1.0606601717798214 0
    endloop
  endfacet
  facet normal 0 0 -1
    outer loop
      vertex 1.8772135804827705 11.852260087141653 0
      vertex 1.0606601717798214 1.0606601717798214 0
      vertex 0.9741720724952755 1.1406089484000463 0
    endloop
  endfacet
  facet normal 0 0 -1
    outer loop
      vertex 1.8772135804827705 11.852260087141653 0
      vertex 0.9741720724952755 1.1406089484000463 0
      vertex 0.8816778784387097 1.2135254915624212 0
    endloop
  endfacet
  facet normal 0 0 -1
    outer loop
      vertex 0.9415091487341394 11.963008004797535 0
      vertex 0.8816778784387097 1.2135254915624212 0
      vertex 0.7837478470739232 1.2789602465311383 0
    endloop
  endfacet
  facet normal 0 0 -1
    outer loop
      vertex 0.9415091487341394 11.963008004797535 0
      vertex 0.7837478470739232 1.2789602465311383 0
      vertex 0.6809857496093201 1.336509786282552 0
    endloop
  endfacet
  facet normal 0 0 -1
    outer loop
      vertex -0.9415091487341394 11.963008004797535 0
      vertex -0.5740251485476346 1.38581929876693 0
      vertex -0.6809857496093201 1.336509786282552 0
    endloop
  endfacet
  facet normal 0 0 -1
    outer loop
      vertex -0.9415091487341394 11.963008004797535 0
      vertex -0.46352549156242107 1.4265847744427302 0
      vertex -0.5740251485476346 1.38581929876693 0
    endloop
  endfacet
  facet normal 0 0 -1
    outer loop
      vertex 0 12 0
      vertex -0.3501680457838581 1.4585548805965147 0
      vertex -0.46352549156242107 1.4265847744427302 0
    endloop
  endfacet
  facet normal 0 0 -1
    outer loop
      vertex 0 12 0
      vertex -0.23465169756034632 1.4815325108927067 0
      vertex -0.3501680457838581 1.4585548805965147 0
    endloop
  endfacet
  facet normal 0 0 -1
    outer loop
      vertex 0 12 0
      vertex -0.11768864359176742 1.495376000599692 0
      vertex -0.23465169756034632 1.4815325108927067 0
    endloop
  endfacet
  facet normal 0 0 -1
    outer loop
      vertex 0 12 0
      vertex 0 1.5 0
      vertex -0.11768864359176742 1.495376000599692 0
    endloop
  endfacet
  facet normal 0 0 -1
    outer loop
      vertex 0.9415091487341394 11.963008004797535 0
      vertex 0.6809857496093201 1.336509786282552 0
      vertex 0.5740251485476346 1.38581929876693 0
    endloop
  endfacet
  facet normal 0 0 -1
    outer loop
      vertex 0.9415091487341394 11.963008004797535 0
      vertex 0.46352549156242107 1.4265847744427302 0
      vertex 0.3501680457838581 1.4585548805965147 0
    endloop
  endfacet
  facet normal 0 0 -1
    outer loop
      vertex 0.9415091487341394 11.963008004797535 0
      vertex 0.3501680457838581 1.4585548805965147 0
      vertex 0.23465169756034632 1.4815325108927067 0
    endloop
  endfacet
  facet normal 0 0 -1
    outer loop
      vertex 0.9415091487341394 11.963008004797535 0
      vertex 0.5740251485476346 1.38581929876693 0
      vertex 0.46352549156242107 1.4265847744427302 0
    endloop
  endfacet
  facet normal 0 0 -1
    outer loop
      vertex 0.9415091487341394 11.963008004797535 0
      vertex 0.11768864359176742 1.495376000599692 0
      vertex 0 1.5 0
    endloop
  endfacet
  facet normal 0 0 -1
    outer loop
      vertex 0.9415091487341394 11.963008004797535 0
      vertex 0.23465169756034632 1.4815325108927067 0
      vertex 0.11768864359176742 1.495376000599692 0
    endloop
  endfacet
  facet normal 0 0 -1
    outer loop
      vertex 1.8772135804827705 11.852260087141653 0
      vertex 1.2789602465311383 0.7837478470739232 0
      vertex 1.2135254915624212 0.8816778784387097 0
    endloop
  endfacet
  facet normal -0.9624552364536474 0.2714404498650738 0
    outer loop
      vertex -11.668439044772118 2.8013443662708646 0
      vertex -11.412678195541842 3.7082039324993685 4
      vertex -11.412678195541842 3.7082039324993685 0
    endloop
  endfacet
  facet normal -0.938191335922484 0.34611705707749296 0
    outer loop
      vertex -11.412678195541842 3.7082039324993685 0
      vertex -11.08655439013544 4.592201188381077 4
      vertex -11.08655439013544 4.592201188381077 0
    endloop
  endfacet
  facet normal -0.9081431738250819 0.41865973753742647 0
    outer loop
      vertex -11.08655439013544 4.592201188381077 0
      vertex -10.692078290260415 5.447885996874561 4
      vertex -10.692078290260415 5.447885996874561 0
    endloop
  endfacet
  facet normal -0.8724960070727963 0.4886212414969562 0
    outer loop
      vertex -10.692078290260415 5.447885996874561 0
      vertex -10.231681972249106 6.269982776591386 4
      vertex -10.231681972249106 6.269982776591386 0
    endloop
  endfacet
  facet normal 0 0 -1
    outer loop
      vertex 11.963008004797535 -0.9415091487341394 0
      vertex 11.963008004797535 0.9415091487341394 0
      vertex 12 0 0
    endloop
  endfacet
  facet normal 0 0 -1
    outer loop
      vertex 11.852260087141653 -1.8772135804827705 0
      vertex 11.852260087141653 1.8772135804827705 0
      vertex 11.963008004797535 0.9415091487341394 0
    endloop
  endfacet
  facet normal 0 0 -1
    outer loop
      vertex 11.668439044772118 -2.8013443662708646 0
      vertex 11.668439044772118 2.8013443662708646 0
      vertex 11.852260087141653 1.8772135804827705 0
    endloop
  endfacet
  facet normal 0 0 -1
    outer loop
      vertex 11.412678195541842 -3.7082039324993685 0
      vertex 11.412678195541842 3.7082039324993685 0
      vertex 11.668439044772118 2.8013443662708646 0
    endloop
  endfacet
  facet normal 0 0 -1
    outer loop
      vertex 11.08655439013544 -4.592201188381077 0
      vertex 11.08655439013544 4.592201188381077 0
      vertex 11.412678195541842 3.7082039324993685 0
    endloop
  endfacet
  facet normal 0 0 -1
    outer loop
      vertex 10.692078290260415 -5.447885996874561 0
      vertex 10.692078290260415 5.447885996874561 0
      vertex 11.08655439013544 4.592201188381077 0
    endloop
  endfacet
  facet normal 0 0 -1
    outer loop
      vertex 10.231681972249106 -6.269982776591386 0
      vertex 10.231681972249106 6.269982776591386 0
      vertex 10.692078290260415 5.447885996874561 0
    endloop
  endfacet
  facet normal 0 0 -1
    outer loop
      vertex 9.70820393249937 -7.053423027509678 0
      vertex 9.70820393249937 7.053423027509678 0
      vertex 10.231681972249106 6.269982776591386 0
    endloop
  endfacet
  facet normal -0.9992290362407229 0.039259815759069235 0
    outer loop
      vertex -12 0 0
      vertex -12 0 4
      vertex -11.963008004797535 0.9415091487341394 4
    endloop
  endfacet
  facet normal -0.9930684569549264 0.11753739745783645 0
    outer loop
      vertex -11.963008004797535 0.9415091487341394 0
      vertex -11.963008004797535 0.9415091487341394 4
      vertex -11.852260087141653 1.8772135804827705 4
    endloop
  endfacet
  facet normal -0.9807852804032301 0.19509032201613039 0
    outer loop
      vertex -11.852260087141653 1.8772135804827705 0
      vertex -11.852260087141653 1.8772135804827705 4
      vertex -11.668439044772118 2.8013443662708646 4
    endloop
  endfacet
  facet normal -0.9624552364536474 0.2714404498650738 0
    outer loop
      vertex -11.668439044772118 2.8013443662708646 0
      vertex -11.668439044772118 2.8013443662708646 4
      vertex -11.412678195541842 3.7082039324993685 4
    endloop
  endfacet
  facet normal -0.938191335922484 0.34611705707749296 0
    outer loop
      vertex -11.412678195541842 3.7082039324993685 0
      vertex -11.412678195541842 3.7082039324993685 4
      vertex -11.08655439013544 4.592201188381077 4
    endloop
  endfacet
  facet normal -0.9081431738250819 0.41865973753742647 0
    outer loop
      vertex -11.08655439013544 4.592201188381077 0
      vertex -11.08655439013544 4.592201188381077 4
      vertex -10.692078290260415 5.447885996874561 4
    endloop
  endfacet
  facet normal -0.8724960070727963 0.4886212414969562 0
    outer loop
      vertex -10.692078290260415 5.447885996874561 0
      vertex -10.692078290260415 5.447885996874561 4
      vertex -10.231681972249106 6.269982776591386 4
    endloop
  endfacet
  facet normal 0 0 -1
    outer loop
      vertex -3.7082039324993685 11.412678195541842 0
      vertex -2.8013443662708646 11.668439044772118 0
      vertex -3.2334453638559055 0.9723699203976766 0
    endloop
  endfacet
  facet normal 0 0 -1
    outer loop
      vertex -2.8013443662708646 11.668439044772118 0
      vertex -1.8772135804827705 11.852260087141653 0
      vertex -2.477501435284051 0.8526401643540922 0
    endloop
  endfacet
  facet normal 0 0 -1
    outer loop
      vertex -1.8772135804827705 11.852260087141653 0
      vertex -0.9415091487341394 11.963008004797535 0
      vertex -1.4265847744427302 0.46352549156242107 0
    endloop
  endfacet
  facet normal 0 0 -1
    outer loop
      vertex -0.9415091487341394 11.963008004797535 0
      vertex 0 12 0
      vertex -0.46352549156242107 1.4265847744427302 0
    endloop
  endfacet
  facet normal 0 0 -1
    outer loop
      vertex 0.9415091487341394 11.963008004797535 0
      vertex 1.8772135804827705 11.852260087141653 0
      vertex 0.8816778784387097 1.2135254915624212 0
    endloop
  endfacet
  facet normal 0 0 -1
    outer loop
      vertex 0 12 0
      vertex 0.9415091487341394 11.963008004797535 0
      vertex 0 1.5 0
    endloop
  endfacet
  facet normal -0.831469612302546 0.5555702330196012 0
    outer loop
      vertex -10.231681972249106 6.269982776591386 0
      vertex -9.70820393249937 7.053423027509678 4
      vertex -9.70820393249937 7.053423027509678 0
    endloop
  endfacet
  facet normal -0.7853169308807444 0.6190939493098345 0
    outer loop
      vertex -9.70820393249937 7.053423027509678 0
      vertex -9.12487158720037 7.793376579962204 4
      vertex -9.12487158720037 7.793376579962204 0
    endloop
  endfacet
  facet normal -0.7343225094356869 0.6788007455329403 0
    outer loop
      vertex -9.12487158720037 7.793376579962204 0
      vertex -8.485281374238571 8.485281374238571 4
      vertex -8.485281374238571 8.485281374238571 0
    endloop
  endfacet
  facet normal -0.6788007455329403 0.7343225094356869 0
    outer loop
      vertex -8.485281374238571 8.485281374238571 0
      vertex -8.485281374238571 8.485281374238571 4
      vertex -7.793376579962204 9.12487158720037 0
    endloop
  endfacet
  facet normal -0.6190939493098345 0.7853169308807444 0
    outer loop
      vertex -7.793376579962204 9.12487158720037 0
      vertex -7.793376579962204 9.12487158720037 4
      vertex -7.053423027509678 9.70820393249937 0
    endloop
  endfacet
  facet normal -0.5555702330196012 0.831469612302546 0
    outer loop
      vertex -7.053423027509678 9.70820393249937 0
      vertex -7.053423027509678 9.70820393249937 4
      vertex -6.269982776591386 10.231681972249106 0
    endloop
  endfacet
  facet normal -0.4886212414969562 0.8724960070727963 0
    outer loop
      vertex -6.269982776591386 10.231681972249106 0
      vertex -6.269982776591386 10.231681972249106 4
      vertex -5.447885996874561 10.692078290260415 0
    endloop
  endfacet
  facet normal -0.41865973753742647 0.9081431738250819 0
    outer loop
      vertex -5.447885996874561 10.692078290260415 0
      vertex -5.447885996874561 10.692078290260415 4
      vertex -4.592201188381077 11.08655439013544 0
    endloop
  endfacet
  facet normal -0.34611705707749296 0.938191335922484 0
    outer loop
      vertex -4.592201188381077 11.08655439013544 0
      vertex -4.592201188381077 11.08655439013544 4
      vertex -3.7082039324993685 11.412678195541842 0
    endloop
  endfacet
  facet normal -0.2714404498650738 0.9624552364536474 0
    outer loop
      vertex -3.7082039324993685 11.412678195541842 0
      vertex -3.7082039324993685 11.412678195541842 4
      vertex -2.8013443662708646 11.668439044772118 0
    endloop
  endfacet
  facet normal -0.19509032201613039 0.9807852804032301 0
    outer loop
      vertex -2.8013443662708646 11.668439044772118 0
      vertex -2.8013443662708646 11.668439044772118 4
      vertex -1.8772135804827705 11.852260087141653 0
    endloop
  endfacet
  facet normal -0.11753739745783645 0.9930684569549264 0
    outer loop
      vertex -1.8772135804827705 11.852260087141653 0
      vertex -1.8772135804827705 11.852260087141653 4
      vertex -0.9415091487341394 11.963008004797535 0
    endloop
  endfacet
  facet normal 0.5555702330196011 0.831469612302546 0
    outer loop
      vertex 6.616719351365105 10 0
      vertex 6.269982776591386 10.231681972249106 0
      vertex 6.269982776591386 10.231681972249106 4
    endloop
  endfacet
  facet normal -0.039259815759069235 0.9992290362407229 0
    outer loop
      vertex -0.9415091487341394 11.963008004797535 0
      vertex -0.9415091487341394 11.963008004797535 4
      vertex 0 12 0
    endloop
  endfacet
  facet normal 0.039259815759069235 0.9992290362407229 0
    outer loop
      vertex 0 12 0
      vertex 0 12 4
      vertex 0.9415091487341394 11.963008004797535 0
    endloop
  endfacet
  facet normal 0.11753739745783645 0.9930684569549264 0
    outer loop
      vertex 0.9415091487341394 11.963008004797535 0
      vertex 0.9415091487341394 11.963008004797535 4
      vertex 1.8772135804827705 11.852260087141653 0
    endloop
  endfacet
  facet normal 0.34611705707749296 0.938191335922484 0
    outer loop
      vertex 3.7082039324993685 11.412678195541842 0
      vertex 3.7082039324993685 11.412678195541842 4
      vertex 4.592201188381077 11.08655439013544 0
    endloop
  endfacet
  facet normal 0.2714404498650738 0.9624552364536474 0
    outer loop
      vertex 3.7082039324993685 11.412678195541842 0
      vertex 2.8013443662708646 11.668439044772118 0
      vertex 2.8013443662708646 11.668439044772118 4
    endloop
  endfacet
  facet normal 0.19509032201613039 0.9807852804032301 0
    outer loop
      vertex 1.8772135804827705 11.852260087141653 0
      vertex 1.8772135804827705 11.852260087141653 4
      vertex 2.8013443662708646 11.668439044772118 0
    endloop
  endfacet
  facet normal 0.4886212414969562 0.8724960070727963 0
    outer loop
      vertex 6.269982776591386 10.231681972249106 0
      vertex 5.447885996874561 10.692078290260415 0
      vertex 5.447885996874561 10.692078290260415 4
    endloop
  endfacet
  facet normal 0.41865973753742647 0.9081431738250819 0
    outer loop
      vertex 5.447885996874561 10.692078290260415 0
      vertex 4.592201188381077 11.08655439013544 0
      vertex 4.592201188381077 11.08655439013544 4
    endloop
  endfacet
  facet normal -0.831469612302546 0.5555702330196012 0
    outer loop
      vertex -10.231681972249106 6.269982776591386 0
      vertex -10.231681972249106 6.269982776591386 4
      vertex -9.70820393249937 7.053423027509678 4
    endloop
  endfacet
  facet normal -0.7853169308807444 0.6190939493098345 0
    outer loop
      vertex -9.70820393249937 7.053423027509678 0
      vertex -9.70820393249937 7.053423027509678 4
      vertex -9.12487158720037 7.793376579962204 4
    endloop
  endfacet
  facet normal -0.7343225094356869 0.6788007455329403 0
    outer loop
      vertex -9.12487158720037 7.793376579962204 0
      vertex -9.12487158720037 7.793376579962204 4
      vertex -8.485281374238571 8.485281374238571 4
    endloop
  endfacet
  facet normal -0.6788007455329403 0.7343225094356869 0
    outer loop
      vertex -7.793376579962204 9.12487158720037 0
      vertex -8.485281374238571 8.485281374238571 4
      vertex -7.793376579962204 9.12487158720037 4
    endloop
  endfacet
  facet normal -0.6190939493098345 0.7853169308807444 0
    outer loop
      vertex -7.053423027509678 9.70820393249937 0
      vertex -7.793376579962204 9.12487158720037 4
      vertex -7.053423027509678 9.70820393249937 4
    endloop
  endfacet
  facet normal -0.5555702330196012 0.831469612302546 0
    outer loop
      vertex -6.269982776591386 10.231681972249106 0
      vertex -7.053423027509678 9.70820393249937 4
      vertex -6.269982776591386 10.231681972249106 4
    endloop
  endfacet
  facet normal -0.4886212414969562 0.8724960070727963 0
    outer loop
      vertex -5.447885996874561 10.692078290260415 0
      vertex -6.269982776591386 10.231681972249106 4
      vertex -5.447885996874561 10.692078290260415 4
    endloop
  endfacet
  facet normal -0.41865973753742647 0.9081431738250819 0
    outer loop
      vertex -4.592201188381077 11.08655439013544 0
      vertex -5.447885996874561 10.692078290260415 4
      vertex -4.592201188381077 11.08655439013544 4
    endloop
  endfacet
  facet normal -0.34611705707749296 0.938191335922484 0
    outer loop
      vertex -3.7082039324993685 11.412678195541842 0
      vertex -4.592201188381077 11.08655439013544 4
      vertex -3.7082039324993685 11.412678195541842 4
    endloop
  endfacet
  facet normal -0.2714404498650738 0.9624552364536474 0
    outer loop
      vertex -2.8013443662708646 11.668439044772118 0
      vertex -3.7082039324993685 11.412678195541842 4
      vertex -2.8013443662708646 11.668439044772118 4
    endloop
  endfacet
  facet normal -0.19509032201613039 0.9807852804032301 0
    outer loop
      vertex -1.8772135804827705 11.852260087141653 0
      vertex -2.8013443662708646 11.668439044772118 4
      vertex -1.8772135804827705 11.852260087141653 4
    endloop
  endfacet
  facet normal -0.11753739745783645 0.9930684569549264 0
    outer loop
      vertex -0.9415091487341394 11.963008004797535 0
      vertex -1.8772135804827705 11.852260087141653 4
      vertex -0.9415091487341394 11.963008004797535 4
    endloop
  endfacet
  facet normal 0.5555702330196011 0.831469612302546 0
    outer loop
      vertex 6.616719351365105 10 0
      vertex 6.269982776591386 10.231681972249106 4
      vertex 6.616719351365105 10 4
    endloop
  endfacet
  facet normal 0.4886212414969562 0.8724960070727963 0
    outer loop
      vertex 6.269982776591386 10.231681972249106 0
      vertex 5.447885996874561 10.692078290260415 4
      vertex 6.269982776591386 10.231681972249106 4
    endloop
  endfacet
  facet normal -0.039259815759069235 0.9992290362407229 0
    outer loop
      vertex 0 12 0
      vertex -0.9415091487341394 11.963008004797535 4
      vertex 0 12 4
    endloop
  endfacet
  facet normal 0.039259815759069235 0.9992290362407229 0
    outer loop
      vertex 0.9415091487341394 11.963008004797535 0
      vertex 0 12 4
      vertex 0.9415091487341394 11.963008004797535 4
    endloop
  endfacet
  facet normal 0.2714404498650738 0.9624552364536474 0
    outer loop
      vertex 3.7082039324993685 11.412678195541842 0
      vertex 2.8013443662708646 11.668439044772118 4
      vertex 3.7082039324993685 11.412678195541842 4
    endloop
  endfacet
  facet normal 0.19509032201613039 0.9807852804032301 0
    outer loop
      vertex 2.8013443662708646 11.668439044772118 0
      vertex 1.8772135804827705 11.852260087141653 4
      vertex 2.8013443662708646 11.668439044772118 4
    endloop
  endfacet
  facet normal 0.11753739745783645 0.9930684569549264 0
    outer loop
      vertex 1.8772135804827705 11.852260087141653 0
      vertex 0.9415091487341394 11.963008004797535 4
      vertex 1.8772135804827705 11.852260087141653 4
    endloop
  endfacet
  facet normal 0.41865973753742647 0.9081431738250819 0
    outer loop
      vertex 5.447885996874561 10.692078290260415 0
      vertex 4.592201188381077 11.08655439013544 4
      vertex 5.447885996874561 10.692078290260415 4
    endloop
  endfacet
  facet normal 0.34611705707749296 0.938191335922484 0
    outer loop
      vertex 4.592201188381077 11.08655439013544 0
      vertex 3.7082039324993685 11.412678195541842 4
      vertex 4.592201188381077 11.08655439013544 4
    endloop
  endfacet
  facet normal 0 0 1
    outer loop
      vertex -11.963008004797535 -0.9415091487341394 4
      vertex -11.963008004797535 0.9415091487341394 4
      vertex -12 0 4
    endloop
  endfacet
  facet normal 0 0 1
    outer loop
      vertex -11.852260087141653 -1.8772135804827705 4
      vertex -11.852260087141653 1.8772135804827705 4
      vertex -11.963008004797535 0.9415091487341394 4
    endloop
  endfacet
  facet normal 0 0 1
    outer loop
      vertex -11.668439044772118 -2.8013443662708646 4
      vertex -11.668439044772118 2.8013443662708646 4
      vertex -11.852260087141653 1.8772135804827705 4
    endloop
  endfacet
  facet normal 0 0 1
    outer loop
      vertex -11.412678195541842 -3.7082039324993685 4
      vertex -11.412678195541842 3.7082039324993685 4
      vertex -11.668439044772118 2.8013443662708646 4
    endloop
  endfacet
  facet normal 0 0 1
    outer loop
      vertex -11.08655439013544 -4.592201188381077 4
      vertex -11.08655439013544 4.592201188381077 4
      vertex -11.412678195541842 3.7082039324993685 4
    endloop
  endfacet
  facet normal 0 0 1
    outer loop
      vertex -10.692078290260415 -5.447885996874561 4
      vertex -10.692078290260415 5.447885996874561 4
      vertex -11.08655439013544 4.592201188381077 4
    endloop
  endfacet
  facet normal 0 0 1
    outer loop
      vertex -10.231681972249106 -6.269982776591386 4
      vertex -10.231681972249106 6.269982776591386 4
      vertex -10.692078290260415 5.447885996874561 4
    endloop
  endfacet
  facet normal 0 0 1
    outer loop
      vertex -9.70820393249937 -7.053423027509678 4
      vertex -9.70820393249937 7.053423027509678 4
      vertex -10.231681972249106 6.269982776591386 4
    endloop
  endfacet
  facet normal 0 0 1
    outer loop
      vertex -9.12487158720037 -7.793376579962204 4
      vertex -9.12487158720037 7.793376579962204 4
      vertex -9.70820393249937 7.053423027509678 4
    endloop
  endfacet
  facet normal 0 0 1
    outer loop
      vertex -8.485281374238571 -8.485281374238571 4
      vertex -8.485281374238571 8.485281374238571 4
      vertex -9.12487158720037 7.793376579962204 4
    endloop
  endfacet
  facet normal 0 0 1
    outer loop
      vertex -8.485281374238571 8.485281374238571 4
      vertex -8 0 4
      vertex -7.990752001199384 0.23537728718353484 4
    endloop
  endfacet
  facet normal 0 0 1
    outer loop
      vertex -8.485281374238571 8.485281374238571 4
      vertex -7.990752001199384 0.23537728718353484 4
      vertex -7.963065021785413 0.46930339512069263 4
    endloop
  endfacet
  facet normal 0 0 1
    outer loop
      vertex -8.485281374238571 8.485281374238571 4
      vertex -7.963065021785413 0.46930339512069263 4
      vertex -7.9171097611930294 0.7003360915677161 4
    endloop
  endfacet
  facet normal 0 0 1
    outer loop
      vertex -8.485281374238571 8.485281374238571 4
      vertex -7.9171097611930294 0.7003360915677161 4
      vertex -7.853169548885461 0.9270509831248421 4
    endloop
  endfacet
  facet normal 0 0 1
    outer loop
      vertex -8.485281374238571 8.485281374238571 4
      vertex -7.853169548885461 0.9270509831248421 4
      vertex -7.77163859753386 1.1480502970952693 4
    endloop
  endfacet
  facet normal 0 0 1
    outer loop
      vertex -7.793376579962204 9.12487158720037 4
      vertex -7.77163859753386 1.1480502970952693 4
      vertex -7.673019572565104 1.3619714992186402 4
    endloop
  endfacet
  facet normal 0 0 1
    outer loop
      vertex -7.793376579962204 9.12487158720037 4
      vertex -7.673019572565104 1.3619714992186402 4
      vertex -7.5579204930622765 1.5674956941478464 4
    endloop
  endfacet
  facet normal 0 0 1
    outer loop
      vertex -7.793376579962204 9.12487158720037 4
      vertex -7.5579204930622765 1.5674956941478464 4
      vertex -7.427050983124842 1.7633557568774194 4
    endloop
  endfacet
  facet normal 0 0 1
    outer loop
      vertex -7.793376579962204 9.12487158720037 4
      vertex -7.427050983124842 1.7633557568774194 4
      vertex -7.281217896800093 1.948344144990551 4
    endloop
  endfacet
  facet normal 0 0 1
    outer loop
      vertex -7.793376579962204 9.12487158720037 4
      vertex -7.281217896800093 1.948344144990551 4
      vertex -7.121320343559643 2.121320343559643 4
    endloop
  endfacet
  facet normal 0 0 1
    outer loop
      vertex -7.793376579962204 9.12487158720037 4
      vertex -7.121320343559643 2.121320343559643 4
      vertex -6.948344144990551 2.2812178968000927 4
    endloop
  endfacet
  facet normal 0 0 1
    outer loop
      vertex -7.053423027509678 9.70820393249937 4
      vertex -6.948344144990551 2.2812178968000927 4
      vertex -6.763355756877419 2.4270509831248424 4
    endloop
  endfacet
  facet normal 0 0 1
    outer loop
      vertex -7.053423027509678 9.70820393249937 4
      vertex -6.763355756877419 2.4270509831248424 4
      vertex -6.567495694147846 2.5579204930622765 4
    endloop
  endfacet
  facet normal 0 0 1
    outer loop
      vertex -7.053423027509678 9.70820393249937 4
      vertex -6.567495694147846 2.5579204930622765 4
      vertex -6.36197149921864 2.673019572565104 4
    endloop
  endfacet
  facet normal 0 0 1
    outer loop
      vertex -7.053423027509678 9.70820393249937 4
      vertex -6.36197149921864 2.673019572565104 4
      vertex -6.148050297095269 2.77163859753386 4
    endloop
  endfacet
  facet normal 0 0 1
    outer loop
      vertex -6.269982776591386 10.231681972249106 4
      vertex -6.148050297095269 2.77163859753386 4
      vertex -5.927050983124842 2.8531695488854605 4
    endloop
  endfacet
  facet normal 0 0 1
    outer loop
      vertex -6.269982776591386 10.231681972249106 4
      vertex -5.927050983124842 2.8531695488854605 4
      vertex -5.700336091567716 2.9171097611930294 4
    endloop
  endfacet
  facet normal 0 0 1
    outer loop
      vertex -6.269982776591386 10.231681972249106 4
      vertex -5.700336091567716 2.9171097611930294 4
      vertex -5.469303395120693 2.9630650217854133 4
    endloop
  endfacet
  facet normal 0 0 1
    outer loop
      vertex -6.269982776591386 10.231681972249106 4
      vertex -5.469303395120693 2.9630650217854133 4
      vertex -0.5866292439008658 3.7038312772317665 4
    endloop
  endfacet
  facet normal 0 0 1
    outer loop
      vertex 11.412678195541842 3.7082039324993685 4
      vertex 11.08655439013544 4.592201188381077 4
      vertex 11.563193739277693 3.1745160709140854 4
    endloop
  endfacet
  facet normal 0 0 1
    outer loop
      vertex 11.08655439013544 4.592201188381077 4
      vertex 10.692078290260415 5.447885996874561 4
      vertex 11.563193739277693 3.1745160709140854 4
    endloop
  endfacet
  facet normal 0 0 1
    outer loop
      vertex 10.692078290260415 5.447885996874561 4
      vertex 10.231681972249106 6.269982776591386 4
      vertex 11.563193739277693 3.1745160709140854 4
    endloop
  endfacet
  facet normal 0 0 1
    outer loop
      vertex 10.231681972249106 6.269982776591386 4
      vertex 9.70820393249937 7.053423027509678 4
      vertex 11.563193739277693 3.1745160709140854 4
    endloop
  endfacet
  facet normal 0 0 1
    outer loop
      vertex -8.485281374238571 8.485281374238571 4
      vertex -7.77163859753386 1.1480502970952693 4
      vertex -7.793376579962204 9.12487158720037 4
    endloop
  endfacet
  facet normal 0 0 1
    outer loop
      vertex -7.793376579962204 9.12487158720037 4
      vertex -6.948344144990551 2.2812178968000927 4
      vertex -7.053423027509678 9.70820393249937 4
    endloop
  endfacet
  facet normal 0 0 1
    outer loop
      vertex -7.053423027509678 9.70820393249937 4
      vertex -6.148050297095269 2.77163859753386 4
      vertex -6.269982776591386 10.231681972249106 4
    endloop
  endfacet
  facet normal 0 0 1
    outer loop
      vertex -6.269982776591386 10.231681972249106 4
      vertex -0.5866292439008658 3.7038312772317665 4
      vertex -5.447885996874561 10.692078290260415 4
    endloop
  endfacet
  facet normal 0 0 1
    outer loop
      vertex -5.447885996874561 10.692078290260415 4
      vertex -0.5866292439008658 3.7038312772317665 4
      vertex -4.592201188381077 11.08655439013544 4
    endloop
  endfacet
  facet normal 0 0 1
    outer loop
      vertex -4.592201188381077 11.08655439013544 4
      vertex -0.5866292439008658 3.7038312772317665 4
      vertex -3.7082039324993685 11.412678195541842 4
    endloop
  endfacet
  facet normal 0 0 1
    outer loop
      vertex -3.7082039324993685 11.412678195541842 4
      vertex -0.5866292439008658 3.7038312772317665 4
      vertex -2.8013443662708646 11.668439044772118 4
    endloop
  endfacet
  facet normal 0 0 1
    outer loop
      vertex -0.9415091487341394 11.963008004797535 4
      vertex -0.5866292439008658 3.7038312772317665 4
      vertex -0.2942216089794185 3.73844000149923 4
    endloop
  endfacet
  facet normal 0 0 1
    outer loop
      vertex -0.9415091487341394 11.963008004797535 4
      vertex -0.2942216089794185 3.73844000149923 4
      vertex 0 3.75 4
    endloop
  endfacet
  facet normal 0 0 1
    outer loop
      vertex 0 12 4
      vertex 0 3.75 4
      vertex 0.2942216089794185 3.73844000149923 4
    endloop
  endfacet
  facet normal 0 0 1
    outer loop
      vertex 0 12 4
      vertex 0.2942216089794185 3.73844000149923 4
      vertex 11.563193739277693 3.1745160709140854 4
    endloop
  endfacet
  facet normal 0 0 1
    outer loop
      vertex 8.485281374238571 8.485281374238571 4
      vertex 7.793376579962204 9.12487158720037 4
      vertex 11.563193739277693 3.1745160709140854 4
    endloop
  endfacet
  facet normal 0 0 1
    outer loop
      vertex 7.793376579962204 9.12487158720037 4
      vertex 7.053423027509678 9.70820393249937 4
      vertex 11.563193739277693 3.1745160709140854 4
    endloop
  endfacet
  facet normal 0 0 1
    outer loop
      vertex 6.616719351365105 10 4
      vertex 6.269982776591386 10.231681972249106 4
      vertex 11.563193739277693 3.1745160709140854 4
    endloop
  endfacet
  facet normal 0 0 1
    outer loop
      vertex 7.053423027509678 9.70820393249937 4
      vertex 6.616719351365105 10 4
      vertex 11.563193739277693 3.1745160709140854 4
    endloop
  endfacet
  facet normal 0 0 1
    outer loop
      vertex 6.269982776591386 10.231681972249106 4
      vertex 5.447885996874561 10.692078290260415 4
      vertex 11.563193739277693 3.1745160709140854 4
    endloop
  endfacet
  facet normal 0 0 1
    outer loop
      vertex 3.7082039324993685 11.412678195541842 4
      vertex 11.563193739277693 3.1745160709140854 4
      vertex 4.592201188381077 11.08655439013544 4
    endloop
  endfacet
  facet normal 0 0 1
    outer loop
      vertex 0.9415091487341394 11.963008004797535 4
      vertex 11.563193739277693 3.1745160709140854 4
      vertex 1.8772135804827705 11.852260087141653 4
    endloop
  endfacet
  facet normal 0 0 1
    outer loop
      vertex 1.8772135804827705 11.852260087141653 4
      vertex 11.563193739277693 3.1745160709140854 4
      vertex 2.8013443662708646 11.668439044772118 4
    endloop
  endfacet
  facet normal 0 0 1
    outer loop
      vertex 3.7082039324993685 11.412678195541842 4
      vertex 2.8013443662708646 11.668439044772118 4
      vertex 11.563193739277693 3.1745160709140854 4
    endloop
  endfacet
  facet normal 0 0 1
    outer loop
      vertex 5.447885996874561 10.692078290260415 4
      vertex 4.592201188381077 11.08655439013544 4
      vertex 11.563193739277693 3.1745160709140854 4
    endloop
  endfacet
  facet normal 0 0 1
    outer loop
      vertex -2.8013443662708646 11.668439044772118 4
      vertex -0.5866292439008658 3.7038312772317665 4
      vertex -1.8772135804827705 11.852260087141653 4
    endloop
  endfacet
  facet normal 0 0 1
    outer loop
      vertex -1.8772135804827705 11.852260087141653 4
      vertex -0.5866292439008658 3.7038312772317665 4
      vertex -0.9415091487341394 11.963008004797535 4
    endloop
  endfacet
  facet normal 0 0 1
    outer loop
      vertex -0.9415091487341394 11.963008004797535 4
      vertex 0 3.75 4
      vertex 0 12 4
    endloop
  endfacet
  facet normal 0 0 1
    outer loop
      vertex 0 12 4
      vertex 11.563193739277693 3.1745160709140854 4
      vertex 0.9415091487341394 11.963008004797535 4
    endloop
  endfacet
  facet normal 0 0 1
    outer loop
      vertex 9.12487158720037 7.793376579962204 4
      vertex 11.563193739277693 3.1745160709140854 4
      vertex 9.70820393249937 7.053423027509678 4
    endloop
  endfacet
  facet normal 0 0 1
    outer loop
      vertex 9.12487158720037 7.793376579962204 4
      vertex 8.485281374238571 8.485281374238571 4
      vertex 11.563193739277693 3.1745160709140854 4
    endloop
  endfacet
  facet normal 0 -1 0
    outer loop
      vertex 6.616719351365105 -10 0
      vertex 15 -10 0
      vertex 6.616719351365105 -10 4
    endloop
  endfacet
  facet normal 0 0 -1
    outer loop
      vertex 6.616719351365105 -10 0
      vertex 7.053423027509678 -9.70820393249937 0
      vertex 15 -10 0
    endloop
  endfacet
  facet normal 0 0 -1
    outer loop
      vertex 7.053423027509678 -9.70820393249937 0
      vertex 7.793376579962204 -9.12487158720037 0
      vertex 15 -10 0
    endloop
  endfacet
  facet normal 0 0 -1
    outer loop
      vertex 7.793376579962204 -9.12487158720037 0
      vertex 8.485281374238571 -8.485281374238571 0
      vertex 15 -10 0
    endloop
  endfacet
  facet normal 0 0 -1
    outer loop
      vertex 8.485281374238571 -8.485281374238571 0
      vertex 9.12487158720037 -7.793376579962204 0
      vertex 15 -10 0
    endloop
  endfacet
  facet normal 0 0 -1
    outer loop
      vertex 9.12487158720037 -7.793376579962204 0
      vertex 9.70820393249937 -7.053423027509678 0
      vertex 15 -10 0
    endloop
  endfacet
  facet normal 0 0 -1
    outer loop
      vertex 15 -10 0
      vertex 9.70820393249937 -7.053423027509678 0
      vertex 10.231681972249106 -6.269982776591386 0
    endloop
  endfacet
  facet normal 0 0 -1
    outer loop
      vertex 15 -10 0
      vertex 10.231681972249106 -6.269982776591386 0
      vertex 10.692078290260415 -5.447885996874561 0
    endloop
  endfacet
  facet normal 0 0 -1
    outer loop
      vertex 15 -10 0
      vertex 10.692078290260415 -5.447885996874561 0
      vertex 11.08655439013544 -4.592201188381077 0
    endloop
  endfacet
  facet normal 0 0 -1
    outer loop
      vertex 15 -10 0
      vertex 11.08655439013544 -4.592201188381077 0
      vertex 11.412678195541842 -3.7082039324993685 0
    endloop
  endfacet
  facet normal 0 -1 0
    outer loop
      vertex 15 -10 0
      vertex 15 -10 4
      vertex 6.616719351365105 -10 4
    endloop
  endfacet
  facet normal 0 0 -1
    outer loop
      vertex 15 -10 0
      vertex 11.412678195541842 -3.7082039324993685 0
      vertex 11.668439044772118 -2.8013443662708646 0
    endloop
  endfacet
  facet normal 0 0 -1
    outer loop
      vertex 15 -10 0
      vertex 11.668439044772118 -2.8013443662708646 0
      vertex 11.852260087141653 -1.8772135804827705 0
    endloop
  endfacet
  facet normal 0 0 -1
    outer loop
      vertex 15 -10 0
      vertex 19.072949016875157 -2.8531695488854605 0
      vertex 19.299663908432283 -2.9171097611930294 0
    endloop
  endfacet
  facet normal 0 0 -1
    outer loop
      vertex 15 -10 0
      vertex 19.530696604879306 -2.9630650217854133 0
      vertex 19.764622712816465 -2.990752001199384 0
    endloop
  endfacet
  facet normal 0 0 -1
    outer loop
      vertex 15 -10 0
      vertex 19.299663908432283 -2.9171097611930294 0
      vertex 19.530696604879306 -2.9630650217854133 0
    endloop
  endfacet
  facet normal 0 0 -1
    outer loop
      vertex 15 -10 0
      vertex 19.764622712816465 -2.990752001199384 0
      vertex 20 -3 0
    endloop
  endfacet
  facet normal 0 0 -1
    outer loop
      vertex 15 -10 0
      vertex 20 -3 0
      vertex 20.235377287183535 -2.990752001199384 0
    endloop
  endfacet
  facet normal 0 0 -1
    outer loop
      vertex 15 -10 0
      vertex 20.235377287183535 -2.990752001199384 0
      vertex 20.469303395120694 -2.9630650217854133 0
    endloop
  endfacet
  facet normal 0 0 -1
    outer loop
      vertex 15 -10 0
      vertex 20.469303395120694 -2.9630650217854133 0
      vertex 20.700336091567717 -2.9171097611930294 0
    endloop
  endfacet
  facet normal 0 0 -1
    outer loop
      vertex 15 -10 0
      vertex 20.700336091567717 -2.9171097611930294 0
      vertex 20.927050983124843 -2.8531695488854605 0
    endloop
  endfacet
  facet normal 0 0 -1
    outer loop
      vertex 15 -10 0
      vertex 18.63802850078136 -2.673019572565104 0
      vertex 18.85194970290473 -2.77163859753386 0
    endloop
  endfacet
  facet normal 0 0 -1
    outer loop
      vertex 15 -10 0
      vertex 18.432504305852152 -2.5579204930622765 0
      vertex 18.63802850078136 -2.673019572565104 0
    endloop
  endfacet
  facet normal 0 0 -1
    outer loop
      vertex 15 -10 0
      vertex 18.23664424312258 -2.4270509831248424 0
      vertex 18.432504305852152 -2.5579204930622765 0
    endloop
  endfacet
  facet normal 0 0 -1
    outer loop
      vertex 15 -10 0
      vertex 18.05165585500945 -2.2812178968000927 0
      vertex 18.23664424312258 -2.4270509831248424 0
    endloop
  endfacet
  facet normal 0 0 -1
    outer loop
      vertex 15 -10 0
      vertex 17.718782103199906 -1.948344144990551 0
      vertex 17.878679656440358 -2.121320343559643 0
    endloop
  endfacet
  facet normal 0 0 -1
    outer loop
      vertex 15 -10 0
      vertex 17.878679656440358 -2.121320343559643 0
      vertex 18.05165585500945 -2.2812178968000927 0
    endloop
  endfacet
  facet normal 0 0 -1
    outer loop
      vertex 15 -10 0
      vertex 17.572949016875157 -1.7633557568774194 0
      vertex 17.718782103199906 -1.948344144990551 0
    endloop
  endfacet
  facet normal 0 0 -1
    outer loop
      vertex 15 -10 0
      vertex 18.85194970290473 -2.77163859753386 0
      vertex 19.072949016875157 -2.8531695488854605 0
    endloop
  endfacet
  facet normal 0 0 -1
    outer loop
      vertex 15 -10 0
      vertex 20.927050983124843 -2.8531695488854605 0
      vertex 21.14805029709527 -2.77163859753386 0
    endloop
  endfacet
  facet normal 0 0 -1
    outer loop
      vertex 15 -10 0
      vertex 21.14805029709527 -2.77163859753386 0
      vertex 21.36197149921864 -2.673019572565104 0
    endloop
  endfacet
  facet normal 0 0 -1
    outer loop
      vertex 15 -10 0
      vertex 11.852260087141653 -1.8772135804827705 0
      vertex 12.766554636144095 -0.9723699203976766 0
    endloop
  endfacet
  facet normal 0 0 -1
    outer loop
      vertex 15 -10 0
      vertex 12.766554636144095 -0.9723699203976766 0
      vertex 12.843565534959769 -0.9876883405951378 0
    endloop
  endfacet
  facet normal 0 0 -1
    outer loop
      vertex 15 -10 0
      vertex 12.843565534959769 -0.9876883405951378 0
      vertex 12.921540904272154 -0.996917333733128 0
    endloop
  endfacet
  facet normal 0 0 -1
    outer loop
      vertex 15 -10 0
      vertex 12.921540904272154 -0.996917333733128 0
      vertex 13 -1 0
    endloop
  endfacet
  facet normal 0 0 -1
    outer loop
      vertex 15 -10 0
      vertex 13 -1 0
      vertex 13.078459095727846 -0.996917333733128 0
    endloop
  endfacet
  facet normal 0 0 -1
    outer loop
      vertex 15 -10 0
      vertex 13.078459095727846 -0.996917333733128 0
      vertex 13.156434465040231 -0.9876883405951378 0
    endloop
  endfacet
  facet normal 0 0 -1
    outer loop
      vertex 15 -10 0
      vertex 13.156434465040231 -0.9876883405951378 0
      vertex 13.233445363855905 -0.9723699203976766 0
    endloop
  endfacet
  facet normal 0 0 -1
    outer loop
      vertex 15 -10 0
      vertex 13.233445363855905 -0.9723699203976766 0
      vertex 13.309016994374947 -0.9510565162951535 0
    endloop
  endfacet
  facet normal 0 0 -1
    outer loop
      vertex 15 -10 0
      vertex 13.309016994374947 -0.9510565162951535 0
      vertex 13.38268343236509 -0.9238795325112867 0
    endloop
  endfacet
  facet normal 0 0 -1
    outer loop
      vertex 15 -10 0
      vertex 13.38268343236509 -0.9238795325112867 0
      vertex 13.453990499739547 -0.8910065241883679 0
    endloop
  endfacet
  facet normal 0 0 -1
    outer loop
      vertex 15 -10 0
      vertex 13.453990499739547 -0.8910065241883679 0
      vertex 13.52249856471595 -0.8526401643540922 0
    endloop
  endfacet
  facet normal 0 0 -1
    outer loop
      vertex 15 -10 0
      vertex 13.52249856471595 -0.8526401643540922 0
      vertex 13.587785252292473 -0.8090169943749475 0
    endloop
  endfacet
  facet normal 0 0 -1
    outer loop
      vertex 15 -10 0
      vertex 13.587785252292473 -0.8090169943749475 0
      vertex 13.649448048330184 -0.7604059656000309 0
    endloop
  endfacet
  facet normal 0 0 -1
    outer loop
      vertex 15 -10 0
      vertex 13.649448048330184 -0.7604059656000309 0
      vertex 13.707106781186548 -0.7071067811865476 0
    endloop
  endfacet
  facet normal 0 0 -1
    outer loop
      vertex 15 -10 0
      vertex 13.707106781186548 -0.7071067811865476 0
      vertex 13.76040596560003 -0.6494480483301837 0
    endloop
  endfacet
  facet normal 0 0 -1
    outer loop
      vertex 15 -10 0
      vertex 13.76040596560003 -0.6494480483301837 0
      vertex 13.809016994374947 -0.5877852522924731 0
    endloop
  endfacet
  facet normal 0 0 -1
    outer loop
      vertex 15 -10 0
      vertex 13.809016994374947 -0.5877852522924731 0
      vertex 13.852640164354092 -0.5224985647159488 0
    endloop
  endfacet
  facet normal 0 0 -1
    outer loop
      vertex 15 -10 0
      vertex 13.852640164354092 -0.5224985647159488 0
      vertex 13.891006524188368 -0.45399049973954675 0
    endloop
  endfacet
  facet normal 0 0 -1
    outer loop
      vertex 15 -10 0
      vertex 13.891006524188368 -0.45399049973954675 0
      vertex 13.923879532511286 -0.3826834323650898 0
    endloop
  endfacet
  facet normal 0 0 -1
    outer loop
      vertex 15 -10 0
      vertex 13.923879532511286 -0.3826834323650898 0
      vertex 13.951056516295154 -0.3090169943749474 0
    endloop
  endfacet
  facet normal 0 0 -1
    outer loop
      vertex 15 -10 0
      vertex 13.951056516295154 -0.3090169943749474 0
      vertex 13.972369920397677 -0.2334453638559054 0
    endloop
  endfacet
  facet normal 0 0 -1
    outer loop
      vertex 15 -10 0
      vertex 13.972369920397677 -0.2334453638559054 0
      vertex 13.987688340595138 -0.15643446504023087 0
    endloop
  endfacet
  facet normal 0 0 -1
    outer loop
      vertex 15 -10 0
      vertex 13.987688340595138 -0.15643446504023087 0
      vertex 13.996917333733128 -0.07845909572784494 0
    endloop
  endfacet
  facet normal 0 0 -1
    outer loop
      vertex 15 -10 0
      vertex 13.996917333733128 -0.07845909572784494 0
      vertex 14 0 0
    endloop
  endfacet
  facet normal 0 0 -1
    outer loop
      vertex 15 -10 0
      vertex 14 0 0
      vertex 13.996917333733128 0.07845909572784494 0
    endloop
  endfacet
  facet normal 0 0 -1
    outer loop
      vertex 15 -10 0
      vertex 17.442079506937723 -1.5674956941478464 0
      vertex 17.572949016875157 -1.7633557568774194 0
    endloop
  endfacet
  facet normal 0 0 -1
    outer loop
      vertex 15 -10 0
      vertex 17.326980427434897 -1.3619714992186402 0
      vertex 17.442079506937723 -1.5674956941478464 0
    endloop
  endfacet
  facet normal 0 0 -1
    outer loop
      vertex 15 -10 0
      vertex 17.228361402466142 -1.1480502970952693 0
      vertex 17.326980427434897 -1.3619714992186402 0
    endloop
  endfacet
  facet normal 0 0 -1
    outer loop
      vertex 15 -10 0
      vertex 17.14683045111454 -0.9270509831248421 0
      vertex 17.228361402466142 -1.1480502970952693 0
    endloop
  endfacet
  facet normal 0 0 -1
    outer loop
      vertex 15 -10 0
      vertex 17.08289023880697 -0.7003360915677161 0
      vertex 17.14683045111454 -0.9270509831248421 0
    endloop
  endfacet
  facet normal 0 0 -1
    outer loop
      vertex 15 -10 0
      vertex 17.036934978214585 -0.46930339512069263 0
      vertex 17.08289023880697 -0.7003360915677161 0
    endloop
  endfacet
  facet normal 0 0 -1
    outer loop
      vertex 15 -10 0
      vertex 17.009247998800618 -0.23537728718353484 0
      vertex 17.036934978214585 -0.46930339512069263 0
    endloop
  endfacet
  facet normal 0 0 -1
    outer loop
      vertex 15 -10 0
      vertex 17 0 0
      vertex 17.009247998800618 -0.23537728718353484 0
    endloop
  endfacet
  facet normal 0 0 -1
    outer loop
      vertex 15 -10 0
      vertex 21.36197149921864 -2.673019572565104 0
      vertex 36.63802850078136 -2.673019572565104 0
    endloop
  endfacet
  facet normal 0 0 -1
    outer loop
      vertex 15 -10 0
      vertex 37.07294901687516 -2.8531695488854605 0
      vertex 37.29966390843229 -2.9171097611930294 0
    endloop
  endfacet
  facet normal 0 0 -1
    outer loop
      vertex 15 -10 0
      vertex 37.29966390843229 -2.9171097611930294 0
      vertex 37.53069660487931 -2.9630650217854133 0
    endloop
  endfacet
  facet normal 0 0 -1
    outer loop
      vertex 15 -10 0
      vertex 37.53069660487931 -2.9630650217854133 0
      vertex 37.76462271281647 -2.990752001199384 0
    endloop
  endfacet
  facet normal 0 0 -1
    outer loop
      vertex 15 -10 0
      vertex 37.76462271281647 -2.990752001199384 0
      vertex 38 -3 0
    endloop
  endfacet
  facet normal 0 0 -1
    outer loop
      vertex 15 -10 0
      vertex 38 -3 0
      vertex 38.23537728718353 -2.990752001199384 0
    endloop
  endfacet
  facet normal 0 0 -1
    outer loop
      vertex 15 -10 0
      vertex 38.23537728718353 -2.990752001199384 0
      vertex 38.46930339512069 -2.9630650217854133 0
    endloop
  endfacet
  facet normal 0 0 -1
    outer loop
      vertex 15 -10 0
      vertex 36.85194970290473 -2.77163859753386 0
      vertex 37.07294901687516 -2.8531695488854605 0
    endloop
  endfacet
  facet normal 0 0 -1
    outer loop
      vertex 15 -10 0
      vertex 36.63802850078136 -2.673019572565104 0
      vertex 36.85194970290473 -2.77163859753386 0
    endloop
  endfacet
  facet normal 0 0 -1
    outer loop
      vertex 11.852260087141653 -1.8772135804827705 0
      vertex 11.963008004797535 -0.9415091487341394 0
      vertex 12.23959403439997 -0.6494480483301837 0
    endloop
  endfacet
  facet normal 0 0 -1
    outer loop
      vertex 11.852260087141653 -1.8772135804827705 0
      vertex 12.292893218813452 -0.7071067811865476 0
      vertex 12.350551951669816 -0.7604059656000309 0
    endloop
  endfacet
  facet normal 0 0 -1
    outer loop
      vertex 11.852260087141653 -1.8772135804827705 0
      vertex 12.23959403439997 -0.6494480483301837 0
      vertex 12.292893218813452 -0.7071067811865476 0
    endloop
  endfacet
  facet normal 0 0 -1
    outer loop
      vertex 11.852260087141653 -1.8772135804827705 0
      vertex 12.690983005625053 -0.9510565162951535 0
      vertex 12.766554636144095 -0.9723699203976766 0
    endloop
  endfacet
  facet normal 0 0 -1
    outer loop
      vertex 11.852260087141653 -1.8772135804827705 0
      vertex 12.546009500260453 -0.8910065241883679 0
      vertex 12.61731656763491 -0.9238795325112867 0
    endloop
  endfacet
  facet normal 0 0 -1
    outer loop
      vertex 11.852260087141653 -1.8772135804827705 0
      vertex 12.61731656763491 -0.9238795325112867 0
      vertex 12.690983005625053 -0.9510565162951535 0
    endloop
  endfacet
  facet normal 0 0 -1
    outer loop
      vertex 11.852260087141653 -1.8772135804827705 0
      vertex 12.47750143528405 -0.8526401643540922 0
      vertex 12.546009500260453 -0.8910065241883679 0
    endloop
  endfacet
  facet normal 0 0 -1
    outer loop
      vertex 11.852260087141653 -1.8772135804827705 0
      vertex 12.412214747707527 -0.8090169943749475 0
      vertex 12.47750143528405 -0.8526401643540922 0
    endloop
  endfacet
  facet normal 0 0 -1
    outer loop
      vertex 11.852260087141653 -1.8772135804827705 0
      vertex 12.350551951669816 -0.7604059656000309 0
      vertex 12.412214747707527 -0.8090169943749475 0
    endloop
  endfacet
  facet normal 0 0 -1
    outer loop
      vertex 11.963008004797535 -0.9415091487341394 0
      vertex 12.190983005625053 -0.5877852522924731 0
      vertex 12.23959403439997 -0.6494480483301837 0
    endloop
  endfacet
  facet normal 0 0 -1
    outer loop
      vertex 11.963008004797535 -0.9415091487341394 0
      vertex 12.147359835645908 -0.5224985647159488 0
      vertex 12.190983005625053 -0.5877852522924731 0
    endloop
  endfacet
  facet normal 0 0 -1
    outer loop
      vertex 11.963008004797535 -0.9415091487341394 0
      vertex 12.108993475811632 -0.45399049973954675 0
      vertex 12.147359835645908 -0.5224985647159488 0
    endloop
  endfacet
  facet normal 0 0 -1
    outer loop
      vertex 11.963008004797535 -0.9415091487341394 0
      vertex 12.076120467488714 -0.3826834323650898 0
      vertex 12.108993475811632 -0.45399049973954675 0
    endloop
  endfacet
  facet normal 0 0 -1
    outer loop
      vertex 11.963008004797535 -0.9415091487341394 0
      vertex 12.048943483704846 -0.3090169943749474 0
      vertex 12.076120467488714 -0.3826834323650898 0
    endloop
  endfacet
  facet normal 0 0 -1
    outer loop
      vertex 11.963008004797535 -0.9415091487341394 0
      vertex 12.027630079602323 -0.2334453638559054 0
      vertex 12.048943483704846 -0.3090169943749474 0
    endloop
  endfacet
  facet normal 0 0 -1
    outer loop
      vertex 11.963008004797535 -0.9415091487341394 0
      vertex 12.012311659404862 -0.15643446504023087 0
      vertex 12.027630079602323 -0.2334453638559054 0
    endloop
  endfacet
  facet normal 0 0 -1
    outer loop
      vertex 11.963008004797535 -0.9415091487341394 0
      vertex 12.003082666266872 -0.07845909572784494 0
      vertex 12.012311659404862 -0.15643446504023087 0
    endloop
  endfacet
  facet normal 0 0 -1
    outer loop
      vertex 11.963008004797535 -0.9415091487341394 0
      vertex 12 0 0
      vertex 12.003082666266872 -0.07845909572784494 0
    endloop
  endfacet
  facet normal 0 0 -1
    outer loop
      vertex 21.36197149921864 -2.673019572565104 0
      vertex 21.567495694147848 -2.5579204930622765 0
      vertex 36.63802850078136 -2.673019572565104 0
    endloop
  endfacet
  facet normal 0 0 -1
    outer loop
      vertex 21.567495694147848 -2.5579204930622765 0
      vertex 21.76335575687742 -2.4270509831248424 0
      vertex 36.432504305852156 -2.5579204930622765 0
    endloop
  endfacet
  facet normal 0 0 -1
    outer loop
      vertex 21.76335575687742 -2.4270509831248424 0
      vertex 21.94834414499055 -2.2812178968000927 0
      vertex 36.23664424312258 -2.4270509831248424 0
    endloop
  endfacet
  facet normal 0 0 -1
    outer loop
      vertex 21.94834414499055 -2.2812178968000927 0
      vertex 22.121320343559642 -2.121320343559643 0
      vertex 36.05165585500945 -2.2812178968000927 0
    endloop
  endfacet
  facet normal 0 0 -1
    outer loop
      vertex 22.121320343559642 -2.121320343559643 0
      vertex 22.281217896800094 -1.948344144990551 0
      vertex 35.878679656440355 -2.121320343559643 0
    endloop
  endfacet
  facet normal 0 0 -1
    outer loop
      vertex 22.427050983124843 -1.7633557568774194 0
      vertex 35.718782103199906 -1.948344144990551 0
      vertex 22.281217896800094 -1.948344144990551 0
    endloop
  endfacet
  facet normal 0 0 -1
    outer loop
      vertex 22.557920493062277 -1.5674956941478464 0
      vertex 35.57294901687516 -1.7633557568774194 0
      vertex 22.427050983124843 -1.7633557568774194 0
    endloop
  endfacet
  facet normal 0 0 -1
    outer loop
      vertex 22.557920493062277 -1.5674956941478464 0
      vertex 22.673019572565103 -1.3619714992186402 0
      vertex 35.44207950693772 -1.5674956941478464 0
    endloop
  endfacet
  facet normal 0 0 -1
    outer loop
      vertex 22.771638597533858 -1.1480502970952693 0
      vertex 35.3269804274349 -1.3619714992186402 0
      vertex 22.673019572565103 -1.3619714992186402 0
    endloop
  endfacet
  facet normal 0 0 -1
    outer loop
      vertex 22.85316954888546 -0.9270509831248421 0
      vertex 35.22836140246614 -1.1480502970952693 0
      vertex 22.771638597533858 -1.1480502970952693 0
    endloop
  endfacet
  facet normal 0 0 -1
    outer loop
      vertex 22.91710976119303 -0.7003360915677161 0
      vertex 35.14683045111454 -0.9270509831248421 0
      vertex 22.85316954888546 -0.9270509831248421 0
    endloop
  endfacet
  facet normal 0 0 -1
    outer loop
      vertex 22.963065021785415 -0.46930339512069263 0
      vertex 35.08289023880697 -0.7003360915677161 0
      vertex 22.91710976119303 -0.7003360915677161 0
    endloop
  endfacet
  facet normal 0 0 -1
    outer loop
      vertex 22.990752001199382 -0.23537728718353484 0
      vertex 35.03693497821459 -0.46930339512069263 0
      vertex 22.963065021785415 -0.46930339512069263 0
    endloop
  endfacet
  facet normal 0 0 -1
    outer loop
      vertex 22.990752001199382 -0.23537728718353484 0
      vertex 23 0 0
      vertex 35.00924799880062 -0.23537728718353484 0
    endloop
  endfacet
  facet normal 0.029616632039650863 -0.9995613313382166 0
    outer loop
      vertex 15 -10 0
      vertex 142.1885833437359 -6.231449382407825 0
      vertex 15 -10 4
    endloop
  endfacet
  facet normal 0 0 -1
    outer loop
      vertex 15 -10 0
      vertex 38.46930339512069 -2.9630650217854133 0
      vertex 55.53069660487931 -2.9630650217854133 0
    endloop
  endfacet
  facet normal 0 0 -1
    outer loop
      vertex 15 -10 0
      vertex 55.53069660487931 -2.9630650217854133 0
      vertex 55.76462271281647 -2.990752001199384 0
    endloop
  endfacet
  facet normal 0 0 -1
    outer loop
      vertex 15 -10 0
      vertex 55.76462271281647 -2.990752001199384 0
      vertex 56 -3 0
    endloop
  endfacet
  facet normal 0 0 -1
    outer loop
      vertex 21.567495694147848 -2.5579204930622765 0
      vertex 36.432504305852156 -2.5579204930622765 0
      vertex 36.63802850078136 -2.673019572565104 0
    endloop
  endfacet
  facet normal 0 0 -1
    outer loop
      vertex 21.76335575687742 -2.4270509831248424 0
      vertex 36.23664424312258 -2.4270509831248424 0
      vertex 36.432504305852156 -2.5579204930622765 0
    endloop
  endfacet
  facet normal 0 0 -1
    outer loop
      vertex 21.94834414499055 -2.2812178968000927 0
      vertex 36.05165585500945 -2.2812178968000927 0
      vertex 36.23664424312258 -2.4270509831248424 0
    endloop
  endfacet
  facet normal 0 0 -1
    outer loop
      vertex 22.121320343559642 -2.121320343559643 0
      vertex 35.878679656440355 -2.121320343559643 0
      vertex 36.05165585500945 -2.2812178968000927 0
    endloop
  endfacet
  facet normal 0 0 -1
    outer loop
      vertex 22.281217896800094 -1.948344144990551 0
      vertex 35.718782103199906 -1.948344144990551 0
      vertex 35.878679656440355 -2.121320343559643 0
    endloop
  endfacet
  facet normal 0 0 -1
    outer loop
      vertex 22.427050983124843 -1.7633557568774194 0
      vertex 35.57294901687516 -1.7633557568774194 0
      vertex 35.718782103199906 -1.948344144990551 0
    endloop
  endfacet
  facet normal 0 0 -1
    outer loop
      vertex 22.557920493062277 -1.5674956941478464 0
      vertex 35.44207950693772 -1.5674956941478464 0
      vertex 35.57294901687516 -1.7633557568774194 0
    endloop
  endfacet
  facet normal 0 0 -1
    outer loop
      vertex 22.673019572565103 -1.3619714992186402 0
      vertex 35.3269804274349 -1.3619714992186402 0
      vertex 35.44207950693772 -1.5674956941478464 0
    endloop
  endfacet
  facet normal 0 0 -1
    outer loop
      vertex 22.771638597533858 -1.1480502970952693 0
      vertex 35.22836140246614 -1.1480502970952693 0
      vertex 35.3269804274349 -1.3619714992186402 0
    endloop
  endfacet
  facet normal 0 0 -1
    outer loop
      vertex 22.85316954888546 -0.9270509831248421 0
      vertex 35.14683045111454 -0.9270509831248421 0
      vertex 35.22836140246614 -1.1480502970952693 0
    endloop
  endfacet
  facet normal 0 0 -1
    outer loop
      vertex 22.91710976119303 -0.7003360915677161 0
      vertex 35.08289023880697 -0.7003360915677161 0
      vertex 35.14683045111454 -0.9270509831248421 0
    endloop
  endfacet
  facet normal 0 0 -1
    outer loop
      vertex 22.963065021785415 -0.46930339512069263 0
      vertex 35.03693497821459 -0.46930339512069263 0
      vertex 35.08289023880697 -0.7003360915677161 0
    endloop
  endfacet
  facet normal 0 0 -1
    outer loop
      vertex 22.990752001199382 -0.23537728718353484 0
      vertex 35.00924799880062 -0.23537728718353484 0
      vertex 35.03693497821459 -0.46930339512069263 0
    endloop
  endfacet
  facet normal 0 0 -1
    outer loop
      vertex 23 0 0
      vertex 35 0 0
      vertex 35.00924799880062 -0.23537728718353484 0
    endloop
  endfacet
  facet normal 0 0 -1
    outer loop
      vertex 38.46930339512069 -2.9630650217854133 0
      vertex 38.70033609156771 -2.9171097611930294 0
      vertex 55.53069660487931 -2.9630650217854133 0
    endloop
  endfacet
  facet normal 0 0 -1
    outer loop
      vertex 38.70033609156771 -2.9171097611930294 0
      vertex 38.92705098312484 -2.8531695488854605 0
      vertex 55.29966390843229 -2.9171097611930294 0
    endloop
  endfacet
  facet normal 0 0 -1
    outer loop
      vertex 38.92705098312484 -2.8531695488854605 0
      vertex 39.14805029709527 -2.77163859753386 0
      vertex 55.07294901687516 -2.8531695488854605 0
    endloop
  endfacet
  facet normal 0 0 -1
    outer loop
      vertex 39.14805029709527 -2.77163859753386 0
      vertex 39.36197149921864 -2.673019572565104 0
      vertex 54.85194970290473 -2.77163859753386 0
    endloop
  endfacet
  facet normal 0 0 -1
    outer loop
      vertex 39.36197149921864 -2.673019572565104 0
      vertex 39.567495694147844 -2.5579204930622765 0
      vertex 54.63802850078136 -2.673019572565104 0
    endloop
  endfacet
  facet normal 0 0 -1
    outer loop
      vertex 39.567495694147844 -2.5579204930622765 0
      vertex 39.76335575687742 -2.4270509831248424 0
      vertex 54.432504305852156 -2.5579204930622765 0
    endloop
  endfacet
  facet normal 0 0 -1
    outer loop
      vertex 39.76335575687742 -2.4270509831248424 0
      vertex 39.94834414499055 -2.2812178968000927 0
      vertex 54.23664424312258 -2.4270509831248424 0
    endloop
  endfacet
  facet normal 0 0 -1
    outer loop
      vertex 39.94834414499055 -2.2812178968000927 0
      vertex 40.121320343559645 -2.121320343559643 0
      vertex 54.05165585500945 -2.2812178968000927 0
    endloop
  endfacet
  facet normal 0 0 -1
    outer loop
      vertex 40.121320343559645 -2.121320343559643 0
      vertex 40.281217896800094 -1.948344144990551 0
      vertex 53.878679656440355 -2.121320343559643 0
    endloop
  endfacet
  facet normal 0 0 -1
    outer loop
      vertex 40.42705098312484 -1.7633557568774194 0
      vertex 53.718782103199906 -1.948344144990551 0
      vertex 40.281217896800094 -1.948344144990551 0
    endloop
  endfacet
  facet normal 0 0 -1
    outer loop
      vertex 40.55792049306228 -1.5674956941478464 0
      vertex 53.57294901687516 -1.7633557568774194 0
      vertex 40.42705098312484 -1.7633557568774194 0
    endloop
  endfacet
  facet normal 0 0 -1
    outer loop
      vertex 38.92705098312484 -2.8531695488854605 0
      vertex 55.07294901687516 -2.8531695488854605 0
      vertex 55.29966390843229 -2.9171097611930294 0
    endloop
  endfacet
  facet normal 0 0 -1
    outer loop
      vertex 39.14805029709527 -2.77163859753386 0
      vertex 54.85194970290473 -2.77163859753386 0
      vertex 55.07294901687516 -2.8531695488854605 0
    endloop
  endfacet
  facet normal 0 0 -1
    outer loop
      vertex 39.36197149921864 -2.673019572565104 0
      vertex 54.63802850078136 -2.673019572565104 0
      vertex 54.85194970290473 -2.77163859753386 0
    endloop
  endfacet
  facet normal 0 0 -1
    outer loop
      vertex 39.567495694147844 -2.5579204930622765 0
      vertex 54.432504305852156 -2.5579204930622765 0
      vertex 54.63802850078136 -2.673019572565104 0
    endloop
  endfacet
  facet normal 0 0 -1
    outer loop
      vertex 39.76335575687742 -2.4270509831248424 0
      vertex 54.23664424312258 -2.4270509831248424 0
      vertex 54.432504305852156 -2.5579204930622765 0
    endloop
  endfacet
  facet normal 0 0 -1
    outer loop
      vertex 39.94834414499055 -2.2812178968000927 0
      vertex 54.05165585500945 -2.2812178968000927 0
      vertex 54.23664424312258 -2.4270509831248424 0
    endloop
  endfacet
  facet normal 0 0 -1
    outer loop
      vertex 38.70033609156771 -2.9171097611930294 0
      vertex 55.29966390843229 -2.9171097611930294 0
      vertex 55.53069660487931 -2.9630650217854133 0
    endloop
  endfacet
  facet normal 0 0 -1
    outer loop
      vertex 40.121320343559645 -2.121320343559643 0
      vertex 53.878679656440355 -2.121320343559643 0
      vertex 54.05165585500945 -2.2812178968000927 0
    endloop
  endfacet
  facet normal 0 0 -1
    outer loop
      vertex 40.281217896800094 -1.948344144990551 0
      vertex 53.718782103199906 -1.948344144990551 0
      vertex 53.878679656440355 -2.121320343559643 0
    endloop
  endfacet
  facet normal 0 0 -1
    outer loop
      vertex 40.42705098312484 -1.7633557568774194 0
      vertex 53.57294901687516 -1.7633557568774194 0
      vertex 53.718782103199906 -1.948344144990551 0
    endloop
  endfacet
  facet normal 0 0 -1
    outer loop
      vertex 40.55792049306228 -1.5674956941478464 0
      vertex 53.44207950693772 -1.5674956941478464 0
      vertex 53.57294901687516 -1.7633557568774194 0
    endloop
  endfacet
  facet normal 0 0 -1
    outer loop
      vertex 40.55792049306228 -1.5674956941478464 0
      vertex 40.6730195725651 -1.3619714992186402 0
      vertex 53.44207950693772 -1.5674956941478464 0
    endloop
  endfacet
  facet normal 0 0 -1
    outer loop
      vertex 40.77163859753386 -1.1480502970952693 0
      vertex 53.3269804274349 -1.3619714992186402 0
      vertex 40.6730195725651 -1.3619714992186402 0
    endloop
  endfacet
  facet normal 0 0 -1
    outer loop
      vertex 40.85316954888546 -0.9270509831248421 0
      vertex 53.22836140246614 -1.1480502970952693 0
      vertex 40.77163859753386 -1.1480502970952693 0
    endloop
  endfacet
  facet normal 0 0 -1
    outer loop
      vertex 40.91710976119303 -0.7003360915677161 0
      vertex 53.14683045111454 -0.9270509831248421 0
      vertex 40.85316954888546 -0.9270509831248421 0
    endloop
  endfacet
  facet normal 0 0 -1
    outer loop
      vertex 40.96306502178541 -0.46930339512069263 0
      vertex 53.08289023880697 -0.7003360915677161 0
      vertex 40.91710976119303 -0.7003360915677161 0
    endloop
  endfacet
  facet normal 0 0 -1
    outer loop
      vertex 40.99075200119938 -0.23537728718353484 0
      vertex 53.03693497821459 -0.46930339512069263 0
      vertex 40.96306502178541 -0.46930339512069263 0
    endloop
  endfacet
  facet normal 0 0 -1
    outer loop
      vertex 53.00924799880062 -0.23537728718353484 0
      vertex 40.99075200119938 -0.23537728718353484 0
      vertex 41 0 0
    endloop
  endfacet
  facet normal 0 0 -1
    outer loop
      vertex 53.44207950693772 -1.5674956941478464 0
      vertex 40.6730195725651 -1.3619714992186402 0
      vertex 53.3269804274349 -1.3619714992186402 0
    endloop
  endfacet
  facet normal 0 0 -1
    outer loop
      vertex 53.3269804274349 -1.3619714992186402 0
      vertex 40.77163859753386 -1.1480502970952693 0
      vertex 53.22836140246614 -1.1480502970952693 0
    endloop
  endfacet
  facet normal 0 0 -1
    outer loop
      vertex 40.85316954888546 -0.9270509831248421 0
      vertex 53.14683045111454 -0.9270509831248421 0
      vertex 53.22836140246614 -1.1480502970952693 0
    endloop
  endfacet
  facet normal 0 0 -1
    outer loop
      vertex 53.14683045111454 -0.9270509831248421 0
      vertex 40.91710976119303 -0.7003360915677161 0
      vertex 53.08289023880697 -0.7003360915677161 0
    endloop
  endfacet
  facet normal 0 0 -1
    outer loop
      vertex 53.08289023880697 -0.7003360915677161 0
      vertex 40.96306502178541 -0.46930339512069263 0
      vertex 53.03693497821459 -0.46930339512069263 0
    endloop
  endfacet
  facet normal 0 0 -1
    outer loop
      vertex 53.03693497821459 -0.46930339512069263 0
      vertex 40.99075200119938 -0.23537728718353484 0
      vertex 53.00924799880062 -0.23537728718353484 0
    endloop
  endfacet
  facet normal 0 0 -1
    outer loop
      vertex 53.00924799880062 -0.23537728718353484 0
      vertex 41 0 0
      vertex 53 0 0
    endloop
  endfacet
  facet normal 0 0 -1
    outer loop
      vertex 15 -10 0
      vertex 56 -3 0
      vertex 141.08993475811633 -4.5399049973954675 0
    endloop
  endfacet
  facet normal 0 0 -1
    outer loop
      vertex 56.46930339512069 -2.9630650217854133 0
      vertex 56.70033609156771 -2.9171097611930294 0
      vertex 73.53069660487931 -2.9630650217854133 0
    endloop
  endfacet
  facet normal 0 0 -1
    outer loop
      vertex 56.70033609156771 -2.9171097611930294 0
      vertex 56.92705098312484 -2.8531695488854605 0
      vertex 73.29966390843228 -2.9171097611930294 0
    endloop
  endfacet
  facet normal 0 0 -1
    outer loop
      vertex 56.92705098312484 -2.8531695488854605 0
      vertex 57.14805029709527 -2.77163859753386 0
      vertex 73.07294901687516 -2.8531695488854605 0
    endloop
  endfacet
  facet normal 0 0 -1
    outer loop
      vertex 57.14805029709527 -2.77163859753386 0
      vertex 57.36197149921864 -2.673019572565104 0
      vertex 72.85194970290473 -2.77163859753386 0
    endloop
  endfacet
  facet normal 0 0 -1
    outer loop
      vertex 57.36197149921864 -2.673019572565104 0
      vertex 57.567495694147844 -2.5579204930622765 0
      vertex 72.63802850078136 -2.673019572565104 0
    endloop
  endfacet
  facet normal 0 0 -1
    outer loop
      vertex 57.567495694147844 -2.5579204930622765 0
      vertex 57.76335575687742 -2.4270509831248424 0
      vertex 72.43250430585215 -2.5579204930622765 0
    endloop
  endfacet
  facet normal 0 0 -1
    outer loop
      vertex 57.76335575687742 -2.4270509831248424 0
      vertex 57.94834414499055 -2.2812178968000927 0
      vertex 72.23664424312258 -2.4270509831248424 0
    endloop
  endfacet
  facet normal 0 0 -1
    outer loop
      vertex 57.94834414499055 -2.2812178968000927 0
      vertex 58.121320343559645 -2.121320343559643 0
      vertex 72.05165585500944 -2.2812178968000927 0
    endloop
  endfacet
  facet normal 0 0 -1
    outer loop
      vertex 58.121320343559645 -2.121320343559643 0
      vertex 58.281217896800094 -1.948344144990551 0
      vertex 71.87867965644035 -2.121320343559643 0
    endloop
  endfacet
  facet normal 0 0 -1
    outer loop
      vertex 58.42705098312484 -1.7633557568774194 0
      vertex 71.71878210319991 -1.948344144990551 0
      vertex 58.281217896800094 -1.948344144990551 0
    endloop
  endfacet
  facet normal 0 0 -1
    outer loop
      vertex 58.55792049306228 -1.5674956941478464 0
      vertex 71.57294901687516 -1.7633557568774194 0
      vertex 58.42705098312484 -1.7633557568774194 0
    endloop
  endfacet
  facet normal 0 0 -1
    outer loop
      vertex 58.55792049306228 -1.5674956941478464 0
      vertex 58.6730195725651 -1.3619714992186402 0
      vertex 71.44207950693772 -1.5674956941478464 0
    endloop
  endfacet
  facet normal 0 0 -1
    outer loop
      vertex 58.77163859753386 -1.1480502970952693 0
      vertex 71.32698042743489 -1.3619714992186402 0
      vertex 58.6730195725651 -1.3619714992186402 0
    endloop
  endfacet
  facet normal 0 0 -1
    outer loop
      vertex 58.85316954888546 -0.9270509831248421 0
      vertex 71.22836140246613 -1.1480502970952693 0
      vertex 58.77163859753386 -1.1480502970952693 0
    endloop
  endfacet
  facet normal 0 0 -1
    outer loop
      vertex 58.91710976119303 -0.7003360915677161 0
      vertex 71.14683045111454 -0.9270509831248421 0
      vertex 58.85316954888546 -0.9270509831248421 0
    endloop
  endfacet
  facet normal 0 0 -1
    outer loop
      vertex 58.96306502178541 -0.46930339512069263 0
      vertex 71.08289023880697 -0.7003360915677161 0
      vertex 58.91710976119303 -0.7003360915677161 0
    endloop
  endfacet
  facet normal 0 0 -1
    outer loop
      vertex 58.99075200119938 -0.23537728718353484 0
      vertex 71.03693497821459 -0.46930339512069263 0
      vertex 58.96306502178541 -0.46930339512069263 0
    endloop
  endfacet
  facet normal 0 0 -1
    outer loop
      vertex 71.00924799880062 -0.23537728718353484 0
      vertex 58.99075200119938 -0.23537728718353484 0
      vertex 59 0 0
    endloop
  endfacet
  facet normal 0 0 -1
    outer loop
      vertex 56.46930339512069 -2.9630650217854133 0
      vertex 73.53069660487931 -2.9630650217854133 0
      vertex 73.76462271281646 -2.990752001199384 0
    endloop
  endfacet
  facet normal 0 0 -1
    outer loop
      vertex 56.70033609156771 -2.9171097611930294 0
      vertex 73.29966390843228 -2.9171097611930294 0
      vertex 73.53069660487931 -2.9630650217854133 0
    endloop
  endfacet
  facet normal 0 0 -1
    outer loop
      vertex 73.07294901687516 -2.8531695488854605 0
      vertex 73.29966390843228 -2.9171097611930294 0
      vertex 56.92705098312484 -2.8531695488854605 0
    endloop
  endfacet
  facet normal 0 0 -1
    outer loop
      vertex 56.46930339512069 -2.9630650217854133 0
      vertex 73.76462271281646 -2.990752001199384 0
      vertex 74 -3 0
    endloop
  endfacet
  facet normal 0 0 -1
    outer loop
      vertex 57.14805029709527 -2.77163859753386 0
      vertex 72.85194970290473 -2.77163859753386 0
      vertex 73.07294901687516 -2.8531695488854605 0
    endloop
  endfacet
  facet normal 0 0 -1
    outer loop
      vertex 57.36197149921864 -2.673019572565104 0
      vertex 72.63802850078136 -2.673019572565104 0
      vertex 72.85194970290473 -2.77163859753386 0
    endloop
  endfacet
  facet normal 0 0 -1
    outer loop
      vertex 72.43250430585215 -2.5579204930622765 0
      vertex 72.63802850078136 -2.673019572565104 0
      vertex 57.567495694147844 -2.5579204930622765 0
    endloop
  endfacet
  facet normal 0 0 -1
    outer loop
      vertex 72.23664424312258 -2.4270509831248424 0
      vertex 72.43250430585215 -2.5579204930622765 0
      vertex 57.76335575687742 -2.4270509831248424 0
    endloop
  endfacet
  facet normal 0 0 -1
    outer loop
      vertex 72.05165585500944 -2.2812178968000927 0
      vertex 72.23664424312258 -2.4270509831248424 0
      vertex 57.94834414499055 -2.2812178968000927 0
    endloop
  endfacet
  facet normal 0 0 -1
    outer loop
      vertex 58.121320343559645 -2.121320343559643 0
      vertex 71.87867965644035 -2.121320343559643 0
      vertex 72.05165585500944 -2.2812178968000927 0
    endloop
  endfacet
  facet normal 0 0 -1
    outer loop
      vertex 71.87867965644035 -2.121320343559643 0
      vertex 58.281217896800094 -1.948344144990551 0
      vertex 71.71878210319991 -1.948344144990551 0
    endloop
  endfacet
  facet normal 0 0 -1
    outer loop
      vertex 71.71878210319991 -1.948344144990551 0
      vertex 58.42705098312484 -1.7633557568774194 0
      vertex 71.57294901687516 -1.7633557568774194 0
    endloop
  endfacet
  facet normal 0 0 -1
    outer loop
      vertex 58.55792049306228 -1.5674956941478464 0
      vertex 71.44207950693772 -1.5674956941478464 0
      vertex 71.57294901687516 -1.7633557568774194 0
    endloop
  endfacet
  facet normal 0 0 -1
    outer loop
      vertex 71.44207950693772 -1.5674956941478464 0
      vertex 58.6730195725651 -1.3619714992186402 0
      vertex 71.32698042743489 -1.3619714992186402 0
    endloop
  endfacet
  facet normal 0 0 -1
    outer loop
      vertex 71.32698042743489 -1.3619714992186402 0
      vertex 58.77163859753386 -1.1480502970952693 0
      vertex 71.22836140246613 -1.1480502970952693 0
    endloop
  endfacet
  facet normal 0 0 -1
    outer loop
      vertex 58.85316954888546 -0.9270509831248421 0
      vertex 71.14683045111454 -0.9270509831248421 0
      vertex 71.22836140246613 -1.1480502970952693 0
    endloop
  endfacet
  facet normal 0 0 -1
    outer loop
      vertex 71.14683045111454 -0.9270509831248421 0
      vertex 58.91710976119303 -0.7003360915677161 0
      vertex 71.08289023880697 -0.7003360915677161 0
    endloop
  endfacet
  facet normal 0 0 -1
    outer loop
      vertex 71.08289023880697 -0.7003360915677161 0
      vertex 58.96306502178541 -0.46930339512069263 0
      vertex 71.03693497821459 -0.46930339512069263 0
    endloop
  endfacet
  facet normal 0 0 -1
    outer loop
      vertex 71.03693497821459 -0.46930339512069263 0
      vertex 58.99075200119938 -0.23537728718353484 0
      vertex 71.00924799880062 -0.23537728718353484 0
    endloop
  endfacet
  facet normal 0 0 -1
    outer loop
      vertex 71.00924799880062 -0.23537728718353484 0
      vertex 59 0 0
      vertex 71 0 0
    endloop
  endfacet
  facet normal 0 0 1
    outer loop
      vertex 6.616719351365105 -10 4
      vertex 15 -10 4
      vertex 7.053423027509678 -9.70820393249937 4
    endloop
  endfacet
  facet normal 0 0 1
    outer loop
      vertex 7.053423027509678 -9.70820393249937 4
      vertex 15 -10 4
      vertex 7.793376579962204 -9.12487158720037 4
    endloop
  endfacet
  facet normal 0 0 1
    outer loop
      vertex 7.793376579962204 -9.12487158720037 4
      vertex 72.23664424312258 -2.4270509831248424 4
      vertex 8.485281374238571 -8.485281374238571 4
    endloop
  endfacet
  facet normal 0 0 1
    outer loop
      vertex 8.485281374238571 -8.485281374238571 4
      vertex 71.87867965644035 -2.121320343559643 4
      vertex 9.12487158720037 -7.793376579962204 4
    endloop
  endfacet
  facet normal 0 0 1
    outer loop
      vertex 11.412678195541842 -3.7082039324993685 4
      vertex 15.235377287183535 -2.990752001199384 4
      vertex 11.563193739277693 -3.1745160709140854 4
    endloop
  endfacet
  facet normal 0 0 1
    outer loop
      vertex 10.692078290260415 -5.447885996874561 4
      vertex 36.85194970290473 -2.77163859753386 4
      vertex 11.08655439013544 -4.592201188381077 4
    endloop
  endfacet
  facet normal 0 0 1
    outer loop
      vertex 11.412678195541842 -3.7082039324993685 4
      vertex 19.530696604879306 -2.9630650217854133 4
      vertex 15.235377287183535 -2.990752001199384 4
    endloop
  endfacet
  facet normal 0 0 1
    outer loop
      vertex 11.412678195541842 -3.7082039324993685 4
      vertex 19.764622712816465 -2.990752001199384 4
      vertex 19.530696604879306 -2.9630650217854133 4
    endloop
  endfacet
  facet normal 0 0 1
    outer loop
      vertex 11.412678195541842 -3.7082039324993685 4
      vertex 20 -3 4
      vertex 19.764622712816465 -2.990752001199384 4
    endloop
  endfacet
  facet normal 0 0 1
    outer loop
      vertex 11.412678195541842 -3.7082039324993685 4
      vertex 20.235377287183535 -2.990752001199384 4
      vertex 20 -3 4
    endloop
  endfacet
  facet normal 0 0 1
    outer loop
      vertex 11.08655439013544 -4.592201188381077 4
      vertex 36.23664424312258 -2.4270509831248424 4
      vertex 11.412678195541842 -3.7082039324993685 4
    endloop
  endfacet
  facet normal 0 0 1
    outer loop
      vertex 9.12487158720037 -7.793376579962204 4
      vertex 55.53069660487931 -2.9630650217854133 4
      vertex 9.70820393249937 -7.053423027509678 4
    endloop
  endfacet
  facet normal 0 0 1
    outer loop
      vertex 9.70820393249937 -7.053423027509678 4
      vertex 55.07294901687516 -2.8531695488854605 4
      vertex 10.231681972249106 -6.269982776591386 4
    endloop
  endfacet
  facet normal 0 0 1
    outer loop
      vertex 10.231681972249106 -6.269982776591386 4
      vertex 54.432504305852156 -2.5579204930622765 4
      vertex 10.692078290260415 -5.447885996874561 4
    endloop
  endfacet
  facet normal 0 0 1
    outer loop
      vertex 10.692078290260415 -5.447885996874561 4
      vertex 37.53069660487931 -2.9630650217854133 4
      vertex 37.29966390843229 -2.9171097611930294 4
    endloop
  endfacet
  facet normal 0 0 1
    outer loop
      vertex 10.692078290260415 -5.447885996874561 4
      vertex 37.76462271281647 -2.990752001199384 4
      vertex 37.53069660487931 -2.9630650217854133 4
    endloop
  endfacet
  facet normal 0 0 1
    outer loop
      vertex 10.692078290260415 -5.447885996874561 4
      vertex 38 -3 4
      vertex 37.76462271281647 -2.990752001199384 4
    endloop
  endfacet
  facet normal 0 0 1
    outer loop
      vertex 10.692078290260415 -5.447885996874561 4
      vertex 38.23537728718353 -2.990752001199384 4
      vertex 38 -3 4
    endloop
  endfacet
  facet normal 0 0 1
    outer loop
      vertex 10.692078290260415 -5.447885996874561 4
      vertex 37.07294901687516 -2.8531695488854605 4
      vertex 36.85194970290473 -2.77163859753386 4
    endloop
  endfacet
  facet normal 0 0 1
    outer loop
      vertex 11.08655439013544 -4.592201188381077 4
      vertex 36.85194970290473 -2.77163859753386 4
      vertex 36.63802850078136 -2.673019572565104 4
    endloop
  endfacet
  facet normal 0 0 1
    outer loop
      vertex 11.08655439013544 -4.592201188381077 4
      vertex 36.432504305852156 -2.5579204930622765 4
      vertex 36.23664424312258 -2.4270509831248424 4
    endloop
  endfacet
  facet normal 0 0 1
    outer loop
      vertex 11.08655439013544 -4.592201188381077 4
      vertex 36.63802850078136 -2.673019572565104 4
      vertex 36.432504305852156 -2.5579204930622765 4
    endloop
  endfacet
  facet normal 0 0 1
    outer loop
      vertex 10.692078290260415 -5.447885996874561 4
      vertex 37.29966390843229 -2.9171097611930294 4
      vertex 37.07294901687516 -2.8531695488854605 4
    endloop
  endfacet
  facet normal 0 0 1
    outer loop
      vertex 19.530696604879306 -2.9630650217854133 4
      vertex 15.469303395120694 -2.9630650217854133 4
      vertex 15.235377287183535 -2.990752001199384 4
    endloop
  endfacet
  facet normal 0 0 1
    outer loop
      vertex 15.700336091567717 -2.9171097611930294 4
      vertex 15.469303395120694 -2.9630650217854133 4
      vertex 19.299663908432283 -2.9171097611930294 4
    endloop
  endfacet
  facet normal 0 0 1
    outer loop
      vertex 15.927050983124841 -2.8531695488854605 4
      vertex 15.700336091567717 -2.9171097611930294 4
      vertex 19.072949016875157 -2.8531695488854605 4
    endloop
  endfacet
  facet normal 0 0 1
    outer loop
      vertex 15.927050983124841 -2.8531695488854605 4
      vertex 18.85194970290473 -2.77163859753386 4
      vertex 16.14805029709527 -2.77163859753386 4
    endloop
  endfacet
  facet normal 0 0 1
    outer loop
      vertex 16.36197149921864 -2.673019572565104 4
      vertex 16.14805029709527 -2.77163859753386 4
      vertex 18.63802850078136 -2.673019572565104 4
    endloop
  endfacet
  facet normal 0 0 1
    outer loop
      vertex 16.36197149921864 -2.673019572565104 4
      vertex 18.432504305852152 -2.5579204930622765 4
      vertex 16.567495694147848 -2.5579204930622765 4
    endloop
  endfacet
  facet normal 0 0 1
    outer loop
      vertex 18.23664424312258 -2.4270509831248424 4
      vertex 16.76335575687742 -2.4270509831248424 4
      vertex 16.567495694147848 -2.5579204930622765 4
    endloop
  endfacet
  facet normal 0 0 1
    outer loop
      vertex 18.05165585500945 -2.2812178968000927 4
      vertex 16.94834414499055 -2.2812178968000927 4
      vertex 16.76335575687742 -2.4270509831248424 4
    endloop
  endfacet
  facet normal 0 0 1
    outer loop
      vertex 19.530696604879306 -2.9630650217854133 4
      vertex 19.299663908432283 -2.9171097611930294 4
      vertex 15.469303395120694 -2.9630650217854133 4
    endloop
  endfacet
  facet normal 0 0 1
    outer loop
      vertex 19.299663908432283 -2.9171097611930294 4
      vertex 19.072949016875157 -2.8531695488854605 4
      vertex 15.700336091567717 -2.9171097611930294 4
    endloop
  endfacet
  facet normal 0 0 1
    outer loop
      vertex 19.072949016875157 -2.8531695488854605 4
      vertex 18.85194970290473 -2.77163859753386 4
      vertex 15.927050983124841 -2.8531695488854605 4
    endloop
  endfacet
  facet normal 0 0 1
    outer loop
      vertex 18.85194970290473 -2.77163859753386 4
      vertex 18.63802850078136 -2.673019572565104 4
      vertex 16.14805029709527 -2.77163859753386 4
    endloop
  endfacet
  facet normal 0 0 1
    outer loop
      vertex 18.63802850078136 -2.673019572565104 4
      vertex 18.432504305852152 -2.5579204930622765 4
      vertex 16.36197149921864 -2.673019572565104 4
    endloop
  endfacet
  facet normal 0 0 1
    outer loop
      vertex 18.432504305852152 -2.5579204930622765 4
      vertex 18.23664424312258 -2.4270509831248424 4
      vertex 16.567495694147848 -2.5579204930622765 4
    endloop
  endfacet
  facet normal 0 0 1
    outer loop
      vertex 18.23664424312258 -2.4270509831248424 4
      vertex 18.05165585500945 -2.2812178968000927 4
      vertex 16.76335575687742 -2.4270509831248424 4
    endloop
  endfacet
  facet normal 0 0 1
    outer loop
      vertex 16.94834414499055 -2.2812178968000927 4
      vertex 17.878679656440358 -2.121320343559643 4
      vertex 17.121320343559642 -2.121320343559643 4
    endloop
  endfacet
  facet normal 0 0 1
    outer loop
      vertex 17.281217896800094 -1.948344144990551 4
      vertex 17.121320343559642 -2.121320343559643 4
      vertex 17.718782103199906 -1.948344144990551 4
    endloop
  endfacet
  facet normal 0 0 1
    outer loop
      vertex 17.572949016875157 -1.7633557568774194 4
      vertex 17.281217896800094 -1.948344144990551 4
      vertex 17.718782103199906 -1.948344144990551 4
    endloop
  endfacet
  facet normal 0 0 1
    outer loop
      vertex 17.281217896800094 -1.948344144990551 4
      vertex 17.572949016875157 -1.7633557568774194 4
      vertex 17.427050983124843 -1.7633557568774194 4
    endloop
  endfacet
  facet normal 0 0 1
    outer loop
      vertex 17.572949016875157 -1.7633557568774194 4
      vertex 17.5 -1.6541798378412769 4
      vertex 17.427050983124843 -1.7633557568774194 4
    endloop
  endfacet
  facet normal 0 0 1
    outer loop
      vertex 18.05165585500945 -2.2812178968000927 4
      vertex 17.878679656440358 -2.121320343559643 4
      vertex 16.94834414499055 -2.2812178968000927 4
    endloop
  endfacet
  facet normal 0 0 1
    outer loop
      vertex 17.718782103199906 -1.948344144990551 4
      vertex 17.121320343559642 -2.121320343559643 4
      vertex 17.878679656440358 -2.121320343559643 4
    endloop
  endfacet
  facet normal 0 0 1
    outer loop
      vertex 11.412678195541842 -3.7082039324993685 4
      vertex 35.878679656440355 -2.121320343559643 4
      vertex 20.235377287183535 -2.990752001199384 4
    endloop
  endfacet
  facet normal 0 0 1
    outer loop
      vertex 35.878679656440355 -2.121320343559643 4
      vertex 20.469303395120694 -2.9630650217854133 4
      vertex 20.235377287183535 -2.990752001199384 4
    endloop
  endfacet
  facet normal 0 0 1
    outer loop
      vertex 35.878679656440355 -2.121320343559643 4
      vertex 20.700336091567717 -2.9171097611930294 4
      vertex 20.469303395120694 -2.9630650217854133 4
    endloop
  endfacet
  facet normal 0 0 1
    outer loop
      vertex 35.878679656440355 -2.121320343559643 4
      vertex 20.927050983124843 -2.8531695488854605 4
      vertex 20.700336091567717 -2.9171097611930294 4
    endloop
  endfacet
  facet normal 0 0 1
    outer loop
      vertex 11.412678195541842 -3.7082039324993685 4
      vertex 36.23664424312258 -2.4270509831248424 4
      vertex 36.05165585500945 -2.2812178968000927 4
    endloop
  endfacet
  facet normal 0 0 1
    outer loop
      vertex 11.412678195541842 -3.7082039324993685 4
      vertex 36.05165585500945 -2.2812178968000927 4
      vertex 35.878679656440355 -2.121320343559643 4
    endloop
  endfacet
  facet normal 0 0 1
    outer loop
      vertex 35.878679656440355 -2.121320343559643 4
      vertex 21.14805029709527 -2.77163859753386 4
      vertex 20.927050983124843 -2.8531695488854605 4
    endloop
  endfacet
  facet normal 0 0 1
    outer loop
      vertex 35.878679656440355 -2.121320343559643 4
      vertex 21.36197149921864 -2.673019572565104 4
      vertex 21.14805029709527 -2.77163859753386 4
    endloop
  endfacet
  facet normal 0 0 1
    outer loop
      vertex 35.878679656440355 -2.121320343559643 4
      vertex 21.567495694147848 -2.5579204930622765 4
      vertex 21.36197149921864 -2.673019572565104 4
    endloop
  endfacet
  facet normal 0 0 1
    outer loop
      vertex 35.878679656440355 -2.121320343559643 4
      vertex 21.76335575687742 -2.4270509831248424 4
      vertex 21.567495694147848 -2.5579204930622765 4
    endloop
  endfacet
  facet normal 0 0 1
    outer loop
      vertex 35.878679656440355 -2.121320343559643 4
      vertex 21.94834414499055 -2.2812178968000927 4
      vertex 21.76335575687742 -2.4270509831248424 4
    endloop
  endfacet
  facet normal 0 0 1
    outer loop
      vertex 35.3269804274349 -1.3619714992186402 4
      vertex 22.121320343559642 -2.121320343559643 4
      vertex 21.94834414499055 -2.2812178968000927 4
    endloop
  endfacet
  facet normal 0 0 1
    outer loop
      vertex 35.3269804274349 -1.3619714992186402 4
      vertex 22.281217896800094 -1.948344144990551 4
      vertex 22.121320343559642 -2.121320343559643 4
    endloop
  endfacet
  facet normal 0 0 1
    outer loop
      vertex 35.3269804274349 -1.3619714992186402 4
      vertex 22.427050983124843 -1.7633557568774194 4
      vertex 22.281217896800094 -1.948344144990551 4
    endloop
  endfacet
  facet normal 0 0 1
    outer loop
      vertex 35.3269804274349 -1.3619714992186402 4
      vertex 22.557920493062277 -1.5674956941478464 4
      vertex 22.427050983124843 -1.7633557568774194 4
    endloop
  endfacet
  facet normal 0 0 1
    outer loop
      vertex 21.94834414499055 -2.2812178968000927 4
      vertex 35.57294901687516 -1.7633557568774194 4
      vertex 35.44207950693772 -1.5674956941478464 4
    endloop
  endfacet
  facet normal 0 0 1
    outer loop
      vertex 21.94834414499055 -2.2812178968000927 4
      vertex 35.44207950693772 -1.5674956941478464 4
      vertex 35.3269804274349 -1.3619714992186402 4
    endloop
  endfacet
  facet normal 0 0 1
    outer loop
      vertex 22.673019572565103 -1.3619714992186402 4
      vertex 22.557920493062277 -1.5674956941478464 4
      vertex 35.22836140246614 -1.1480502970952693 4
    endloop
  endfacet
  facet normal 0 0 1
    outer loop
      vertex 22.673019572565103 -1.3619714992186402 4
      vertex 35.08289023880697 -0.7003360915677161 4
      vertex 22.771638597533858 -1.1480502970952693 4
    endloop
  endfacet
  facet normal 0 0 1
    outer loop
      vertex 35.08289023880697 -0.7003360915677161 4
      vertex 22.85316954888546 -0.9270509831248421 4
      vertex 22.771638597533858 -1.1480502970952693 4
    endloop
  endfacet
  facet normal 0 0 1
    outer loop
      vertex 35.08289023880697 -0.7003360915677161 4
      vertex 22.91710976119303 -0.7003360915677161 4
      vertex 22.85316954888546 -0.9270509831248421 4
    endloop
  endfacet
  facet normal 0 0 1
    outer loop
      vertex 35.08289023880697 -0.7003360915677161 4
      vertex 22.673019572565103 -1.3619714992186402 4
      vertex 35.14683045111454 -0.9270509831248421 4
    endloop
  endfacet
  facet normal 0 0 1
    outer loop
      vertex 22.91710976119303 -0.7003360915677161 4
      vertex 35.00924799880062 0.23537728718353484 4
      vertex 22.963065021785415 -0.46930339512069263 4
    endloop
  endfacet
  facet normal 0 0 1
    outer loop
      vertex 35.00924799880062 0.23537728718353484 4
      vertex 22.990752001199382 -0.23537728718353484 4
      vertex 22.963065021785415 -0.46930339512069263 4
    endloop
  endfacet
  facet normal 0 0 1
    outer loop
      vertex 22.91710976119303 -0.7003360915677161 4
      vertex 35.03693497821459 -0.46930339512069263 4
      vertex 35.00924799880062 -0.23537728718353484 4
    endloop
  endfacet
  facet normal 0 0 1
    outer loop
      vertex 22.91710976119303 -0.7003360915677161 4
      vertex 35.00924799880062 -0.23537728718353484 4
      vertex 35 0 4
    endloop
  endfacet
  facet normal 0 0 1
    outer loop
      vertex 22.91710976119303 -0.7003360915677161 4
      vertex 35 0 4
      vertex 35.00924799880062 0.23537728718353484 4
    endloop
  endfacet
  facet normal 0 0 1
    outer loop
      vertex 7.793376579962204 -9.12487158720037 4
      vertex 15 -10 4
      vertex 72.23664424312258 -2.4270509831248424 4
    endloop
  endfacet
  facet normal 0 0 1
    outer loop
      vertex 9.12487158720037 -7.793376579962204 4
      vertex 56 -3 4
      vertex 55.76462271281647 -2.990752001199384 4
    endloop
  endfacet
  facet normal 0 0 1
    outer loop
      vertex 9.12487158720037 -7.793376579962204 4
      vertex 55.76462271281647 -2.990752001199384 4
      vertex 55.53069660487931 -2.9630650217854133 4
    endloop
  endfacet
  facet normal 0 0 1
    outer loop
      vertex 9.12487158720037 -7.793376579962204 4
      vertex 56.23537728718353 -2.990752001199384 4
      vertex 56 -3 4
    endloop
  endfacet
  facet normal 0 0 1
    outer loop
      vertex 10.692078290260415 -5.447885996874561 4
      vertex 53.878679656440355 -2.121320343559643 4
      vertex 38.23537728718353 -2.990752001199384 4
    endloop
  endfacet
  facet normal 0 0 1
    outer loop
      vertex 9.70820393249937 -7.053423027509678 4
      vertex 55.29966390843229 -2.9171097611930294 4
      vertex 55.07294901687516 -2.8531695488854605 4
    endloop
  endfacet
  facet normal 0 0 1
    outer loop
      vertex 9.70820393249937 -7.053423027509678 4
      vertex 55.53069660487931 -2.9630650217854133 4
      vertex 55.29966390843229 -2.9171097611930294 4
    endloop
  endfacet
  facet normal 0 0 1
    outer loop
      vertex 10.231681972249106 -6.269982776591386 4
      vertex 55.07294901687516 -2.8531695488854605 4
      vertex 54.85194970290473 -2.77163859753386 4
    endloop
  endfacet
  facet normal 0 0 1
    outer loop
      vertex 10.231681972249106 -6.269982776591386 4
      vertex 54.85194970290473 -2.77163859753386 4
      vertex 54.63802850078136 -2.673019572565104 4
    endloop
  endfacet
  facet normal 0 0 1
    outer loop
      vertex 10.231681972249106 -6.269982776591386 4
      vertex 54.63802850078136 -2.673019572565104 4
      vertex 54.432504305852156 -2.5579204930622765 4
    endloop
  endfacet
  facet normal 0 0 1
    outer loop
      vertex 10.692078290260415 -5.447885996874561 4
      vertex 54.23664424312258 -2.4270509831248424 4
      vertex 54.05165585500945 -2.2812178968000927 4
    endloop
  endfacet
  facet normal 0 0 1
    outer loop
      vertex 10.692078290260415 -5.447885996874561 4
      vertex 54.432504305852156 -2.5579204930622765 4
      vertex 54.23664424312258 -2.4270509831248424 4
    endloop
  endfacet
  facet normal 0 0 1
    outer loop
      vertex 10.692078290260415 -5.447885996874561 4
      vertex 54.05165585500945 -2.2812178968000927 4
      vertex 53.878679656440355 -2.121320343559643 4
    endloop
  endfacet
  facet normal 0 0 1
    outer loop
      vertex 9.12487158720037 -7.793376579962204 4
      vertex 71.57294901687516 -1.7633557568774194 4
      vertex 56.23537728718353 -2.990752001199384 4
    endloop
  endfacet
  facet normal 0 0 1
    outer loop
      vertex 8.485281374238571 -8.485281374238571 4
      vertex 72.23664424312258 -2.4270509831248424 4
      vertex 72.05165585500944 -2.2812178968000927 4
    endloop
  endfacet
  facet normal 0 0 1
    outer loop
      vertex 8.485281374238571 -8.485281374238571 4
      vertex 72.05165585500944 -2.2812178968000927 4
      vertex 71.87867965644035 -2.121320343559643 4
    endloop
  endfacet
  facet normal 0 0 1
    outer loop
      vertex 9.12487158720037 -7.793376579962204 4
      vertex 71.87867965644035 -2.121320343559643 4
      vertex 71.71878210319991 -1.948344144990551 4
    endloop
  endfacet
  facet normal 0 0 1
    outer loop
      vertex 9.12487158720037 -7.793376579962204 4
      vertex 71.71878210319991 -1.948344144990551 4
      vertex 71.57294901687516 -1.7633557568774194 4
    endloop
  endfacet
  facet normal 0 0 1
    outer loop
      vertex 21.94834414499055 -2.2812178968000927 4
      vertex 35.878679656440355 -2.121320343559643 4
      vertex 35.718782103199906 -1.948344144990551 4
    endloop
  endfacet
  facet normal 0 0 1
    outer loop
      vertex 21.94834414499055 -2.2812178968000927 4
      vertex 35.718782103199906 -1.948344144990551 4
      vertex 35.57294901687516 -1.7633557568774194 4
    endloop
  endfacet
  facet normal 0 0 1
    outer loop
      vertex 22.557920493062277 -1.5674956941478464 4
      vertex 35.3269804274349 -1.3619714992186402 4
      vertex 35.22836140246614 -1.1480502970952693 4
    endloop
  endfacet
  facet normal 0 0 1
    outer loop
      vertex 22.673019572565103 -1.3619714992186402 4
      vertex 35.22836140246614 -1.1480502970952693 4
      vertex 35.14683045111454 -0.9270509831248421 4
    endloop
  endfacet
  facet normal 0 0 1
    outer loop
      vertex 22.91710976119303 -0.7003360915677161 4
      vertex 35.08289023880697 -0.7003360915677161 4
      vertex 35.03693497821459 -0.46930339512069263 4
    endloop
  endfacet
  facet normal 0 0 1
    outer loop
      vertex 53.878679656440355 -2.121320343559643 4
      vertex 38.46930339512069 -2.9630650217854133 4
      vertex 38.23537728718353 -2.990752001199384 4
    endloop
  endfacet
  facet normal 0 0 1
    outer loop
      vertex 53.878679656440355 -2.121320343559643 4
      vertex 38.70033609156771 -2.9171097611930294 4
      vertex 38.46930339512069 -2.9630650217854133 4
    endloop
  endfacet
  facet normal 0 0 1
    outer loop
      vertex 53.878679656440355 -2.121320343559643 4
      vertex 38.92705098312484 -2.8531695488854605 4
      vertex 38.70033609156771 -2.9171097611930294 4
    endloop
  endfacet
  facet normal 0 0 1
    outer loop
      vertex 53.878679656440355 -2.121320343559643 4
      vertex 39.14805029709527 -2.77163859753386 4
      vertex 38.92705098312484 -2.8531695488854605 4
    endloop
  endfacet
  facet normal 0 0 1
    outer loop
      vertex 53.878679656440355 -2.121320343559643 4
      vertex 39.36197149921864 -2.673019572565104 4
      vertex 39.14805029709527 -2.77163859753386 4
    endloop
  endfacet
  facet normal 0 0 1
    outer loop
      vertex 53.44207950693772 -1.5674956941478464 4
      vertex 39.567495694147844 -2.5579204930622765 4
      vertex 39.36197149921864 -2.673019572565104 4
    endloop
  endfacet
  facet normal 0 0 1
    outer loop
      vertex 53.44207950693772 -1.5674956941478464 4
      vertex 39.76335575687742 -2.4270509831248424 4
      vertex 39.567495694147844 -2.5579204930622765 4
    endloop
  endfacet
  facet normal 0 0 1
    outer loop
      vertex 53.44207950693772 -1.5674956941478464 4
      vertex 39.94834414499055 -2.2812178968000927 4
      vertex 39.76335575687742 -2.4270509831248424 4
    endloop
  endfacet
  facet normal 0 0 1
    outer loop
      vertex 40.121320343559645 -2.121320343559643 4
      vertex 39.94834414499055 -2.2812178968000927 4
      vertex 53.44207950693772 -1.5674956941478464 4
    endloop
  endfacet
  facet normal 0 0 1
    outer loop
      vertex 40.121320343559645 -2.121320343559643 4
      vertex 53.44207950693772 -1.5674956941478464 4
      vertex 40.281217896800094 -1.948344144990551 4
    endloop
  endfacet
  facet normal 0 0 1
    outer loop
      vertex 40.281217896800094 -1.948344144990551 4
      vertex 53.14683045111454 -0.9270509831248421 4
      vertex 40.42705098312484 -1.7633557568774194 4
    endloop
  endfacet
  facet normal 0 0 1
    outer loop
      vertex 39.36197149921864 -2.673019572565104 4
      vertex 53.878679656440355 -2.121320343559643 4
      vertex 53.718782103199906 -1.948344144990551 4
    endloop
  endfacet
  facet normal 0 0 1
    outer loop
      vertex 39.36197149921864 -2.673019572565104 4
      vertex 53.718782103199906 -1.948344144990551 4
      vertex 53.57294901687516 -1.7633557568774194 4
    endloop
  endfacet
  facet normal 0 0 1
    outer loop
      vertex 39.36197149921864 -2.673019572565104 4
      vertex 53.57294901687516 -1.7633557568774194 4
      vertex 53.44207950693772 -1.5674956941478464 4
    endloop
  endfacet
  facet normal 0 0 1
    outer loop
      vertex 40.281217896800094 -1.948344144990551 4
      vertex 53.44207950693772 -1.5674956941478464 4
      vertex 53.3269804274349 -1.3619714992186402 4
    endloop
  endfacet
  facet normal 0 0 1
    outer loop
      vertex 53.14683045111454 -0.9270509831248421 4
      vertex 40.55792049306228 -1.5674956941478464 4
      vertex 40.42705098312484 -1.7633557568774194 4
    endloop
  endfacet
  facet normal 0 0 1
    outer loop
      vertex 53.14683045111454 -0.9270509831248421 4
      vertex 40.6730195725651 -1.3619714992186402 4
      vertex 40.55792049306228 -1.5674956941478464 4
    endloop
  endfacet
  facet normal 0 0 1
    outer loop
      vertex 40.6730195725651 -1.3619714992186402 4
      vertex 53.00924799880062 -0.23537728718353484 4
      vertex 40.77163859753386 -1.1480502970952693 4
    endloop
  endfacet
  facet normal 0 0 1
    outer loop
      vertex 53.00924799880062 -0.23537728718353484 4
      vertex 40.85316954888546 -0.9270509831248421 4
      vertex 40.77163859753386 -1.1480502970952693 4
    endloop
  endfacet
  facet normal 0 0 1
    outer loop
      vertex 53.00924799880062 -0.23537728718353484 4
      vertex 40.91710976119303 -0.7003360915677161 4
      vertex 40.85316954888546 -0.9270509831248421 4
    endloop
  endfacet
  facet normal 0 0 1
    outer loop
      vertex 53.00924799880062 -0.23537728718353484 4
      vertex 40.96306502178541 -0.46930339512069263 4
      vertex 40.91710976119303 -0.7003360915677161 4
    endloop
  endfacet
  facet normal 0 0 1
    outer loop
      vertex 40.96306502178541 -0.46930339512069263 4
      vertex 53.00924799880062 0.23537728718353484 4
      vertex 40.99075200119938 -0.23537728718353484 4
    endloop
  endfacet
  facet normal 0 0 1
    outer loop
      vertex 40.281217896800094 -1.948344144990551 4
      vertex 53.3269804274349 -1.3619714992186402 4
      vertex 53.22836140246614 -1.1480502970952693 4
    endloop
  endfacet
  facet normal 0 0 1
    outer loop
      vertex 40.281217896800094 -1.948344144990551 4
      vertex 53.22836140246614 -1.1480502970952693 4
      vertex 53.14683045111454 -0.9270509831248421 4
    endloop
  endfacet
  facet normal 0 0 1
    outer loop
      vertex 40.6730195725651 -1.3619714992186402 4
      vertex 53.14683045111454 -0.9270509831248421 4
      vertex 53.08289023880697 -0.7003360915677161 4
    endloop
  endfacet
  facet normal 0 0 1
    outer loop
      vertex 40.6730195725651 -1.3619714992186402 4
      vertex 53.08289023880697 -0.7003360915677161 4
      vertex 53.03693497821459 -0.46930339512069263 4
    endloop
  endfacet
  facet normal 0 0 1
    outer loop
      vertex 40.6730195725651 -1.3619714992186402 4
      vertex 53.03693497821459 -0.46930339512069263 4
      vertex 53.00924799880062 -0.23537728718353484 4
    endloop
  endfacet
  facet normal 0 0 1
    outer loop
      vertex 40.96306502178541 -0.46930339512069263 4
      vertex 53.00924799880062 -0.23537728718353484 4
      vertex 53 0 4
    endloop
  endfacet
  facet normal 0 0 1
    outer loop
      vertex 40.96306502178541 -0.46930339512069263 4
      vertex 53 0 4
      vertex 53.00924799880062 0.23537728718353484 4
    endloop
  endfacet
  facet normal 0 0 1
    outer loop
      vertex 15 -10 4
      vertex 73.29966390843228 -2.9171097611930294 4
      vertex 73.07294901687516 -2.8531695488854605 4
    endloop
  endfacet
  facet normal 0 0 1
    outer loop
      vertex 15 -10 4
      vertex 73.76462271281646 -2.990752001199384 4
      vertex 73.53069660487931 -2.9630650217854133 4
    endloop
  endfacet
  facet normal 0 0 1
    outer loop
      vertex 15 -10 4
      vertex 73.53069660487931 -2.9630650217854133 4
      vertex 73.29966390843228 -2.9171097611930294 4
    endloop
  endfacet
  facet normal 0 0 1
    outer loop
      vertex 15 -10 4
      vertex 74 -3 4
      vertex 73.76462271281646 -2.990752001199384 4
    endloop
  endfacet
  facet normal 0 0 1
    outer loop
      vertex 15 -10 4
      vertex 74.23537728718354 -2.990752001199384 4
      vertex 74 -3 4
    endloop
  endfacet
  facet normal 0 0 1
    outer loop
      vertex 15 -10 4
      vertex 73.07294901687516 -2.8531695488854605 4
      vertex 72.85194970290473 -2.77163859753386 4
    endloop
  endfacet
  facet normal 0 0 1
    outer loop
      vertex 15 -10 4
      vertex 72.85194970290473 -2.77163859753386 4
      vertex 72.63802850078136 -2.673019572565104 4
    endloop
  endfacet
  facet normal 0 0 1
    outer loop
      vertex 15 -10 4
      vertex 72.63802850078136 -2.673019572565104 4
      vertex 72.43250430585215 -2.5579204930622765 4
    endloop
  endfacet
  facet normal 0 0 1
    outer loop
      vertex 15 -10 4
      vertex 72.43250430585215 -2.5579204930622765 4
      vertex 72.23664424312258 -2.4270509831248424 4
    endloop
  endfacet
  facet normal 0 0 1
    outer loop
      vertex 15 -10 4
      vertex 89.32698042743489 -1.3619714992186402 4
      vertex 74.23537728718354 -2.990752001199384 4
    endloop
  endfacet
  facet normal 0 0 1
    outer loop
      vertex 15 -10 4
      vertex 91.29966390843228 -2.9171097611930294 4
      vertex 91.07294901687516 -2.8531695488854605 4
    endloop
  endfacet
  facet normal 0 0 1
    outer loop
      vertex 15 -10 4
      vertex 91.76462271281646 -2.990752001199384 4
      vertex 91.53069660487931 -2.9630650217854133 4
    endloop
  endfacet
  facet normal 0 0 1
    outer loop
      vertex 15 -10 4
      vertex 92 -3 4
      vertex 91.76462271281646 -2.990752001199384 4
    endloop
  endfacet
  facet normal 0 0 1
    outer loop
      vertex 15 -10 4
      vertex 91.53069660487931 -2.9630650217854133 4
      vertex 91.29966390843228 -2.9171097611930294 4
    endloop
  endfacet
  facet normal 0 0 1
    outer loop
      vertex 15 -10 4
      vertex 92.23537728718354 -2.990752001199384 4
      vertex 92 -3 4
    endloop
  endfacet
  facet normal 0 0 1
    outer loop
      vertex 15 -10 4
      vertex 91.07294901687516 -2.8531695488854605 4
      vertex 90.85194970290473 -2.77163859753386 4
    endloop
  endfacet
  facet normal 0 0 1
    outer loop
      vertex 15 -10 4
      vertex 90.85194970290473 -2.77163859753386 4
      vertex 90.63802850078136 -2.673019572565104 4
    endloop
  endfacet
  facet normal 0 0 1
    outer loop
      vertex 15 -10 4
      vertex 90.63802850078136 -2.673019572565104 4
      vertex 90.43250430585215 -2.5579204930622765 4
    endloop
  endfacet
  facet normal 0 0 1
    outer loop
      vertex 15 -10 4
      vertex 90.43250430585215 -2.5579204930622765 4
      vertex 90.23664424312258 -2.4270509831248424 4
    endloop
  endfacet
  facet normal 0 0 1
    outer loop
      vertex 15 -10 4
      vertex 90.23664424312258 -2.4270509831248424 4
      vertex 90.05165585500944 -2.2812178968000927 4
    endloop
  endfacet
  facet normal 0 0 1
    outer loop
      vertex 15 -10 4
      vertex 90.05165585500944 -2.2812178968000927 4
      vertex 89.87867965644035 -2.121320343559643 4
    endloop
  endfacet
  facet normal 0 0 1
    outer loop
      vertex 15 -10 4
      vertex 89.87867965644035 -2.121320343559643 4
      vertex 89.71878210319991 -1.948344144990551 4
    endloop
  endfacet
  facet normal 0 0 1
    outer loop
      vertex 15 -10 4
      vertex 89.71878210319991 -1.948344144990551 4
      vertex 89.57294901687516 -1.7633557568774194 4
    endloop
  endfacet
  facet normal 0 0 1
    outer loop
      vertex 15 -10 4
      vertex 89.44207950693772 -1.5674956941478464 4
      vertex 89.32698042743489 -1.3619714992186402 4
    endloop
  endfacet
  facet normal 0 0 1
    outer loop
      vertex 15 -10 4
      vertex 89.57294901687516 -1.7633557568774194 4
      vertex 89.44207950693772 -1.5674956941478464 4
    endloop
  endfacet
  facet normal 0 0 1
    outer loop
      vertex 71.57294901687516 -1.7633557568774194 4
      vertex 56.46930339512069 -2.9630650217854133 4
      vertex 56.23537728718353 -2.990752001199384 4
    endloop
  endfacet
  facet normal 0 0 1
    outer loop
      vertex 71.57294901687516 -1.7633557568774194 4
      vertex 56.70033609156771 -2.9171097611930294 4
      vertex 56.46930339512069 -2.9630650217854133 4
    endloop
  endfacet
  facet normal 0 0 1
    outer loop
      vertex 71.44207950693772 -1.5674956941478464 4
      vertex 56.92705098312484 -2.8531695488854605 4
      vertex 56.70033609156771 -2.9171097611930294 4
    endloop
  endfacet
  facet normal 0 0 1
    outer loop
      vertex 71.44207950693772 -1.5674956941478464 4
      vertex 57.14805029709527 -2.77163859753386 4
      vertex 56.92705098312484 -2.8531695488854605 4
    endloop
  endfacet
  facet normal 0 0 1
    outer loop
      vertex 71.44207950693772 -1.5674956941478464 4
      vertex 57.36197149921864 -2.673019572565104 4
      vertex 57.14805029709527 -2.77163859753386 4
    endloop
  endfacet
  facet normal 0 0 1
    outer loop
      vertex 71.44207950693772 -1.5674956941478464 4
      vertex 57.567495694147844 -2.5579204930622765 4
      vertex 57.36197149921864 -2.673019572565104 4
    endloop
  endfacet
  facet normal 0 0 1
    outer loop
      vertex 57.76335575687742 -2.4270509831248424 4
      vertex 57.567495694147844 -2.5579204930622765 4
      vertex 71.32698042743489 -1.3619714992186402 4
    endloop
  endfacet
  facet normal 0 0 1
    outer loop
      vertex 71.22836140246613 -1.1480502970952693 4
      vertex 57.94834414499055 -2.2812178968000927 4
      vertex 57.76335575687742 -2.4270509831248424 4
    endloop
  endfacet
  facet normal 0 0 1
    outer loop
      vertex 71.22836140246613 -1.1480502970952693 4
      vertex 58.121320343559645 -2.121320343559643 4
      vertex 57.94834414499055 -2.2812178968000927 4
    endloop
  endfacet
  facet normal 0 0 1
    outer loop
      vertex 71.22836140246613 -1.1480502970952693 4
      vertex 58.281217896800094 -1.948344144990551 4
      vertex 58.121320343559645 -2.121320343559643 4
    endloop
  endfacet
  facet normal 0 0 1
    outer loop
      vertex 58.281217896800094 -1.948344144990551 4
      vertex 71.08289023880697 -0.7003360915677161 4
      vertex 58.42705098312484 -1.7633557568774194 4
    endloop
  endfacet
  facet normal 0 0 1
    outer loop
      vertex 71.08289023880697 -0.7003360915677161 4
      vertex 58.55792049306228 -1.5674956941478464 4
      vertex 58.42705098312484 -1.7633557568774194 4
    endloop
  endfacet
  facet normal 0 0 1
    outer loop
      vertex 71.08289023880697 -0.7003360915677161 4
      vertex 58.6730195725651 -1.3619714992186402 4
      vertex 58.55792049306228 -1.5674956941478464 4
    endloop
  endfacet
  facet normal 0 0 1
    outer loop
      vertex 58.6730195725651 -1.3619714992186402 4
      vertex 71.00924799880062 -0.23537728718353484 4
      vertex 58.77163859753386 -1.1480502970952693 4
    endloop
  endfacet
  facet normal 0 0 1
    outer loop
      vertex 71.00924799880062 -0.23537728718353484 4
      vertex 58.85316954888546 -0.9270509831248421 4
      vertex 58.77163859753386 -1.1480502970952693 4
    endloop
  endfacet
  facet normal 0 0 1
    outer loop
      vertex 71.00924799880062 -0.23537728718353484 4
      vertex 58.91710976119303 -0.7003360915677161 4
      vertex 58.85316954888546 -0.9270509831248421 4
    endloop
  endfacet
  facet normal 0 0 1
    outer loop
      vertex 58.91710976119303 -0.7003360915677161 4
      vertex 71.00924799880062 0.23537728718353484 4
      vertex 58.96306502178541 -0.46930339512069263 4
    endloop
  endfacet
  facet normal 0 0 1
    outer loop
      vertex 71.00924799880062 0.23537728718353484 4
      vertex 58.99075200119938 -0.23537728718353484 4
      vertex 58.96306502178541 -0.46930339512069263 4
    endloop
  endfacet
  facet normal 0 0 1
    outer loop
      vertex 56.70033609156771 -2.9171097611930294 4
      vertex 71.57294901687516 -1.7633557568774194 4
      vertex 71.44207950693772 -1.5674956941478464 4
    endloop
  endfacet
  facet normal 0 0 1
    outer loop
      vertex 57.567495694147844 -2.5579204930622765 4
      vertex 71.44207950693772 -1.5674956941478464 4
      vertex 71.32698042743489 -1.3619714992186402 4
    endloop
  endfacet
  facet normal 0 0 1
    outer loop
      vertex 57.76335575687742 -2.4270509831248424 4
      vertex 71.32698042743489 -1.3619714992186402 4
      vertex 71.22836140246613 -1.1480502970952693 4
    endloop
  endfacet
  facet normal 0 0 1
    outer loop
      vertex 58.281217896800094 -1.948344144990551 4
      vertex 71.22836140246613 -1.1480502970952693 4
      vertex 71.14683045111454 -0.9270509831248421 4
    endloop
  endfacet
  facet normal 0 0 1
    outer loop
      vertex 58.281217896800094 -1.948344144990551 4
      vertex 71.14683045111454 -0.9270509831248421 4
      vertex 71.08289023880697 -0.7003360915677161 4
    endloop
  endfacet
  facet normal 0 0 1
    outer loop
      vertex 58.6730195725651 -1.3619714992186402 4
      vertex 71.08289023880697 -0.7003360915677161 4
      vertex 71.03693497821459 -0.46930339512069263 4
    endloop
  endfacet
  facet normal 0 0 1
    outer loop
      vertex 58.6730195725651 -1.3619714992186402 4
      vertex 71.03693497821459 -0.46930339512069263 4
      vertex 71.00924799880062 -0.23537728718353484 4
    endloop
  endfacet
  facet normal 0 0 1
    outer loop
      vertex 58.91710976119303 -0.7003360915677161 4
      vertex 71.00924799880062 -0.23537728718353484 4
      vertex 71 0 4
    endloop
  endfacet
  facet normal 0 0 1
    outer loop
      vertex 58.91710976119303 -0.7003360915677161 4
      vertex 71 0 4
      vertex 71.00924799880062 0.23537728718353484 4
    endloop
  endfacet
  facet normal 0 0 -1
    outer loop
      vertex 11.963008004797535 0.9415091487341394 0
      vertex 12.003082666266872 0.07845909572784494 0
      vertex 12 0 0
    endloop
  endfacet
  facet normal 0 0 -1
    outer loop
      vertex 11.963008004797535 0.9415091487341394 0
      vertex 12.012311659404862 0.15643446504023087 0
      vertex 12.003082666266872 0.07845909572784494 0
    endloop
  endfacet
  facet normal 0 0 -1
    outer loop
      vertex 11.963008004797535 0.9415091487341394 0
      vertex 12.027630079602323 0.2334453638559054 0
      vertex 12.012311659404862 0.15643446504023087 0
    endloop
  endfacet
  facet normal 0 0 -1
    outer loop
      vertex 11.963008004797535 0.9415091487341394 0
      vertex 12.048943483704846 0.3090169943749474 0
      vertex 12.027630079602323 0.2334453638559054 0
    endloop
  endfacet
  facet normal 0 0 -1
    outer loop
      vertex 11.963008004797535 0.9415091487341394 0
      vertex 12.076120467488714 0.3826834323650898 0
      vertex 12.048943483704846 0.3090169943749474 0
    endloop
  endfacet
  facet normal 0 0 -1
    outer loop
      vertex 11.963008004797535 0.9415091487341394 0
      vertex 12.108993475811632 0.45399049973954675 0
      vertex 12.076120467488714 0.3826834323650898 0
    endloop
  endfacet
  facet normal 0 0 -1
    outer loop
      vertex 11.963008004797535 0.9415091487341394 0
      vertex 12.147359835645908 0.5224985647159488 0
      vertex 12.108993475811632 0.45399049973954675 0
    endloop
  endfacet
  facet normal 0 0 -1
    outer loop
      vertex 15 -10 0
      vertex 13.996917333733128 0.07845909572784494 0
      vertex 15 10 0
    endloop
  endfacet
  facet normal 0 0 -1
    outer loop
      vertex 15 -10 0
      vertex 15 10 0
      vertex 17 0 0
    endloop
  endfacet
  facet normal 0 0 -1
    outer loop
      vertex 23 0 0
      vertex 22.990752001199382 0.23537728718353484 0
      vertex 35 0 0
    endloop
  endfacet
  facet normal 0 0 -1
    outer loop
      vertex 22.963065021785415 0.46930339512069263 0
      vertex 35.00924799880062 0.23537728718353484 0
      vertex 22.990752001199382 0.23537728718353484 0
    endloop
  endfacet
  facet normal 0 0 -1
    outer loop
      vertex 22.91710976119303 0.7003360915677161 0
      vertex 35.03693497821459 0.46930339512069263 0
      vertex 22.963065021785415 0.46930339512069263 0
    endloop
  endfacet
  facet normal 0 0 -1
    outer loop
      vertex 22.85316954888546 0.9270509831248421 0
      vertex 35.08289023880697 0.7003360915677161 0
      vertex 22.91710976119303 0.7003360915677161 0
    endloop
  endfacet
  facet normal 0 0 -1
    outer loop
      vertex 22.771638597533858 1.1480502970952693 0
      vertex 35.14683045111454 0.9270509831248421 0
      vertex 22.85316954888546 0.9270509831248421 0
    endloop
  endfacet
  facet normal 0 0 -1
    outer loop
      vertex 22.673019572565103 1.3619714992186402 0
      vertex 35.22836140246614 1.1480502970952693 0
      vertex 22.771638597533858 1.1480502970952693 0
    endloop
  endfacet
  facet normal 0 0 -1
    outer loop
      vertex 22.673019572565103 1.3619714992186402 0
      vertex 22.557920493062277 1.5674956941478464 0
      vertex 35.3269804274349 1.3619714992186402 0
    endloop
  endfacet
  facet normal 0 0 -1
    outer loop
      vertex 22.557920493062277 1.5674956941478464 0
      vertex 22.427050983124843 1.7633557568774194 0
      vertex 35.44207950693772 1.5674956941478464 0
    endloop
  endfacet
  facet normal 0 0 -1
    outer loop
      vertex 22.281217896800094 1.948344144990551 0
      vertex 35.57294901687516 1.7633557568774194 0
      vertex 22.427050983124843 1.7633557568774194 0
    endloop
  endfacet
  facet normal 0 0 -1
    outer loop
      vertex 22.121320343559642 2.121320343559643 0
      vertex 35.718782103199906 1.948344144990551 0
      vertex 22.281217896800094 1.948344144990551 0
    endloop
  endfacet
  facet normal 0 0 -1
    outer loop
      vertex 22.121320343559642 2.121320343559643 0
      vertex 21.94834414499055 2.2812178968000927 0
      vertex 35.878679656440355 2.121320343559643 0
    endloop
  endfacet
  facet normal 0 0 -1
    outer loop
      vertex 21.94834414499055 2.2812178968000927 0
      vertex 21.76335575687742 2.4270509831248424 0
      vertex 36.05165585500945 2.2812178968000927 0
    endloop
  endfacet
  facet normal 0 0 -1
    outer loop
      vertex 21.76335575687742 2.4270509831248424 0
      vertex 21.567495694147848 2.5579204930622765 0
      vertex 36.23664424312258 2.4270509831248424 0
    endloop
  endfacet
  facet normal 0 0 -1
    outer loop
      vertex 21.567495694147848 2.5579204930622765 0
      vertex 21.36197149921864 2.673019572565104 0
      vertex 36.432504305852156 2.5579204930622765 0
    endloop
  endfacet
  facet normal 0 0 -1
    outer loop
      vertex 21.36197149921864 2.673019572565104 0
      vertex 21.14805029709527 2.77163859753386 0
      vertex 36.63802850078136 2.673019572565104 0
    endloop
  endfacet
  facet normal 0 0 -1
    outer loop
      vertex 15 10 0
      vertex 12.190983005625053 0.5877852522924731 0
      vertex 12.147359835645908 0.5224985647159488 0
    endloop
  endfacet
  facet normal 0 0 -1
    outer loop
      vertex 15 10 0
      vertex 12.23959403439997 0.6494480483301837 0
      vertex 12.190983005625053 0.5877852522924731 0
    endloop
  endfacet
  facet normal 0 0 -1
    outer loop
      vertex 15 10 0
      vertex 13.996917333733128 0.07845909572784494 0
      vertex 13.987688340595138 0.15643446504023087 0
    endloop
  endfacet
  facet normal 0 0 -1
    outer loop
      vertex 15 10 0
      vertex 13.987688340595138 0.15643446504023087 0
      vertex 13.972369920397677 0.2334453638559054 0
    endloop
  endfacet
  facet normal 0 0 -1
    outer loop
      vertex 15 10 0
      vertex 13.972369920397677 0.2334453638559054 0
      vertex 13.951056516295154 0.3090169943749474 0
    endloop
  endfacet
  facet normal 0 0 -1
    outer loop
      vertex 15 10 0
      vertex 13.809016994374947 0.5877852522924731 0
      vertex 13.76040596560003 0.6494480483301837 0
    endloop
  endfacet
  facet normal 0 0 -1
    outer loop
      vertex 15 10 0
      vertex 13.951056516295154 0.3090169943749474 0
      vertex 13.923879532511286 0.3826834323650898 0
    endloop
  endfacet
  facet normal 0 0 -1
    outer loop
      vertex 15 10 0
      vertex 13.923879532511286 0.3826834323650898 0
      vertex 13.891006524188368 0.45399049973954675 0
    endloop
  endfacet
  facet normal 0 0 -1
    outer loop
      vertex 15 10 0
      vertex 13.891006524188368 0.45399049973954675 0
      vertex 13.852640164354092 0.5224985647159488 0
    endloop
  endfacet
  facet normal 0 0 -1
    outer loop
      vertex 15 10 0
      vertex 13.852640164354092 0.5224985647159488 0
      vertex 13.809016994374947 0.5877852522924731 0
    endloop
  endfacet
  facet normal 0 0 -1
    outer loop
      vertex 15 10 0
      vertex 12.292893218813452 0.7071067811865476 0
      vertex 12.23959403439997 0.6494480483301837 0
    endloop
  endfacet
  facet normal 0 0 -1
    outer loop
      vertex 11.963008004797535 0.9415091487341394 0
      vertex 15 10 0
      vertex 12.147359835645908 0.5224985647159488 0
    endloop
  endfacet
  facet normal 0 0 -1
    outer loop
      vertex 15 10 0
      vertex 12.350551951669816 0.7604059656000309 0
      vertex 12.292893218813452 0.7071067811865476 0
    endloop
  endfacet
  facet normal 0 0 -1
    outer loop
      vertex 15 10 0
      vertex 12.412214747707527 0.8090169943749475 0
      vertex 12.350551951669816 0.7604059656000309 0
    endloop
  endfacet
  facet normal 0 0 -1
    outer loop
      vertex 15 10 0
      vertex 12.47750143528405 0.8526401643540922 0
      vertex 12.412214747707527 0.8090169943749475 0
    endloop
  endfacet
  facet normal 0 0 -1
    outer loop
      vertex 15 10 0
      vertex 12.546009500260453 0.8910065241883679 0
      vertex 12.47750143528405 0.8526401643540922 0
    endloop
  endfacet
  facet normal 0 0 -1
    outer loop
      vertex 15 10 0
      vertex 12.61731656763491 0.9238795325112867 0
      vertex 12.546009500260453 0.8910065241883679 0
    endloop
  endfacet
  facet normal 0 0 -1
    outer loop
      vertex 15 10 0
      vertex 12.690983005625053 0.9510565162951535 0
      vertex 12.61731656763491 0.9238795325112867 0
    endloop
  endfacet
  facet normal 0 0 -1
    outer loop
      vertex 15 10 0
      vertex 12.766554636144095 0.9723699203976766 0
      vertex 12.690983005625053 0.9510565162951535 0
    endloop
  endfacet
  facet normal 0 0 -1
    outer loop
      vertex 15 10 0
      vertex 13.76040596560003 0.6494480483301837 0
      vertex 13.707106781186548 0.7071067811865476 0
    endloop
  endfacet
  facet normal 0 0 -1
    outer loop
      vertex 15 10 0
      vertex 13.707106781186548 0.7071067811865476 0
      vertex 13.649448048330184 0.7604059656000309 0
    endloop
  endfacet
  facet normal 0 0 -1
    outer loop
      vertex 15 10 0
      vertex 13.649448048330184 0.7604059656000309 0
      vertex 13.587785252292473 0.8090169943749475 0
    endloop
  endfacet
  facet normal 0 0 -1
    outer loop
      vertex 15 10 0
      vertex 13.587785252292473 0.8090169943749475 0
      vertex 13.52249856471595 0.8526401643540922 0
    endloop
  endfacet
  facet normal 0 0 -1
    outer loop
      vertex 15 10 0
      vertex 13.52249856471595 0.8526401643540922 0
      vertex 13.453990499739547 0.8910065241883679 0
    endloop
  endfacet
  facet normal 0 0 -1
    outer loop
      vertex 15 10 0
      vertex 13.309016994374947 0.9510565162951535 0
      vertex 13.233445363855905 0.9723699203976766 0
    endloop
  endfacet
  facet normal 0 0 -1
    outer loop
      vertex 15 10 0
      vertex 12.843565534959769 0.9876883405951378 0
      vertex 12.766554636144095 0.9723699203976766 0
    endloop
  endfacet
  facet normal 0 0 -1
    outer loop
      vertex 15 10 0
      vertex 12.921540904272154 0.996917333733128 0
      vertex 12.843565534959769 0.9876883405951378 0
    endloop
  endfacet
  facet normal 0 0 -1
    outer loop
      vertex 15 10 0
      vertex 13 1 0
      vertex 12.921540904272154 0.996917333733128 0
    endloop
  endfacet
  facet normal 0 0 -1
    outer loop
      vertex 15 10 0
      vertex 13.078459095727846 0.996917333733128 0
      vertex 13 1 0
    endloop
  endfacet
  facet normal 0 0 -1
    outer loop
      vertex 15 10 0
      vertex 13.156434465040231 0.9876883405951378 0
      vertex 13.078459095727846 0.996917333733128 0
    endloop
  endfacet
  facet normal 0 0 -1
    outer loop
      vertex 15 10 0
      vertex 13.233445363855905 0.9723699203976766 0
      vertex 13.156434465040231 0.9876883405951378 0
    endloop
  endfacet
  facet normal 0 0 -1
    outer loop
      vertex 15 10 0
      vertex 13.38268343236509 0.9238795325112867 0
      vertex 13.309016994374947 0.9510565162951535 0
    endloop
  endfacet
  facet normal 0 0 -1
    outer loop
      vertex 15 10 0
      vertex 13.453990499739547 0.8910065241883679 0
      vertex 13.38268343236509 0.9238795325112867 0
    endloop
  endfacet
  facet normal 0 0 -1
    outer loop
      vertex 11.963008004797535 0.9415091487341394 0
      vertex 11.852260087141653 1.8772135804827705 0
      vertex 15 10 0
    endloop
  endfacet
  facet normal 0 0 -1
    outer loop
      vertex 15 10 0
      vertex 17.009247998800618 0.23537728718353484 0
      vertex 17 0 0
    endloop
  endfacet
  facet normal 0 0 -1
    outer loop
      vertex 15 10 0
      vertex 17.036934978214585 0.46930339512069263 0
      vertex 17.009247998800618 0.23537728718353484 0
    endloop
  endfacet
  facet normal 0 0 -1
    outer loop
      vertex 15 10 0
      vertex 17.08289023880697 0.7003360915677161 0
      vertex 17.036934978214585 0.46930339512069263 0
    endloop
  endfacet
  facet normal 0 0 -1
    outer loop
      vertex 15 10 0
      vertex 17.14683045111454 0.9270509831248421 0
      vertex 17.08289023880697 0.7003360915677161 0
    endloop
  endfacet
  facet normal 0 0 -1
    outer loop
      vertex 15 10 0
      vertex 17.228361402466142 1.1480502970952693 0
      vertex 17.14683045111454 0.9270509831248421 0
    endloop
  endfacet
  facet normal 0 0 -1
    outer loop
      vertex 15 10 0
      vertex 17.326980427434897 1.3619714992186402 0
      vertex 17.228361402466142 1.1480502970952693 0
    endloop
  endfacet
  facet normal 0 0 -1
    outer loop
      vertex 15 10 0
      vertex 17.442079506937723 1.5674956941478464 0
      vertex 17.326980427434897 1.3619714992186402 0
    endloop
  endfacet
  facet normal 0 0 -1
    outer loop
      vertex 15 10 0
      vertex 17.572949016875157 1.7633557568774194 0
      vertex 17.442079506937723 1.5674956941478464 0
    endloop
  endfacet
  facet normal 0 0 -1
    outer loop
      vertex 11.852260087141653 1.8772135804827705 0
      vertex 11.668439044772118 2.8013443662708646 0
      vertex 15 10 0
    endloop
  endfacet
  facet normal 0 0 -1
    outer loop
      vertex 11.668439044772118 2.8013443662708646 0
      vertex 11.412678195541842 3.7082039324993685 0
      vertex 15 10 0
    endloop
  endfacet
  facet normal 0 0 -1
    outer loop
      vertex 15 10 0
      vertex 17.718782103199906 1.948344144990551 0
      vertex 17.572949016875157 1.7633557568774194 0
    endloop
  endfacet
  facet normal 0 0 -1
    outer loop
      vertex 15 10 0
      vertex 17.878679656440358 2.121320343559643 0
      vertex 17.718782103199906 1.948344144990551 0
    endloop
  endfacet
  facet normal 0 0 -1
    outer loop
      vertex 15 10 0
      vertex 18.05165585500945 2.2812178968000927 0
      vertex 17.878679656440358 2.121320343559643 0
    endloop
  endfacet
  facet normal 0 0 -1
    outer loop
      vertex 15 10 0
      vertex 18.23664424312258 2.4270509831248424 0
      vertex 18.05165585500945 2.2812178968000927 0
    endloop
  endfacet
  facet normal 0 0 -1
    outer loop
      vertex 15 10 0
      vertex 18.432504305852152 2.5579204930622765 0
      vertex 18.23664424312258 2.4270509831248424 0
    endloop
  endfacet
  facet normal 0 0 -1
    outer loop
      vertex 15 10 0
      vertex 18.63802850078136 2.673019572565104 0
      vertex 18.432504305852152 2.5579204930622765 0
    endloop
  endfacet
  facet normal 0 0 -1
    outer loop
      vertex 15 10 0
      vertex 18.85194970290473 2.77163859753386 0
      vertex 18.63802850078136 2.673019572565104 0
    endloop
  endfacet
  facet normal 0 0 -1
    outer loop
      vertex 15 10 0
      vertex 19.072949016875157 2.8531695488854605 0
      vertex 18.85194970290473 2.77163859753386 0
    endloop
  endfacet
  facet normal 0 0 -1
    outer loop
      vertex 15 10 0
      vertex 21.14805029709527 2.77163859753386 0
      vertex 20.927050983124843 2.8531695488854605 0
    endloop
  endfacet
  facet normal 0 0 -1
    outer loop
      vertex 15 10 0
      vertex 19.299663908432283 2.9171097611930294 0
      vertex 19.072949016875157 2.8531695488854605 0
    endloop
  endfacet
  facet normal 0 0 -1
    outer loop
      vertex 15 10 0
      vertex 19.530696604879306 2.9630650217854133 0
      vertex 19.299663908432283 2.9171097611930294 0
    endloop
  endfacet
  facet normal 0 0 -1
    outer loop
      vertex 15 10 0
      vertex 19.764622712816465 2.990752001199384 0
      vertex 19.530696604879306 2.9630650217854133 0
    endloop
  endfacet
  facet normal 0 0 -1
    outer loop
      vertex 15 10 0
      vertex 20 3 0
      vertex 19.764622712816465 2.990752001199384 0
    endloop
  endfacet
  facet normal 0 0 -1
    outer loop
      vertex 15 10 0
      vertex 20.469303395120694 2.9630650217854133 0
      vertex 20.235377287183535 2.990752001199384 0
    endloop
  endfacet
  facet normal 0 0 -1
    outer loop
      vertex 15 10 0
      vertex 20.235377287183535 2.990752001199384 0
      vertex 20 3 0
    endloop
  endfacet
  facet normal 0 0 -1
    outer loop
      vertex 15 10 0
      vertex 20.700336091567717 2.9171097611930294 0
      vertex 20.469303395120694 2.9630650217854133 0
    endloop
  endfacet
  facet normal 0 0 -1
    outer loop
      vertex 15 10 0
      vertex 20.927050983124843 2.8531695488854605 0
      vertex 20.700336091567717 2.9171097611930294 0
    endloop
  endfacet
  facet normal 0 0 -1
    outer loop
      vertex 15 10 0
      vertex 36.63802850078136 2.673019572565104 0
      vertex 21.14805029709527 2.77163859753386 0
    endloop
  endfacet
  facet normal 0 0 -1
    outer loop
      vertex 15 10 0
      vertex 36.85194970290473 2.77163859753386 0
      vertex 36.63802850078136 2.673019572565104 0
    endloop
  endfacet
  facet normal 0 0 -1
    outer loop
      vertex 15 10 0
      vertex 37.07294901687516 2.8531695488854605 0
      vertex 36.85194970290473 2.77163859753386 0
    endloop
  endfacet
  facet normal 0 0 -1
    outer loop
      vertex 15 10 0
      vertex 37.29966390843229 2.9171097611930294 0
      vertex 37.07294901687516 2.8531695488854605 0
    endloop
  endfacet
  facet normal 0 0 -1
    outer loop
      vertex 15 10 0
      vertex 37.53069660487931 2.9630650217854133 0
      vertex 37.29966390843229 2.9171097611930294 0
    endloop
  endfacet
  facet normal 0 0 -1
    outer loop
      vertex 15 10 0
      vertex 37.76462271281647 2.990752001199384 0
      vertex 37.53069660487931 2.9630650217854133 0
    endloop
  endfacet
  facet normal 0 0 -1
    outer loop
      vertex 15 10 0
      vertex 38 3 0
      vertex 37.76462271281647 2.990752001199384 0
    endloop
  endfacet
  facet normal 0 0 -1
    outer loop
      vertex 15 10 0
      vertex 38.23537728718353 2.990752001199384 0
      vertex 38 3 0
    endloop
  endfacet
  facet normal 0 0 -1
    outer loop
      vertex 15 10 0
      vertex 38.46930339512069 2.9630650217854133 0
      vertex 38.23537728718353 2.990752001199384 0
    endloop
  endfacet
  facet normal 0 0 -1
    outer loop
      vertex 11.412678195541842 3.7082039324993685 0
      vertex 11.08655439013544 4.592201188381077 0
      vertex 15 10 0
    endloop
  endfacet
  facet normal 0 0 -1
    outer loop
      vertex 11.08655439013544 4.592201188381077 0
      vertex 10.692078290260415 5.447885996874561 0
      vertex 15 10 0
    endloop
  endfacet
  facet normal 0 0 -1
    outer loop
      vertex 10.692078290260415 5.447885996874561 0
      vertex 10.231681972249106 6.269982776591386 0
      vertex 15 10 0
    endloop
  endfacet
  facet normal 0 0 -1
    outer loop
      vertex 10.231681972249106 6.269982776591386 0
      vertex 9.70820393249937 7.053423027509678 0
      vertex 15 10 0
    endloop
  endfacet
  facet normal 0 0 -1
    outer loop
      vertex 9.12487158720037 7.793376579962204 0
      vertex 15 10 0
      vertex 9.70820393249937 7.053423027509678 0
    endloop
  endfacet
  facet normal 0 0 -1
    outer loop
      vertex 9.12487158720037 7.793376579962204 0
      vertex 8.485281374238571 8.485281374238571 0
      vertex 15 10 0
    endloop
  endfacet
  facet normal 0 0 -1
    outer loop
      vertex 8.485281374238571 8.485281374238571 0
      vertex 7.793376579962204 9.12487158720037 0
      vertex 15 10 0
    endloop
  endfacet
  facet normal 0 0 -1
    outer loop
      vertex 7.793376579962204 9.12487158720037 0
      vertex 7.053423027509678 9.70820393249937 0
      vertex 15 10 0
    endloop
  endfacet
  facet normal 0 0 -1
    outer loop
      vertex 7.053423027509678 9.70820393249937 0
      vertex 6.616719351365105 10 0
      vertex 15 10 0
    endloop
  endfacet
  facet normal 0 1 0
    outer loop
      vertex 6.616719351365105 10 0
      vertex 15 10 4
      vertex 15 10 0
    endloop
  endfacet
  facet normal 0 1 0
    outer loop
      vertex 6.616719351365105 10 0
      vertex 6.616719351365105 10 4
      vertex 15 10 4
    endloop
  endfacet
  facet normal 0 0 -1
    outer loop
      vertex 22.990752001199382 0.23537728718353484 0
      vertex 35.00924799880062 0.23537728718353484 0
      vertex 35 0 0
    endloop
  endfacet
  facet normal 0 0 -1
    outer loop
      vertex 22.963065021785415 0.46930339512069263 0
      vertex 35.03693497821459 0.46930339512069263 0
      vertex 35.00924799880062 0.23537728718353484 0
    endloop
  endfacet
  facet normal 0 0 -1
    outer loop
      vertex 22.91710976119303 0.7003360915677161 0
      vertex 35.08289023880697 0.7003360915677161 0
      vertex 35.03693497821459 0.46930339512069263 0
    endloop
  endfacet
  facet normal 0 0 -1
    outer loop
      vertex 22.85316954888546 0.9270509831248421 0
      vertex 35.14683045111454 0.9270509831248421 0
      vertex 35.08289023880697 0.7003360915677161 0
    endloop
  endfacet
  facet normal 0 0 -1
    outer loop
      vertex 22.771638597533858 1.1480502970952693 0
      vertex 35.22836140246614 1.1480502970952693 0
      vertex 35.14683045111454 0.9270509831248421 0
    endloop
  endfacet
  facet normal 0 0 -1
    outer loop
      vertex 22.673019572565103 1.3619714992186402 0
      vertex 35.3269804274349 1.3619714992186402 0
      vertex 35.22836140246614 1.1480502970952693 0
    endloop
  endfacet
  facet normal 0 0 -1
    outer loop
      vertex 22.557920493062277 1.5674956941478464 0
      vertex 35.44207950693772 1.5674956941478464 0
      vertex 35.3269804274349 1.3619714992186402 0
    endloop
  endfacet
  facet normal 0 0 -1
    outer loop
      vertex 22.427050983124843 1.7633557568774194 0
      vertex 35.57294901687516 1.7633557568774194 0
      vertex 35.44207950693772 1.5674956941478464 0
    endloop
  endfacet
  facet normal 0 0 -1
    outer loop
      vertex 22.281217896800094 1.948344144990551 0
      vertex 35.718782103199906 1.948344144990551 0
      vertex 35.57294901687516 1.7633557568774194 0
    endloop
  endfacet
  facet normal 0 0 -1
    outer loop
      vertex 22.121320343559642 2.121320343559643 0
      vertex 35.878679656440355 2.121320343559643 0
      vertex 35.718782103199906 1.948344144990551 0
    endloop
  endfacet
  facet normal 0 0 -1
    outer loop
      vertex 21.94834414499055 2.2812178968000927 0
      vertex 36.05165585500945 2.2812178968000927 0
      vertex 35.878679656440355 2.121320343559643 0
    endloop
  endfacet
  facet normal 0 0 -1
    outer loop
      vertex 21.76335575687742 2.4270509831248424 0
      vertex 36.23664424312258 2.4270509831248424 0
      vertex 36.05165585500945 2.2812178968000927 0
    endloop
  endfacet
  facet normal 0 0 -1
    outer loop
      vertex 21.567495694147848 2.5579204930622765 0
      vertex 36.432504305852156 2.5579204930622765 0
      vertex 36.23664424312258 2.4270509831248424 0
    endloop
  endfacet
  facet normal 0 0 -1
    outer loop
      vertex 21.36197149921864 2.673019572565104 0
      vertex 36.63802850078136 2.673019572565104 0
      vertex 36.432504305852156 2.5579204930622765 0
    endloop
  endfacet
  facet normal 0 0 -1
    outer loop
      vertex 41 0 0
      vertex 40.99075200119938 0.23537728718353484 0
      vertex 53 0 0
    endloop
  endfacet
  facet normal 0 0 -1
    outer loop
      vertex 40.96306502178541 0.46930339512069263 0
      vertex 53.00924799880062 0.23537728718353484 0
      vertex 40.99075200119938 0.23537728718353484 0
    endloop
  endfacet
  facet normal 0 0 -1
    outer loop
      vertex 40.91710976119303 0.7003360915677161 0
      vertex 53.03693497821459 0.46930339512069263 0
      vertex 40.96306502178541 0.46930339512069263 0
    endloop
  endfacet
  facet normal 0 0 -1
    outer loop
      vertex 40.85316954888546 0.9270509831248421 0
      vertex 53.08289023880697 0.7003360915677161 0
      vertex 40.91710976119303 0.7003360915677161 0
    endloop
  endfacet
  facet normal 0 0 -1
    outer loop
      vertex 40.77163859753386 1.1480502970952693 0
      vertex 53.14683045111454 0.9270509831248421 0
      vertex 40.85316954888546 0.9270509831248421 0
    endloop
  endfacet
  facet normal 0 0 -1
    outer loop
      vertex 40.6730195725651 1.3619714992186402 0
      vertex 53.22836140246614 1.1480502970952693 0
      vertex 40.77163859753386 1.1480502970952693 0
    endloop
  endfacet
  facet normal 0 0 -1
    outer loop
      vertex 53.3269804274349 1.3619714992186402 0
      vertex 40.6730195725651 1.3619714992186402 0
      vertex 40.55792049306228 1.5674956941478464 0
    endloop
  endfacet
  facet normal 0 0 -1
    outer loop
      vertex 40.99075200119938 0.23537728718353484 0
      vertex 53.00924799880062 0.23537728718353484 0
      vertex 53 0 0
    endloop
  endfacet
  facet normal 0 0 -1
    outer loop
      vertex 40.96306502178541 0.46930339512069263 0
      vertex 53.03693497821459 0.46930339512069263 0
      vertex 53.00924799880062 0.23537728718353484 0
    endloop
  endfacet
  facet normal 0 0 -1
    outer loop
      vertex 40.91710976119303 0.7003360915677161 0
      vertex 53.08289023880697 0.7003360915677161 0
      vertex 53.03693497821459 0.46930339512069263 0
    endloop
  endfacet
  facet normal 0 0 -1
    outer loop
      vertex 40.85316954888546 0.9270509831248421 0
      vertex 53.14683045111454 0.9270509831248421 0
      vertex 53.08289023880697 0.7003360915677161 0
    endloop
  endfacet
  facet normal 0 0 -1
    outer loop
      vertex 40.77163859753386 1.1480502970952693 0
      vertex 53.22836140246614 1.1480502970952693 0
      vertex 53.14683045111454 0.9270509831248421 0
    endloop
  endfacet
  facet normal 0 0 -1
    outer loop
      vertex 40.6730195725651 1.3619714992186402 0
      vertex 53.3269804274349 1.3619714992186402 0
      vertex 53.22836140246614 1.1480502970952693 0
    endloop
  endfacet
  facet normal 0 0 -1
    outer loop
      vertex 53.3269804274349 1.3619714992186402 0
      vertex 40.55792049306228 1.5674956941478464 0
      vertex 53.44207950693772 1.5674956941478464 0
    endloop
  endfacet
  facet normal 0 0 -1
    outer loop
      vertex 40.55792049306228 1.5674956941478464 0
      vertex 40.42705098312484 1.7633557568774194 0
      vertex 53.44207950693772 1.5674956941478464 0
    endloop
  endfacet
  facet normal 0 0 -1
    outer loop
      vertex 40.281217896800094 1.948344144990551 0
      vertex 53.57294901687516 1.7633557568774194 0
      vertex 40.42705098312484 1.7633557568774194 0
    endloop
  endfacet
  facet normal 0 0 -1
    outer loop
      vertex 40.121320343559645 2.121320343559643 0
      vertex 53.718782103199906 1.948344144990551 0
      vertex 40.281217896800094 1.948344144990551 0
    endloop
  endfacet
  facet normal 0 0 -1
    outer loop
      vertex 40.121320343559645 2.121320343559643 0
      vertex 39.94834414499055 2.2812178968000927 0
      vertex 53.878679656440355 2.121320343559643 0
    endloop
  endfacet
  facet normal 0 0 -1
    outer loop
      vertex 39.36197149921864 2.673019572565104 0
      vertex 39.14805029709527 2.77163859753386 0
      vertex 54.63802850078136 2.673019572565104 0
    endloop
  endfacet
  facet normal 0 0 -1
    outer loop
      vertex 39.14805029709527 2.77163859753386 0
      vertex 38.92705098312484 2.8531695488854605 0
      vertex 54.85194970290473 2.77163859753386 0
    endloop
  endfacet
  facet normal 0 0 -1
    outer loop
      vertex 38.92705098312484 2.8531695488854605 0
      vertex 38.70033609156771 2.9171097611930294 0
      vertex 55.07294901687516 2.8531695488854605 0
    endloop
  endfacet
  facet normal 0 0 -1
    outer loop
      vertex 38.70033609156771 2.9171097611930294 0
      vertex 38.46930339512069 2.9630650217854133 0
      vertex 55.29966390843229 2.9171097611930294 0
    endloop
  endfacet
  facet normal 0 0 -1
    outer loop
      vertex 39.94834414499055 2.2812178968000927 0
      vertex 39.76335575687742 2.4270509831248424 0
      vertex 54.05165585500945 2.2812178968000927 0
    endloop
  endfacet
  facet normal 0 0 -1
    outer loop
      vertex 39.76335575687742 2.4270509831248424 0
      vertex 39.567495694147844 2.5579204930622765 0
      vertex 54.23664424312258 2.4270509831248424 0
    endloop
  endfacet
  facet normal 0 0 -1
    outer loop
      vertex 39.567495694147844 2.5579204930622765 0
      vertex 39.36197149921864 2.673019572565104 0
      vertex 54.432504305852156 2.5579204930622765 0
    endloop
  endfacet
  facet normal 0 0 -1
    outer loop
      vertex 40.42705098312484 1.7633557568774194 0
      vertex 53.57294901687516 1.7633557568774194 0
      vertex 53.44207950693772 1.5674956941478464 0
    endloop
  endfacet
  facet normal 0 0 -1
    outer loop
      vertex 40.281217896800094 1.948344144990551 0
      vertex 53.718782103199906 1.948344144990551 0
      vertex 53.57294901687516 1.7633557568774194 0
    endloop
  endfacet
  facet normal 0 0 -1
    outer loop
      vertex 40.121320343559645 2.121320343559643 0
      vertex 53.878679656440355 2.121320343559643 0
      vertex 53.718782103199906 1.948344144990551 0
    endloop
  endfacet
  facet normal 0 0 -1
    outer loop
      vertex 39.94834414499055 2.2812178968000927 0
      vertex 54.05165585500945 2.2812178968000927 0
      vertex 53.878679656440355 2.121320343559643 0
    endloop
  endfacet
  facet normal 0 0 -1
    outer loop
      vertex 39.76335575687742 2.4270509831248424 0
      vertex 54.23664424312258 2.4270509831248424 0
      vertex 54.05165585500945 2.2812178968000927 0
    endloop
  endfacet
  facet normal 0 0 -1
    outer loop
      vertex 39.567495694147844 2.5579204930622765 0
      vertex 54.432504305852156 2.5579204930622765 0
      vertex 54.23664424312258 2.4270509831248424 0
    endloop
  endfacet
  facet normal 0 0 -1
    outer loop
      vertex 39.36197149921864 2.673019572565104 0
      vertex 54.63802850078136 2.673019572565104 0
      vertex 54.432504305852156 2.5579204930622765 0
    endloop
  endfacet
  facet normal 0 0 -1
    outer loop
      vertex 39.14805029709527 2.77163859753386 0
      vertex 54.85194970290473 2.77163859753386 0
      vertex 54.63802850078136 2.673019572565104 0
    endloop
  endfacet
  facet normal 0 0 -1
    outer loop
      vertex 38.92705098312484 2.8531695488854605 0
      vertex 55.07294901687516 2.8531695488854605 0
      vertex 54.85194970290473 2.77163859753386 0
    endloop
  endfacet
  facet normal 0 0 -1
    outer loop
      vertex 38.70033609156771 2.9171097611930294 0
      vertex 55.29966390843229 2.9171097611930294 0
      vertex 55.07294901687516 2.8531695488854605 0
    endloop
  endfacet
  facet normal 0 0 -1
    outer loop
      vertex 38.46930339512069 2.9630650217854133 0
      vertex 55.53069660487931 2.9630650217854133 0
      vertex 55.29966390843229 2.9171097611930294 0
    endloop
  endfacet
  facet normal 0 0 -1
    outer loop
      vertex 15 10 0
      vertex 55.53069660487931 2.9630650217854133 0
      vertex 38.46930339512069 2.9630650217854133 0
    endloop
  endfacet
  facet normal 0 0 -1
    outer loop
      vertex 15 10 0
      vertex 55.76462271281647 2.990752001199384 0
      vertex 55.53069660487931 2.9630650217854133 0
    endloop
  endfacet
  facet normal 0 0 -1
    outer loop
      vertex 15 10 0
      vertex 56 3 0
      vertex 55.76462271281647 2.990752001199384 0
    endloop
  endfacet
  facet normal 0 0 -1
    outer loop
      vertex 15 10 0
      vertex 56.23537728718353 2.990752001199384 0
      vertex 56 3 0
    endloop
  endfacet
  facet normal 0 0 -1
    outer loop
      vertex 15 10 0
      vertex 73.53069660487931 2.9630650217854133 0
      vertex 56.23537728718353 2.990752001199384 0
    endloop
  endfacet
  facet normal 0 0 -1
    outer loop
      vertex 59 0 0
      vertex 58.99075200119938 0.23537728718353484 0
      vertex 71 0 0
    endloop
  endfacet
  facet normal 0 0 -1
    outer loop
      vertex 58.96306502178541 0.46930339512069263 0
      vertex 71.00924799880062 0.23537728718353484 0
      vertex 58.99075200119938 0.23537728718353484 0
    endloop
  endfacet
  facet normal 0 0 -1
    outer loop
      vertex 58.91710976119303 0.7003360915677161 0
      vertex 71.03693497821459 0.46930339512069263 0
      vertex 58.96306502178541 0.46930339512069263 0
    endloop
  endfacet
  facet normal 0 0 -1
    outer loop
      vertex 58.85316954888546 0.9270509831248421 0
      vertex 71.08289023880697 0.7003360915677161 0
      vertex 58.91710976119303 0.7003360915677161 0
    endloop
  endfacet
  facet normal 0 0 -1
    outer loop
      vertex 58.77163859753386 1.1480502970952693 0
      vertex 71.14683045111454 0.9270509831248421 0
      vertex 58.85316954888546 0.9270509831248421 0
    endloop
  endfacet
  facet normal 0 0 -1
    outer loop
      vertex 58.6730195725651 1.3619714992186402 0
      vertex 71.22836140246613 1.1480502970952693 0
      vertex 58.77163859753386 1.1480502970952693 0
    endloop
  endfacet
  facet normal 0 0 -1
    outer loop
      vertex 71.32698042743489 1.3619714992186402 0
      vertex 58.6730195725651 1.3619714992186402 0
      vertex 58.55792049306228 1.5674956941478464 0
    endloop
  endfacet
  facet normal 0 0 -1
    outer loop
      vertex 58.55792049306228 1.5674956941478464 0
      vertex 58.42705098312484 1.7633557568774194 0
      vertex 71.44207950693772 1.5674956941478464 0
    endloop
  endfacet
  facet normal 0 0 -1
    outer loop
      vertex 58.281217896800094 1.948344144990551 0
      vertex 71.57294901687516 1.7633557568774194 0
      vertex 58.42705098312484 1.7633557568774194 0
    endloop
  endfacet
  facet normal 0 0 -1
    outer loop
      vertex 58.121320343559645 2.121320343559643 0
      vertex 71.71878210319991 1.948344144990551 0
      vertex 58.281217896800094 1.948344144990551 0
    endloop
  endfacet
  facet normal 0 0 -1
    outer loop
      vertex 58.121320343559645 2.121320343559643 0
      vertex 57.94834414499055 2.2812178968000927 0
      vertex 71.87867965644035 2.121320343559643 0
    endloop
  endfacet
  facet normal 0 0 -1
    outer loop
      vertex 57.94834414499055 2.2812178968000927 0
      vertex 57.76335575687742 2.4270509831248424 0
      vertex 72.05165585500944 2.2812178968000927 0
    endloop
  endfacet
  facet normal 0 0 -1
    outer loop
      vertex 57.76335575687742 2.4270509831248424 0
      vertex 57.567495694147844 2.5579204930622765 0
      vertex 72.23664424312258 2.4270509831248424 0
    endloop
  endfacet
  facet normal 0 0 -1
    outer loop
      vertex 57.567495694147844 2.5579204930622765 0
      vertex 57.36197149921864 2.673019572565104 0
      vertex 72.43250430585215 2.5579204930622765 0
    endloop
  endfacet
  facet normal 0 0 -1
    outer loop
      vertex 57.36197149921864 2.673019572565104 0
      vertex 57.14805029709527 2.77163859753386 0
      vertex 72.63802850078136 2.673019572565104 0
    endloop
  endfacet
  facet normal 0 0 -1
    outer loop
      vertex 57.14805029709527 2.77163859753386 0
      vertex 56.92705098312484 2.8531695488854605 0
      vertex 72.85194970290473 2.77163859753386 0
    endloop
  endfacet
  facet normal 0 0 -1
    outer loop
      vertex 56.92705098312484 2.8531695488854605 0
      vertex 56.70033609156771 2.9171097611930294 0
      vertex 73.07294901687516 2.8531695488854605 0
    endloop
  endfacet
  facet normal 0 0 -1
    outer loop
      vertex 56.70033609156771 2.9171097611930294 0
      vertex 56.46930339512069 2.9630650217854133 0
      vertex 73.29966390843228 2.9171097611930294 0
    endloop
  endfacet
  facet normal 0 0 -1
    outer loop
      vertex 56.46930339512069 2.9630650217854133 0
      vertex 56.23537728718353 2.990752001199384 0
      vertex 73.53069660487931 2.9630650217854133 0
    endloop
  endfacet
  facet normal 0 0 -1
    outer loop
      vertex 58.99075200119938 0.23537728718353484 0
      vertex 71.00924799880062 0.23537728718353484 0
      vertex 71 0 0
    endloop
  endfacet
  facet normal 0 0 -1
    outer loop
      vertex 58.96306502178541 0.46930339512069263 0
      vertex 71.03693497821459 0.46930339512069263 0
      vertex 71.00924799880062 0.23537728718353484 0
    endloop
  endfacet
  facet normal 0 0 -1
    outer loop
      vertex 58.91710976119303 0.7003360915677161 0
      vertex 71.08289023880697 0.7003360915677161 0
      vertex 71.03693497821459 0.46930339512069263 0
    endloop
  endfacet
  facet normal 0 0 -1
    outer loop
      vertex 58.85316954888546 0.9270509831248421 0
      vertex 71.14683045111454 0.9270509831248421 0
      vertex 71.08289023880697 0.7003360915677161 0
    endloop
  endfacet
  facet normal 0 0 -1
    outer loop
      vertex 58.77163859753386 1.1480502970952693 0
      vertex 71.22836140246613 1.1480502970952693 0
      vertex 71.14683045111454 0.9270509831248421 0
    endloop
  endfacet
  facet normal 0 0 -1
    outer loop
      vertex 58.6730195725651 1.3619714992186402 0
      vertex 71.32698042743489 1.3619714992186402 0
      vertex 71.22836140246613 1.1480502970952693 0
    endloop
  endfacet
  facet normal 0 0 -1
    outer loop
      vertex 71.32698042743489 1.3619714992186402 0
      vertex 58.55792049306228 1.5674956941478464 0
      vertex 71.44207950693772 1.5674956941478464 0
    endloop
  endfacet
  facet normal 0 0 -1
    outer loop
      vertex 58.42705098312484 1.7633557568774194 0
      vertex 71.57294901687516 1.7633557568774194 0
      vertex 71.44207950693772 1.5674956941478464 0
    endloop
  endfacet
  facet normal 0 0 -1
    outer loop
      vertex 58.281217896800094 1.948344144990551 0
      vertex 71.71878210319991 1.948344144990551 0
      vertex 71.57294901687516 1.7633557568774194 0
    endloop
  endfacet
  facet normal 0 0 -1
    outer loop
      vertex 58.121320343559645 2.121320343559643 0
      vertex 71.87867965644035 2.121320343559643 0
      vertex 71.71878210319991 1.948344144990551 0
    endloop
  endfacet
  facet normal 0 0 -1
    outer loop
      vertex 57.94834414499055 2.2812178968000927 0
      vertex 72.05165585500944 2.2812178968000927 0
      vertex 71.87867965644035 2.121320343559643 0
    endloop
  endfacet
  facet normal 0 0 -1
    outer loop
      vertex 57.76335575687742 2.4270509831248424 0
      vertex 72.23664424312258 2.4270509831248424 0
      vertex 72.05165585500944 2.2812178968000927 0
    endloop
  endfacet
  facet normal 0 0 -1
    outer loop
      vertex 57.567495694147844 2.5579204930622765 0
      vertex 72.43250430585215 2.5579204930622765 0
      vertex 72.23664424312258 2.4270509831248424 0
    endloop
  endfacet
  facet normal 0 0 -1
    outer loop
      vertex 57.36197149921864 2.673019572565104 0
      vertex 72.63802850078136 2.673019572565104 0
      vertex 72.43250430585215 2.5579204930622765 0
    endloop
  endfacet
  facet normal 0 0 -1
    outer loop
      vertex 57.14805029709527 2.77163859753386 0
      vertex 72.85194970290473 2.77163859753386 0
      vertex 72.63802850078136 2.673019572565104 0
    endloop
  endfacet
  facet normal 0 0 -1
    outer loop
      vertex 56.92705098312484 2.8531695488854605 0
      vertex 73.07294901687516 2.8531695488854605 0
      vertex 72.85194970290473 2.77163859753386 0
    endloop
  endfacet
  facet normal 0 0 -1
    outer loop
      vertex 56.70033609156771 2.9171097611930294 0
      vertex 73.29966390843228 2.9171097611930294 0
      vertex 73.07294901687516 2.8531695488854605 0
    endloop
  endfacet
  facet normal 0 0 -1
    outer loop
      vertex 56.46930339512069 2.9630650217854133 0
      vertex 73.53069660487931 2.9630650217854133 0
      vertex 73.29966390843228 2.9171097611930294 0
    endloop
  endfacet
  facet normal 0 0 -1
    outer loop
      vertex 15 10 0
      vertex 73.76462271281646 2.990752001199384 0
      vertex 73.53069660487931 2.9630650217854133 0
    endloop
  endfacet
  facet normal 0 0 -1
    outer loop
      vertex 15 10 0
      vertex 74 3 0
      vertex 73.76462271281646 2.990752001199384 0
    endloop
  endfacet
  facet normal 0 0 -1
    outer loop
      vertex 15 10 0
      vertex 74.23537728718354 2.990752001199384 0
      vertex 74 3 0
    endloop
  endfacet
  facet normal 0 0 -1
    outer loop
      vertex 15 10 0
      vertex 89.32698042743489 1.3619714992186402 0
      vertex 74.23537728718354 2.990752001199384 0
    endloop
  endfacet
  facet normal 0 0 -1
    outer loop
      vertex 15 10 0
      vertex 89.44207950693772 1.5674956941478464 0
      vertex 89.32698042743489 1.3619714992186402 0
    endloop
  endfacet
  facet normal 0 0 -1
    outer loop
      vertex 15 10 0
      vertex 89.57294901687516 1.7633557568774194 0
      vertex 89.44207950693772 1.5674956941478464 0
    endloop
  endfacet
  facet normal 0 0 -1
    outer loop
      vertex 15 10 0
      vertex 89.71878210319991 1.948344144990551 0
      vertex 89.57294901687516 1.7633557568774194 0
    endloop
  endfacet
  facet normal 0 0 -1
    outer loop
      vertex 15 10 0
      vertex 89.87867965644035 2.121320343559643 0
      vertex 89.71878210319991 1.948344144990551 0
    endloop
  endfacet
  facet normal 0 0 -1
    outer loop
      vertex 15 10 0
      vertex 90.05165585500944 2.2812178968000927 0
      vertex 89.87867965644035 2.121320343559643 0
    endloop
  endfacet
  facet normal 0 0 -1
    outer loop
      vertex 15 10 0
      vertex 90.23664424312258 2.4270509831248424 0
      vertex 90.05165585500944 2.2812178968000927 0
    endloop
  endfacet
  facet normal 0 0 -1
    outer loop
      vertex 15 10 0
      vertex 90.43250430585215 2.5579204930622765 0
      vertex 90.23664424312258 2.4270509831248424 0
    endloop
  endfacet
  facet normal 0 0 -1
    outer loop
      vertex 15 10 0
      vertex 90.63802850078136 2.673019572565104 0
      vertex 90.43250430585215 2.5579204930622765 0
    endloop
  endfacet
  facet normal 0 0 -1
    outer loop
      vertex 15 10 0
      vertex 90.85194970290473 2.77163859753386 0
      vertex 90.63802850078136 2.673019572565104 0
    endloop
  endfacet
  facet normal 0 0 -1
    outer loop
      vertex 15 10 0
      vertex 91.07294901687516 2.8531695488854605 0
      vertex 90.85194970290473 2.77163859753386 0
    endloop
  endfacet
  facet normal 0 0 -1
    outer loop
      vertex 15 10 0
      vertex 91.29966390843228 2.9171097611930294 0
      vertex 91.07294901687516 2.8531695488854605 0
    endloop
  endfacet
  facet normal 0 0 -1
    outer loop
      vertex 15 10 0
      vertex 91.53069660487931 2.9630650217854133 0
      vertex 91.29966390843228 2.9171097611930294 0
    endloop
  endfacet
  facet normal 0 0 -1
    outer loop
      vertex 15 10 0
      vertex 91.76462271281646 2.990752001199384 0
      vertex 91.53069660487931 2.9630650217854133 0
    endloop
  endfacet
  facet normal 0 0 -1
    outer loop
      vertex 15 10 0
      vertex 92 3 0
      vertex 91.76462271281646 2.990752001199384 0
    endloop
  endfacet
  facet normal 0 0 -1
    outer loop
      vertex 15 10 0
      vertex 92.23537728718354 2.990752001199384 0
      vertex 92 3 0
    endloop
  endfacet
  facet normal 0.029616632039650863 0.9995613313382166 0
    outer loop
      vertex 15 10 0
      vertex 15 10 4
      vertex 142.1885833437359 6.231449382407825 4
    endloop
  endfacet
  facet normal 0 0 1
    outer loop
      vertex 17.572949016875157 1.7633557568774194 4
      vertex 17.427050983124843 1.7633557568774194 4
      vertex 17.5 1.6541798378412769 4
    endloop
  endfacet
  facet normal 0 0 1
    outer loop
      vertex 17.718782103199906 1.948344144990551 4
      vertex 17.281217896800094 1.948344144990551 4
      vertex 17.427050983124843 1.7633557568774194 4
    endloop
  endfacet
  facet normal 0 0 1
    outer loop
      vertex 17.878679656440358 2.121320343559643 4
      vertex 17.121320343559642 2.121320343559643 4
      vertex 17.281217896800094 1.948344144990551 4
    endloop
  endfacet
  facet normal 0 0 1
    outer loop
      vertex 18.05165585500945 2.2812178968000927 4
      vertex 16.94834414499055 2.2812178968000927 4
      vertex 17.121320343559642 2.121320343559643 4
    endloop
  endfacet
  facet normal 0 0 1
    outer loop
      vertex 17.718782103199906 1.948344144990551 4
      vertex 17.427050983124843 1.7633557568774194 4
      vertex 17.572949016875157 1.7633557568774194 4
    endloop
  endfacet
  facet normal 0 0 1
    outer loop
      vertex 17.878679656440358 2.121320343559643 4
      vertex 17.281217896800094 1.948344144990551 4
      vertex 17.718782103199906 1.948344144990551 4
    endloop
  endfacet
  facet normal 0 0 1
    outer loop
      vertex 17.878679656440358 2.121320343559643 4
      vertex 18.05165585500945 2.2812178968000927 4
      vertex 17.121320343559642 2.121320343559643 4
    endloop
  endfacet
  facet normal 0 0 1
    outer loop
      vertex 18.23664424312258 2.4270509831248424 4
      vertex 16.76335575687742 2.4270509831248424 4
      vertex 16.94834414499055 2.2812178968000927 4
    endloop
  endfacet
  facet normal 0 0 1
    outer loop
      vertex 18.432504305852152 2.5579204930622765 4
      vertex 16.567495694147848 2.5579204930622765 4
      vertex 16.76335575687742 2.4270509831248424 4
    endloop
  endfacet
  facet normal 0 0 1
    outer loop
      vertex 18.63802850078136 2.673019572565104 4
      vertex 16.36197149921864 2.673019572565104 4
      vertex 16.567495694147848 2.5579204930622765 4
    endloop
  endfacet
  facet normal 0 0 1
    outer loop
      vertex 18.85194970290473 2.77163859753386 4
      vertex 16.14805029709527 2.77163859753386 4
      vertex 16.36197149921864 2.673019572565104 4
    endloop
  endfacet
  facet normal 0 0 1
    outer loop
      vertex 19.072949016875157 2.8531695488854605 4
      vertex 15.927050983124841 2.8531695488854605 4
      vertex 16.14805029709527 2.77163859753386 4
    endloop
  endfacet
  facet normal 0 0 1
    outer loop
      vertex 19.530696604879306 2.9630650217854133 4
      vertex 15.700336091567717 2.9171097611930294 4
      vertex 15.927050983124841 2.8531695488854605 4
    endloop
  endfacet
  facet normal 0 0 1
    outer loop
      vertex 19.530696604879306 2.9630650217854133 4
      vertex 15.469303395120694 2.9630650217854133 4
      vertex 15.700336091567717 2.9171097611930294 4
    endloop
  endfacet
  facet normal 0 0 1
    outer loop
      vertex 18.05165585500945 2.2812178968000927 4
      vertex 18.23664424312258 2.4270509831248424 4
      vertex 16.94834414499055 2.2812178968000927 4
    endloop
  endfacet
  facet normal 0 0 1
    outer loop
      vertex 18.23664424312258 2.4270509831248424 4
      vertex 18.432504305852152 2.5579204930622765 4
      vertex 16.76335575687742 2.4270509831248424 4
    endloop
  endfacet
  facet normal 0 0 1
    outer loop
      vertex 18.432504305852152 2.5579204930622765 4
      vertex 18.63802850078136 2.673019572565104 4
      vertex 16.567495694147848 2.5579204930622765 4
    endloop
  endfacet
  facet normal 0 0 1
    outer loop
      vertex 18.63802850078136 2.673019572565104 4
      vertex 18.85194970290473 2.77163859753386 4
      vertex 16.36197149921864 2.673019572565104 4
    endloop
  endfacet
  facet normal 0 0 1
    outer loop
      vertex 18.85194970290473 2.77163859753386 4
      vertex 19.072949016875157 2.8531695488854605 4
      vertex 16.14805029709527 2.77163859753386 4
    endloop
  endfacet
  facet normal 0 0 1
    outer loop
      vertex 19.072949016875157 2.8531695488854605 4
      vertex 19.299663908432283 2.9171097611930294 4
      vertex 15.927050983124841 2.8531695488854605 4
    endloop
  endfacet
  facet normal 0 0 1
    outer loop
      vertex 15.927050983124841 2.8531695488854605 4
      vertex 19.299663908432283 2.9171097611930294 4
      vertex 19.530696604879306 2.9630650217854133 4
    endloop
  endfacet
  facet normal 0 0 1
    outer loop
      vertex 19.530696604879306 2.9630650217854133 4
      vertex 19.764622712816465 2.990752001199384 4
      vertex 15.469303395120694 2.9630650217854133 4
    endloop
  endfacet
  facet normal 0 0 1
    outer loop
      vertex 19.764622712816465 2.990752001199384 4
      vertex 20 3 4
      vertex 15.469303395120694 2.9630650217854133 4
    endloop
  endfacet
  facet normal 0 0 1
    outer loop
      vertex 35.00924799880062 0.23537728718353484 4
      vertex 23 0 4
      vertex 22.990752001199382 -0.23537728718353484 4
    endloop
  endfacet
  facet normal 0 0 1
    outer loop
      vertex 23 0 4
      vertex 35.00924799880062 0.23537728718353484 4
      vertex 22.990752001199382 0.23537728718353484 4
    endloop
  endfacet
  facet normal 0 0 1
    outer loop
      vertex 22.990752001199382 0.23537728718353484 4
      vertex 35.14683045111454 0.9270509831248421 4
      vertex 22.963065021785415 0.46930339512069263 4
    endloop
  endfacet
  facet normal 0 0 1
    outer loop
      vertex 22.963065021785415 0.46930339512069263 4
      vertex 35.14683045111454 0.9270509831248421 4
      vertex 22.91710976119303 0.7003360915677161 4
    endloop
  endfacet
  facet normal 0 0 1
    outer loop
      vertex 22.85316954888546 0.9270509831248421 4
      vertex 35.22836140246614 1.1480502970952693 4
      vertex 22.771638597533858 1.1480502970952693 4
    endloop
  endfacet
  facet normal 0 0 1
    outer loop
      vertex 22.91710976119303 0.7003360915677161 4
      vertex 35.14683045111454 0.9270509831248421 4
      vertex 22.85316954888546 0.9270509831248421 4
    endloop
  endfacet
  facet normal 0 0 1
    outer loop
      vertex 22.771638597533858 1.1480502970952693 4
      vertex 35.57294901687516 1.7633557568774194 4
      vertex 22.673019572565103 1.3619714992186402 4
    endloop
  endfacet
  facet normal 0 0 1
    outer loop
      vertex 22.557920493062277 1.5674956941478464 4
      vertex 22.673019572565103 1.3619714992186402 4
      vertex 35.57294901687516 1.7633557568774194 4
    endloop
  endfacet
  facet normal 0 0 1
    outer loop
      vertex 22.557920493062277 1.5674956941478464 4
      vertex 35.718782103199906 1.948344144990551 4
      vertex 22.427050983124843 1.7633557568774194 4
    endloop
  endfacet
  facet normal 0 0 1
    outer loop
      vertex 22.427050983124843 1.7633557568774194 4
      vertex 35.878679656440355 2.121320343559643 4
      vertex 22.281217896800094 1.948344144990551 4
    endloop
  endfacet
  facet normal 0 0 1
    outer loop
      vertex 22.281217896800094 1.948344144990551 4
      vertex 36.23664424312258 2.4270509831248424 4
      vertex 22.121320343559642 2.121320343559643 4
    endloop
  endfacet
  facet normal 0 0 1
    outer loop
      vertex 36.432504305852156 2.5579204930622765 4
      vertex 21.94834414499055 2.2812178968000927 4
      vertex 22.121320343559642 2.121320343559643 4
    endloop
  endfacet
  facet normal 0 0 1
    outer loop
      vertex 36.432504305852156 2.5579204930622765 4
      vertex 21.76335575687742 2.4270509831248424 4
      vertex 21.94834414499055 2.2812178968000927 4
    endloop
  endfacet
  facet normal 0 0 1
    outer loop
      vertex 21.567495694147848 2.5579204930622765 4
      vertex 21.76335575687742 2.4270509831248424 4
      vertex 36.432504305852156 2.5579204930622765 4
    endloop
  endfacet
  facet normal 0 0 1
    outer loop
      vertex 21.567495694147848 2.5579204930622765 4
      vertex 36.432504305852156 2.5579204930622765 4
      vertex 21.36197149921864 2.673019572565104 4
    endloop
  endfacet
  facet normal 0 0 1
    outer loop
      vertex 22.990752001199382 0.23537728718353484 4
      vertex 35.00924799880062 0.23537728718353484 4
      vertex 35.03693497821459 0.46930339512069263 4
    endloop
  endfacet
  facet normal 0 0 1
    outer loop
      vertex 22.990752001199382 0.23537728718353484 4
      vertex 35.03693497821459 0.46930339512069263 4
      vertex 35.08289023880697 0.7003360915677161 4
    endloop
  endfacet
  facet normal 0 0 1
    outer loop
      vertex 22.990752001199382 0.23537728718353484 4
      vertex 35.08289023880697 0.7003360915677161 4
      vertex 35.14683045111454 0.9270509831248421 4
    endloop
  endfacet
  facet normal 0 0 1
    outer loop
      vertex 22.85316954888546 0.9270509831248421 4
      vertex 35.14683045111454 0.9270509831248421 4
      vertex 35.22836140246614 1.1480502970952693 4
    endloop
  endfacet
  facet normal 0 0 1
    outer loop
      vertex 22.771638597533858 1.1480502970952693 4
      vertex 35.22836140246614 1.1480502970952693 4
      vertex 35.3269804274349 1.3619714992186402 4
    endloop
  endfacet
  facet normal 0 0 1
    outer loop
      vertex 22.771638597533858 1.1480502970952693 4
      vertex 35.3269804274349 1.3619714992186402 4
      vertex 35.44207950693772 1.5674956941478464 4
    endloop
  endfacet
  facet normal 0 0 1
    outer loop
      vertex 22.771638597533858 1.1480502970952693 4
      vertex 35.44207950693772 1.5674956941478464 4
      vertex 35.57294901687516 1.7633557568774194 4
    endloop
  endfacet
  facet normal 0 0 1
    outer loop
      vertex 22.557920493062277 1.5674956941478464 4
      vertex 35.57294901687516 1.7633557568774194 4
      vertex 35.718782103199906 1.948344144990551 4
    endloop
  endfacet
  facet normal 0 0 1
    outer loop
      vertex 22.427050983124843 1.7633557568774194 4
      vertex 35.718782103199906 1.948344144990551 4
      vertex 35.878679656440355 2.121320343559643 4
    endloop
  endfacet
  facet normal 0 0 1
    outer loop
      vertex 22.281217896800094 1.948344144990551 4
      vertex 35.878679656440355 2.121320343559643 4
      vertex 36.05165585500945 2.2812178968000927 4
    endloop
  endfacet
  facet normal 0 0 1
    outer loop
      vertex 22.281217896800094 1.948344144990551 4
      vertex 36.05165585500945 2.2812178968000927 4
      vertex 36.23664424312258 2.4270509831248424 4
    endloop
  endfacet
  facet normal 0 0 1
    outer loop
      vertex 22.121320343559642 2.121320343559643 4
      vertex 36.23664424312258 2.4270509831248424 4
      vertex 36.432504305852156 2.5579204930622765 4
    endloop
  endfacet
  facet normal 0 0 1
    outer loop
      vertex 21.36197149921864 2.673019572565104 4
      vertex 36.432504305852156 2.5579204930622765 4
      vertex 36.63802850078136 2.673019572565104 4
    endloop
  endfacet
  facet normal 0 0 1
    outer loop
      vertex 21.36197149921864 2.673019572565104 4
      vertex 36.63802850078136 2.673019572565104 4
      vertex 36.85194970290473 2.77163859753386 4
    endloop
  endfacet
  facet normal 0 0 1
    outer loop
      vertex 21.36197149921864 2.673019572565104 4
      vertex 36.85194970290473 2.77163859753386 4
      vertex 37.07294901687516 2.8531695488854605 4
    endloop
  endfacet
  facet normal 0 0 1
    outer loop
      vertex 21.36197149921864 2.673019572565104 4
      vertex 37.07294901687516 2.8531695488854605 4
      vertex 37.29966390843229 2.9171097611930294 4
    endloop
  endfacet
  facet normal 0 0 1
    outer loop
      vertex 21.36197149921864 2.673019572565104 4
      vertex 37.29966390843229 2.9171097611930294 4
      vertex 37.53069660487931 2.9630650217854133 4
    endloop
  endfacet
  facet normal 0 0 1
    outer loop
      vertex 21.36197149921864 2.673019572565104 4
      vertex 37.53069660487931 2.9630650217854133 4
      vertex 37.76462271281647 2.990752001199384 4
    endloop
  endfacet
  facet normal 0 0 1
    outer loop
      vertex 21.36197149921864 2.673019572565104 4
      vertex 37.76462271281647 2.990752001199384 4
      vertex 38 3 4
    endloop
  endfacet
  facet normal 0 0 1
    outer loop
      vertex 53.00924799880062 0.23537728718353484 4
      vertex 41 0 4
      vertex 40.99075200119938 -0.23537728718353484 4
    endloop
  endfacet
  facet normal 0 0 1
    outer loop
      vertex 41 0 4
      vertex 53.00924799880062 0.23537728718353484 4
      vertex 40.99075200119938 0.23537728718353484 4
    endloop
  endfacet
  facet normal 0 0 1
    outer loop
      vertex 40.99075200119938 0.23537728718353484 4
      vertex 53.14683045111454 0.9270509831248421 4
      vertex 40.96306502178541 0.46930339512069263 4
    endloop
  endfacet
  facet normal 0 0 1
    outer loop
      vertex 40.96306502178541 0.46930339512069263 4
      vertex 53.14683045111454 0.9270509831248421 4
      vertex 40.91710976119303 0.7003360915677161 4
    endloop
  endfacet
  facet normal 0 0 1
    outer loop
      vertex 40.91710976119303 0.7003360915677161 4
      vertex 53.14683045111454 0.9270509831248421 4
      vertex 40.85316954888546 0.9270509831248421 4
    endloop
  endfacet
  facet normal 0 0 1
    outer loop
      vertex 40.85316954888546 0.9270509831248421 4
      vertex 53.44207950693772 1.5674956941478464 4
      vertex 40.77163859753386 1.1480502970952693 4
    endloop
  endfacet
  facet normal 0 0 1
    outer loop
      vertex 40.77163859753386 1.1480502970952693 4
      vertex 53.44207950693772 1.5674956941478464 4
      vertex 40.6730195725651 1.3619714992186402 4
    endloop
  endfacet
  facet normal 0 0 1
    outer loop
      vertex 40.99075200119938 0.23537728718353484 4
      vertex 53.00924799880062 0.23537728718353484 4
      vertex 53.03693497821459 0.46930339512069263 4
    endloop
  endfacet
  facet normal 0 0 1
    outer loop
      vertex 40.99075200119938 0.23537728718353484 4
      vertex 53.03693497821459 0.46930339512069263 4
      vertex 53.08289023880697 0.7003360915677161 4
    endloop
  endfacet
  facet normal 0 0 1
    outer loop
      vertex 40.99075200119938 0.23537728718353484 4
      vertex 53.08289023880697 0.7003360915677161 4
      vertex 53.14683045111454 0.9270509831248421 4
    endloop
  endfacet
  facet normal 0 0 1
    outer loop
      vertex 40.85316954888546 0.9270509831248421 4
      vertex 53.14683045111454 0.9270509831248421 4
      vertex 53.22836140246614 1.1480502970952693 4
    endloop
  endfacet
  facet normal 0 0 1
    outer loop
      vertex 40.85316954888546 0.9270509831248421 4
      vertex 53.22836140246614 1.1480502970952693 4
      vertex 53.3269804274349 1.3619714992186402 4
    endloop
  endfacet
  facet normal 0 0 1
    outer loop
      vertex 40.85316954888546 0.9270509831248421 4
      vertex 53.3269804274349 1.3619714992186402 4
      vertex 53.44207950693772 1.5674956941478464 4
    endloop
  endfacet
  facet normal 0 0 1
    outer loop
      vertex 40.55792049306228 1.5674956941478464 4
      vertex 40.6730195725651 1.3619714992186402 4
      vertex 53.57294901687516 1.7633557568774194 4
    endloop
  endfacet
  facet normal 0 0 1
    outer loop
      vertex 40.55792049306228 1.5674956941478464 4
      vertex 54.05165585500945 2.2812178968000927 4
      vertex 40.42705098312484 1.7633557568774194 4
    endloop
  endfacet
  facet normal 0 0 1
    outer loop
      vertex 40.42705098312484 1.7633557568774194 4
      vertex 54.05165585500945 2.2812178968000927 4
      vertex 40.281217896800094 1.948344144990551 4
    endloop
  endfacet
  facet normal 0 0 1
    outer loop
      vertex 40.281217896800094 1.948344144990551 4
      vertex 54.23664424312258 2.4270509831248424 4
      vertex 40.121320343559645 2.121320343559643 4
    endloop
  endfacet
  facet normal 0 0 1
    outer loop
      vertex 39.94834414499055 2.2812178968000927 4
      vertex 40.121320343559645 2.121320343559643 4
      vertex 54.432504305852156 2.5579204930622765 4
    endloop
  endfacet
  facet normal 0 0 1
    outer loop
      vertex 39.76335575687742 2.4270509831248424 4
      vertex 39.94834414499055 2.2812178968000927 4
      vertex 54.63802850078136 2.673019572565104 4
    endloop
  endfacet
  facet normal 0 0 1
    outer loop
      vertex 54.85194970290473 2.77163859753386 4
      vertex 39.567495694147844 2.5579204930622765 4
      vertex 39.76335575687742 2.4270509831248424 4
    endloop
  endfacet
  facet normal 0 0 1
    outer loop
      vertex 39.36197149921864 2.673019572565104 4
      vertex 39.567495694147844 2.5579204930622765 4
      vertex 54.85194970290473 2.77163859753386 4
    endloop
  endfacet
  facet normal 0 0 1
    outer loop
      vertex 40.6730195725651 1.3619714992186402 4
      vertex 53.44207950693772 1.5674956941478464 4
      vertex 53.57294901687516 1.7633557568774194 4
    endloop
  endfacet
  facet normal 0 0 1
    outer loop
      vertex 40.55792049306228 1.5674956941478464 4
      vertex 53.57294901687516 1.7633557568774194 4
      vertex 53.718782103199906 1.948344144990551 4
    endloop
  endfacet
  facet normal 0 0 1
    outer loop
      vertex 40.55792049306228 1.5674956941478464 4
      vertex 53.718782103199906 1.948344144990551 4
      vertex 53.878679656440355 2.121320343559643 4
    endloop
  endfacet
  facet normal 0 0 1
    outer loop
      vertex 40.55792049306228 1.5674956941478464 4
      vertex 53.878679656440355 2.121320343559643 4
      vertex 54.05165585500945 2.2812178968000927 4
    endloop
  endfacet
  facet normal 0 0 1
    outer loop
      vertex 40.281217896800094 1.948344144990551 4
      vertex 54.05165585500945 2.2812178968000927 4
      vertex 54.23664424312258 2.4270509831248424 4
    endloop
  endfacet
  facet normal 0 0 1
    outer loop
      vertex 40.121320343559645 2.121320343559643 4
      vertex 54.23664424312258 2.4270509831248424 4
      vertex 54.432504305852156 2.5579204930622765 4
    endloop
  endfacet
  facet normal 0 0 1
    outer loop
      vertex 39.94834414499055 2.2812178968000927 4
      vertex 54.432504305852156 2.5579204930622765 4
      vertex 54.63802850078136 2.673019572565104 4
    endloop
  endfacet
  facet normal 0 0 1
    outer loop
      vertex 39.76335575687742 2.4270509831248424 4
      vertex 54.63802850078136 2.673019572565104 4
      vertex 54.85194970290473 2.77163859753386 4
    endloop
  endfacet
  facet normal 0 0 1
    outer loop
      vertex 39.36197149921864 2.673019572565104 4
      vertex 54.85194970290473 2.77163859753386 4
      vertex 55.07294901687516 2.8531695488854605 4
    endloop
  endfacet
  facet normal 0 0 1
    outer loop
      vertex 39.36197149921864 2.673019572565104 4
      vertex 55.07294901687516 2.8531695488854605 4
      vertex 55.29966390843229 2.9171097611930294 4
    endloop
  endfacet
  facet normal 0 0 1
    outer loop
      vertex 39.36197149921864 2.673019572565104 4
      vertex 55.29966390843229 2.9171097611930294 4
      vertex 55.53069660487931 2.9630650217854133 4
    endloop
  endfacet
  facet normal 0 0 1
    outer loop
      vertex 39.36197149921864 2.673019572565104 4
      vertex 55.53069660487931 2.9630650217854133 4
      vertex 55.76462271281647 2.990752001199384 4
    endloop
  endfacet
  facet normal 0 0 1
    outer loop
      vertex 39.36197149921864 2.673019572565104 4
      vertex 55.76462271281647 2.990752001199384 4
      vertex 56 3 4
    endloop
  endfacet
  facet normal 0 0 1
    outer loop
      vertex 58.99075200119938 -0.23537728718353484 4
      vertex 71.08289023880697 0.7003360915677161 4
      vertex 59 0 4
    endloop
  endfacet
  facet normal 0 0 1
    outer loop
      vertex 71.08289023880697 0.7003360915677161 4
      vertex 58.99075200119938 0.23537728718353484 4
      vertex 59 0 4
    endloop
  endfacet
  facet normal 0 0 1
    outer loop
      vertex 58.99075200119938 0.23537728718353484 4
      vertex 71.22836140246613 1.1480502970952693 4
      vertex 58.96306502178541 0.46930339512069263 4
    endloop
  endfacet
  facet normal 0 0 1
    outer loop
      vertex 58.96306502178541 0.46930339512069263 4
      vertex 71.22836140246613 1.1480502970952693 4
      vertex 58.91710976119303 0.7003360915677161 4
    endloop
  endfacet
  facet normal 0 0 1
    outer loop
      vertex 58.91710976119303 0.7003360915677161 4
      vertex 71.22836140246613 1.1480502970952693 4
      vertex 58.85316954888546 0.9270509831248421 4
    endloop
  endfacet
  facet normal 0 0 1
    outer loop
      vertex 58.85316954888546 0.9270509831248421 4
      vertex 71.57294901687516 1.7633557568774194 4
      vertex 58.77163859753386 1.1480502970952693 4
    endloop
  endfacet
  facet normal 0 0 1
    outer loop
      vertex 71.57294901687516 1.7633557568774194 4
      vertex 58.6730195725651 1.3619714992186402 4
      vertex 58.77163859753386 1.1480502970952693 4
    endloop
  endfacet
  facet normal 0 0 1
    outer loop
      vertex 58.55792049306228 1.5674956941478464 4
      vertex 58.6730195725651 1.3619714992186402 4
      vertex 71.57294901687516 1.7633557568774194 4
    endloop
  endfacet
  facet normal 0 0 1
    outer loop
      vertex 58.55792049306228 1.5674956941478464 4
      vertex 72.05165585500944 2.2812178968000927 4
      vertex 58.42705098312484 1.7633557568774194 4
    endloop
  endfacet
  facet normal 0 0 1
    outer loop
      vertex 58.42705098312484 1.7633557568774194 4
      vertex 72.23664424312258 2.4270509831248424 4
      vertex 58.281217896800094 1.948344144990551 4
    endloop
  endfacet
  facet normal 0 0 1
    outer loop
      vertex 58.281217896800094 1.948344144990551 4
      vertex 72.23664424312258 2.4270509831248424 4
      vertex 58.121320343559645 2.121320343559643 4
    endloop
  endfacet
  facet normal 0 0 1
    outer loop
      vertex 72.63802850078136 2.673019572565104 4
      vertex 57.94834414499055 2.2812178968000927 4
      vertex 58.121320343559645 2.121320343559643 4
    endloop
  endfacet
  facet normal 0 0 1
    outer loop
      vertex 72.63802850078136 2.673019572565104 4
      vertex 57.76335575687742 2.4270509831248424 4
      vertex 57.94834414499055 2.2812178968000927 4
    endloop
  endfacet
  facet normal 0 0 1
    outer loop
      vertex 72.63802850078136 2.673019572565104 4
      vertex 57.567495694147844 2.5579204930622765 4
      vertex 57.76335575687742 2.4270509831248424 4
    endloop
  endfacet
  facet normal 0 0 1
    outer loop
      vertex 72.63802850078136 2.673019572565104 4
      vertex 57.36197149921864 2.673019572565104 4
      vertex 57.567495694147844 2.5579204930622765 4
    endloop
  endfacet
  facet normal 0 0 1
    outer loop
      vertex 58.99075200119938 -0.23537728718353484 4
      vertex 71.00924799880062 0.23537728718353484 4
      vertex 71.03693497821459 0.46930339512069263 4
    endloop
  endfacet
  facet normal 0 0 1
    outer loop
      vertex 58.99075200119938 -0.23537728718353484 4
      vertex 71.03693497821459 0.46930339512069263 4
      vertex 71.08289023880697 0.7003360915677161 4
    endloop
  endfacet
  facet normal 0 0 1
    outer loop
      vertex 58.99075200119938 0.23537728718353484 4
      vertex 71.08289023880697 0.7003360915677161 4
      vertex 71.14683045111454 0.9270509831248421 4
    endloop
  endfacet
  facet normal 0 0 1
    outer loop
      vertex 58.99075200119938 0.23537728718353484 4
      vertex 71.14683045111454 0.9270509831248421 4
      vertex 71.22836140246613 1.1480502970952693 4
    endloop
  endfacet
  facet normal 0 0 1
    outer loop
      vertex 58.85316954888546 0.9270509831248421 4
      vertex 71.22836140246613 1.1480502970952693 4
      vertex 71.32698042743489 1.3619714992186402 4
    endloop
  endfacet
  facet normal 0 0 1
    outer loop
      vertex 58.85316954888546 0.9270509831248421 4
      vertex 71.32698042743489 1.3619714992186402 4
      vertex 71.44207950693772 1.5674956941478464 4
    endloop
  endfacet
  facet normal 0 0 1
    outer loop
      vertex 58.85316954888546 0.9270509831248421 4
      vertex 71.44207950693772 1.5674956941478464 4
      vertex 71.57294901687516 1.7633557568774194 4
    endloop
  endfacet
  facet normal 0 0 1
    outer loop
      vertex 58.55792049306228 1.5674956941478464 4
      vertex 71.57294901687516 1.7633557568774194 4
      vertex 71.71878210319991 1.948344144990551 4
    endloop
  endfacet
  facet normal 0 0 1
    outer loop
      vertex 58.55792049306228 1.5674956941478464 4
      vertex 71.71878210319991 1.948344144990551 4
      vertex 71.87867965644035 2.121320343559643 4
    endloop
  endfacet
  facet normal 0 0 1
    outer loop
      vertex 58.55792049306228 1.5674956941478464 4
      vertex 71.87867965644035 2.121320343559643 4
      vertex 72.05165585500944 2.2812178968000927 4
    endloop
  endfacet
  facet normal 0 0 1
    outer loop
      vertex 58.42705098312484 1.7633557568774194 4
      vertex 72.05165585500944 2.2812178968000927 4
      vertex 72.23664424312258 2.4270509831248424 4
    endloop
  endfacet
  facet normal 0 0 1
    outer loop
      vertex 72.23664424312258 2.4270509831248424 4
      vertex 72.43250430585215 2.5579204930622765 4
      vertex 58.121320343559645 2.121320343559643 4
    endloop
  endfacet
  facet normal 0 0 1
    outer loop
      vertex 58.121320343559645 2.121320343559643 4
      vertex 72.43250430585215 2.5579204930622765 4
      vertex 72.63802850078136 2.673019572565104 4
    endloop
  endfacet
  facet normal 0 0 1
    outer loop
      vertex 72.63802850078136 2.673019572565104 4
      vertex 72.85194970290473 2.77163859753386 4
      vertex 57.36197149921864 2.673019572565104 4
    endloop
  endfacet
  facet normal 0 0 1
    outer loop
      vertex 72.85194970290473 2.77163859753386 4
      vertex 73.07294901687516 2.8531695488854605 4
      vertex 57.36197149921864 2.673019572565104 4
    endloop
  endfacet
  facet normal 0 0 1
    outer loop
      vertex 73.07294901687516 2.8531695488854605 4
      vertex 73.29966390843228 2.9171097611930294 4
      vertex 57.36197149921864 2.673019572565104 4
    endloop
  endfacet
  facet normal 0 0 1
    outer loop
      vertex 73.29966390843228 2.9171097611930294 4
      vertex 73.53069660487931 2.9630650217854133 4
      vertex 57.36197149921864 2.673019572565104 4
    endloop
  endfacet
  facet normal 0 0 1
    outer loop
      vertex 73.53069660487931 2.9630650217854133 4
      vertex 73.76462271281646 2.990752001199384 4
      vertex 57.36197149921864 2.673019572565104 4
    endloop
  endfacet
  facet normal 0 0 1
    outer loop
      vertex 73.76462271281646 2.990752001199384 4
      vertex 74 3 4
      vertex 57.36197149921864 2.673019572565104 4
    endloop
  endfacet
  facet normal 0 0 1
    outer loop
      vertex 141.4735983564591 5.224985647159488 4
      vertex 15.235377287183535 2.990752001199384 4
      vertex 15.469303395120694 2.9630650217854133 4
    endloop
  endfacet
  facet normal 0 0 1
    outer loop
      vertex 11.412678195541842 3.7082039324993685 4
      vertex 11.563193739277693 3.1745160709140854 4
      vertex 141.4735983564591 5.224985647159488 4
    endloop
  endfacet
  facet normal 0 0 1
    outer loop
      vertex 141.4735983564591 5.224985647159488 4
      vertex 11.563193739277693 3.1745160709140854 4
      vertex 15.235377287183535 2.990752001199384 4
    endloop
  endfacet
  facet normal 0 0 1
    outer loop
      vertex 141.4735983564591 5.224985647159488 4
      vertex 15.469303395120694 2.9630650217854133 4
      vertex 20 3 4
    endloop
  endfacet
  facet normal 0 0 1
    outer loop
      vertex 141.4735983564591 5.224985647159488 4
      vertex 21.14805029709527 2.77163859753386 4
      vertex 21.36197149921864 2.673019572565104 4
    endloop
  endfacet
  facet normal 0 0 1
    outer loop
      vertex 141.4735983564591 5.224985647159488 4
      vertex 20.927050983124843 2.8531695488854605 4
      vertex 21.14805029709527 2.77163859753386 4
    endloop
  endfacet
  facet normal 0 0 1
    outer loop
      vertex 141.4735983564591 5.224985647159488 4
      vertex 20.469303395120694 2.9630650217854133 4
      vertex 20.700336091567717 2.9171097611930294 4
    endloop
  endfacet
  facet normal 0 0 1
    outer loop
      vertex 141.4735983564591 5.224985647159488 4
      vertex 20.235377287183535 2.990752001199384 4
      vertex 20.469303395120694 2.9630650217854133 4
    endloop
  endfacet
  facet normal 0 0 1
    outer loop
      vertex 141.4735983564591 5.224985647159488 4
      vertex 20 3 4
      vertex 20.235377287183535 2.990752001199384 4
    endloop
  endfacet
  facet normal 0 0 1
    outer loop
      vertex 141.4735983564591 5.224985647159488 4
      vertex 20.700336091567717 2.9171097611930294 4
      vertex 20.927050983124843 2.8531695488854605 4
    endloop
  endfacet
  facet normal 0 0 1
    outer loop
      vertex 11.412678195541842 3.7082039324993685 4
      vertex 141.9098300562505 5.877852522924732 4
      vertex 11.08655439013544 4.592201188381077 4
    endloop
  endfacet
  facet normal 0 0 1
    outer loop
      vertex 11.08655439013544 4.592201188381077 4
      vertex 141.9098300562505 5.877852522924732 4
      vertex 10.692078290260415 5.447885996874561 4
    endloop
  endfacet
  facet normal 0 0 1
    outer loop
      vertex 10.692078290260415 5.447885996874561 4
      vertex 141.9098300562505 5.877852522924732 4
      vertex 10.231681972249106 6.269982776591386 4
    endloop
  endfacet
  facet normal 0 0 1
    outer loop
      vertex 141.4735983564591 5.224985647159488 4
      vertex 21.36197149921864 2.673019572565104 4
      vertex 38 3 4
    endloop
  endfacet
  facet normal 0 0 1
    outer loop
      vertex 141.4735983564591 5.224985647159488 4
      vertex 38 3 4
      vertex 38.23537728718353 2.990752001199384 4
    endloop
  endfacet
  facet normal 0 0 1
    outer loop
      vertex 141.4735983564591 5.224985647159488 4
      vertex 39.14805029709527 2.77163859753386 4
      vertex 39.36197149921864 2.673019572565104 4
    endloop
  endfacet
  facet normal 0 0 1
    outer loop
      vertex 141.4735983564591 5.224985647159488 4
      vertex 38.92705098312484 2.8531695488854605 4
      vertex 39.14805029709527 2.77163859753386 4
    endloop
  endfacet
  facet normal 0 0 1
    outer loop
      vertex 141.4735983564591 5.224985647159488 4
      vertex 38.46930339512069 2.9630650217854133 4
      vertex 38.70033609156771 2.9171097611930294 4
    endloop
  endfacet
  facet normal 0 0 1
    outer loop
      vertex 141.4735983564591 5.224985647159488 4
      vertex 38.23537728718353 2.990752001199384 4
      vertex 38.46930339512069 2.9630650217854133 4
    endloop
  endfacet
  facet normal 0 0 1
    outer loop
      vertex 141.4735983564591 5.224985647159488 4
      vertex 38.70033609156771 2.9171097611930294 4
      vertex 38.92705098312484 2.8531695488854605 4
    endloop
  endfacet
  facet normal 0 0 1
    outer loop
      vertex 7.793376579962204 9.12487158720037 4
      vertex 141.9098300562505 5.877852522924732 4
      vertex 7.053423027509678 9.70820393249937 4
    endloop
  endfacet
  facet normal 0 0 1
    outer loop
      vertex 7.053423027509678 9.70820393249937 4
      vertex 141.9098300562505 5.877852522924732 4
      vertex 6.616719351365105 10 4
    endloop
  endfacet
  facet normal 0 0 1
    outer loop
      vertex 10.231681972249106 6.269982776591386 4
      vertex 141.9098300562505 5.877852522924732 4
      vertex 9.70820393249937 7.053423027509678 4
    endloop
  endfacet
  facet normal 0 0 1
    outer loop
      vertex 9.12487158720037 7.793376579962204 4
      vertex 9.70820393249937 7.053423027509678 4
      vertex 141.9098300562505 5.877852522924732 4
    endloop
  endfacet
  facet normal 0 0 1
    outer loop
      vertex 9.12487158720037 7.793376579962204 4
      vertex 141.9098300562505 5.877852522924732 4
      vertex 8.485281374238571 8.485281374238571 4
    endloop
  endfacet
  facet normal 0 0 1
    outer loop
      vertex 8.485281374238571 8.485281374238571 4
      vertex 141.9098300562505 5.877852522924732 4
      vertex 7.793376579962204 9.12487158720037 4
    endloop
  endfacet
  facet normal 0 0 1
    outer loop
      vertex 6.616719351365105 10 4
      vertex 141.9098300562505 5.877852522924732 4
      vertex 15 10 4
    endloop
  endfacet
  facet normal 0 0 -1
    outer loop
      vertex 15 -10 0
      vertex 141.9098300562505 -5.877852522924732 0
      vertex 142.1885833437359 -6.231449382407825 0
    endloop
  endfacet
  facet normal 0 0 -1
    outer loop
      vertex 15 -10 0
      vertex 141.4735983564591 -5.224985647159488 0
      vertex 141.9098300562505 -5.877852522924732 0
    endloop
  endfacet
  facet normal 0 0 -1
    outer loop
      vertex 15 -10 0
      vertex 141.08993475811633 -4.5399049973954675 0
      vertex 141.4735983564591 -5.224985647159488 0
    endloop
  endfacet
  facet normal 0.029616632039650863 -0.9995613313382166 0
    outer loop
      vertex 15 -10 4
      vertex 142.1885833437359 -6.231449382407825 0
      vertex 142.1885833437359 -6.231449382407825 4
    endloop
  endfacet
  facet normal 0 0 -1
    outer loop
      vertex 141.08993475811633 -4.5399049973954675 0
      vertex 56 -3 0
      vertex 56.23537728718353 -2.990752001199384 0
    endloop
  endfacet
  facet normal 0 0 -1
    outer loop
      vertex 141.08993475811633 -4.5399049973954675 0
      vertex 56.23537728718353 -2.990752001199384 0
      vertex 56.46930339512069 -2.9630650217854133 0
    endloop
  endfacet
  facet normal 0 0 -1
    outer loop
      vertex 141.08993475811633 -4.5399049973954675 0
      vertex 56.46930339512069 -2.9630650217854133 0
      vertex 74 -3 0
    endloop
  endfacet
  facet normal 0 0 -1
    outer loop
      vertex 74.23537728718354 -2.990752001199384 0
      vertex 74.46930339512069 -2.9630650217854133 0
      vertex 91.76462271281646 -2.990752001199384 0
    endloop
  endfacet
  facet normal 0 0 -1
    outer loop
      vertex 74 -3 0
      vertex 74.23537728718354 -2.990752001199384 0
      vertex 92 -3 0
    endloop
  endfacet
  facet normal 0 0 -1
    outer loop
      vertex 74.46930339512069 -2.9630650217854133 0
      vertex 74.70033609156772 -2.9171097611930294 0
      vertex 91.53069660487931 -2.9630650217854133 0
    endloop
  endfacet
  facet normal 0 0 -1
    outer loop
      vertex 74.70033609156772 -2.9171097611930294 0
      vertex 74.92705098312484 -2.8531695488854605 0
      vertex 91.29966390843228 -2.9171097611930294 0
    endloop
  endfacet
  facet normal 0 0 -1
    outer loop
      vertex 74.92705098312484 -2.8531695488854605 0
      vertex 75.14805029709527 -2.77163859753386 0
      vertex 91.07294901687516 -2.8531695488854605 0
    endloop
  endfacet
  facet normal 0 0 -1
    outer loop
      vertex 75.14805029709527 -2.77163859753386 0
      vertex 75.36197149921864 -2.673019572565104 0
      vertex 90.85194970290473 -2.77163859753386 0
    endloop
  endfacet
  facet normal 0 0 -1
    outer loop
      vertex 75.36197149921864 -2.673019572565104 0
      vertex 75.56749569414785 -2.5579204930622765 0
      vertex 90.63802850078136 -2.673019572565104 0
    endloop
  endfacet
  facet normal 0 0 -1
    outer loop
      vertex 75.56749569414785 -2.5579204930622765 0
      vertex 75.76335575687742 -2.4270509831248424 0
      vertex 90.43250430585215 -2.5579204930622765 0
    endloop
  endfacet
  facet normal 0 0 -1
    outer loop
      vertex 75.76335575687742 -2.4270509831248424 0
      vertex 75.94834414499056 -2.2812178968000927 0
      vertex 90.23664424312258 -2.4270509831248424 0
    endloop
  endfacet
  facet normal 0 0 -1
    outer loop
      vertex 75.94834414499056 -2.2812178968000927 0
      vertex 76.12132034355965 -2.121320343559643 0
      vertex 90.05165585500944 -2.2812178968000927 0
    endloop
  endfacet
  facet normal 0 0 -1
    outer loop
      vertex 76.12132034355965 -2.121320343559643 0
      vertex 76.28121789680009 -1.948344144990551 0
      vertex 89.87867965644035 -2.121320343559643 0
    endloop
  endfacet
  facet normal 0 0 -1
    outer loop
      vertex 76.42705098312484 -1.7633557568774194 0
      vertex 89.71878210319991 -1.948344144990551 0
      vertex 76.28121789680009 -1.948344144990551 0
    endloop
  endfacet
  facet normal 0 0 -1
    outer loop
      vertex 76.55792049306228 -1.5674956941478464 0
      vertex 89.57294901687516 -1.7633557568774194 0
      vertex 76.42705098312484 -1.7633557568774194 0
    endloop
  endfacet
  facet normal 0 0 -1
    outer loop
      vertex 76.55792049306228 -1.5674956941478464 0
      vertex 76.67301957256511 -1.3619714992186402 0
      vertex 89.44207950693772 -1.5674956941478464 0
    endloop
  endfacet
  facet normal 0 0 -1
    outer loop
      vertex 76.77163859753387 -1.1480502970952693 0
      vertex 89.32698042743489 -1.3619714992186402 0
      vertex 76.67301957256511 -1.3619714992186402 0
    endloop
  endfacet
  facet normal 0 0 -1
    outer loop
      vertex 76.85316954888546 -0.9270509831248421 0
      vertex 89.22836140246613 -1.1480502970952693 0
      vertex 76.77163859753387 -1.1480502970952693 0
    endloop
  endfacet
  facet normal 0 0 -1
    outer loop
      vertex 76.91710976119303 -0.7003360915677161 0
      vertex 89.14683045111454 -0.9270509831248421 0
      vertex 76.85316954888546 -0.9270509831248421 0
    endloop
  endfacet
  facet normal 0 0 -1
    outer loop
      vertex 76.96306502178541 -0.46930339512069263 0
      vertex 89.08289023880697 -0.7003360915677161 0
      vertex 76.91710976119303 -0.7003360915677161 0
    endloop
  endfacet
  facet normal 0 0 -1
    outer loop
      vertex 76.99075200119938 -0.23537728718353484 0
      vertex 89.03693497821459 -0.46930339512069263 0
      vertex 76.96306502178541 -0.46930339512069263 0
    endloop
  endfacet
  facet normal 0 0 -1
    outer loop
      vertex 89.00924799880062 -0.23537728718353484 0
      vertex 76.99075200119938 -0.23537728718353484 0
      vertex 77 0 0
    endloop
  endfacet
  facet normal 0 0 -1
    outer loop
      vertex 74.46930339512069 -2.9630650217854133 0
      vertex 91.53069660487931 -2.9630650217854133 0
      vertex 91.76462271281646 -2.990752001199384 0
    endloop
  endfacet
  facet normal 0 0 -1
    outer loop
      vertex 91.76462271281646 -2.990752001199384 0
      vertex 92 -3 0
      vertex 74.23537728718354 -2.990752001199384 0
    endloop
  endfacet
  facet normal 0 0 -1
    outer loop
      vertex 74.70033609156772 -2.9171097611930294 0
      vertex 91.29966390843228 -2.9171097611930294 0
      vertex 91.53069660487931 -2.9630650217854133 0
    endloop
  endfacet
  facet normal 0 0 -1
    outer loop
      vertex 91.07294901687516 -2.8531695488854605 0
      vertex 91.29966390843228 -2.9171097611930294 0
      vertex 74.92705098312484 -2.8531695488854605 0
    endloop
  endfacet
  facet normal 0 0 -1
    outer loop
      vertex 75.14805029709527 -2.77163859753386 0
      vertex 90.85194970290473 -2.77163859753386 0
      vertex 91.07294901687516 -2.8531695488854605 0
    endloop
  endfacet
  facet normal 0 0 -1
    outer loop
      vertex 75.36197149921864 -2.673019572565104 0
      vertex 90.63802850078136 -2.673019572565104 0
      vertex 90.85194970290473 -2.77163859753386 0
    endloop
  endfacet
  facet normal 0 0 -1
    outer loop
      vertex 90.43250430585215 -2.5579204930622765 0
      vertex 90.63802850078136 -2.673019572565104 0
      vertex 75.56749569414785 -2.5579204930622765 0
    endloop
  endfacet
  facet normal 0 0 -1
    outer loop
      vertex 90.23664424312258 -2.4270509831248424 0
      vertex 90.43250430585215 -2.5579204930622765 0
      vertex 75.76335575687742 -2.4270509831248424 0
    endloop
  endfacet
  facet normal 0 0 -1
    outer loop
      vertex 90.05165585500944 -2.2812178968000927 0
      vertex 90.23664424312258 -2.4270509831248424 0
      vertex 75.94834414499056 -2.2812178968000927 0
    endloop
  endfacet
  facet normal 0 0 -1
    outer loop
      vertex 76.12132034355965 -2.121320343559643 0
      vertex 89.87867965644035 -2.121320343559643 0
      vertex 90.05165585500944 -2.2812178968000927 0
    endloop
  endfacet
  facet normal 0 0 -1
    outer loop
      vertex 89.87867965644035 -2.121320343559643 0
      vertex 76.28121789680009 -1.948344144990551 0
      vertex 89.71878210319991 -1.948344144990551 0
    endloop
  endfacet
  facet normal 0 0 -1
    outer loop
      vertex 89.71878210319991 -1.948344144990551 0
      vertex 76.42705098312484 -1.7633557568774194 0
      vertex 89.57294901687516 -1.7633557568774194 0
    endloop
  endfacet
  facet normal 0 0 -1
    outer loop
      vertex 89.57294901687516 -1.7633557568774194 0
      vertex 76.55792049306228 -1.5674956941478464 0
      vertex 89.44207950693772 -1.5674956941478464 0
    endloop
  endfacet
  facet normal 0 0 -1
    outer loop
      vertex 89.44207950693772 -1.5674956941478464 0
      vertex 76.67301957256511 -1.3619714992186402 0
      vertex 89.32698042743489 -1.3619714992186402 0
    endloop
  endfacet
  facet normal 0 0 -1
    outer loop
      vertex 89.32698042743489 -1.3619714992186402 0
      vertex 76.77163859753387 -1.1480502970952693 0
      vertex 89.22836140246613 -1.1480502970952693 0
    endloop
  endfacet
  facet normal 0 0 -1
    outer loop
      vertex 89.22836140246613 -1.1480502970952693 0
      vertex 76.85316954888546 -0.9270509831248421 0
      vertex 89.14683045111454 -0.9270509831248421 0
    endloop
  endfacet
  facet normal 0 0 -1
    outer loop
      vertex 89.14683045111454 -0.9270509831248421 0
      vertex 76.91710976119303 -0.7003360915677161 0
      vertex 89.08289023880697 -0.7003360915677161 0
    endloop
  endfacet
  facet normal 0 0 -1
    outer loop
      vertex 89.08289023880697 -0.7003360915677161 0
      vertex 76.96306502178541 -0.46930339512069263 0
      vertex 89.03693497821459 -0.46930339512069263 0
    endloop
  endfacet
  facet normal 0 0 -1
    outer loop
      vertex 89.03693497821459 -0.46930339512069263 0
      vertex 76.99075200119938 -0.23537728718353484 0
      vertex 89.00924799880062 -0.23537728718353484 0
    endloop
  endfacet
  facet normal 0 0 -1
    outer loop
      vertex 89.00924799880062 -0.23537728718353484 0
      vertex 77 0 0
      vertex 89 0 0
    endloop
  endfacet
  facet normal 0 0 -1
    outer loop
      vertex 141.08993475811633 -4.5399049973954675 0
      vertex 74 -3 0
      vertex 92 -3 0
    endloop
  endfacet
  facet normal 0 0 -1
    outer loop
      vertex 141.08993475811633 -4.5399049973954675 0
      vertex 92.23537728718354 -2.990752001199384 0
      vertex 92.46930339512069 -2.9630650217854133 0
    endloop
  endfacet
  facet normal 0 0 -1
    outer loop
      vertex 141.08993475811633 -4.5399049973954675 0
      vertex 92 -3 0
      vertex 92.23537728718354 -2.990752001199384 0
    endloop
  endfacet
  facet normal 0 0 -1
    outer loop
      vertex 141.08993475811633 -4.5399049973954675 0
      vertex 92.46930339512069 -2.9630650217854133 0
      vertex 92.70033609156772 -2.9171097611930294 0
    endloop
  endfacet
  facet normal 0 0 -1
    outer loop
      vertex 141.08993475811633 -4.5399049973954675 0
      vertex 92.70033609156772 -2.9171097611930294 0
      vertex 92.92705098312484 -2.8531695488854605 0
    endloop
  endfacet
  facet normal 0 0 -1
    outer loop
      vertex 141.08993475811633 -4.5399049973954675 0
      vertex 92.92705098312484 -2.8531695488854605 0
      vertex 93.14805029709527 -2.77163859753386 0
    endloop
  endfacet
  facet normal 0 0 -1
    outer loop
      vertex 141.08993475811633 -4.5399049973954675 0
      vertex 93.14805029709527 -2.77163859753386 0
      vertex 93.36197149921864 -2.673019572565104 0
    endloop
  endfacet
  facet normal 0 0 -1
    outer loop
      vertex 141.08993475811633 -4.5399049973954675 0
      vertex 93.36197149921864 -2.673019572565104 0
      vertex 93.56749569414785 -2.5579204930622765 0
    endloop
  endfacet
  facet normal 0 0 -1
    outer loop
      vertex 141.08993475811633 -4.5399049973954675 0
      vertex 93.56749569414785 -2.5579204930622765 0
      vertex 93.76335575687742 -2.4270509831248424 0
    endloop
  endfacet
  facet normal 0 0 -1
    outer loop
      vertex 141.08993475811633 -4.5399049973954675 0
      vertex 93.76335575687742 -2.4270509831248424 0
      vertex 93.94834414499056 -2.2812178968000927 0
    endloop
  endfacet
  facet normal 0 0 -1
    outer loop
      vertex 141.08993475811633 -4.5399049973954675 0
      vertex 93.94834414499056 -2.2812178968000927 0
      vertex 94.12132034355965 -2.121320343559643 0
    endloop
  endfacet
  facet normal 0 0 -1
    outer loop
      vertex 141.08993475811633 -4.5399049973954675 0
      vertex 94.12132034355965 -2.121320343559643 0
      vertex 94.28121789680009 -1.948344144990551 0
    endloop
  endfacet
  facet normal 0 0 -1
    outer loop
      vertex 141.08993475811633 -4.5399049973954675 0
      vertex 94.28121789680009 -1.948344144990551 0
      vertex 94.42705098312484 -1.7633557568774194 0
    endloop
  endfacet
  facet normal 0 0 -1
    outer loop
      vertex 141.08993475811633 -4.5399049973954675 0
      vertex 94.42705098312484 -1.7633557568774194 0
      vertex 94.55792049306228 -1.5674956941478464 0
    endloop
  endfacet
  facet normal 0 0 -1
    outer loop
      vertex 141.08993475811633 -4.5399049973954675 0
      vertex 94.55792049306228 -1.5674956941478464 0
      vertex 94.67301957256511 -1.3619714992186402 0
    endloop
  endfacet
  facet normal 0 0 -1
    outer loop
      vertex 141.08993475811633 -4.5399049973954675 0
      vertex 94.67301957256511 -1.3619714992186402 0
      vertex 94.77163859753387 -1.1480502970952693 0
    endloop
  endfacet
  facet normal 0 0 -1
    outer loop
      vertex 141.08993475811633 -4.5399049973954675 0
      vertex 94.77163859753387 -1.1480502970952693 0
      vertex 94.85316954888546 -0.9270509831248421 0
    endloop
  endfacet
  facet normal 0 0 -1
    outer loop
      vertex 141.08993475811633 -4.5399049973954675 0
      vertex 94.85316954888546 -0.9270509831248421 0
      vertex 94.91710976119303 -0.7003360915677161 0
    endloop
  endfacet
  facet normal 0 0 -1
    outer loop
      vertex 141.08993475811633 -4.5399049973954675 0
      vertex 94.91710976119303 -0.7003360915677161 0
      vertex 94.96306502178541 -0.46930339512069263 0
    endloop
  endfacet
  facet normal 0 0 -1
    outer loop
      vertex 141.08993475811633 -4.5399049973954675 0
      vertex 94.96306502178541 -0.46930339512069263 0
      vertex 94.99075200119938 -0.23537728718353484 0
    endloop
  endfacet
  facet normal 0 0 -1
    outer loop
      vertex 141.08993475811633 -4.5399049973954675 0
      vertex 94.99075200119938 -0.23537728718353484 0
      vertex 95 0 0
    endloop
  endfacet
  facet normal 0 0 -1
    outer loop
      vertex 141.08993475811633 -4.5399049973954675 0
      vertex 95 0 0
      vertex 94.99075200119938 0.23537728718353484 0
    endloop
  endfacet
  facet normal 0 0 -1
    outer loop
      vertex 141.08993475811633 -4.5399049973954675 0
      vertex 94.99075200119938 0.23537728718353484 0
      vertex 94.96306502178541 0.46930339512069263 0
    endloop
  endfacet
  facet normal 0 0 -1
    outer loop
      vertex 141.08993475811633 -4.5399049973954675 0
      vertex 94.96306502178541 0.46930339512069263 0
      vertex 94.91710976119303 0.7003360915677161 0
    endloop
  endfacet
  facet normal 0 0 -1
    outer loop
      vertex 141.08993475811633 -4.5399049973954675 0
      vertex 94.91710976119303 0.7003360915677161 0
      vertex 94.85316954888546 0.9270509831248421 0
    endloop
  endfacet
  facet normal 0 0 -1
    outer loop
      vertex 140.76120467488713 -3.826834323650898 0
      vertex 94.85316954888546 0.9270509831248421 0
      vertex 94.77163859753387 1.1480502970952693 0
    endloop
  endfacet
  facet normal 0 0 -1
    outer loop
      vertex 140.76120467488713 -3.826834323650898 0
      vertex 94.77163859753387 1.1480502970952693 0
      vertex 94.67301957256511 1.3619714992186402 0
    endloop
  endfacet
  facet normal 0 0 -1
    outer loop
      vertex 140.48943483704846 -3.090169943749474 0
      vertex 94.67301957256511 1.3619714992186402 0
      vertex 94.55792049306228 1.5674956941478464 0
    endloop
  endfacet
  facet normal 0 0 -1
    outer loop
      vertex 141.08993475811633 -4.5399049973954675 0
      vertex 94.85316954888546 0.9270509831248421 0
      vertex 140.76120467488713 -3.826834323650898 0
    endloop
  endfacet
  facet normal 0 0 -1
    outer loop
      vertex 140.76120467488713 -3.826834323650898 0
      vertex 94.67301957256511 1.3619714992186402 0
      vertex 140.48943483704846 -3.090169943749474 0
    endloop
  endfacet
  facet normal 0 0 -1
    outer loop
      vertex 140.48943483704846 -3.090169943749474 0
      vertex 94.42705098312484 1.7633557568774194 0
      vertex 140.27630079602324 -2.334453638559054 0
    endloop
  endfacet
  facet normal 0 0 -1
    outer loop
      vertex 140.27630079602324 -2.334453638559054 0
      vertex 93.94834414499056 2.2812178968000927 0
      vertex 140.1231165940486 -1.5643446504023086 0
    endloop
  endfacet
  facet normal 0 0 1
    outer loop
      vertex 15 -10 4
      vertex 142.1885833437359 -6.231449382407825 4
      vertex 141.9098300562505 -5.877852522924732 4
    endloop
  endfacet
  facet normal 0 0 1
    outer loop
      vertex 15 -10 4
      vertex 141.9098300562505 -5.877852522924732 4
      vertex 141.4735983564591 -5.224985647159488 4
    endloop
  endfacet
  facet normal 0 0 1
    outer loop
      vertex 15 -10 4
      vertex 141.4735983564591 -5.224985647159488 4
      vertex 141.08993475811633 -4.5399049973954675 4
    endloop
  endfacet
  facet normal 0 0 1
    outer loop
      vertex 15 -10 4
      vertex 141.08993475811633 -4.5399049973954675 4
      vertex 140.76120467488713 -3.826834323650898 4
    endloop
  endfacet
  facet normal 0 0 1
    outer loop
      vertex 15 -10 4
      vertex 140.03082666266872 0.7845909572784494 4
      vertex 92.23537728718354 -2.990752001199384 4
    endloop
  endfacet
  facet normal 0 0 1
    outer loop
      vertex 89.32698042743489 -1.3619714992186402 4
      vertex 74.46930339512069 -2.9630650217854133 4
      vertex 74.23537728718354 -2.990752001199384 4
    endloop
  endfacet
  facet normal 0 0 1
    outer loop
      vertex 89.32698042743489 -1.3619714992186402 4
      vertex 74.70033609156772 -2.9171097611930294 4
      vertex 74.46930339512069 -2.9630650217854133 4
    endloop
  endfacet
  facet normal 0 0 1
    outer loop
      vertex 89.32698042743489 -1.3619714992186402 4
      vertex 74.92705098312484 -2.8531695488854605 4
      vertex 74.70033609156772 -2.9171097611930294 4
    endloop
  endfacet
  facet normal 0 0 1
    outer loop
      vertex 89.32698042743489 -1.3619714992186402 4
      vertex 75.14805029709527 -2.77163859753386 4
      vertex 74.92705098312484 -2.8531695488854605 4
    endloop
  endfacet
  facet normal 0 0 1
    outer loop
      vertex 89.32698042743489 -1.3619714992186402 4
      vertex 75.36197149921864 -2.673019572565104 4
      vertex 75.14805029709527 -2.77163859753386 4
    endloop
  endfacet
  facet normal 0 0 1
    outer loop
      vertex 89.32698042743489 -1.3619714992186402 4
      vertex 75.56749569414785 -2.5579204930622765 4
      vertex 75.36197149921864 -2.673019572565104 4
    endloop
  endfacet
  facet normal 0 0 1
    outer loop
      vertex 89.32698042743489 -1.3619714992186402 4
      vertex 75.76335575687742 -2.4270509831248424 4
      vertex 75.56749569414785 -2.5579204930622765 4
    endloop
  endfacet
  facet normal 0 0 1
    outer loop
      vertex 89.32698042743489 -1.3619714992186402 4
      vertex 75.94834414499056 -2.2812178968000927 4
      vertex 75.76335575687742 -2.4270509831248424 4
    endloop
  endfacet
  facet normal 0 0 1
    outer loop
      vertex 89.32698042743489 -1.3619714992186402 4
      vertex 76.12132034355965 -2.121320343559643 4
      vertex 75.94834414499056 -2.2812178968000927 4
    endloop
  endfacet
  facet normal 0 0 1
    outer loop
      vertex 89.08289023880697 -0.7003360915677161 4
      vertex 76.28121789680009 -1.948344144990551 4
      vertex 76.12132034355965 -2.121320343559643 4
    endloop
  endfacet
  facet normal 0 0 1
    outer loop
      vertex 76.28121789680009 -1.948344144990551 4
      vertex 89.03693497821459 -0.46930339512069263 4
      vertex 76.42705098312484 -1.7633557568774194 4
    endloop
  endfacet
  facet normal 0 0 1
    outer loop
      vertex 89.03693497821459 -0.46930339512069263 4
      vertex 76.55792049306228 -1.5674956941478464 4
      vertex 76.42705098312484 -1.7633557568774194 4
    endloop
  endfacet
  facet normal 0 0 1
    outer loop
      vertex 76.55792049306228 -1.5674956941478464 4
      vertex 89.00924799880062 -0.23537728718353484 4
      vertex 76.67301957256511 -1.3619714992186402 4
    endloop
  endfacet
  facet normal 0 0 1
    outer loop
      vertex 89.00924799880062 -0.23537728718353484 4
      vertex 76.77163859753387 -1.1480502970952693 4
      vertex 76.67301957256511 -1.3619714992186402 4
    endloop
  endfacet
  facet normal 0 0 1
    outer loop
      vertex 76.77163859753387 -1.1480502970952693 4
      vertex 89 0 4
      vertex 76.85316954888546 -0.9270509831248421 4
    endloop
  endfacet
  facet normal 0 0 1
    outer loop
      vertex 76.85316954888546 -0.9270509831248421 4
      vertex 89.03693497821459 0.46930339512069263 4
      vertex 76.91710976119303 -0.7003360915677161 4
    endloop
  endfacet
  facet normal 0 0 1
    outer loop
      vertex 89.03693497821459 0.46930339512069263 4
      vertex 76.96306502178541 -0.46930339512069263 4
      vertex 76.91710976119303 -0.7003360915677161 4
    endloop
  endfacet
  facet normal 0 0 1
    outer loop
      vertex 76.96306502178541 -0.46930339512069263 4
      vertex 89.08289023880697 0.7003360915677161 4
      vertex 76.99075200119938 -0.23537728718353484 4
    endloop
  endfacet
  facet normal 0 0 1
    outer loop
      vertex 76.12132034355965 -2.121320343559643 4
      vertex 89.32698042743489 -1.3619714992186402 4
      vertex 89.22836140246613 -1.1480502970952693 4
    endloop
  endfacet
  facet normal 0 0 1
    outer loop
      vertex 76.12132034355965 -2.121320343559643 4
      vertex 89.22836140246613 -1.1480502970952693 4
      vertex 89.14683045111454 -0.9270509831248421 4
    endloop
  endfacet
  facet normal 0 0 1
    outer loop
      vertex 76.12132034355965 -2.121320343559643 4
      vertex 89.14683045111454 -0.9270509831248421 4
      vertex 89.08289023880697 -0.7003360915677161 4
    endloop
  endfacet
  facet normal 0 0 1
    outer loop
      vertex 76.28121789680009 -1.948344144990551 4
      vertex 89.08289023880697 -0.7003360915677161 4
      vertex 89.03693497821459 -0.46930339512069263 4
    endloop
  endfacet
  facet normal 0 0 1
    outer loop
      vertex 76.55792049306228 -1.5674956941478464 4
      vertex 89.03693497821459 -0.46930339512069263 4
      vertex 89.00924799880062 -0.23537728718353484 4
    endloop
  endfacet
  facet normal 0 0 1
    outer loop
      vertex 76.77163859753387 -1.1480502970952693 4
      vertex 89.00924799880062 -0.23537728718353484 4
      vertex 89 0 4
    endloop
  endfacet
  facet normal 0 0 1
    outer loop
      vertex 76.85316954888546 -0.9270509831248421 4
      vertex 89 0 4
      vertex 89.00924799880062 0.23537728718353484 4
    endloop
  endfacet
  facet normal 0 0 1
    outer loop
      vertex 76.85316954888546 -0.9270509831248421 4
      vertex 89.00924799880062 0.23537728718353484 4
      vertex 89.03693497821459 0.46930339512069263 4
    endloop
  endfacet
  facet normal 0 0 1
    outer loop
      vertex 15 -10 4
      vertex 140.76120467488713 -3.826834323650898 4
      vertex 140.48943483704846 -3.090169943749474 4
    endloop
  endfacet
  facet normal 0 0 1
    outer loop
      vertex 15 -10 4
      vertex 140.48943483704846 -3.090169943749474 4
      vertex 140.27630079602324 -2.334453638559054 4
    endloop
  endfacet
  facet normal 0 0 1
    outer loop
      vertex 15 -10 4
      vertex 140.27630079602324 -2.334453638559054 4
      vertex 140.1231165940486 -1.5643446504023086 4
    endloop
  endfacet
  facet normal 0 0 1
    outer loop
      vertex 15 -10 4
      vertex 140.1231165940486 -1.5643446504023086 4
      vertex 140.03082666266872 -0.7845909572784494 4
    endloop
  endfacet
  facet normal 0 0 1
    outer loop
      vertex 15 -10 4
      vertex 140.03082666266872 -0.7845909572784494 4
      vertex 140 0 4
    endloop
  endfacet
  facet normal 0 0 1
    outer loop
      vertex 15 -10 4
      vertex 140 0 4
      vertex 140.03082666266872 0.7845909572784494 4
    endloop
  endfacet
  facet normal 0 0 1
    outer loop
      vertex 140.03082666266872 0.7845909572784494 4
      vertex 92.46930339512069 -2.9630650217854133 4
      vertex 92.23537728718354 -2.990752001199384 4
    endloop
  endfacet
  facet normal 0 0 1
    outer loop
      vertex 140.03082666266872 0.7845909572784494 4
      vertex 92.70033609156772 -2.9171097611930294 4
      vertex 92.46930339512069 -2.9630650217854133 4
    endloop
  endfacet
  facet normal 0 0 1
    outer loop
      vertex 140.03082666266872 0.7845909572784494 4
      vertex 92.92705098312484 -2.8531695488854605 4
      vertex 92.70033609156772 -2.9171097611930294 4
    endloop
  endfacet
  facet normal 0 0 1
    outer loop
      vertex 140.1231165940486 1.5643446504023086 4
      vertex 93.14805029709527 -2.77163859753386 4
      vertex 92.92705098312484 -2.8531695488854605 4
    endloop
  endfacet
  facet normal 0 0 1
    outer loop
      vertex 140.1231165940486 1.5643446504023086 4
      vertex 93.36197149921864 -2.673019572565104 4
      vertex 93.14805029709527 -2.77163859753386 4
    endloop
  endfacet
  facet normal 0 0 1
    outer loop
      vertex 140.1231165940486 1.5643446504023086 4
      vertex 93.56749569414785 -2.5579204930622765 4
      vertex 93.36197149921864 -2.673019572565104 4
    endloop
  endfacet
  facet normal 0 0 1
    outer loop
      vertex 140.1231165940486 1.5643446504023086 4
      vertex 93.76335575687742 -2.4270509831248424 4
      vertex 93.56749569414785 -2.5579204930622765 4
    endloop
  endfacet
  facet normal 0 0 1
    outer loop
      vertex 140.1231165940486 1.5643446504023086 4
      vertex 93.94834414499056 -2.2812178968000927 4
      vertex 93.76335575687742 -2.4270509831248424 4
    endloop
  endfacet
  facet normal 0 0 1
    outer loop
      vertex 140.27630079602324 2.334453638559054 4
      vertex 94.12132034355965 -2.121320343559643 4
      vertex 93.94834414499056 -2.2812178968000927 4
    endloop
  endfacet
  facet normal 0 0 1
    outer loop
      vertex 140.27630079602324 2.334453638559054 4
      vertex 94.28121789680009 -1.948344144990551 4
      vertex 94.12132034355965 -2.121320343559643 4
    endloop
  endfacet
  facet normal 0 0 1
    outer loop
      vertex 140.27630079602324 2.334453638559054 4
      vertex 94.42705098312484 -1.7633557568774194 4
      vertex 94.28121789680009 -1.948344144990551 4
    endloop
  endfacet
  facet normal 0 0 1
    outer loop
      vertex 140.48943483704846 3.090169943749474 4
      vertex 94.55792049306228 -1.5674956941478464 4
      vertex 94.42705098312484 -1.7633557568774194 4
    endloop
  endfacet
  facet normal 0 0 1
    outer loop
      vertex 140.03082666266872 0.7845909572784494 4
      vertex 140.1231165940486 1.5643446504023086 4
      vertex 92.92705098312484 -2.8531695488854605 4
    endloop
  endfacet
  facet normal 0 0 -1
    outer loop
      vertex 77 0 0
      vertex 76.99075200119938 0.23537728718353484 0
      vertex 89 0 0
    endloop
  endfacet
  facet normal 0 0 -1
    outer loop
      vertex 76.96306502178541 0.46930339512069263 0
      vertex 89.00924799880062 0.23537728718353484 0
      vertex 76.99075200119938 0.23537728718353484 0
    endloop
  endfacet
  facet normal 0 0 -1
    outer loop
      vertex 76.91710976119303 0.7003360915677161 0
      vertex 89.03693497821459 0.46930339512069263 0
      vertex 76.96306502178541 0.46930339512069263 0
    endloop
  endfacet
  facet normal 0 0 -1
    outer loop
      vertex 76.85316954888546 0.9270509831248421 0
      vertex 89.08289023880697 0.7003360915677161 0
      vertex 76.91710976119303 0.7003360915677161 0
    endloop
  endfacet
  facet normal 0 0 -1
    outer loop
      vertex 76.77163859753387 1.1480502970952693 0
      vertex 89.14683045111454 0.9270509831248421 0
      vertex 76.85316954888546 0.9270509831248421 0
    endloop
  endfacet
  facet normal 0 0 -1
    outer loop
      vertex 76.67301957256511 1.3619714992186402 0
      vertex 89.22836140246613 1.1480502970952693 0
      vertex 76.77163859753387 1.1480502970952693 0
    endloop
  endfacet
  facet normal 0 0 -1
    outer loop
      vertex 76.67301957256511 1.3619714992186402 0
      vertex 76.55792049306228 1.5674956941478464 0
      vertex 89.32698042743489 1.3619714992186402 0
    endloop
  endfacet
  facet normal 0 0 -1
    outer loop
      vertex 89.32698042743489 1.3619714992186402 0
      vertex 74.46930339512069 2.9630650217854133 0
      vertex 74.23537728718354 2.990752001199384 0
    endloop
  endfacet
  facet normal 0 0 -1
    outer loop
      vertex 89.32698042743489 1.3619714992186402 0
      vertex 76.42705098312484 1.7633557568774194 0
      vertex 76.28121789680009 1.948344144990551 0
    endloop
  endfacet
  facet normal 0 0 -1
    outer loop
      vertex 89.32698042743489 1.3619714992186402 0
      vertex 76.28121789680009 1.948344144990551 0
      vertex 76.12132034355965 2.121320343559643 0
    endloop
  endfacet
  facet normal 0 0 -1
    outer loop
      vertex 76.55792049306228 1.5674956941478464 0
      vertex 76.42705098312484 1.7633557568774194 0
      vertex 89.32698042743489 1.3619714992186402 0
    endloop
  endfacet
  facet normal 0 0 -1
    outer loop
      vertex 89.32698042743489 1.3619714992186402 0
      vertex 76.12132034355965 2.121320343559643 0
      vertex 75.94834414499056 2.2812178968000927 0
    endloop
  endfacet
  facet normal 0 0 -1
    outer loop
      vertex 89.32698042743489 1.3619714992186402 0
      vertex 75.94834414499056 2.2812178968000927 0
      vertex 75.76335575687742 2.4270509831248424 0
    endloop
  endfacet
  facet normal 0 0 -1
    outer loop
      vertex 89.32698042743489 1.3619714992186402 0
      vertex 75.76335575687742 2.4270509831248424 0
      vertex 75.56749569414785 2.5579204930622765 0
    endloop
  endfacet
  facet normal 0 0 -1
    outer loop
      vertex 89.32698042743489 1.3619714992186402 0
      vertex 75.56749569414785 2.5579204930622765 0
      vertex 75.36197149921864 2.673019572565104 0
    endloop
  endfacet
  facet normal 0 0 -1
    outer loop
      vertex 89.32698042743489 1.3619714992186402 0
      vertex 75.36197149921864 2.673019572565104 0
      vertex 75.14805029709527 2.77163859753386 0
    endloop
  endfacet
  facet normal 0 0 -1
    outer loop
      vertex 89.32698042743489 1.3619714992186402 0
      vertex 75.14805029709527 2.77163859753386 0
      vertex 74.92705098312484 2.8531695488854605 0
    endloop
  endfacet
  facet normal 0 0 -1
    outer loop
      vertex 89.32698042743489 1.3619714992186402 0
      vertex 74.92705098312484 2.8531695488854605 0
      vertex 74.70033609156772 2.9171097611930294 0
    endloop
  endfacet
  facet normal 0 0 -1
    outer loop
      vertex 89.32698042743489 1.3619714992186402 0
      vertex 74.70033609156772 2.9171097611930294 0
      vertex 74.46930339512069 2.9630650217854133 0
    endloop
  endfacet
  facet normal 0 0 -1
    outer loop
      vertex 76.99075200119938 0.23537728718353484 0
      vertex 89.00924799880062 0.23537728718353484 0
      vertex 89 0 0
    endloop
  endfacet
  facet normal 0 0 -1
    outer loop
      vertex 76.96306502178541 0.46930339512069263 0
      vertex 89.03693497821459 0.46930339512069263 0
      vertex 89.00924799880062 0.23537728718353484 0
    endloop
  endfacet
  facet normal 0 0 -1
    outer loop
      vertex 76.91710976119303 0.7003360915677161 0
      vertex 89.08289023880697 0.7003360915677161 0
      vertex 89.03693497821459 0.46930339512069263 0
    endloop
  endfacet
  facet normal 0 0 -1
    outer loop
      vertex 76.85316954888546 0.9270509831248421 0
      vertex 89.14683045111454 0.9270509831248421 0
      vertex 89.08289023880697 0.7003360915677161 0
    endloop
  endfacet
  facet normal 0 0 -1
    outer loop
      vertex 76.77163859753387 1.1480502970952693 0
      vertex 89.22836140246613 1.1480502970952693 0
      vertex 89.14683045111454 0.9270509831248421 0
    endloop
  endfacet
  facet normal 0 0 -1
    outer loop
      vertex 76.67301957256511 1.3619714992186402 0
      vertex 89.32698042743489 1.3619714992186402 0
      vertex 89.22836140246613 1.1480502970952693 0
    endloop
  endfacet
  facet normal 0 0 -1
    outer loop
      vertex 15 10 0
      vertex 140.03082666266872 -0.7845909572784494 0
      vertex 92.23537728718354 2.990752001199384 0
    endloop
  endfacet
  facet normal 0 0 -1
    outer loop
      vertex 140.48943483704846 -3.090169943749474 0
      vertex 94.55792049306228 1.5674956941478464 0
      vertex 94.42705098312484 1.7633557568774194 0
    endloop
  endfacet
  facet normal 0 0 -1
    outer loop
      vertex 140.27630079602324 -2.334453638559054 0
      vertex 94.42705098312484 1.7633557568774194 0
      vertex 94.28121789680009 1.948344144990551 0
    endloop
  endfacet
  facet normal 0 0 -1
    outer loop
      vertex 140.27630079602324 -2.334453638559054 0
      vertex 94.28121789680009 1.948344144990551 0
      vertex 94.12132034355965 2.121320343559643 0
    endloop
  endfacet
  facet normal 0 0 -1
    outer loop
      vertex 140.27630079602324 -2.334453638559054 0
      vertex 94.12132034355965 2.121320343559643 0
      vertex 93.94834414499056 2.2812178968000927 0
    endloop
  endfacet
  facet normal 0 0 -1
    outer loop
      vertex 140.1231165940486 -1.5643446504023086 0
      vertex 93.36197149921864 2.673019572565104 0
      vertex 93.14805029709527 2.77163859753386 0
    endloop
  endfacet
  facet normal 0 0 -1
    outer loop
      vertex 140.1231165940486 -1.5643446504023086 0
      vertex 93.14805029709527 2.77163859753386 0
      vertex 92.92705098312484 2.8531695488854605 0
    endloop
  endfacet
  facet normal 0 0 -1
    outer loop
      vertex 140.1231165940486 -1.5643446504023086 0
      vertex 93.94834414499056 2.2812178968000927 0
      vertex 93.76335575687742 2.4270509831248424 0
    endloop
  endfacet
  facet normal 0 0 -1
    outer loop
      vertex 140.1231165940486 -1.5643446504023086 0
      vertex 93.76335575687742 2.4270509831248424 0
      vertex 93.56749569414785 2.5579204930622765 0
    endloop
  endfacet
  facet normal 0 0 -1
    outer loop
      vertex 140.1231165940486 -1.5643446504023086 0
      vertex 93.56749569414785 2.5579204930622765 0
      vertex 93.36197149921864 2.673019572565104 0
    endloop
  endfacet
  facet normal 0 0 -1
    outer loop
      vertex 140.03082666266872 -0.7845909572784494 0
      vertex 92.92705098312484 2.8531695488854605 0
      vertex 92.70033609156772 2.9171097611930294 0
    endloop
  endfacet
  facet normal 0 0 -1
    outer loop
      vertex 140.03082666266872 -0.7845909572784494 0
      vertex 92.46930339512069 2.9630650217854133 0
      vertex 92.23537728718354 2.990752001199384 0
    endloop
  endfacet
  facet normal 0 0 -1
    outer loop
      vertex 140.03082666266872 -0.7845909572784494 0
      vertex 92.70033609156772 2.9171097611930294 0
      vertex 92.46930339512069 2.9630650217854133 0
    endloop
  endfacet
  facet normal 0 0 -1
    outer loop
      vertex 15 10 0
      vertex 140 0 0
      vertex 140.03082666266872 -0.7845909572784494 0
    endloop
  endfacet
  facet normal 0 0 -1
    outer loop
      vertex 15 10 0
      vertex 140.03082666266872 0.7845909572784494 0
      vertex 140 0 0
    endloop
  endfacet
  facet normal 0 0 -1
    outer loop
      vertex 15 10 0
      vertex 140.1231165940486 1.5643446504023086 0
      vertex 140.03082666266872 0.7845909572784494 0
    endloop
  endfacet
  facet normal 0 0 -1
    outer loop
      vertex 15 10 0
      vertex 140.27630079602324 2.334453638559054 0
      vertex 140.1231165940486 1.5643446504023086 0
    endloop
  endfacet
  facet normal 0 0 -1
    outer loop
      vertex 15 10 0
      vertex 140.48943483704846 3.090169943749474 0
      vertex 140.27630079602324 2.334453638559054 0
    endloop
  endfacet
  facet normal 0 0 -1
    outer loop
      vertex 15 10 0
      vertex 140.76120467488713 3.826834323650898 0
      vertex 140.48943483704846 3.090169943749474 0
    endloop
  endfacet
  facet normal 0 0 -1
    outer loop
      vertex 15 10 0
      vertex 141.08993475811633 4.5399049973954675 0
      vertex 140.76120467488713 3.826834323650898 0
    endloop
  endfacet
  facet normal 0 0 -1
    outer loop
      vertex 15 10 0
      vertex 141.4735983564591 5.224985647159488 0
      vertex 141.08993475811633 4.5399049973954675 0
    endloop
  endfacet
  facet normal 0 0 -1
    outer loop
      vertex 15 10 0
      vertex 141.9098300562505 5.877852522924732 0
      vertex 141.4735983564591 5.224985647159488 0
    endloop
  endfacet
  facet normal 0 0 -1
    outer loop
      vertex 15 10 0
      vertex 142.1885833437359 6.231449382407825 0
      vertex 141.9098300562505 5.877852522924732 0
    endloop
  endfacet
  facet normal 0.029616632039650863 0.9995613313382166 0
    outer loop
      vertex 15 10 0
      vertex 142.1885833437359 6.231449382407825 4
      vertex 142.1885833437359 6.231449382407825 0
    endloop
  endfacet
  facet normal 0 0 -1
    outer loop
      vertex 140.1231165940486 -1.5643446504023086 0
      vertex 92.92705098312484 2.8531695488854605 0
      vertex 140.03082666266872 -0.7845909572784494 0
    endloop
  endfacet
  facet normal 0 0 1
    outer loop
      vertex 89.08289023880697 0.7003360915677161 4
      vertex 77 0 4
      vertex 76.99075200119938 -0.23537728718353484 4
    endloop
  endfacet
  facet normal 0 0 1
    outer loop
      vertex 77 0 4
      vertex 89.14683045111454 0.9270509831248421 4
      vertex 76.99075200119938 0.23537728718353484 4
    endloop
  endfacet
  facet normal 0 0 1
    outer loop
      vertex 76.99075200119938 0.23537728718353484 4
      vertex 89.32698042743489 1.3619714992186402 4
      vertex 76.96306502178541 0.46930339512069263 4
    endloop
  endfacet
  facet normal 0 0 1
    outer loop
      vertex 89.32698042743489 1.3619714992186402 4
      vertex 76.91710976119303 0.7003360915677161 4
      vertex 76.96306502178541 0.46930339512069263 4
    endloop
  endfacet
  facet normal 0 0 1
    outer loop
      vertex 76.91710976119303 0.7003360915677161 4
      vertex 89.57294901687516 1.7633557568774194 4
      vertex 76.85316954888546 0.9270509831248421 4
    endloop
  endfacet
  facet normal 0 0 1
    outer loop
      vertex 89.57294901687516 1.7633557568774194 4
      vertex 76.77163859753387 1.1480502970952693 4
      vertex 76.85316954888546 0.9270509831248421 4
    endloop
  endfacet
  facet normal 0 0 1
    outer loop
      vertex 76.77163859753387 1.1480502970952693 4
      vertex 89.87867965644035 2.121320343559643 4
      vertex 76.67301957256511 1.3619714992186402 4
    endloop
  endfacet
  facet normal 0 0 1
    outer loop
      vertex 89.87867965644035 2.121320343559643 4
      vertex 76.55792049306228 1.5674956941478464 4
      vertex 76.67301957256511 1.3619714992186402 4
    endloop
  endfacet
  facet normal 0 0 1
    outer loop
      vertex 76.55792049306228 1.5674956941478464 4
      vertex 90.05165585500944 2.2812178968000927 4
      vertex 76.42705098312484 1.7633557568774194 4
    endloop
  endfacet
  facet normal 0 0 1
    outer loop
      vertex 76.42705098312484 1.7633557568774194 4
      vertex 90.43250430585215 2.5579204930622765 4
      vertex 76.28121789680009 1.948344144990551 4
    endloop
  endfacet
  facet normal 0 0 1
    outer loop
      vertex 76.28121789680009 1.948344144990551 4
      vertex 90.43250430585215 2.5579204930622765 4
      vertex 76.12132034355965 2.121320343559643 4
    endloop
  endfacet
  facet normal 0 0 1
    outer loop
      vertex 91.07294901687516 2.8531695488854605 4
      vertex 75.94834414499056 2.2812178968000927 4
      vertex 76.12132034355965 2.121320343559643 4
    endloop
  endfacet
  facet normal 0 0 1
    outer loop
      vertex 91.07294901687516 2.8531695488854605 4
      vertex 75.76335575687742 2.4270509831248424 4
      vertex 75.94834414499056 2.2812178968000927 4
    endloop
  endfacet
  facet normal 0 0 1
    outer loop
      vertex 91.07294901687516 2.8531695488854605 4
      vertex 75.56749569414785 2.5579204930622765 4
      vertex 75.76335575687742 2.4270509831248424 4
    endloop
  endfacet
  facet normal 0 0 1
    outer loop
      vertex 76.96306502178541 -0.46930339512069263 4
      vertex 89.03693497821459 0.46930339512069263 4
      vertex 89.08289023880697 0.7003360915677161 4
    endloop
  endfacet
  facet normal 0 0 1
    outer loop
      vertex 77 0 4
      vertex 89.08289023880697 0.7003360915677161 4
      vertex 89.14683045111454 0.9270509831248421 4
    endloop
  endfacet
  facet normal 0 0 1
    outer loop
      vertex 76.99075200119938 0.23537728718353484 4
      vertex 89.14683045111454 0.9270509831248421 4
      vertex 89.22836140246613 1.1480502970952693 4
    endloop
  endfacet
  facet normal 0 0 1
    outer loop
      vertex 76.99075200119938 0.23537728718353484 4
      vertex 89.22836140246613 1.1480502970952693 4
      vertex 89.32698042743489 1.3619714992186402 4
    endloop
  endfacet
  facet normal 0 0 1
    outer loop
      vertex 76.91710976119303 0.7003360915677161 4
      vertex 89.32698042743489 1.3619714992186402 4
      vertex 89.44207950693772 1.5674956941478464 4
    endloop
  endfacet
  facet normal 0 0 1
    outer loop
      vertex 76.91710976119303 0.7003360915677161 4
      vertex 89.44207950693772 1.5674956941478464 4
      vertex 89.57294901687516 1.7633557568774194 4
    endloop
  endfacet
  facet normal 0 0 1
    outer loop
      vertex 76.77163859753387 1.1480502970952693 4
      vertex 89.57294901687516 1.7633557568774194 4
      vertex 89.71878210319991 1.948344144990551 4
    endloop
  endfacet
  facet normal 0 0 1
    outer loop
      vertex 76.77163859753387 1.1480502970952693 4
      vertex 89.71878210319991 1.948344144990551 4
      vertex 89.87867965644035 2.121320343559643 4
    endloop
  endfacet
  facet normal 0 0 1
    outer loop
      vertex 76.55792049306228 1.5674956941478464 4
      vertex 89.87867965644035 2.121320343559643 4
      vertex 90.05165585500944 2.2812178968000927 4
    endloop
  endfacet
  facet normal 0 0 1
    outer loop
      vertex 76.42705098312484 1.7633557568774194 4
      vertex 90.05165585500944 2.2812178968000927 4
      vertex 90.23664424312258 2.4270509831248424 4
    endloop
  endfacet
  facet normal 0 0 1
    outer loop
      vertex 76.42705098312484 1.7633557568774194 4
      vertex 90.23664424312258 2.4270509831248424 4
      vertex 90.43250430585215 2.5579204930622765 4
    endloop
  endfacet
  facet normal 0 0 1
    outer loop
      vertex 90.43250430585215 2.5579204930622765 4
      vertex 90.63802850078136 2.673019572565104 4
      vertex 76.12132034355965 2.121320343559643 4
    endloop
  endfacet
  facet normal 0 0 1
    outer loop
      vertex 76.12132034355965 2.121320343559643 4
      vertex 90.63802850078136 2.673019572565104 4
      vertex 90.85194970290473 2.77163859753386 4
    endloop
  endfacet
  facet normal 0 0 1
    outer loop
      vertex 91.07294901687516 2.8531695488854605 4
      vertex 76.12132034355965 2.121320343559643 4
      vertex 90.85194970290473 2.77163859753386 4
    endloop
  endfacet
  facet normal 0 0 1
    outer loop
      vertex 91.07294901687516 2.8531695488854605 4
      vertex 91.29966390843228 2.9171097611930294 4
      vertex 75.56749569414785 2.5579204930622765 4
    endloop
  endfacet
  facet normal 0 0 1
    outer loop
      vertex 91.29966390843228 2.9171097611930294 4
      vertex 91.53069660487931 2.9630650217854133 4
      vertex 75.56749569414785 2.5579204930622765 4
    endloop
  endfacet
  facet normal 0 0 1
    outer loop
      vertex 91.53069660487931 2.9630650217854133 4
      vertex 91.76462271281646 2.990752001199384 4
      vertex 75.56749569414785 2.5579204930622765 4
    endloop
  endfacet
  facet normal 0 0 1
    outer loop
      vertex 91.76462271281646 2.990752001199384 4
      vertex 92 3 4
      vertex 75.56749569414785 2.5579204930622765 4
    endloop
  endfacet
  facet normal 0 0 1
    outer loop
      vertex 141.4735983564591 5.224985647159488 4
      vertex 39.36197149921864 2.673019572565104 4
      vertex 56 3 4
    endloop
  endfacet
  facet normal 0 0 1
    outer loop
      vertex 141.4735983564591 5.224985647159488 4
      vertex 56 3 4
      vertex 56.23537728718353 2.990752001199384 4
    endloop
  endfacet
  facet normal 0 0 1
    outer loop
      vertex 141.4735983564591 5.224985647159488 4
      vertex 56.23537728718353 2.990752001199384 4
      vertex 56.46930339512069 2.9630650217854133 4
    endloop
  endfacet
  facet normal 0 0 1
    outer loop
      vertex 141.08993475811633 4.5399049973954675 4
      vertex 57.14805029709527 2.77163859753386 4
      vertex 57.36197149921864 2.673019572565104 4
    endloop
  endfacet
  facet normal 0 0 1
    outer loop
      vertex 141.4735983564591 5.224985647159488 4
      vertex 56.92705098312484 2.8531695488854605 4
      vertex 57.14805029709527 2.77163859753386 4
    endloop
  endfacet
  facet normal 0 0 1
    outer loop
      vertex 141.4735983564591 5.224985647159488 4
      vertex 56.46930339512069 2.9630650217854133 4
      vertex 56.70033609156771 2.9171097611930294 4
    endloop
  endfacet
  facet normal 0 0 1
    outer loop
      vertex 141.4735983564591 5.224985647159488 4
      vertex 56.70033609156771 2.9171097611930294 4
      vertex 56.92705098312484 2.8531695488854605 4
    endloop
  endfacet
  facet normal 0 0 1
    outer loop
      vertex 141.08993475811633 4.5399049973954675 4
      vertex 57.36197149921864 2.673019572565104 4
      vertex 74 3 4
    endloop
  endfacet
  facet normal 0 0 1
    outer loop
      vertex 140.48943483704846 3.090169943749474 4
      vertex 94.67301957256511 -1.3619714992186402 4
      vertex 94.55792049306228 -1.5674956941478464 4
    endloop
  endfacet
  facet normal 0 0 1
    outer loop
      vertex 140.76120467488713 3.826834323650898 4
      vertex 94.77163859753387 -1.1480502970952693 4
      vertex 94.67301957256511 -1.3619714992186402 4
    endloop
  endfacet
  facet normal 0 0 1
    outer loop
      vertex 140.76120467488713 3.826834323650898 4
      vertex 94.85316954888546 -0.9270509831248421 4
      vertex 94.77163859753387 -1.1480502970952693 4
    endloop
  endfacet
  facet normal 0 0 1
    outer loop
      vertex 141.08993475811633 4.5399049973954675 4
      vertex 94.91710976119303 -0.7003360915677161 4
      vertex 94.85316954888546 -0.9270509831248421 4
    endloop
  endfacet
  facet normal 0 0 1
    outer loop
      vertex 141.08993475811633 4.5399049973954675 4
      vertex 94.96306502178541 -0.46930339512069263 4
      vertex 94.91710976119303 -0.7003360915677161 4
    endloop
  endfacet
  facet normal 0 0 1
    outer loop
      vertex 141.08993475811633 4.5399049973954675 4
      vertex 94.99075200119938 -0.23537728718353484 4
      vertex 94.96306502178541 -0.46930339512069263 4
    endloop
  endfacet
  facet normal 0 0 1
    outer loop
      vertex 141.08993475811633 4.5399049973954675 4
      vertex 95 0 4
      vertex 94.99075200119938 -0.23537728718353484 4
    endloop
  endfacet
  facet normal 0 0 1
    outer loop
      vertex 141.08993475811633 4.5399049973954675 4
      vertex 94.99075200119938 0.23537728718353484 4
      vertex 95 0 4
    endloop
  endfacet
  facet normal 0 0 1
    outer loop
      vertex 141.08993475811633 4.5399049973954675 4
      vertex 94.96306502178541 0.46930339512069263 4
      vertex 94.99075200119938 0.23537728718353484 4
    endloop
  endfacet
  facet normal 0 0 1
    outer loop
      vertex 141.08993475811633 4.5399049973954675 4
      vertex 94.77163859753387 1.1480502970952693 4
      vertex 94.85316954888546 0.9270509831248421 4
    endloop
  endfacet
  facet normal 0 0 1
    outer loop
      vertex 141.08993475811633 4.5399049973954675 4
      vertex 94.91710976119303 0.7003360915677161 4
      vertex 94.96306502178541 0.46930339512069263 4
    endloop
  endfacet
  facet normal 0 0 1
    outer loop
      vertex 141.08993475811633 4.5399049973954675 4
      vertex 94.85316954888546 0.9270509831248421 4
      vertex 94.91710976119303 0.7003360915677161 4
    endloop
  endfacet
  facet normal 0 0 1
    outer loop
      vertex 141.08993475811633 4.5399049973954675 4
      vertex 94.67301957256511 1.3619714992186402 4
      vertex 94.77163859753387 1.1480502970952693 4
    endloop
  endfacet
  facet normal 0 0 1
    outer loop
      vertex 141.08993475811633 4.5399049973954675 4
      vertex 94.55792049306228 1.5674956941478464 4
      vertex 94.67301957256511 1.3619714992186402 4
    endloop
  endfacet
  facet normal 0 0 1
    outer loop
      vertex 141.08993475811633 4.5399049973954675 4
      vertex 94.42705098312484 1.7633557568774194 4
      vertex 94.55792049306228 1.5674956941478464 4
    endloop
  endfacet
  facet normal 0 0 1
    outer loop
      vertex 141.08993475811633 4.5399049973954675 4
      vertex 94.28121789680009 1.948344144990551 4
      vertex 94.42705098312484 1.7633557568774194 4
    endloop
  endfacet
  facet normal 0 0 1
    outer loop
      vertex 141.08993475811633 4.5399049973954675 4
      vertex 94.12132034355965 2.121320343559643 4
      vertex 94.28121789680009 1.948344144990551 4
    endloop
  endfacet
  facet normal 0 0 1
    outer loop
      vertex 141.08993475811633 4.5399049973954675 4
      vertex 93.94834414499056 2.2812178968000927 4
      vertex 94.12132034355965 2.121320343559643 4
    endloop
  endfacet
  facet normal 0 0 1
    outer loop
      vertex 141.08993475811633 4.5399049973954675 4
      vertex 75.36197149921864 2.673019572565104 4
      vertex 75.56749569414785 2.5579204930622765 4
    endloop
  endfacet
  facet normal 0 0 1
    outer loop
      vertex 141.08993475811633 4.5399049973954675 4
      vertex 75.14805029709527 2.77163859753386 4
      vertex 75.36197149921864 2.673019572565104 4
    endloop
  endfacet
  facet normal 0 0 1
    outer loop
      vertex 141.08993475811633 4.5399049973954675 4
      vertex 74 3 4
      vertex 74.23537728718354 2.990752001199384 4
    endloop
  endfacet
  facet normal 0 0 1
    outer loop
      vertex 141.08993475811633 4.5399049973954675 4
      vertex 74.23537728718354 2.990752001199384 4
      vertex 74.46930339512069 2.9630650217854133 4
    endloop
  endfacet
  facet normal 0 0 1
    outer loop
      vertex 141.08993475811633 4.5399049973954675 4
      vertex 74.46930339512069 2.9630650217854133 4
      vertex 74.70033609156772 2.9171097611930294 4
    endloop
  endfacet
  facet normal 0 0 1
    outer loop
      vertex 141.08993475811633 4.5399049973954675 4
      vertex 74.92705098312484 2.8531695488854605 4
      vertex 75.14805029709527 2.77163859753386 4
    endloop
  endfacet
  facet normal 0 0 1
    outer loop
      vertex 141.08993475811633 4.5399049973954675 4
      vertex 74.70033609156772 2.9171097611930294 4
      vertex 74.92705098312484 2.8531695488854605 4
    endloop
  endfacet
  facet normal 0 0 1
    outer loop
      vertex 141.08993475811633 4.5399049973954675 4
      vertex 75.56749569414785 2.5579204930622765 4
      vertex 92 3 4
    endloop
  endfacet
  facet normal 0 0 1
    outer loop
      vertex 11.412678195541842 3.7082039324993685 4
      vertex 141.4735983564591 5.224985647159488 4
      vertex 141.9098300562505 5.877852522924732 4
    endloop
  endfacet
  facet normal 0 0 1
    outer loop
      vertex 141.08993475811633 4.5399049973954675 4
      vertex 92.70033609156772 2.9171097611930294 4
      vertex 92.92705098312484 2.8531695488854605 4
    endloop
  endfacet
  facet normal 0 0 1
    outer loop
      vertex 141.08993475811633 4.5399049973954675 4
      vertex 92.23537728718354 2.990752001199384 4
      vertex 92.46930339512069 2.9630650217854133 4
    endloop
  endfacet
  facet normal 0 0 1
    outer loop
      vertex 141.08993475811633 4.5399049973954675 4
      vertex 92 3 4
      vertex 92.23537728718354 2.990752001199384 4
    endloop
  endfacet
  facet normal 0 0 1
    outer loop
      vertex 141.08993475811633 4.5399049973954675 4
      vertex 92.46930339512069 2.9630650217854133 4
      vertex 92.70033609156772 2.9171097611930294 4
    endloop
  endfacet
  facet normal 0 0 1
    outer loop
      vertex 141.08993475811633 4.5399049973954675 4
      vertex 93.76335575687742 2.4270509831248424 4
      vertex 93.94834414499056 2.2812178968000927 4
    endloop
  endfacet
  facet normal 0 0 1
    outer loop
      vertex 141.08993475811633 4.5399049973954675 4
      vertex 93.56749569414785 2.5579204930622765 4
      vertex 93.76335575687742 2.4270509831248424 4
    endloop
  endfacet
  facet normal 0 0 1
    outer loop
      vertex 141.08993475811633 4.5399049973954675 4
      vertex 93.36197149921864 2.673019572565104 4
      vertex 93.56749569414785 2.5579204930622765 4
    endloop
  endfacet
  facet normal 0 0 1
    outer loop
      vertex 141.08993475811633 4.5399049973954675 4
      vertex 93.14805029709527 2.77163859753386 4
      vertex 93.36197149921864 2.673019572565104 4
    endloop
  endfacet
  facet normal 0 0 1
    outer loop
      vertex 141.08993475811633 4.5399049973954675 4
      vertex 92.92705098312484 2.8531695488854605 4
      vertex 93.14805029709527 2.77163859753386 4
    endloop
  endfacet
  facet normal 0 0 1
    outer loop
      vertex 141.08993475811633 4.5399049973954675 4
      vertex 141.4735983564591 5.224985647159488 4
      vertex 57.14805029709527 2.77163859753386 4
    endloop
  endfacet
  facet normal 0 0 1
    outer loop
      vertex 15 10 4
      vertex 141.9098300562505 5.877852522924732 4
      vertex 142.1885833437359 6.231449382407825 4
    endloop
  endfacet
  facet normal 0 0 1
    outer loop
      vertex 140.1231165940486 1.5643446504023086 4
      vertex 140.27630079602324 2.334453638559054 4
      vertex 93.94834414499056 -2.2812178968000927 4
    endloop
  endfacet
  facet normal 0 0 1
    outer loop
      vertex 140.27630079602324 2.334453638559054 4
      vertex 140.48943483704846 3.090169943749474 4
      vertex 94.42705098312484 -1.7633557568774194 4
    endloop
  endfacet
  facet normal 0 0 1
    outer loop
      vertex 140.48943483704846 3.090169943749474 4
      vertex 140.76120467488713 3.826834323650898 4
      vertex 94.67301957256511 -1.3619714992186402 4
    endloop
  endfacet
  facet normal 0 0 1
    outer loop
      vertex 140.76120467488713 3.826834323650898 4
      vertex 141.08993475811633 4.5399049973954675 4
      vertex 94.85316954888546 -0.9270509831248421 4
    endloop
  endfacet
  facet normal -0.11753739745783408 -0.9930684569549267 0
    outer loop
      vertex 149.21540904272155 -9.969173337331279 0
      vertex 149.21540904272155 -9.969173337331279 8
      vertex 148.43565534959768 -9.876883405951379 0
    endloop
  endfacet
  facet normal -0.19509032201613574 -0.9807852804032289 0
    outer loop
      vertex 148.43565534959768 -9.876883405951379 0
      vertex 148.43565534959768 -9.876883405951379 8
      vertex 147.66554636144096 -9.723699203976766 0
    endloop
  endfacet
  facet normal -0.41865973753742936 -0.9081431738250806 0
    outer loop
      vertex 146.1731656763491 -9.238795325112868 0
      vertex 146.1731656763491 -9.238795325112868 8
      vertex 145.46009500260453 -8.910065241883679 0
    endloop
  endfacet
  facet normal -0.27144044986506666 -0.9624552364536494 0
    outer loop
      vertex 147.66554636144096 -9.723699203976766 0
      vertex 147.66554636144096 -9.723699203976766 8
      vertex 146.9098300562505 -9.510565162951535 0
    endloop
  endfacet
  facet normal -0.3461170570774959 -0.938191335922483 0
    outer loop
      vertex 146.1731656763491 -9.238795325112868 0
      vertex 146.9098300562505 -9.510565162951535 0
      vertex 146.9098300562505 -9.510565162951535 8
    endloop
  endfacet
  facet normal -0.039259815759069415 -0.999229036240723 0
    outer loop
      vertex 149.21540904272155 -9.969173337331279 0
      vertex 150 -10 0
      vertex 150 -10 8
    endloop
  endfacet
  facet normal 0.039259815759069415 -0.999229036240723 0
    outer loop
      vertex 150 -10 0
      vertex 150.78459095727845 -9.969173337331279 0
      vertex 150.78459095727845 -9.969173337331279 8
    endloop
  endfacet
  facet normal 0.11753739745783408 -0.9930684569549267 0
    outer loop
      vertex 150.78459095727845 -9.969173337331279 0
      vertex 151.56434465040232 -9.876883405951379 0
      vertex 151.56434465040232 -9.876883405951379 8
    endloop
  endfacet
  facet normal 0.19509032201613574 -0.9807852804032289 0
    outer loop
      vertex 151.56434465040232 -9.876883405951379 0
      vertex 152.33445363855904 -9.723699203976766 0
      vertex 152.33445363855904 -9.723699203976766 8
    endloop
  endfacet
  facet normal 0.27144044986506666 -0.9624552364536494 0
    outer loop
      vertex 152.33445363855904 -9.723699203976766 0
      vertex 153.0901699437495 -9.510565162951535 0
      vertex 153.0901699437495 -9.510565162951535 8
    endloop
  endfacet
  facet normal 0.3461170570774959 -0.938191335922483 0
    outer loop
      vertex 153.0901699437495 -9.510565162951535 0
      vertex 153.8268343236509 -9.238795325112868 0
      vertex 153.8268343236509 -9.238795325112868 8
    endloop
  endfacet
  facet normal 0.41865973753742936 -0.9081431738250806 0
    outer loop
      vertex 153.8268343236509 -9.238795325112868 0
      vertex 154.53990499739547 -8.910065241883679 0
      vertex 154.53990499739547 -8.910065241883679 8
    endloop
  endfacet
  facet normal -0.4886212414969571 -0.872496007072796 0
    outer loop
      vertex 145.46009500260453 -8.910065241883679 0
      vertex 145.46009500260453 -8.910065241883679 8
      vertex 144.77501435284051 -8.526401643540922 0
    endloop
  endfacet
  facet normal -0.5555702330195942 -0.8314696123025507 0
    outer loop
      vertex 144.77501435284051 -8.526401643540922 0
      vertex 144.77501435284051 -8.526401643540922 8
      vertex 144.12214747707526 -8.090169943749475 0
    endloop
  endfacet
  facet normal -0.6190939493098452 -0.7853169308807362 0
    outer loop
      vertex 143.50551951669817 -7.6040596560003095 0
      vertex 144.12214747707526 -8.090169943749475 0
      vertex 144.12214747707526 -8.090169943749475 8
    endloop
  endfacet
  facet normal -0.6788007455329362 -0.7343225094356908 0
    outer loop
      vertex 143.50551951669817 -7.6040596560003095 0
      vertex 143.50551951669817 -7.6040596560003095 8
      vertex 142.92893218813452 -7.0710678118654755 0
    endloop
  endfacet
  facet normal -0.7853169308807356 -0.619093949309846 0
    outer loop
      vertex 142.39594034399968 -6.494480483301837 0
      vertex 142.39594034399968 -6.494480483301837 8
      vertex 142.1885833437359 -6.231449382407825 0
    endloop
  endfacet
  facet normal -0.7343225094356811 -0.6788007455329468 0
    outer loop
      vertex 142.92893218813452 -7.0710678118654755 0
      vertex 142.39594034399968 -6.494480483301837 8
      vertex 142.39594034399968 -6.494480483301837 0
    endloop
  endfacet
  facet normal 0.4886212414969571 -0.872496007072796 0
    outer loop
      vertex 154.53990499739547 -8.910065241883679 0
      vertex 155.22498564715949 -8.526401643540922 0
      vertex 155.22498564715949 -8.526401643540922 8
    endloop
  endfacet
  facet normal 0.5555702330195942 -0.8314696123025507 0
    outer loop
      vertex 155.22498564715949 -8.526401643540922 0
      vertex 155.87785252292474 -8.090169943749475 0
      vertex 155.87785252292474 -8.090169943749475 8
    endloop
  endfacet
  facet normal 0.6190939493098452 -0.7853169308807362 0
    outer loop
      vertex 155.87785252292474 -8.090169943749475 0
      vertex 156.49448048330183 -7.6040596560003095 0
      vertex 156.49448048330183 -7.6040596560003095 8
    endloop
  endfacet
  facet normal 0.6788007455329362 -0.7343225094356908 0
    outer loop
      vertex 156.49448048330183 -7.6040596560003095 0
      vertex 157.07106781186548 -7.0710678118654755 0
      vertex 157.07106781186548 -7.0710678118654755 8
    endloop
  endfacet
  facet normal 0.7343225094356811 -0.6788007455329468 0
    outer loop
      vertex 157.07106781186548 -7.0710678118654755 0
      vertex 157.60405965600032 -6.494480483301837 0
      vertex 157.07106781186548 -7.0710678118654755 8
    endloop
  endfacet
  facet normal 0.7853169308807415 -0.6190939493098383 0
    outer loop
      vertex 157.60405965600032 -6.494480483301837 0
      vertex 158.0901699437495 -5.877852522924732 0
      vertex 157.60405965600032 -6.494480483301837 8
    endloop
  endfacet
  facet normal 0 0 -1
    outer loop
      vertex 146.1731656763491 -9.238795325112868 0
      vertex 146.9098300562505 9.510565162951535 0
      vertex 146.9098300562505 -9.510565162951535 0
    endloop
  endfacet
  facet normal 0 0 -1
    outer loop
      vertex 147.66554636144096 -9.723699203976766 0
      vertex 146.9098300562505 -9.510565162951535 0
      vertex 147.66554636144096 9.723699203976766 0
    endloop
  endfacet
  facet normal 0 0 -1
    outer loop
      vertex 148.43565534959768 -9.876883405951379 0
      vertex 147.66554636144096 -9.723699203976766 0
      vertex 148.43565534959768 9.876883405951379 0
    endloop
  endfacet
  facet normal 0 0 -1
    outer loop
      vertex 149.21540904272155 -9.969173337331279 0
      vertex 148.43565534959768 -9.876883405951379 0
      vertex 149.21540904272155 9.969173337331279 0
    endloop
  endfacet
  facet normal 0 0 -1
    outer loop
      vertex 149.21540904272155 -9.969173337331279 0
      vertex 150 10 0
      vertex 150 -10 0
    endloop
  endfacet
  facet normal 0 0 -1
    outer loop
      vertex 150 -10 0
      vertex 150.78459095727845 9.969173337331279 0
      vertex 150.78459095727845 -9.969173337331279 0
    endloop
  endfacet
  facet normal 0 0 -1
    outer loop
      vertex 150.78459095727845 -9.969173337331279 0
      vertex 151.56434465040232 9.876883405951379 0
      vertex 151.56434465040232 -9.876883405951379 0
    endloop
  endfacet
  facet normal 0 0 -1
    outer loop
      vertex 151.56434465040232 -9.876883405951379 0
      vertex 152.33445363855904 9.723699203976766 0
      vertex 152.33445363855904 -9.723699203976766 0
    endloop
  endfacet
  facet normal 0 0 -1
    outer loop
      vertex 152.33445363855904 -9.723699203976766 0
      vertex 153.0901699437495 9.510565162951535 0
      vertex 153.0901699437495 -9.510565162951535 0
    endloop
  endfacet
  facet normal 0 0 -1
    outer loop
      vertex 153.0901699437495 -9.510565162951535 0
      vertex 153.8268343236509 9.238795325112868 0
      vertex 153.8268343236509 -9.238795325112868 0
    endloop
  endfacet
  facet normal 0 0 -1
    outer loop
      vertex 153.8268343236509 -9.238795325112868 0
      vertex 154.53990499739547 8.910065241883679 0
      vertex 154.53990499739547 -8.910065241883679 0
    endloop
  endfacet
  facet normal 0 0 -1
    outer loop
      vertex 143.50551951669817 -7.6040596560003095 0
      vertex 142.92893218813452 -7.0710678118654755 0
      vertex 143.50551951669817 7.6040596560003095 0
    endloop
  endfacet
  facet normal 0 0 -1
    outer loop
      vertex 142.39594034399968 -6.494480483301837 0
      vertex 142.1885833437359 -6.231449382407825 0
      vertex 142.39594034399968 6.494480483301837 0
    endloop
  endfacet
  facet normal 0 0 -1
    outer loop
      vertex 142.92893218813452 -7.0710678118654755 0
      vertex 142.39594034399968 -6.494480483301837 0
      vertex 142.92893218813452 7.0710678118654755 0
    endloop
  endfacet
  facet normal 0 0 -1
    outer loop
      vertex 141.9098300562505 -5.877852522924732 0
      vertex 141.4735983564591 -5.224985647159488 0
      vertex 141.9098300562505 5.877852522924732 0
    endloop
  endfacet
  facet normal 0 0 -1
    outer loop
      vertex 142.1885833437359 -6.231449382407825 0
      vertex 141.9098300562505 -5.877852522924732 0
      vertex 142.39594034399968 6.494480483301837 0
    endloop
  endfacet
  facet normal 0 0 -1
    outer loop
      vertex 141.08993475811633 -4.5399049973954675 0
      vertex 141.4735983564591 5.224985647159488 0
      vertex 141.4735983564591 -5.224985647159488 0
    endloop
  endfacet
  facet normal 0 0 -1
    outer loop
      vertex 144.77501435284051 -8.526401643540922 0
      vertex 144.12214747707526 -8.090169943749475 0
      vertex 144.77501435284051 8.526401643540922 0
    endloop
  endfacet
  facet normal 0 0 -1
    outer loop
      vertex 145.46009500260453 -8.910065241883679 0
      vertex 144.77501435284051 -8.526401643540922 0
      vertex 145.46009500260453 8.910065241883679 0
    endloop
  endfacet
  facet normal 0 0 -1
    outer loop
      vertex 146.1731656763491 -9.238795325112868 0
      vertex 145.46009500260453 -8.910065241883679 0
      vertex 146.1731656763491 9.238795325112868 0
    endloop
  endfacet
  facet normal 0 0 -1
    outer loop
      vertex 143.50551951669817 -7.6040596560003095 0
      vertex 144.12214747707526 8.090169943749475 0
      vertex 144.12214747707526 -8.090169943749475 0
    endloop
  endfacet
  facet normal 0 0 -1
    outer loop
      vertex 141.08993475811633 -4.5399049973954675 0
      vertex 140.76120467488713 -3.826834323650898 0
      vertex 141.08993475811633 4.5399049973954675 0
    endloop
  endfacet
  facet normal 0 0 -1
    outer loop
      vertex 140.76120467488713 -3.826834323650898 0
      vertex 140.48943483704846 -3.090169943749474 0
      vertex 140.76120467488713 3.826834323650898 0
    endloop
  endfacet
  facet normal 0 0 -1
    outer loop
      vertex 140.48943483704846 -3.090169943749474 0
      vertex 140.27630079602324 -2.334453638559054 0
      vertex 140.48943483704846 3.090169943749474 0
    endloop
  endfacet
  facet normal 0 0 -1
    outer loop
      vertex 140.27630079602324 -2.334453638559054 0
      vertex 140.1231165940486 -1.5643446504023086 0
      vertex 140.27630079602324 2.334453638559054 0
    endloop
  endfacet
  facet normal 0 0 -1
    outer loop
      vertex 140.1231165940486 -1.5643446504023086 0
      vertex 140.03082666266872 -0.7845909572784494 0
      vertex 140.1231165940486 1.5643446504023086 0
    endloop
  endfacet
  facet normal 0 0 -1
    outer loop
      vertex 154.53990499739547 -8.910065241883679 0
      vertex 155.22498564715949 8.526401643540922 0
      vertex 155.22498564715949 -8.526401643540922 0
    endloop
  endfacet
  facet normal 0 0 -1
    outer loop
      vertex 155.22498564715949 -8.526401643540922 0
      vertex 155.87785252292474 8.090169943749475 0
      vertex 155.87785252292474 -8.090169943749475 0
    endloop
  endfacet
  facet normal 0 0 -1
    outer loop
      vertex 155.87785252292474 -8.090169943749475 0
      vertex 156.49448048330183 7.6040596560003095 0
      vertex 156.49448048330183 -7.6040596560003095 0
    endloop
  endfacet
  facet normal 0 0 -1
    outer loop
      vertex 156.49448048330183 -7.6040596560003095 0
      vertex 157.07106781186548 7.0710678118654755 0
      vertex 157.07106781186548 -7.0710678118654755 0
    endloop
  endfacet
  facet normal 0 0 -1
    outer loop
      vertex 157.07106781186548 -7.0710678118654755 0
      vertex 157.60405965600032 6.494480483301837 0
      vertex 157.60405965600032 -6.494480483301837 0
    endloop
  endfacet
  facet normal 0 0 -1
    outer loop
      vertex 157.60405965600032 -6.494480483301837 0
      vertex 158.0901699437495 5.877852522924732 0
      vertex 158.0901699437495 -5.877852522924732 0
    endloop
  endfacet
  facet normal 0 0 -1
    outer loop
      vertex 158.0901699437495 -5.877852522924732 0
      vertex 158.5264016435409 5.224985647159488 0
      vertex 158.5264016435409 -5.224985647159488 0
    endloop
  endfacet
  facet normal 0 0 -1
    outer loop
      vertex 158.5264016435409 -5.224985647159488 0
      vertex 158.91006524188367 4.5399049973954675 0
      vertex 158.91006524188367 -4.5399049973954675 0
    endloop
  endfacet
  facet normal 0 0 -1
    outer loop
      vertex 158.91006524188367 -4.5399049973954675 0
      vertex 159.23879532511287 3.826834323650898 0
      vertex 159.23879532511287 -3.826834323650898 0
    endloop
  endfacet
  facet normal 0 0 -1
    outer loop
      vertex 159.23879532511287 -3.826834323650898 0
      vertex 159.51056516295154 3.090169943749474 0
      vertex 159.51056516295154 -3.090169943749474 0
    endloop
  endfacet
  facet normal 0 0 -1
    outer loop
      vertex 159.51056516295154 -3.090169943749474 0
      vertex 159.72369920397676 2.334453638559054 0
      vertex 159.72369920397676 -2.334453638559054 0
    endloop
  endfacet
  facet normal 0 0 -1
    outer loop
      vertex 159.72369920397676 -2.334453638559054 0
      vertex 159.8768834059514 1.5643446504023086 0
      vertex 159.8768834059514 -1.5643446504023086 0
    endloop
  endfacet
  facet normal 0 0 -1
    outer loop
      vertex 159.8768834059514 -1.5643446504023086 0
      vertex 159.96917333733128 0.7845909572784494 0
      vertex 159.96917333733128 -0.7845909572784494 0
    endloop
  endfacet
  facet normal 0.8314696123025618 -0.5555702330195774 0
    outer loop
      vertex 158.0901699437495 -5.877852522924732 0
      vertex 158.5264016435409 -5.224985647159488 0
      vertex 158.0901699437495 -5.877852522924732 8
    endloop
  endfacet
  facet normal 0.8724960070727928 -0.4886212414969625 0
    outer loop
      vertex 158.5264016435409 -5.224985647159488 0
      vertex 158.91006524188367 -4.5399049973954675 0
      vertex 158.5264016435409 -5.224985647159488 8
    endloop
  endfacet
  facet normal 0.9081431738250741 -0.4186597375374434 0
    outer loop
      vertex 158.91006524188367 -4.5399049973954675 0
      vertex 159.23879532511287 -3.826834323650898 0
      vertex 158.91006524188367 -4.5399049973954675 8
    endloop
  endfacet
  facet normal 0.9381913359224868 -0.3461170570774853 0
    outer loop
      vertex 159.23879532511287 -3.826834323650898 0
      vertex 159.51056516295154 -3.090169943749474 0
      vertex 159.23879532511287 -3.826834323650898 8
    endloop
  endfacet
  facet normal 0.9624552364536482 -0.2714404498650713 0
    outer loop
      vertex 159.51056516295154 -3.090169943749474 0
      vertex 159.72369920397676 -2.334453638559054 0
      vertex 159.51056516295154 -3.090169943749474 8
    endloop
  endfacet
  facet normal 0.9807852804032271 -0.19509032201614515 0
    outer loop
      vertex 159.72369920397676 -2.334453638559054 0
      vertex 159.8768834059514 -1.5643446504023086 0
      vertex 159.72369920397676 -2.334453638559054 8
    endloop
  endfacet
  facet normal 0.9930684569549275 -0.1175373974578283 0
    outer loop
      vertex 159.8768834059514 -1.5643446504023086 0
      vertex 159.96917333733128 -0.7845909572784494 0
      vertex 159.8768834059514 -1.5643446504023086 8
    endloop
  endfacet
  facet normal 0.9992290362407232 -0.039259815759062844 0
    outer loop
      vertex 159.96917333733128 -0.7845909572784494 0
      vertex 160 0 0
      vertex 159.96917333733128 -0.7845909572784494 8
    endloop
  endfacet
  facet normal -0.19509032201613574 -0.9807852804032289 0
    outer loop
      vertex 147.66554636144096 -9.723699203976766 0
      vertex 148.43565534959768 -9.876883405951379 8
      vertex 147.66554636144096 -9.723699203976766 8
    endloop
  endfacet
  facet normal -0.11753739745783408 -0.9930684569549267 0
    outer loop
      vertex 148.43565534959768 -9.876883405951379 0
      vertex 149.21540904272155 -9.969173337331279 8
      vertex 148.43565534959768 -9.876883405951379 8
    endloop
  endfacet
  facet normal -0.3461170570774959 -0.938191335922483 0
    outer loop
      vertex 146.1731656763491 -9.238795325112868 0
      vertex 146.9098300562505 -9.510565162951535 8
      vertex 146.1731656763491 -9.238795325112868 8
    endloop
  endfacet
  facet normal -0.41865973753742936 -0.9081431738250806 0
    outer loop
      vertex 145.46009500260453 -8.910065241883679 0
      vertex 146.1731656763491 -9.238795325112868 8
      vertex 145.46009500260453 -8.910065241883679 8
    endloop
  endfacet
  facet normal -0.27144044986506666 -0.9624552364536494 0
    outer loop
      vertex 146.9098300562505 -9.510565162951535 0
      vertex 147.66554636144096 -9.723699203976766 8
      vertex 146.9098300562505 -9.510565162951535 8
    endloop
  endfacet
  facet normal -0.039259815759069415 -0.999229036240723 0
    outer loop
      vertex 149.21540904272155 -9.969173337331279 0
      vertex 150 -10 8
      vertex 149.21540904272155 -9.969173337331279 8
    endloop
  endfacet
  facet normal 0.039259815759069415 -0.999229036240723 0
    outer loop
      vertex 150 -10 0
      vertex 150.78459095727845 -9.969173337331279 8
      vertex 150 -10 8
    endloop
  endfacet
  facet normal 0.11753739745783408 -0.9930684569549267 0
    outer loop
      vertex 150.78459095727845 -9.969173337331279 0
      vertex 151.56434465040232 -9.876883405951379 8
      vertex 150.78459095727845 -9.969173337331279 8
    endloop
  endfacet
  facet normal 0.19509032201613574 -0.9807852804032289 0
    outer loop
      vertex 151.56434465040232 -9.876883405951379 0
      vertex 152.33445363855904 -9.723699203976766 8
      vertex 151.56434465040232 -9.876883405951379 8
    endloop
  endfacet
  facet normal 0.27144044986506666 -0.9624552364536494 0
    outer loop
      vertex 152.33445363855904 -9.723699203976766 0
      vertex 153.0901699437495 -9.510565162951535 8
      vertex 152.33445363855904 -9.723699203976766 8
    endloop
  endfacet
  facet normal 0.3461170570774959 -0.938191335922483 0
    outer loop
      vertex 153.0901699437495 -9.510565162951535 0
      vertex 153.8268343236509 -9.238795325112868 8
      vertex 153.0901699437495 -9.510565162951535 8
    endloop
  endfacet
  facet normal 0.41865973753742936 -0.9081431738250806 0
    outer loop
      vertex 153.8268343236509 -9.238795325112868 0
      vertex 154.53990499739547 -8.910065241883679 8
      vertex 153.8268343236509 -9.238795325112868 8
    endloop
  endfacet
  facet normal -0.7853169308807356 -0.619093949309846 0
    outer loop
      vertex 142.1885833437359 -6.231449382407825 0
      vertex 142.39594034399968 -6.494480483301837 8
      vertex 142.1885833437359 -6.231449382407825 4
    endloop
  endfacet
  facet normal -0.6190939493098452 -0.7853169308807362 0
    outer loop
      vertex 143.50551951669817 -7.6040596560003095 0
      vertex 144.12214747707526 -8.090169943749475 8
      vertex 143.50551951669817 -7.6040596560003095 8
    endloop
  endfacet
  facet normal -0.4886212414969571 -0.872496007072796 0
    outer loop
      vertex 144.77501435284051 -8.526401643540922 0
      vertex 145.46009500260453 -8.910065241883679 8
      vertex 144.77501435284051 -8.526401643540922 8
    endloop
  endfacet
  facet normal -0.5555702330195942 -0.8314696123025507 0
    outer loop
      vertex 144.12214747707526 -8.090169943749475 0
      vertex 144.77501435284051 -8.526401643540922 8
      vertex 144.12214747707526 -8.090169943749475 8
    endloop
  endfacet
  facet normal -0.6788007455329362 -0.7343225094356908 0
    outer loop
      vertex 142.92893218813452 -7.0710678118654755 0
      vertex 143.50551951669817 -7.6040596560003095 8
      vertex 142.92893218813452 -7.0710678118654755 8
    endloop
  endfacet
  facet normal -0.7343225094356811 -0.6788007455329468 0
    outer loop
      vertex 142.92893218813452 -7.0710678118654755 0
      vertex 142.92893218813452 -7.0710678118654755 8
      vertex 142.39594034399968 -6.494480483301837 8
    endloop
  endfacet
  facet normal 0.4886212414969571 -0.872496007072796 0
    outer loop
      vertex 154.53990499739547 -8.910065241883679 0
      vertex 155.22498564715949 -8.526401643540922 8
      vertex 154.53990499739547 -8.910065241883679 8
    endloop
  endfacet
  facet normal 0.5555702330195942 -0.8314696123025507 0
    outer loop
      vertex 155.22498564715949 -8.526401643540922 0
      vertex 155.87785252292474 -8.090169943749475 8
      vertex 155.22498564715949 -8.526401643540922 8
    endloop
  endfacet
  facet normal 0.6190939493098452 -0.7853169308807362 0
    outer loop
      vertex 155.87785252292474 -8.090169943749475 0
      vertex 156.49448048330183 -7.6040596560003095 8
      vertex 155.87785252292474 -8.090169943749475 8
    endloop
  endfacet
  facet normal 0.6788007455329362 -0.7343225094356908 0
    outer loop
      vertex 156.49448048330183 -7.6040596560003095 0
      vertex 157.07106781186548 -7.0710678118654755 8
      vertex 156.49448048330183 -7.6040596560003095 8
    endloop
  endfacet
  facet normal 0.7343225094356811 -0.6788007455329468 0
    outer loop
      vertex 157.60405965600032 -6.494480483301837 0
      vertex 157.60405965600032 -6.494480483301837 8
      vertex 157.07106781186548 -7.0710678118654755 8
    endloop
  endfacet
  facet normal 0.7853169308807415 -0.6190939493098383 0
    outer loop
      vertex 158.0901699437495 -5.877852522924732 0
      vertex 158.0901699437495 -5.877852522924732 8
      vertex 157.60405965600032 -6.494480483301837 8
    endloop
  endfacet
  facet normal -0.7853169308807415 -0.6190939493098383 8.085987923425893e-16
    outer loop
      vertex 142.1885833437359 -6.231449382407825 4
      vertex 142.39594034399968 -6.494480483301837 8
      vertex 141.9098300562505 -5.877852522924732 8
    endloop
  endfacet
  facet normal 0 0 1
    outer loop
      vertex 148.43565534959768 -9.876883405951379 8
      vertex 148.08658283817456 -4.619397662556434 8
      vertex 147.66554636144096 -9.723699203976766 8
    endloop
  endfacet
  facet normal 0 0 1
    outer loop
      vertex 149.21540904272155 -9.969173337331279 8
      vertex 148.83277318072047 -4.861849601988383 8
      vertex 148.43565534959768 -9.876883405951379 8
    endloop
  endfacet
  facet normal 0 0 1
    outer loop
      vertex 147.66554636144096 -9.723699203976766 8
      vertex 147.38750717642026 -4.263200821770461 8
      vertex 146.9098300562505 -9.510565162951535 8
    endloop
  endfacet
  facet normal 0 0 1
    outer loop
      vertex 146.1731656763491 -9.238795325112868 8
      vertex 146.9098300562505 -9.510565162951535 8
      vertex 146.46446609406726 -3.5355339059327378 8
    endloop
  endfacet
  facet normal 0 0 1
    outer loop
      vertex 146.1731656763491 -9.238795325112868 8
      vertex 145.73679917822955 -2.612492823579744 8
      vertex 145.46009500260453 -8.910065241883679 8
    endloop
  endfacet
  facet normal 0 0 1
    outer loop
      vertex 145.46009500260453 -8.910065241883679 8
      vertex 145.13815039801162 -1.167226819279527 8
      vertex 144.77501435284051 -8.526401643540922 8
    endloop
  endfacet
  facet normal 0 0 1
    outer loop
      vertex 149.21540904272155 -9.969173337331279 8
      vertex 149.21782767479885 -4.938441702975689 8
      vertex 148.83277318072047 -4.861849601988383 8
    endloop
  endfacet
  facet normal 0 0 1
    outer loop
      vertex 148.43565534959768 -9.876883405951379 8
      vertex 148.83277318072047 -4.861849601988383 8
      vertex 148.45491502812527 -4.755282581475767 8
    endloop
  endfacet
  facet normal 0 0 1
    outer loop
      vertex 148.43565534959768 -9.876883405951379 8
      vertex 148.45491502812527 -4.755282581475767 8
      vertex 148.08658283817456 -4.619397662556434 8
    endloop
  endfacet
  facet normal 0 0 1
    outer loop
      vertex 147.66554636144096 -9.723699203976766 8
      vertex 148.08658283817456 -4.619397662556434 8
      vertex 147.73004750130227 -4.455032620941839 8
    endloop
  endfacet
  facet normal 0 0 1
    outer loop
      vertex 147.66554636144096 -9.723699203976766 8
      vertex 147.73004750130227 -4.455032620941839 8
      vertex 147.38750717642026 -4.263200821770461 8
    endloop
  endfacet
  facet normal 0 0 1
    outer loop
      vertex 149.21540904272155 -9.969173337331279 8
      vertex 150 -10 8
      vertex 149.60770452136077 -4.9845866686656395 8
    endloop
  endfacet
  facet normal 0 0 1
    outer loop
      vertex 150 -10 8
      vertex 150.78459095727845 -9.969173337331279 8
      vertex 150.39229547863923 -4.9845866686656395 8
    endloop
  endfacet
  facet normal 0 0 1
    outer loop
      vertex 150.78459095727845 -9.969173337331279 8
      vertex 151.56434465040232 -9.876883405951379 8
      vertex 150.78217232520115 -4.938441702975689 8
    endloop
  endfacet
  facet normal 0 0 1
    outer loop
      vertex 151.56434465040232 -9.876883405951379 8
      vertex 152.33445363855904 -9.723699203976766 8
      vertex 151.54508497187473 -4.755282581475767 8
    endloop
  endfacet
  facet normal 0 0 1
    outer loop
      vertex 152.33445363855904 -9.723699203976766 8
      vertex 153.0901699437495 -9.510565162951535 8
      vertex 152.26995249869773 -4.455032620941839 8
    endloop
  endfacet
  facet normal 0 0 1
    outer loop
      vertex 153.0901699437495 -9.510565162951535 8
      vertex 153.8268343236509 -9.238795325112868 8
      vertex 152.93892626146237 -4.045084971874737 8
    endloop
  endfacet
  facet normal 0 0 1
    outer loop
      vertex 153.8268343236509 -9.238795325112868 8
      vertex 154.53990499739547 -8.910065241883679 8
      vertex 153.80202982800014 -3.2472402416509185 8
    endloop
  endfacet
  facet normal 0 0 1
    outer loop
      vertex 150 -10 8
      vertex 150 -5 8
      vertex 149.60770452136077 -4.9845866686656395 8
    endloop
  endfacet
  facet normal 0 0 1
    outer loop
      vertex 149.21540904272155 -9.969173337331279 8
      vertex 149.60770452136077 -4.9845866686656395 8
      vertex 149.21782767479885 -4.938441702975689 8
    endloop
  endfacet
  facet normal 0 0 1
    outer loop
      vertex 150 -10 8
      vertex 150.39229547863923 -4.9845866686656395 8
      vertex 150 -5 8
    endloop
  endfacet
  facet normal 0 0 1
    outer loop
      vertex 150.78459095727845 -9.969173337331279 8
      vertex 150.78217232520115 -4.938441702975689 8
      vertex 150.39229547863923 -4.9845866686656395 8
    endloop
  endfacet
  facet normal 0 0 1
    outer loop
      vertex 151.56434465040232 -9.876883405951379 8
      vertex 151.16722681927953 -4.861849601988383 8
      vertex 150.78217232520115 -4.938441702975689 8
    endloop
  endfacet
  facet normal 0 0 1
    outer loop
      vertex 151.56434465040232 -9.876883405951379 8
      vertex 151.54508497187473 -4.755282581475767 8
      vertex 151.16722681927953 -4.861849601988383 8
    endloop
  endfacet
  facet normal 0 0 1
    outer loop
      vertex 152.33445363855904 -9.723699203976766 8
      vertex 151.91341716182544 -4.619397662556434 8
      vertex 151.54508497187473 -4.755282581475767 8
    endloop
  endfacet
  facet normal 0 0 1
    outer loop
      vertex 152.33445363855904 -9.723699203976766 8
      vertex 152.26995249869773 -4.455032620941839 8
      vertex 151.91341716182544 -4.619397662556434 8
    endloop
  endfacet
  facet normal 0 0 1
    outer loop
      vertex 153.0901699437495 -9.510565162951535 8
      vertex 152.61249282357974 -4.263200821770461 8
      vertex 152.26995249869773 -4.455032620941839 8
    endloop
  endfacet
  facet normal 0 0 1
    outer loop
      vertex 154.53990499739547 -8.910065241883679 8
      vertex 155.22498564715949 -8.526401643540922 8
      vertex 154.45503262094184 -2.2699524986977337 8
    endloop
  endfacet
  facet normal -0.7853169308807461 -0.6190939493098327 0
    outer loop
      vertex 142.1885833437359 -6.231449382407825 4
      vertex 141.9098300562505 -5.877852522924732 8
      vertex 141.9098300562505 -5.877852522924732 4
    endloop
  endfacet
  facet normal -0.8314696123025618 -0.5555702330195774 0
    outer loop
      vertex 141.9098300562505 -5.877852522924732 4
      vertex 141.4735983564591 -5.224985647159488 8
      vertex 141.4735983564591 -5.224985647159488 4
    endloop
  endfacet
  facet normal -0.8724960070727928 -0.4886212414969625 0
    outer loop
      vertex 141.08993475811633 -4.5399049973954675 4
      vertex 141.4735983564591 -5.224985647159488 4
      vertex 141.08993475811633 -4.5399049973954675 8
    endloop
  endfacet
  facet normal -0.9081431738250741 -0.4186597375374434 0
    outer loop
      vertex 141.08993475811633 -4.5399049973954675 4
      vertex 140.76120467488713 -3.826834323650898 8
      vertex 140.76120467488713 -3.826834323650898 4
    endloop
  endfacet
  facet normal -0.9381913359224868 -0.3461170570774853 0
    outer loop
      vertex 140.76120467488713 -3.826834323650898 4
      vertex 140.48943483704846 -3.090169943749474 8
      vertex 140.48943483704846 -3.090169943749474 4
    endloop
  endfacet
  facet normal 0.8314696123025618 -0.5555702330195774 0
    outer loop
      vertex 158.5264016435409 -5.224985647159488 0
      vertex 158.5264016435409 -5.224985647159488 8
      vertex 158.0901699437495 -5.877852522924732 8
    endloop
  endfacet
  facet normal 0.8724960070727928 -0.4886212414969625 0
    outer loop
      vertex 158.91006524188367 -4.5399049973954675 0
      vertex 158.91006524188367 -4.5399049973954675 8
      vertex 158.5264016435409 -5.224985647159488 8
    endloop
  endfacet
  facet normal 0.9081431738250741 -0.4186597375374434 0
    outer loop
      vertex 159.23879532511287 -3.826834323650898 0
      vertex 159.23879532511287 -3.826834323650898 8
      vertex 158.91006524188367 -4.5399049973954675 8
    endloop
  endfacet
  facet normal 0.9381913359224868 -0.3461170570774853 0
    outer loop
      vertex 159.51056516295154 -3.090169943749474 0
      vertex 159.51056516295154 -3.090169943749474 8
      vertex 159.23879532511287 -3.826834323650898 8
    endloop
  endfacet
  facet normal -0.9624552364536482 -0.2714404498650713 0
    outer loop
      vertex 140.48943483704846 -3.090169943749474 4
      vertex 140.27630079602324 -2.334453638559054 8
      vertex 140.27630079602324 -2.334453638559054 4
    endloop
  endfacet
  facet normal -0.9807852804032271 -0.19509032201614515 0
    outer loop
      vertex 140.27630079602324 -2.334453638559054 4
      vertex 140.1231165940486 -1.5643446504023086 8
      vertex 140.1231165940486 -1.5643446504023086 4
    endloop
  endfacet
  facet normal -0.9930684569549275 -0.1175373974578283 0
    outer loop
      vertex 140.1231165940486 -1.5643446504023086 4
      vertex 140.03082666266872 -0.7845909572784494 8
      vertex 140.03082666266872 -0.7845909572784494 4
    endloop
  endfacet
  facet normal -0.9992290362407232 -0.039259815759062844 0
    outer loop
      vertex 140.03082666266872 -0.7845909572784494 4
      vertex 140 0 8
      vertex 140 0 4
    endloop
  endfacet
  facet normal 0.9624552364536482 -0.2714404498650713 0
    outer loop
      vertex 159.72369920397676 -2.334453638559054 0
      vertex 159.72369920397676 -2.334453638559054 8
      vertex 159.51056516295154 -3.090169943749474 8
    endloop
  endfacet
  facet normal 0.9807852804032271 -0.19509032201614515 0
    outer loop
      vertex 159.8768834059514 -1.5643446504023086 0
      vertex 159.8768834059514 -1.5643446504023086 8
      vertex 159.72369920397676 -2.334453638559054 8
    endloop
  endfacet
  facet normal 0.9930684569549275 -0.1175373974578283 0
    outer loop
      vertex 159.96917333733128 -0.7845909572784494 0
      vertex 159.96917333733128 -0.7845909572784494 8
      vertex 159.8768834059514 -1.5643446504023086 8
    endloop
  endfacet
  facet normal 0.9992290362407232 -0.039259815759062844 0
    outer loop
      vertex 159.96917333733128 -0.7845909572784494 8
      vertex 160 0 0
      vertex 160 0 8
    endloop
  endfacet
  facet normal -0.8314696123025618 -0.5555702330195774 0
    outer loop
      vertex 141.9098300562505 -5.877852522924732 4
      vertex 141.9098300562505 -5.877852522924732 8
      vertex 141.4735983564591 -5.224985647159488 8
    endloop
  endfacet
  facet normal -0.8724960070727928 -0.4886212414969625 0
    outer loop
      vertex 141.4735983564591 -5.224985647159488 4
      vertex 141.4735983564591 -5.224985647159488 8
      vertex 141.08993475811633 -4.5399049973954675 8
    endloop
  endfacet
  facet normal -0.9081431738250741 -0.4186597375374434 0
    outer loop
      vertex 141.08993475811633 -4.5399049973954675 4
      vertex 141.08993475811633 -4.5399049973954675 8
      vertex 140.76120467488713 -3.826834323650898 8
    endloop
  endfacet
  facet normal -0.9381913359224868 -0.3461170570774853 0
    outer loop
      vertex 140.76120467488713 -3.826834323650898 4
      vertex 140.76120467488713 -3.826834323650898 8
      vertex 140.48943483704846 -3.090169943749474 8
    endloop
  endfacet
  facet normal 0 0 1
    outer loop
      vertex 146.1731656763491 -9.238795325112868 8
      vertex 146.46446609406726 -3.5355339059327378 8
      vertex 146.19797017199986 -3.2472402416509185 8
    endloop
  endfacet
  facet normal 0 0 1
    outer loop
      vertex 146.9098300562505 -9.510565162951535 8
      vertex 147.38750717642026 -4.263200821770461 8
      vertex 147.06107373853763 -4.045084971874737 8
    endloop
  endfacet
  facet normal 0 0 1
    outer loop
      vertex 146.9098300562505 -9.510565162951535 8
      vertex 147.06107373853763 -4.045084971874737 8
      vertex 146.75275975834907 -3.8020298280001548 8
    endloop
  endfacet
  facet normal 0 0 1
    outer loop
      vertex 146.9098300562505 -9.510565162951535 8
      vertex 146.75275975834907 -3.8020298280001548 8
      vertex 146.46446609406726 -3.5355339059327378 8
    endloop
  endfacet
  facet normal 0 0 1
    outer loop
      vertex 146.1731656763491 -9.238795325112868 8
      vertex 146.19797017199986 -3.2472402416509185 8
      vertex 145.95491502812527 -2.938926261462366 8
    endloop
  endfacet
  facet normal 0 0 1
    outer loop
      vertex 146.1731656763491 -9.238795325112868 8
      vertex 145.95491502812527 -2.938926261462366 8
      vertex 145.73679917822955 -2.612492823579744 8
    endloop
  endfacet
  facet normal 0 0 1
    outer loop
      vertex 145.46009500260453 -8.910065241883679 8
      vertex 145.73679917822955 -2.612492823579744 8
      vertex 145.54496737905816 -2.2699524986977337 8
    endloop
  endfacet
  facet normal 0 0 1
    outer loop
      vertex 145.46009500260453 -8.910065241883679 8
      vertex 145.54496737905816 -2.2699524986977337 8
      vertex 145.38060233744358 -1.913417161825449 8
    endloop
  endfacet
  facet normal 0 0 1
    outer loop
      vertex 145.46009500260453 -8.910065241883679 8
      vertex 145.38060233744358 -1.913417161825449 8
      vertex 145.24471741852423 -1.545084971874737 8
    endloop
  endfacet
  facet normal 0 0 1
    outer loop
      vertex 145.46009500260453 -8.910065241883679 8
      vertex 145.24471741852423 -1.545084971874737 8
      vertex 145.13815039801162 -1.167226819279527 8
    endloop
  endfacet
  facet normal 0 0 1
    outer loop
      vertex 144.77501435284051 -8.526401643540922 8
      vertex 145.13815039801162 -1.167226819279527 8
      vertex 145.0615582970243 -0.7821723252011543 8
    endloop
  endfacet
  facet normal 0 0 1
    outer loop
      vertex 144.77501435284051 -8.526401643540922 8
      vertex 145.0615582970243 -0.7821723252011543 8
      vertex 145.01541333133437 -0.3922954786392247 8
    endloop
  endfacet
  facet normal 0 0 1
    outer loop
      vertex 153.0901699437495 -9.510565162951535 8
      vertex 152.93892626146237 -4.045084971874737 8
      vertex 152.61249282357974 -4.263200821770461 8
    endloop
  endfacet
  facet normal 0 0 1
    outer loop
      vertex 153.8268343236509 -9.238795325112868 8
      vertex 153.24724024165093 -3.8020298280001548 8
      vertex 152.93892626146237 -4.045084971874737 8
    endloop
  endfacet
  facet normal 0 0 1
    outer loop
      vertex 153.8268343236509 -9.238795325112868 8
      vertex 153.53553390593274 -3.5355339059327378 8
      vertex 153.24724024165093 -3.8020298280001548 8
    endloop
  endfacet
  facet normal 0 0 1
    outer loop
      vertex 153.8268343236509 -9.238795325112868 8
      vertex 153.80202982800014 -3.2472402416509185 8
      vertex 153.53553390593274 -3.5355339059327378 8
    endloop
  endfacet
  facet normal 0 0 1
    outer loop
      vertex 154.53990499739547 -8.910065241883679 8
      vertex 154.04508497187473 -2.938926261462366 8
      vertex 153.80202982800014 -3.2472402416509185 8
    endloop
  endfacet
  facet normal 0 0 1
    outer loop
      vertex 154.53990499739547 -8.910065241883679 8
      vertex 154.26320082177045 -2.612492823579744 8
      vertex 154.04508497187473 -2.938926261462366 8
    endloop
  endfacet
  facet normal 0 0 1
    outer loop
      vertex 154.53990499739547 -8.910065241883679 8
      vertex 154.45503262094184 -2.2699524986977337 8
      vertex 154.26320082177045 -2.612492823579744 8
    endloop
  endfacet
  facet normal 0 0 1
    outer loop
      vertex 155.22498564715949 -8.526401643540922 8
      vertex 154.61939766255642 -1.913417161825449 8
      vertex 154.45503262094184 -2.2699524986977337 8
    endloop
  endfacet
  facet normal 0 0 1
    outer loop
      vertex 155.22498564715949 -8.526401643540922 8
      vertex 154.75528258147577 -1.545084971874737 8
      vertex 154.61939766255642 -1.913417161825449 8
    endloop
  endfacet
  facet normal 0 0 1
    outer loop
      vertex 155.22498564715949 -8.526401643540922 8
      vertex 154.86184960198838 -1.167226819279527 8
      vertex 154.75528258147577 -1.545084971874737 8
    endloop
  endfacet
  facet normal 0 0 1
    outer loop
      vertex 155.22498564715949 -8.526401643540922 8
      vertex 154.9384417029757 -0.7821723252011543 8
      vertex 154.86184960198838 -1.167226819279527 8
    endloop
  endfacet
  facet normal 0 0 1
    outer loop
      vertex 155.22498564715949 -8.526401643540922 8
      vertex 154.98458666866563 -0.3922954786392247 8
      vertex 154.9384417029757 -0.7821723252011543 8
    endloop
  endfacet
  facet normal -0.9624552364536482 -0.2714404498650713 0
    outer loop
      vertex 140.48943483704846 -3.090169943749474 4
      vertex 140.48943483704846 -3.090169943749474 8
      vertex 140.27630079602324 -2.334453638559054 8
    endloop
  endfacet
  facet normal -0.9807852804032271 -0.19509032201614515 0
    outer loop
      vertex 140.27630079602324 -2.334453638559054 4
      vertex 140.27630079602324 -2.334453638559054 8
      vertex 140.1231165940486 -1.5643446504023086 8
    endloop
  endfacet
  facet normal -0.9930684569549275 -0.1175373974578283 0
    outer loop
      vertex 140.1231165940486 -1.5643446504023086 4
      vertex 140.1231165940486 -1.5643446504023086 8
      vertex 140.03082666266872 -0.7845909572784494 8
    endloop
  endfacet
  facet normal -0.9992290362407232 -0.039259815759062844 0
    outer loop
      vertex 140.03082666266872 -0.7845909572784494 4
      vertex 140.03082666266872 -0.7845909572784494 8
      vertex 140 0 8
    endloop
  endfacet
  facet normal 0 0 1
    outer loop
      vertex 143.50551951669817 -7.6040596560003095 8
      vertex 144.12214747707526 -8.090169943749475 8
      vertex 143.50551951669817 7.6040596560003095 8
    endloop
  endfacet
  facet normal 0 0 1
    outer loop
      vertex 143.50551951669817 -7.6040596560003095 8
      vertex 142.92893218813452 7.0710678118654755 8
      vertex 142.92893218813452 -7.0710678118654755 8
    endloop
  endfacet
  facet normal 0 0 1
    outer loop
      vertex 142.92893218813452 -7.0710678118654755 8
      vertex 142.39594034399968 6.494480483301837 8
      vertex 142.39594034399968 -6.494480483301837 8
    endloop
  endfacet
  facet normal 0 0 1
    outer loop
      vertex 141.08993475811633 -4.5399049973954675 8
      vertex 140.76120467488713 3.826834323650898 8
      vertex 140.76120467488713 -3.826834323650898 8
    endloop
  endfacet
  facet normal 0 0 1
    outer loop
      vertex 142.39594034399968 -6.494480483301837 8
      vertex 141.9098300562505 5.877852522924732 8
      vertex 141.9098300562505 -5.877852522924732 8
    endloop
  endfacet
  facet normal 0 0 1
    outer loop
      vertex 141.9098300562505 -5.877852522924732 8
      vertex 141.4735983564591 5.224985647159488 8
      vertex 141.4735983564591 -5.224985647159488 8
    endloop
  endfacet
  facet normal 0 0 1
    outer loop
      vertex 141.08993475811633 -4.5399049973954675 8
      vertex 141.4735983564591 -5.224985647159488 8
      vertex 141.08993475811633 4.5399049973954675 8
    endloop
  endfacet
  facet normal 0 0 1
    outer loop
      vertex 144.77501435284051 -8.526401643540922 8
      vertex 144.12214747707526 8.090169943749475 8
      vertex 144.12214747707526 -8.090169943749475 8
    endloop
  endfacet
  facet normal 0 0 1
    outer loop
      vertex 144.77501435284051 -8.526401643540922 8
      vertex 145.01541333133437 -0.3922954786392247 8
      vertex 145 0 8
    endloop
  endfacet
  facet normal 0 0 1
    outer loop
      vertex 140.76120467488713 -3.826834323650898 8
      vertex 140.48943483704846 3.090169943749474 8
      vertex 140.48943483704846 -3.090169943749474 8
    endloop
  endfacet
  facet normal 0 0 1
    outer loop
      vertex 140.48943483704846 -3.090169943749474 8
      vertex 140.27630079602324 2.334453638559054 8
      vertex 140.27630079602324 -2.334453638559054 8
    endloop
  endfacet
  facet normal 0 0 1
    outer loop
      vertex 140.27630079602324 -2.334453638559054 8
      vertex 140.1231165940486 1.5643446504023086 8
      vertex 140.1231165940486 -1.5643446504023086 8
    endloop
  endfacet
  facet normal 0 0 1
    outer loop
      vertex 140.1231165940486 -1.5643446504023086 8
      vertex 140.03082666266872 0.7845909572784494 8
      vertex 140.03082666266872 -0.7845909572784494 8
    endloop
  endfacet
  facet normal 0 0 1
    outer loop
      vertex 155.22498564715949 -8.526401643540922 8
      vertex 155 0 8
      vertex 154.98458666866563 -0.3922954786392247 8
    endloop
  endfacet
  facet normal 0 0 1
    outer loop
      vertex 155.22498564715949 -8.526401643540922 8
      vertex 155.87785252292474 -8.090169943749475 8
      vertex 155.22498564715949 8.526401643540922 8
    endloop
  endfacet
  facet normal 0 0 1
    outer loop
      vertex 155.87785252292474 -8.090169943749475 8
      vertex 156.49448048330183 -7.6040596560003095 8
      vertex 155.87785252292474 8.090169943749475 8
    endloop
  endfacet
  facet normal 0 0 1
    outer loop
      vertex 156.49448048330183 -7.6040596560003095 8
      vertex 157.07106781186548 -7.0710678118654755 8
      vertex 156.49448048330183 7.6040596560003095 8
    endloop
  endfacet
  facet normal 0 0 1
    outer loop
      vertex 157.07106781186548 -7.0710678118654755 8
      vertex 157.60405965600032 -6.494480483301837 8
      vertex 157.07106781186548 7.0710678118654755 8
    endloop
  endfacet
  facet normal 0 0 1
    outer loop
      vertex 157.60405965600032 -6.494480483301837 8
      vertex 158.0901699437495 -5.877852522924732 8
      vertex 157.60405965600032 6.494480483301837 8
    endloop
  endfacet
  facet normal 0 0 1
    outer loop
      vertex 158.0901699437495 -5.877852522924732 8
      vertex 158.5264016435409 -5.224985647159488 8
      vertex 158.0901699437495 5.877852522924732 8
    endloop
  endfacet
  facet normal 0 0 1
    outer loop
      vertex 158.5264016435409 -5.224985647159488 8
      vertex 158.91006524188367 -4.5399049973954675 8
      vertex 158.5264016435409 5.224985647159488 8
    endloop
  endfacet
  facet normal 0 0 1
    outer loop
      vertex 158.91006524188367 -4.5399049973954675 8
      vertex 159.23879532511287 -3.826834323650898 8
      vertex 158.91006524188367 4.5399049973954675 8
    endloop
  endfacet
  facet normal 0 0 1
    outer loop
      vertex 159.23879532511287 -3.826834323650898 8
      vertex 159.51056516295154 -3.090169943749474 8
      vertex 159.23879532511287 3.826834323650898 8
    endloop
  endfacet
  facet normal 0 0 1
    outer loop
      vertex 159.51056516295154 -3.090169943749474 8
      vertex 159.72369920397676 -2.334453638559054 8
      vertex 159.51056516295154 3.090169943749474 8
    endloop
  endfacet
  facet normal 0 0 1
    outer loop
      vertex 159.72369920397676 -2.334453638559054 8
      vertex 159.8768834059514 -1.5643446504023086 8
      vertex 159.72369920397676 2.334453638559054 8
    endloop
  endfacet
  facet normal 0 0 1
    outer loop
      vertex 159.8768834059514 -1.5643446504023086 8
      vertex 159.96917333733128 -0.7845909572784494 8
      vertex 159.8768834059514 1.5643446504023086 8
    endloop
  endfacet
  facet normal 0 0 -1
    outer loop
      vertex 140.03082666266872 -0.7845909572784494 0
      vertex 140 0 0
      vertex 140.03082666266872 0.7845909572784494 0
    endloop
  endfacet
  facet normal 0 0 -1
    outer loop
      vertex 140.03082666266872 -0.7845909572784494 0
      vertex 140.03082666266872 0.7845909572784494 0
      vertex 140.1231165940486 1.5643446504023086 0
    endloop
  endfacet
  facet normal 0 0 -1
    outer loop
      vertex 140.1231165940486 -1.5643446504023086 0
      vertex 140.1231165940486 1.5643446504023086 0
      vertex 140.27630079602324 2.334453638559054 0
    endloop
  endfacet
  facet normal 0 0 -1
    outer loop
      vertex 140.27630079602324 -2.334453638559054 0
      vertex 140.27630079602324 2.334453638559054 0
      vertex 140.48943483704846 3.090169943749474 0
    endloop
  endfacet
  facet normal 0 0 -1
    outer loop
      vertex 140.48943483704846 -3.090169943749474 0
      vertex 140.48943483704846 3.090169943749474 0
      vertex 140.76120467488713 3.826834323650898 0
    endloop
  endfacet
  facet normal 0 0 -1
    outer loop
      vertex 140.76120467488713 -3.826834323650898 0
      vertex 140.76120467488713 3.826834323650898 0
      vertex 141.08993475811633 4.5399049973954675 0
    endloop
  endfacet
  facet normal 0 0 -1
    outer loop
      vertex 141.08993475811633 -4.5399049973954675 0
      vertex 141.08993475811633 4.5399049973954675 0
      vertex 141.4735983564591 5.224985647159488 0
    endloop
  endfacet
  facet normal 0 0 -1
    outer loop
      vertex 141.4735983564591 -5.224985647159488 0
      vertex 141.4735983564591 5.224985647159488 0
      vertex 141.9098300562505 5.877852522924732 0
    endloop
  endfacet
  facet normal 0 0 -1
    outer loop
      vertex 141.9098300562505 -5.877852522924732 0
      vertex 141.9098300562505 5.877852522924732 0
      vertex 142.1885833437359 6.231449382407825 0
    endloop
  endfacet
  facet normal 0 0 -1
    outer loop
      vertex 141.9098300562505 -5.877852522924732 0
      vertex 142.1885833437359 6.231449382407825 0
      vertex 142.39594034399968 6.494480483301837 0
    endloop
  endfacet
  facet normal 0 0 -1
    outer loop
      vertex 142.39594034399968 -6.494480483301837 0
      vertex 142.39594034399968 6.494480483301837 0
      vertex 142.92893218813452 7.0710678118654755 0
    endloop
  endfacet
  facet normal 0 0 -1
    outer loop
      vertex 142.92893218813452 -7.0710678118654755 0
      vertex 142.92893218813452 7.0710678118654755 0
      vertex 143.50551951669817 7.6040596560003095 0
    endloop
  endfacet
  facet normal 0 0 -1
    outer loop
      vertex 143.50551951669817 -7.6040596560003095 0
      vertex 143.50551951669817 7.6040596560003095 0
      vertex 144.12214747707526 8.090169943749475 0
    endloop
  endfacet
  facet normal 0 0 -1
    outer loop
      vertex 144.12214747707526 -8.090169943749475 0
      vertex 144.12214747707526 8.090169943749475 0
      vertex 144.77501435284051 8.526401643540922 0
    endloop
  endfacet
  facet normal 0 0 -1
    outer loop
      vertex 144.77501435284051 -8.526401643540922 0
      vertex 144.77501435284051 8.526401643540922 0
      vertex 145.46009500260453 8.910065241883679 0
    endloop
  endfacet
  facet normal 0 0 -1
    outer loop
      vertex 159.96917333733128 -0.7845909572784494 0
      vertex 159.96917333733128 0.7845909572784494 0
      vertex 160 0 0
    endloop
  endfacet
  facet normal 0 0 -1
    outer loop
      vertex 159.8768834059514 -1.5643446504023086 0
      vertex 159.8768834059514 1.5643446504023086 0
      vertex 159.96917333733128 0.7845909572784494 0
    endloop
  endfacet
  facet normal 0 0 -1
    outer loop
      vertex 159.72369920397676 -2.334453638559054 0
      vertex 159.72369920397676 2.334453638559054 0
      vertex 159.8768834059514 1.5643446504023086 0
    endloop
  endfacet
  facet normal 0 0 -1
    outer loop
      vertex 159.51056516295154 -3.090169943749474 0
      vertex 159.51056516295154 3.090169943749474 0
      vertex 159.72369920397676 2.334453638559054 0
    endloop
  endfacet
  facet normal 0 0 -1
    outer loop
      vertex 159.23879532511287 -3.826834323650898 0
      vertex 159.23879532511287 3.826834323650898 0
      vertex 159.51056516295154 3.090169943749474 0
    endloop
  endfacet
  facet normal 0 0 -1
    outer loop
      vertex 158.91006524188367 -4.5399049973954675 0
      vertex 158.91006524188367 4.5399049973954675 0
      vertex 159.23879532511287 3.826834323650898 0
    endloop
  endfacet
  facet normal 0 0 -1
    outer loop
      vertex 153.8268343236509 -9.238795325112868 0
      vertex 153.8268343236509 9.238795325112868 0
      vertex 154.53990499739547 8.910065241883679 0
    endloop
  endfacet
  facet normal 0 0 -1
    outer loop
      vertex 157.07106781186548 -7.0710678118654755 0
      vertex 157.07106781186548 7.0710678118654755 0
      vertex 157.60405965600032 6.494480483301837 0
    endloop
  endfacet
  facet normal 0 0 -1
    outer loop
      vertex 158.5264016435409 -5.224985647159488 0
      vertex 158.5264016435409 5.224985647159488 0
      vertex 158.91006524188367 4.5399049973954675 0
    endloop
  endfacet
  facet normal 0 0 -1
    outer loop
      vertex 158.0901699437495 -5.877852522924732 0
      vertex 158.0901699437495 5.877852522924732 0
      vertex 158.5264016435409 5.224985647159488 0
    endloop
  endfacet
  facet normal 0 0 -1
    outer loop
      vertex 157.60405965600032 -6.494480483301837 0
      vertex 157.60405965600032 6.494480483301837 0
      vertex 158.0901699437495 5.877852522924732 0
    endloop
  endfacet
  facet normal 0 0 -1
    outer loop
      vertex 156.49448048330183 -7.6040596560003095 0
      vertex 156.49448048330183 7.6040596560003095 0
      vertex 157.07106781186548 7.0710678118654755 0
    endloop
  endfacet
  facet normal 0 0 -1
    outer loop
      vertex 155.87785252292474 -8.090169943749475 0
      vertex 155.87785252292474 8.090169943749475 0
      vertex 156.49448048330183 7.6040596560003095 0
    endloop
  endfacet
  facet normal 0 0 -1
    outer loop
      vertex 155.22498564715949 -8.526401643540922 0
      vertex 155.22498564715949 8.526401643540922 0
      vertex 155.87785252292474 8.090169943749475 0
    endloop
  endfacet
  facet normal 0 0 -1
    outer loop
      vertex 154.53990499739547 -8.910065241883679 0
      vertex 154.53990499739547 8.910065241883679 0
      vertex 155.22498564715949 8.526401643540922 0
    endloop
  endfacet
  facet normal 0 0 -1
    outer loop
      vertex 145.46009500260453 -8.910065241883679 0
      vertex 145.46009500260453 8.910065241883679 0
      vertex 146.1731656763491 9.238795325112868 0
    endloop
  endfacet
  facet normal 0 0 -1
    outer loop
      vertex 146.1731656763491 -9.238795325112868 0
      vertex 146.1731656763491 9.238795325112868 0
      vertex 146.9098300562505 9.510565162951535 0
    endloop
  endfacet
  facet normal 0 0 -1
    outer loop
      vertex 146.9098300562505 -9.510565162951535 0
      vertex 146.9098300562505 9.510565162951535 0
      vertex 147.66554636144096 9.723699203976766 0
    endloop
  endfacet
  facet normal 0 0 -1
    outer loop
      vertex 147.66554636144096 -9.723699203976766 0
      vertex 147.66554636144096 9.723699203976766 0
      vertex 148.43565534959768 9.876883405951379 0
    endloop
  endfacet
  facet normal 0 0 -1
    outer loop
      vertex 148.43565534959768 -9.876883405951379 0
      vertex 148.43565534959768 9.876883405951379 0
      vertex 149.21540904272155 9.969173337331279 0
    endloop
  endfacet
  facet normal 0 0 -1
    outer loop
      vertex 149.21540904272155 -9.969173337331279 0
      vertex 149.21540904272155 9.969173337331279 0
      vertex 150 10 0
    endloop
  endfacet
  facet normal 0 0 -1
    outer loop
      vertex 150 -10 0
      vertex 150 10 0
      vertex 150.78459095727845 9.969173337331279 0
    endloop
  endfacet
  facet normal 0 0 -1
    outer loop
      vertex 150.78459095727845 -9.969173337331279 0
      vertex 150.78459095727845 9.969173337331279 0
      vertex 151.56434465040232 9.876883405951379 0
    endloop
  endfacet
  facet normal 0 0 -1
    outer loop
      vertex 151.56434465040232 -9.876883405951379 0
      vertex 151.56434465040232 9.876883405951379 0
      vertex 152.33445363855904 9.723699203976766 0
    endloop
  endfacet
  facet normal 0 0 -1
    outer loop
      vertex 152.33445363855904 -9.723699203976766 0
      vertex 152.33445363855904 9.723699203976766 0
      vertex 153.0901699437495 9.510565162951535 0
    endloop
  endfacet
  facet normal 0 0 -1
    outer loop
      vertex 153.0901699437495 -9.510565162951535 0
      vertex 153.0901699437495 9.510565162951535 0
      vertex 153.8268343236509 9.238795325112868 0
    endloop
  endfacet
  facet normal 0.9992290362407232 0.039259815759062844 0
    outer loop
      vertex 160 0 0
      vertex 159.96917333733128 0.7845909572784494 0
      vertex 160 0 8
    endloop
  endfacet
  facet normal 0.9930684569549275 0.1175373974578283 0
    outer loop
      vertex 159.96917333733128 0.7845909572784494 0
      vertex 159.8768834059514 1.5643446504023086 0
      vertex 159.96917333733128 0.7845909572784494 8
    endloop
  endfacet
  facet normal 0.9807852804032271 0.19509032201614515 0
    outer loop
      vertex 159.8768834059514 1.5643446504023086 0
      vertex 159.72369920397676 2.334453638559054 0
      vertex 159.8768834059514 1.5643446504023086 8
    endloop
  endfacet
  facet normal 0.9624552364536482 0.2714404498650713 0
    outer loop
      vertex 159.72369920397676 2.334453638559054 0
      vertex 159.51056516295154 3.090169943749474 0
      vertex 159.72369920397676 2.334453638559054 8
    endloop
  endfacet
  facet normal 0.9381913359224868 0.3461170570774853 0
    outer loop
      vertex 159.51056516295154 3.090169943749474 0
      vertex 159.23879532511287 3.826834323650898 0
      vertex 159.51056516295154 3.090169943749474 8
    endloop
  endfacet
  facet normal 0.9081431738250741 0.4186597375374434 0
    outer loop
      vertex 159.23879532511287 3.826834323650898 0
      vertex 158.91006524188367 4.5399049973954675 0
      vertex 159.23879532511287 3.826834323650898 8
    endloop
  endfacet
  facet normal 0.8724960070727928 0.4886212414969625 0
    outer loop
      vertex 158.91006524188367 4.5399049973954675 0
      vertex 158.5264016435409 5.224985647159488 0
      vertex 158.91006524188367 4.5399049973954675 8
    endloop
  endfacet
  facet normal 0.8314696123025618 0.5555702330195774 0
    outer loop
      vertex 158.5264016435409 5.224985647159488 0
      vertex 158.0901699437495 5.877852522924732 0
      vertex 158.5264016435409 5.224985647159488 8
    endloop
  endfacet
  facet normal -0.7853169308807356 0.619093949309846 0
    outer loop
      vertex 142.1885833437359 6.231449382407825 0
      vertex 142.1885833437359 6.231449382407825 4
      vertex 142.39594034399968 6.494480483301837 0
    endloop
  endfacet
  facet normal -0.7343225094356811 0.6788007455329468 0
    outer loop
      vertex 142.39594034399968 6.494480483301837 0
      vertex 142.92893218813452 7.0710678118654755 8
      vertex 142.92893218813452 7.0710678118654755 0
    endloop
  endfacet
  facet normal -0.6788007455329362 0.7343225094356908 0
    outer loop
      vertex 142.92893218813452 7.0710678118654755 0
      vertex 142.92893218813452 7.0710678118654755 8
      vertex 143.50551951669817 7.6040596560003095 0
    endloop
  endfacet
  facet normal -0.6190939493098452 0.7853169308807362 0
    outer loop
      vertex 143.50551951669817 7.6040596560003095 0
      vertex 143.50551951669817 7.6040596560003095 8
      vertex 144.12214747707526 8.090169943749475 0
    endloop
  endfacet
  facet normal -0.5555702330195942 0.8314696123025507 0
    outer loop
      vertex 144.12214747707526 8.090169943749475 0
      vertex 144.12214747707526 8.090169943749475 8
      vertex 144.77501435284051 8.526401643540922 0
    endloop
  endfacet
  facet normal -0.4886212414969571 0.872496007072796 0
    outer loop
      vertex 144.77501435284051 8.526401643540922 0
      vertex 144.77501435284051 8.526401643540922 8
      vertex 145.46009500260453 8.910065241883679 0
    endloop
  endfacet
  facet normal 0.7853169308807415 0.6190939493098383 0
    outer loop
      vertex 158.0901699437495 5.877852522924732 0
      vertex 157.60405965600032 6.494480483301837 0
      vertex 158.0901699437495 5.877852522924732 8
    endloop
  endfacet
  facet normal 0.7343225094356811 0.6788007455329468 0
    outer loop
      vertex 157.60405965600032 6.494480483301837 0
      vertex 157.07106781186548 7.0710678118654755 0
      vertex 157.60405965600032 6.494480483301837 8
    endloop
  endfacet
  facet normal 0.6788007455329362 0.7343225094356908 0
    outer loop
      vertex 157.07106781186548 7.0710678118654755 0
      vertex 156.49448048330183 7.6040596560003095 0
      vertex 156.49448048330183 7.6040596560003095 8
    endloop
  endfacet
  facet normal 0.6190939493098452 0.7853169308807362 0
    outer loop
      vertex 156.49448048330183 7.6040596560003095 0
      vertex 155.87785252292474 8.090169943749475 0
      vertex 155.87785252292474 8.090169943749475 8
    endloop
  endfacet
  facet normal 0.5555702330195942 0.8314696123025507 0
    outer loop
      vertex 155.87785252292474 8.090169943749475 0
      vertex 155.22498564715949 8.526401643540922 0
      vertex 155.22498564715949 8.526401643540922 8
    endloop
  endfacet
  facet normal 0.4886212414969571 0.872496007072796 0
    outer loop
      vertex 154.53990499739547 8.910065241883679 0
      vertex 154.53990499739547 8.910065241883679 8
      vertex 155.22498564715949 8.526401643540922 0
    endloop
  endfacet
  facet normal -0.41865973753742936 0.9081431738250806 0
    outer loop
      vertex 145.46009500260453 8.910065241883679 0
      vertex 145.46009500260453 8.910065241883679 8
      vertex 146.1731656763491 9.238795325112868 0
    endloop
  endfacet
  facet normal -0.3461170570774959 0.938191335922483 0
    outer loop
      vertex 146.1731656763491 9.238795325112868 0
      vertex 146.1731656763491 9.238795325112868 8
      vertex 146.9098300562505 9.510565162951535 0
    endloop
  endfacet
  facet normal -0.27144044986506666 0.9624552364536494 0
    outer loop
      vertex 146.9098300562505 9.510565162951535 0
      vertex 146.9098300562505 9.510565162951535 8
      vertex 147.66554636144096 9.723699203976766 0
    endloop
  endfacet
  facet normal -0.19509032201613574 0.9807852804032289 0
    outer loop
      vertex 147.66554636144096 9.723699203976766 0
      vertex 147.66554636144096 9.723699203976766 8
      vertex 148.43565534959768 9.876883405951379 0
    endloop
  endfacet
  facet normal -0.11753739745783408 0.9930684569549267 0
    outer loop
      vertex 148.43565534959768 9.876883405951379 0
      vertex 148.43565534959768 9.876883405951379 8
      vertex 149.21540904272155 9.969173337331279 0
    endloop
  endfacet
  facet normal 0.41865973753742936 0.9081431738250806 0
    outer loop
      vertex 154.53990499739547 8.910065241883679 0
      vertex 153.8268343236509 9.238795325112868 0
      vertex 153.8268343236509 9.238795325112868 8
    endloop
  endfacet
  facet normal 0.27144044986506666 0.9624552364536494 0
    outer loop
      vertex 153.0901699437495 9.510565162951535 0
      vertex 152.33445363855904 9.723699203976766 0
      vertex 152.33445363855904 9.723699203976766 8
    endloop
  endfacet
  facet normal 0.3461170570774959 0.938191335922483 0
    outer loop
      vertex 153.8268343236509 9.238795325112868 0
      vertex 153.0901699437495 9.510565162951535 0
      vertex 153.0901699437495 9.510565162951535 8
    endloop
  endfacet
  facet normal -0.039259815759069415 0.999229036240723 0
    outer loop
      vertex 149.21540904272155 9.969173337331279 0
      vertex 149.21540904272155 9.969173337331279 8
      vertex 150 10 0
    endloop
  endfacet
  facet normal 0.039259815759069415 0.999229036240723 0
    outer loop
      vertex 150 10 0
      vertex 150 10 8
      vertex 150.78459095727845 9.969173337331279 0
    endloop
  endfacet
  facet normal 0.19509032201613574 0.9807852804032289 0
    outer loop
      vertex 152.33445363855904 9.723699203976766 0
      vertex 151.56434465040232 9.876883405951379 0
      vertex 151.56434465040232 9.876883405951379 8
    endloop
  endfacet
  facet normal 0.11753739745783408 0.9930684569549267 0
    outer loop
      vertex 151.56434465040232 9.876883405951379 0
      vertex 150.78459095727845 9.969173337331279 0
      vertex 150.78459095727845 9.969173337331279 8
    endloop
  endfacet
  facet normal -0.9992290362407232 0.039259815759062844 0
    outer loop
      vertex 140 0 4
      vertex 140.03082666266872 0.7845909572784494 8
      vertex 140.03082666266872 0.7845909572784494 4
    endloop
  endfacet
  facet normal -0.9930684569549275 0.1175373974578283 0
    outer loop
      vertex 140.03082666266872 0.7845909572784494 4
      vertex 140.1231165940486 1.5643446504023086 8
      vertex 140.1231165940486 1.5643446504023086 4
    endloop
  endfacet
  facet normal -0.9807852804032271 0.19509032201614515 0
    outer loop
      vertex 140.1231165940486 1.5643446504023086 4
      vertex 140.27630079602324 2.334453638559054 8
      vertex 140.27630079602324 2.334453638559054 4
    endloop
  endfacet
  facet normal -0.9624552364536482 0.2714404498650713 0
    outer loop
      vertex 140.27630079602324 2.334453638559054 4
      vertex 140.48943483704846 3.090169943749474 8
      vertex 140.48943483704846 3.090169943749474 4
    endloop
  endfacet
  facet normal 0.9992290362407232 0.039259815759062844 0
    outer loop
      vertex 159.96917333733128 0.7845909572784494 0
      vertex 159.96917333733128 0.7845909572784494 8
      vertex 160 0 8
    endloop
  endfacet
  facet normal 0.9930684569549275 0.1175373974578283 0
    outer loop
      vertex 159.8768834059514 1.5643446504023086 0
      vertex 159.8768834059514 1.5643446504023086 8
      vertex 159.96917333733128 0.7845909572784494 8
    endloop
  endfacet
  facet normal 0.9807852804032271 0.19509032201614515 0
    outer loop
      vertex 159.72369920397676 2.334453638559054 0
      vertex 159.72369920397676 2.334453638559054 8
      vertex 159.8768834059514 1.5643446504023086 8
    endloop
  endfacet
  facet normal 0.9624552364536482 0.2714404498650713 0
    outer loop
      vertex 159.51056516295154 3.090169943749474 0
      vertex 159.51056516295154 3.090169943749474 8
      vertex 159.72369920397676 2.334453638559054 8
    endloop
  endfacet
  facet normal -0.9381913359224868 0.3461170570774853 0
    outer loop
      vertex 140.48943483704846 3.090169943749474 4
      vertex 140.76120467488713 3.826834323650898 8
      vertex 140.76120467488713 3.826834323650898 4
    endloop
  endfacet
  facet normal -0.9081431738250741 0.4186597375374434 0
    outer loop
      vertex 140.76120467488713 3.826834323650898 4
      vertex 141.08993475811633 4.5399049973954675 8
      vertex 141.08993475811633 4.5399049973954675 4
    endloop
  endfacet
  facet normal -0.8724960070727928 0.4886212414969625 0
    outer loop
      vertex 141.08993475811633 4.5399049973954675 4
      vertex 141.4735983564591 5.224985647159488 8
      vertex 141.4735983564591 5.224985647159488 4
    endloop
  endfacet
  facet normal -0.8314696123025618 0.5555702330195774 0
    outer loop
      vertex 141.4735983564591 5.224985647159488 4
      vertex 141.9098300562505 5.877852522924732 8
      vertex 141.9098300562505 5.877852522924732 4
    endloop
  endfacet
  facet normal 0.9381913359224868 0.3461170570774853 0
    outer loop
      vertex 159.23879532511287 3.826834323650898 0
      vertex 159.23879532511287 3.826834323650898 8
      vertex 159.51056516295154 3.090169943749474 8
    endloop
  endfacet
  facet normal 0.9081431738250741 0.4186597375374434 0
    outer loop
      vertex 158.91006524188367 4.5399049973954675 0
      vertex 158.91006524188367 4.5399049973954675 8
      vertex 159.23879532511287 3.826834323650898 8
    endloop
  endfacet
  facet normal 0.8724960070727928 0.4886212414969625 0
    outer loop
      vertex 158.5264016435409 5.224985647159488 0
      vertex 158.5264016435409 5.224985647159488 8
      vertex 158.91006524188367 4.5399049973954675 8
    endloop
  endfacet
  facet normal 0.8314696123025618 0.5555702330195774 0
    outer loop
      vertex 158.0901699437495 5.877852522924732 0
      vertex 158.0901699437495 5.877852522924732 8
      vertex 158.5264016435409 5.224985647159488 8
    endloop
  endfacet
  facet normal -0.9992290362407232 0.039259815759062844 0
    outer loop
      vertex 140 0 4
      vertex 140 0 8
      vertex 140.03082666266872 0.7845909572784494 8
    endloop
  endfacet
  facet normal -0.9930684569549275 0.1175373974578283 0
    outer loop
      vertex 140.03082666266872 0.7845909572784494 4
      vertex 140.03082666266872 0.7845909572784494 8
      vertex 140.1231165940486 1.5643446504023086 8
    endloop
  endfacet
  facet normal -0.9807852804032271 0.19509032201614515 0
    outer loop
      vertex 140.1231165940486 1.5643446504023086 4
      vertex 140.1231165940486 1.5643446504023086 8
      vertex 140.27630079602324 2.334453638559054 8
    endloop
  endfacet
  facet normal -0.9624552364536482 0.2714404498650713 0
    outer loop
      vertex 140.27630079602324 2.334453638559054 4
      vertex 140.27630079602324 2.334453638559054 8
      vertex 140.48943483704846 3.090169943749474 8
    endloop
  endfacet
  facet normal 0 0 1
    outer loop
      vertex 140.03082666266872 -0.7845909572784494 8
      vertex 140.03082666266872 0.7845909572784494 8
      vertex 140 0 8
    endloop
  endfacet
  facet normal 0 0 1
    outer loop
      vertex 140.1231165940486 -1.5643446504023086 8
      vertex 140.1231165940486 1.5643446504023086 8
      vertex 140.03082666266872 0.7845909572784494 8
    endloop
  endfacet
  facet normal 0 0 1
    outer loop
      vertex 140.27630079602324 -2.334453638559054 8
      vertex 140.27630079602324 2.334453638559054 8
      vertex 140.1231165940486 1.5643446504023086 8
    endloop
  endfacet
  facet normal 0 0 1
    outer loop
      vertex 140.48943483704846 -3.090169943749474 8
      vertex 140.48943483704846 3.090169943749474 8
      vertex 140.27630079602324 2.334453638559054 8
    endloop
  endfacet
  facet normal 0 0 1
    outer loop
      vertex 140.76120467488713 -3.826834323650898 8
      vertex 140.76120467488713 3.826834323650898 8
      vertex 140.48943483704846 3.090169943749474 8
    endloop
  endfacet
  facet normal 0 0 1
    outer loop
      vertex 141.08993475811633 -4.5399049973954675 8
      vertex 141.08993475811633 4.5399049973954675 8
      vertex 140.76120467488713 3.826834323650898 8
    endloop
  endfacet
  facet normal 0 0 1
    outer loop
      vertex 144.77501435284051 -8.526401643540922 8
      vertex 145 0 8
      vertex 144.77501435284051 8.526401643540922 8
    endloop
  endfacet
  facet normal 0 0 1
    outer loop
      vertex 141.4735983564591 -5.224985647159488 8
      vertex 141.4735983564591 5.224985647159488 8
      vertex 141.08993475811633 4.5399049973954675 8
    endloop
  endfacet
  facet normal 0 0 1
    outer loop
      vertex 141.9098300562505 -5.877852522924732 8
      vertex 141.9098300562505 5.877852522924732 8
      vertex 141.4735983564591 5.224985647159488 8
    endloop
  endfacet
  facet normal 0 0 1
    outer loop
      vertex 142.39594034399968 -6.494480483301837 8
      vertex 142.39594034399968 6.494480483301837 8
      vertex 141.9098300562505 5.877852522924732 8
    endloop
  endfacet
  facet normal 0 0 1
    outer loop
      vertex 142.92893218813452 -7.0710678118654755 8
      vertex 142.92893218813452 7.0710678118654755 8
      vertex 142.39594034399968 6.494480483301837 8
    endloop
  endfacet
  facet normal 0 0 1
    outer loop
      vertex 143.50551951669817 -7.6040596560003095 8
      vertex 143.50551951669817 7.6040596560003095 8
      vertex 142.92893218813452 7.0710678118654755 8
    endloop
  endfacet
  facet normal 0 0 1
    outer loop
      vertex 144.12214747707526 -8.090169943749475 8
      vertex 144.12214747707526 8.090169943749475 8
      vertex 143.50551951669817 7.6040596560003095 8
    endloop
  endfacet
  facet normal 0 0 1
    outer loop
      vertex 144.77501435284051 -8.526401643540922 8
      vertex 144.77501435284051 8.526401643540922 8
      vertex 144.12214747707526 8.090169943749475 8
    endloop
  endfacet
  facet normal 0 0 1
    outer loop
      vertex 144.77501435284051 8.526401643540922 8
      vertex 145 0 8
      vertex 145.01541333133437 0.3922954786392247 8
    endloop
  endfacet
  facet normal 0 0 1
    outer loop
      vertex 155.22498564715949 -8.526401643540922 8
      vertex 155.22498564715949 8.526401643540922 8
      vertex 155 0 8
    endloop
  endfacet
  facet normal 0 0 1
    outer loop
      vertex 159.96917333733128 -0.7845909572784494 8
      vertex 160 0 8
      vertex 159.96917333733128 0.7845909572784494 8
    endloop
  endfacet
  facet normal 0 0 1
    outer loop
      vertex 159.96917333733128 -0.7845909572784494 8
      vertex 159.96917333733128 0.7845909572784494 8
      vertex 159.8768834059514 1.5643446504023086 8
    endloop
  endfacet
  facet normal 0 0 1
    outer loop
      vertex 159.8768834059514 -1.5643446504023086 8
      vertex 159.8768834059514 1.5643446504023086 8
      vertex 159.72369920397676 2.334453638559054 8
    endloop
  endfacet
  facet normal 0 0 1
    outer loop
      vertex 159.72369920397676 -2.334453638559054 8
      vertex 159.72369920397676 2.334453638559054 8
      vertex 159.51056516295154 3.090169943749474 8
    endloop
  endfacet
  facet normal 0 0 1
    outer loop
      vertex 159.51056516295154 -3.090169943749474 8
      vertex 159.51056516295154 3.090169943749474 8
      vertex 159.23879532511287 3.826834323650898 8
    endloop
  endfacet
  facet normal 0 0 1
    outer loop
      vertex 159.23879532511287 -3.826834323650898 8
      vertex 159.23879532511287 3.826834323650898 8
      vertex 158.91006524188367 4.5399049973954675 8
    endloop
  endfacet
  facet normal 0 0 1
    outer loop
      vertex 158.91006524188367 -4.5399049973954675 8
      vertex 158.91006524188367 4.5399049973954675 8
      vertex 158.5264016435409 5.224985647159488 8
    endloop
  endfacet
  facet normal 0 0 1
    outer loop
      vertex 158.5264016435409 -5.224985647159488 8
      vertex 158.5264016435409 5.224985647159488 8
      vertex 158.0901699437495 5.877852522924732 8
    endloop
  endfacet
  facet normal 0 0 1
    outer loop
      vertex 158.0901699437495 -5.877852522924732 8
      vertex 158.0901699437495 5.877852522924732 8
      vertex 157.60405965600032 6.494480483301837 8
    endloop
  endfacet
  facet normal 0 0 1
    outer loop
      vertex 157.07106781186548 -7.0710678118654755 8
      vertex 157.07106781186548 7.0710678118654755 8
      vertex 156.49448048330183 7.6040596560003095 8
    endloop
  endfacet
  facet normal 0 0 1
    outer loop
      vertex 155.22498564715949 8.526401643540922 8
      vertex 154.98458666866563 0.3922954786392247 8
      vertex 155 0 8
    endloop
  endfacet
  facet normal 0 0 1
    outer loop
      vertex 155.87785252292474 -8.090169943749475 8
      vertex 155.87785252292474 8.090169943749475 8
      vertex 155.22498564715949 8.526401643540922 8
    endloop
  endfacet
  facet normal 0 0 1
    outer loop
      vertex 156.49448048330183 -7.6040596560003095 8
      vertex 156.49448048330183 7.6040596560003095 8
      vertex 155.87785252292474 8.090169943749475 8
    endloop
  endfacet
  facet normal 0 0 1
    outer loop
      vertex 157.60405965600032 -6.494480483301837 8
      vertex 157.60405965600032 6.494480483301837 8
      vertex 157.07106781186548 7.0710678118654755 8
    endloop
  endfacet
  facet normal -0.9381913359224868 0.3461170570774853 0
    outer loop
      vertex 140.48943483704846 3.090169943749474 4
      vertex 140.48943483704846 3.090169943749474 8
      vertex 140.76120467488713 3.826834323650898 8
    endloop
  endfacet
  facet normal -0.9081431738250741 0.4186597375374434 0
    outer loop
      vertex 140.76120467488713 3.826834323650898 4
      vertex 140.76120467488713 3.826834323650898 8
      vertex 141.08993475811633 4.5399049973954675 8
    endloop
  endfacet
  facet normal -0.8724960070727928 0.4886212414969625 0
    outer loop
      vertex 141.08993475811633 4.5399049973954675 4
      vertex 141.08993475811633 4.5399049973954675 8
      vertex 141.4735983564591 5.224985647159488 8
    endloop
  endfacet
  facet normal -0.8314696123025618 0.5555702330195774 0
    outer loop
      vertex 141.4735983564591 5.224985647159488 4
      vertex 141.4735983564591 5.224985647159488 8
      vertex 141.9098300562505 5.877852522924732 8
    endloop
  endfacet
  facet normal 0 0 1
    outer loop
      vertex 144.77501435284051 8.526401643540922 8
      vertex 145.01541333133437 0.3922954786392247 8
      vertex 145.0615582970243 0.7821723252011543 8
    endloop
  endfacet
  facet normal 0 0 1
    outer loop
      vertex 144.77501435284051 8.526401643540922 8
      vertex 145.0615582970243 0.7821723252011543 8
      vertex 145.13815039801162 1.167226819279527 8
    endloop
  endfacet
  facet normal 0 0 1
    outer loop
      vertex 144.77501435284051 8.526401643540922 8
      vertex 145.13815039801162 1.167226819279527 8
      vertex 145.24471741852423 1.545084971874737 8
    endloop
  endfacet
  facet normal 0 0 1
    outer loop
      vertex 144.77501435284051 8.526401643540922 8
      vertex 145.24471741852423 1.545084971874737 8
      vertex 145.38060233744358 1.913417161825449 8
    endloop
  endfacet
  facet normal 0 0 1
    outer loop
      vertex 144.77501435284051 8.526401643540922 8
      vertex 145.38060233744358 1.913417161825449 8
      vertex 145.54496737905816 2.2699524986977337 8
    endloop
  endfacet
  facet normal 0 0 1
    outer loop
      vertex 145.46009500260453 8.910065241883679 8
      vertex 145.54496737905816 2.2699524986977337 8
      vertex 145.73679917822955 2.612492823579744 8
    endloop
  endfacet
  facet normal 0 0 1
    outer loop
      vertex 145.46009500260453 8.910065241883679 8
      vertex 145.73679917822955 2.612492823579744 8
      vertex 145.95491502812527 2.938926261462366 8
    endloop
  endfacet
  facet normal 0 0 1
    outer loop
      vertex 145.46009500260453 8.910065241883679 8
      vertex 145.95491502812527 2.938926261462366 8
      vertex 146.19797017199986 3.2472402416509185 8
    endloop
  endfacet
  facet normal 0 0 1
    outer loop
      vertex 146.1731656763491 9.238795325112868 8
      vertex 146.19797017199986 3.2472402416509185 8
      vertex 146.46446609406726 3.5355339059327378 8
    endloop
  endfacet
  facet normal 0 0 1
    outer loop
      vertex 146.1731656763491 9.238795325112868 8
      vertex 146.46446609406726 3.5355339059327378 8
      vertex 146.75275975834907 3.8020298280001548 8
    endloop
  endfacet
  facet normal 0 0 1
    outer loop
      vertex 146.1731656763491 9.238795325112868 8
      vertex 146.75275975834907 3.8020298280001548 8
      vertex 147.06107373853763 4.045084971874737 8
    endloop
  endfacet
  facet normal 0 0 1
    outer loop
      vertex 146.9098300562505 9.510565162951535 8
      vertex 147.06107373853763 4.045084971874737 8
      vertex 147.38750717642026 4.263200821770461 8
    endloop
  endfacet
  facet normal 0 0 1
    outer loop
      vertex 154.53990499739547 8.910065241883679 8
      vertex 154.45503262094184 2.2699524986977337 8
      vertex 154.61939766255642 1.913417161825449 8
    endloop
  endfacet
  facet normal 0 0 1
    outer loop
      vertex 155.22498564715949 8.526401643540922 8
      vertex 154.9384417029757 0.7821723252011543 8
      vertex 154.98458666866563 0.3922954786392247 8
    endloop
  endfacet
  facet normal 0 0 1
    outer loop
      vertex 155.22498564715949 8.526401643540922 8
      vertex 154.86184960198838 1.167226819279527 8
      vertex 154.9384417029757 0.7821723252011543 8
    endloop
  endfacet
  facet normal 0 0 1
    outer loop
      vertex 154.53990499739547 8.910065241883679 8
      vertex 154.75528258147577 1.545084971874737 8
      vertex 154.86184960198838 1.167226819279527 8
    endloop
  endfacet
  facet normal 0 0 1
    outer loop
      vertex 154.53990499739547 8.910065241883679 8
      vertex 154.61939766255642 1.913417161825449 8
      vertex 154.75528258147577 1.545084971874737 8
    endloop
  endfacet
  facet normal 0 0 1
    outer loop
      vertex 154.53990499739547 8.910065241883679 8
      vertex 154.26320082177045 2.612492823579744 8
      vertex 154.45503262094184 2.2699524986977337 8
    endloop
  endfacet
  facet normal 0 0 1
    outer loop
      vertex 153.8268343236509 9.238795325112868 8
      vertex 154.04508497187473 2.938926261462366 8
      vertex 154.26320082177045 2.612492823579744 8
    endloop
  endfacet
  facet normal 0 0 1
    outer loop
      vertex 153.8268343236509 9.238795325112868 8
      vertex 153.80202982800014 3.2472402416509185 8
      vertex 154.04508497187473 2.938926261462366 8
    endloop
  endfacet
  facet normal 0 0 1
    outer loop
      vertex 153.8268343236509 9.238795325112868 8
      vertex 153.53553390593274 3.5355339059327378 8
      vertex 153.80202982800014 3.2472402416509185 8
    endloop
  endfacet
  facet normal 0 0 1
    outer loop
      vertex 153.0901699437495 9.510565162951535 8
      vertex 153.24724024165093 3.8020298280001548 8
      vertex 153.53553390593274 3.5355339059327378 8
    endloop
  endfacet
  facet normal 0 0 1
    outer loop
      vertex 153.0901699437495 9.510565162951535 8
      vertex 152.93892626146237 4.045084971874737 8
      vertex 153.24724024165093 3.8020298280001548 8
    endloop
  endfacet
  facet normal 0 0 1
    outer loop
      vertex 153.0901699437495 9.510565162951535 8
      vertex 152.61249282357974 4.263200821770461 8
      vertex 152.93892626146237 4.045084971874737 8
    endloop
  endfacet
  facet normal -0.7853169308807356 0.619093949309846 0
    outer loop
      vertex 142.39594034399968 6.494480483301837 0
      vertex 142.1885833437359 6.231449382407825 4
      vertex 142.39594034399968 6.494480483301837 8
    endloop
  endfacet
  facet normal -0.7853169308807461 0.6190939493098327 1.4177989031085737e-15
    outer loop
      vertex 141.9098300562505 5.877852522924732 4
      vertex 142.39594034399968 6.494480483301837 8
      vertex 142.1885833437359 6.231449382407825 4
    endloop
  endfacet
  facet normal -0.7343225094356811 0.6788007455329468 0
    outer loop
      vertex 142.39594034399968 6.494480483301837 0
      vertex 142.39594034399968 6.494480483301837 8
      vertex 142.92893218813452 7.0710678118654755 8
    endloop
  endfacet
  facet normal -0.6788007455329362 0.7343225094356908 0
    outer loop
      vertex 143.50551951669817 7.6040596560003095 0
      vertex 142.92893218813452 7.0710678118654755 8
      vertex 143.50551951669817 7.6040596560003095 8
    endloop
  endfacet
  facet normal -0.6190939493098452 0.7853169308807362 0
    outer loop
      vertex 144.12214747707526 8.090169943749475 0
      vertex 143.50551951669817 7.6040596560003095 8
      vertex 144.12214747707526 8.090169943749475 8
    endloop
  endfacet
  facet normal -0.5555702330195942 0.8314696123025507 0
    outer loop
      vertex 144.77501435284051 8.526401643540922 0
      vertex 144.12214747707526 8.090169943749475 8
      vertex 144.77501435284051 8.526401643540922 8
    endloop
  endfacet
  facet normal -0.4886212414969571 0.872496007072796 0
    outer loop
      vertex 145.46009500260453 8.910065241883679 0
      vertex 144.77501435284051 8.526401643540922 8
      vertex 145.46009500260453 8.910065241883679 8
    endloop
  endfacet
  facet normal 0.7853169308807415 0.6190939493098383 0
    outer loop
      vertex 157.60405965600032 6.494480483301837 0
      vertex 157.60405965600032 6.494480483301837 8
      vertex 158.0901699437495 5.877852522924732 8
    endloop
  endfacet
  facet normal 0.7343225094356811 0.6788007455329468 0
    outer loop
      vertex 157.07106781186548 7.0710678118654755 0
      vertex 157.07106781186548 7.0710678118654755 8
      vertex 157.60405965600032 6.494480483301837 8
    endloop
  endfacet
  facet normal 0.6788007455329362 0.7343225094356908 0
    outer loop
      vertex 157.07106781186548 7.0710678118654755 0
      vertex 156.49448048330183 7.6040596560003095 8
      vertex 157.07106781186548 7.0710678118654755 8
    endloop
  endfacet
  facet normal 0.6190939493098452 0.7853169308807362 0
    outer loop
      vertex 156.49448048330183 7.6040596560003095 0
      vertex 155.87785252292474 8.090169943749475 8
      vertex 156.49448048330183 7.6040596560003095 8
    endloop
  endfacet
  facet normal 0.5555702330195942 0.8314696123025507 0
    outer loop
      vertex 155.87785252292474 8.090169943749475 0
      vertex 155.22498564715949 8.526401643540922 8
      vertex 155.87785252292474 8.090169943749475 8
    endloop
  endfacet
  facet normal 0.4886212414969571 0.872496007072796 0
    outer loop
      vertex 155.22498564715949 8.526401643540922 0
      vertex 154.53990499739547 8.910065241883679 8
      vertex 155.22498564715949 8.526401643540922 8
    endloop
  endfacet
  facet normal -0.41865973753742936 0.9081431738250806 0
    outer loop
      vertex 146.1731656763491 9.238795325112868 0
      vertex 145.46009500260453 8.910065241883679 8
      vertex 146.1731656763491 9.238795325112868 8
    endloop
  endfacet
  facet normal -0.3461170570774959 0.938191335922483 0
    outer loop
      vertex 146.9098300562505 9.510565162951535 0
      vertex 146.1731656763491 9.238795325112868 8
      vertex 146.9098300562505 9.510565162951535 8
    endloop
  endfacet
  facet normal -0.27144044986506666 0.9624552364536494 0
    outer loop
      vertex 147.66554636144096 9.723699203976766 0
      vertex 146.9098300562505 9.510565162951535 8
      vertex 147.66554636144096 9.723699203976766 8
    endloop
  endfacet
  facet normal -0.19509032201613574 0.9807852804032289 0
    outer loop
      vertex 148.43565534959768 9.876883405951379 0
      vertex 147.66554636144096 9.723699203976766 8
      vertex 148.43565534959768 9.876883405951379 8
    endloop
  endfacet
  facet normal -0.11753739745783408 0.9930684569549267 0
    outer loop
      vertex 149.21540904272155 9.969173337331279 0
      vertex 148.43565534959768 9.876883405951379 8
      vertex 149.21540904272155 9.969173337331279 8
    endloop
  endfacet
  facet normal 0.41865973753742936 0.9081431738250806 0
    outer loop
      vertex 154.53990499739547 8.910065241883679 0
      vertex 153.8268343236509 9.238795325112868 8
      vertex 154.53990499739547 8.910065241883679 8
    endloop
  endfacet
  facet normal 0.3461170570774959 0.938191335922483 0
    outer loop
      vertex 153.8268343236509 9.238795325112868 0
      vertex 153.0901699437495 9.510565162951535 8
      vertex 153.8268343236509 9.238795325112868 8
    endloop
  endfacet
  facet normal 0.27144044986506666 0.9624552364536494 0
    outer loop
      vertex 153.0901699437495 9.510565162951535 0
      vertex 152.33445363855904 9.723699203976766 8
      vertex 153.0901699437495 9.510565162951535 8
    endloop
  endfacet
  facet normal -0.039259815759069415 0.999229036240723 0
    outer loop
      vertex 150 10 0
      vertex 149.21540904272155 9.969173337331279 8
      vertex 150 10 8
    endloop
  endfacet
  facet normal 0.039259815759069415 0.999229036240723 0
    outer loop
      vertex 150.78459095727845 9.969173337331279 0
      vertex 150 10 8
      vertex 150.78459095727845 9.969173337331279 8
    endloop
  endfacet
  facet normal 0.11753739745783408 0.9930684569549267 0
    outer loop
      vertex 151.56434465040232 9.876883405951379 0
      vertex 150.78459095727845 9.969173337331279 8
      vertex 151.56434465040232 9.876883405951379 8
    endloop
  endfacet
  facet normal 0.19509032201613574 0.9807852804032289 0
    outer loop
      vertex 152.33445363855904 9.723699203976766 0
      vertex 151.56434465040232 9.876883405951379 8
      vertex 152.33445363855904 9.723699203976766 8
    endloop
  endfacet
  facet normal -0.7853169308807415 0.6190939493098383 0
    outer loop
      vertex 141.9098300562505 5.877852522924732 4
      vertex 141.9098300562505 5.877852522924732 8
      vertex 142.39594034399968 6.494480483301837 8
    endloop
  endfacet
  facet normal 0 0 1
    outer loop
      vertex 144.77501435284051 8.526401643540922 8
      vertex 145.54496737905816 2.2699524986977337 8
      vertex 145.46009500260453 8.910065241883679 8
    endloop
  endfacet
  facet normal 0 0 1
    outer loop
      vertex 146.9098300562505 9.510565162951535 8
      vertex 147.38750717642026 4.263200821770461 8
      vertex 147.73004750130227 4.455032620941839 8
    endloop
  endfacet
  facet normal 0 0 1
    outer loop
      vertex 147.66554636144096 9.723699203976766 8
      vertex 147.73004750130227 4.455032620941839 8
      vertex 148.08658283817456 4.619397662556434 8
    endloop
  endfacet
  facet normal 0 0 1
    outer loop
      vertex 147.66554636144096 9.723699203976766 8
      vertex 148.08658283817456 4.619397662556434 8
      vertex 148.45491502812527 4.755282581475767 8
    endloop
  endfacet
  facet normal 0 0 1
    outer loop
      vertex 148.43565534959768 9.876883405951379 8
      vertex 148.45491502812527 4.755282581475767 8
      vertex 148.83277318072047 4.861849601988383 8
    endloop
  endfacet
  facet normal 0 0 1
    outer loop
      vertex 148.43565534959768 9.876883405951379 8
      vertex 148.83277318072047 4.861849601988383 8
      vertex 149.21782767479885 4.938441702975689 8
    endloop
  endfacet
  facet normal 0 0 1
    outer loop
      vertex 145.46009500260453 8.910065241883679 8
      vertex 146.19797017199986 3.2472402416509185 8
      vertex 146.1731656763491 9.238795325112868 8
    endloop
  endfacet
  facet normal 0 0 1
    outer loop
      vertex 146.1731656763491 9.238795325112868 8
      vertex 147.06107373853763 4.045084971874737 8
      vertex 146.9098300562505 9.510565162951535 8
    endloop
  endfacet
  facet normal 0 0 1
    outer loop
      vertex 146.9098300562505 9.510565162951535 8
      vertex 147.73004750130227 4.455032620941839 8
      vertex 147.66554636144096 9.723699203976766 8
    endloop
  endfacet
  facet normal 0 0 1
    outer loop
      vertex 147.66554636144096 9.723699203976766 8
      vertex 148.45491502812527 4.755282581475767 8
      vertex 148.43565534959768 9.876883405951379 8
    endloop
  endfacet
  facet normal 0 0 1
    outer loop
      vertex 148.43565534959768 9.876883405951379 8
      vertex 149.21782767479885 4.938441702975689 8
      vertex 149.21540904272155 9.969173337331279 8
    endloop
  endfacet
  facet normal 0 0 1
    outer loop
      vertex 149.21540904272155 9.969173337331279 8
      vertex 149.21782767479885 4.938441702975689 8
      vertex 149.60770452136077 4.9845866686656395 8
    endloop
  endfacet
  facet normal 0 0 1
    outer loop
      vertex 150 10 8
      vertex 149.60770452136077 4.9845866686656395 8
      vertex 150 5 8
    endloop
  endfacet
  facet normal 0 0 1
    outer loop
      vertex 150 10 8
      vertex 150 5 8
      vertex 150.39229547863923 4.9845866686656395 8
    endloop
  endfacet
  facet normal 0 0 1
    outer loop
      vertex 151.56434465040232 9.876883405951379 8
      vertex 151.54508497187473 4.755282581475767 8
      vertex 151.91341716182544 4.619397662556434 8
    endloop
  endfacet
  facet normal 0 0 1
    outer loop
      vertex 151.56434465040232 9.876883405951379 8
      vertex 151.16722681927953 4.861849601988383 8
      vertex 151.54508497187473 4.755282581475767 8
    endloop
  endfacet
  facet normal 0 0 1
    outer loop
      vertex 150.78459095727845 9.969173337331279 8
      vertex 150.78217232520115 4.938441702975689 8
      vertex 151.16722681927953 4.861849601988383 8
    endloop
  endfacet
  facet normal 0 0 1
    outer loop
      vertex 150.78459095727845 9.969173337331279 8
      vertex 150.39229547863923 4.9845866686656395 8
      vertex 150.78217232520115 4.938441702975689 8
    endloop
  endfacet
  facet normal 0 0 1
    outer loop
      vertex 152.33445363855904 9.723699203976766 8
      vertex 152.26995249869773 4.455032620941839 8
      vertex 152.61249282357974 4.263200821770461 8
    endloop
  endfacet
  facet normal 0 0 1
    outer loop
      vertex 152.33445363855904 9.723699203976766 8
      vertex 151.91341716182544 4.619397662556434 8
      vertex 152.26995249869773 4.455032620941839 8
    endloop
  endfacet
  facet normal 0 0 1
    outer loop
      vertex 154.53990499739547 8.910065241883679 8
      vertex 153.8268343236509 9.238795325112868 8
      vertex 154.26320082177045 2.612492823579744 8
    endloop
  endfacet
  facet normal 0 0 1
    outer loop
      vertex 153.8268343236509 9.238795325112868 8
      vertex 153.0901699437495 9.510565162951535 8
      vertex 153.53553390593274 3.5355339059327378 8
    endloop
  endfacet
  facet normal 0 0 1
    outer loop
      vertex 154.53990499739547 8.910065241883679 8
      vertex 154.86184960198838 1.167226819279527 8
      vertex 155.22498564715949 8.526401643540922 8
    endloop
  endfacet
  facet normal 0 0 1
    outer loop
      vertex 151.56434465040232 9.876883405951379 8
      vertex 150.78459095727845 9.969173337331279 8
      vertex 151.16722681927953 4.861849601988383 8
    endloop
  endfacet
  facet normal 0 0 1
    outer loop
      vertex 152.33445363855904 9.723699203976766 8
      vertex 151.56434465040232 9.876883405951379 8
      vertex 151.91341716182544 4.619397662556434 8
    endloop
  endfacet
  facet normal 0 0 1
    outer loop
      vertex 153.0901699437495 9.510565162951535 8
      vertex 152.33445363855904 9.723699203976766 8
      vertex 152.61249282357974 4.263200821770461 8
    endloop
  endfacet
  facet normal 0 0 1
    outer loop
      vertex 149.21540904272155 9.969173337331279 8
      vertex 149.60770452136077 4.9845866686656395 8
      vertex 150 10 8
    endloop
  endfacet
  facet normal 0 0 1
    outer loop
      vertex 150 10 8
      vertex 150.39229547863923 4.9845866686656395 8
      vertex 150.78459095727845 9.969173337331279 8
    endloop
  endfacet
  facet normal 0.19509032201612192 0.9807852804032318 0
    outer loop
      vertex 149.21782767479885 -4.938441702975689 5
      vertex 148.83277318072047 -4.861849601988383 5
      vertex 148.83277318072047 -4.861849601988383 8
    endloop
  endfacet
  facet normal 0.41865973753741564 0.9081431738250871 0
    outer loop
      vertex 148.08658283817456 -4.619397662556434 5
      vertex 147.73004750130227 -4.455032620941839 5
      vertex 147.73004750130227 -4.455032620941839 8
    endloop
  endfacet
  facet normal 0.2714404498650856 0.9624552364536441 0
    outer loop
      vertex 148.83277318072047 -4.861849601988383 5
      vertex 148.45491502812527 -4.755282581475767 5
      vertex 148.45491502812527 -4.755282581475767 8
    endloop
  endfacet
  facet normal 0.34611705707749585 0.9381913359224829 0
    outer loop
      vertex 148.08658283817456 -4.619397662556434 5
      vertex 148.08658283817456 -4.619397662556434 8
      vertex 148.45491502812527 -4.755282581475767 5
    endloop
  endfacet
  facet normal 0.4886212414969571 0.872496007072796 0
    outer loop
      vertex 147.73004750130227 -4.455032620941839 5
      vertex 147.38750717642026 -4.263200821770461 5
      vertex 147.38750717642026 -4.263200821770461 8
    endloop
  endfacet
  facet normal 0.5555702330195942 0.8314696123025507 0
    outer loop
      vertex 147.38750717642026 -4.263200821770461 5
      vertex 147.06107373853763 -4.045084971874737 5
      vertex 147.06107373853763 -4.045084971874737 8
    endloop
  endfacet
  facet normal 0.6190939493098275 0.78531693088075 0
    outer loop
      vertex 147.06107373853763 -4.045084971874737 5
      vertex 146.75275975834907 -3.8020298280001548 5
      vertex 146.75275975834907 -3.8020298280001548 8
    endloop
  endfacet
  facet normal 0.6788007455329542 0.734322509435674 0
    outer loop
      vertex 146.75275975834907 -3.8020298280001548 5
      vertex 146.46446609406726 -3.5355339059327378 5
      vertex 146.46446609406726 -3.5355339059327378 8
    endloop
  endfacet
  facet normal 0.734322509435699 0.6788007455329271 0
    outer loop
      vertex 146.46446609406726 -3.5355339059327378 5
      vertex 146.19797017199986 -3.2472402416509185 5
      vertex 146.19797017199986 -3.2472402416509185 8
    endloop
  endfacet
  facet normal 0.7853169308807415 0.6190939493098383 0
    outer loop
      vertex 146.19797017199986 -3.2472402416509185 5
      vertex 145.95491502812527 -2.938926261462366 5
      vertex 145.95491502812527 -2.938926261462366 8
    endloop
  endfacet
  facet normal 0.03925981575906941 0.9992290362407229 0
    outer loop
      vertex 149.60770452136077 -4.9845866686656395 5
      vertex 149.60770452136077 -4.9845866686656395 8
      vertex 150 -5 5
    endloop
  endfacet
  facet normal 0.1175373974578383 0.9930684569549262 0
    outer loop
      vertex 149.21782767479885 -4.938441702975689 5
      vertex 149.21782767479885 -4.938441702975689 8
      vertex 149.60770452136077 -4.9845866686656395 5
    endloop
  endfacet
  facet normal -0.03925981575906941 0.9992290362407229 0
    outer loop
      vertex 150 -5 5
      vertex 150 -5 8
      vertex 150.39229547863923 -4.9845866686656395 5
    endloop
  endfacet
  facet normal -0.1175373974578383 0.9930684569549262 0
    outer loop
      vertex 150.39229547863923 -4.9845866686656395 5
      vertex 150.39229547863923 -4.9845866686656395 8
      vertex 150.78217232520115 -4.938441702975689 5
    endloop
  endfacet
  facet normal -0.19509032201612192 0.9807852804032318 0
    outer loop
      vertex 150.78217232520115 -4.938441702975689 5
      vertex 150.78217232520115 -4.938441702975689 8
      vertex 151.16722681927953 -4.861849601988383 5
    endloop
  endfacet
  facet normal -0.2714404498650856 0.9624552364536441 0
    outer loop
      vertex 151.16722681927953 -4.861849601988383 5
      vertex 151.16722681927953 -4.861849601988383 8
      vertex 151.54508497187473 -4.755282581475767 5
    endloop
  endfacet
  facet normal -0.34611705707749585 0.9381913359224829 0
    outer loop
      vertex 151.54508497187473 -4.755282581475767 5
      vertex 151.54508497187473 -4.755282581475767 8
      vertex 151.91341716182544 -4.619397662556434 5
    endloop
  endfacet
  facet normal -0.41865973753741564 0.9081431738250871 0
    outer loop
      vertex 151.91341716182544 -4.619397662556434 5
      vertex 151.91341716182544 -4.619397662556434 8
      vertex 152.26995249869773 -4.455032620941839 5
    endloop
  endfacet
  facet normal -0.4886212414969571 0.872496007072796 0
    outer loop
      vertex 152.26995249869773 -4.455032620941839 5
      vertex 152.26995249869773 -4.455032620941839 8
      vertex 152.61249282357974 -4.263200821770461 5
    endloop
  endfacet
  facet normal -0.5555702330195942 0.8314696123025507 0
    outer loop
      vertex 152.61249282357974 -4.263200821770461 5
      vertex 152.61249282357974 -4.263200821770461 8
      vertex 152.93892626146237 -4.045084971874737 5
    endloop
  endfacet
  facet normal -0.6190939493098275 0.78531693088075 0
    outer loop
      vertex 152.93892626146237 -4.045084971874737 5
      vertex 152.93892626146237 -4.045084971874737 8
      vertex 153.24724024165093 -3.8020298280001548 5
    endloop
  endfacet
  facet normal -0.6788007455329542 0.734322509435674 0
    outer loop
      vertex 153.24724024165093 -3.8020298280001548 5
      vertex 153.24724024165093 -3.8020298280001548 8
      vertex 153.53553390593274 -3.5355339059327378 5
    endloop
  endfacet
  facet normal -0.734322509435699 0.6788007455329271 0
    outer loop
      vertex 153.53553390593274 -3.5355339059327378 5
      vertex 153.53553390593274 -3.5355339059327378 8
      vertex 153.80202982800014 -3.2472402416509185 5
    endloop
  endfacet
  facet normal -0.7853169308807415 0.6190939493098383 0
    outer loop
      vertex 153.80202982800014 -3.2472402416509185 5
      vertex 153.80202982800014 -3.2472402416509185 8
      vertex 154.04508497187473 -2.938926261462366 5
    endloop
  endfacet
  facet normal 0.19509032201612192 0.9807852804032318 0
    outer loop
      vertex 149.21782767479885 -4.938441702975689 5
      vertex 148.83277318072047 -4.861849601988383 8
      vertex 149.21782767479885 -4.938441702975689 8
    endloop
  endfacet
  facet normal 0.34611705707749585 0.9381913359224829 0
    outer loop
      vertex 148.45491502812527 -4.755282581475767 5
      vertex 148.08658283817456 -4.619397662556434 8
      vertex 148.45491502812527 -4.755282581475767 8
    endloop
  endfacet
  facet normal 0.2714404498650856 0.9624552364536441 0
    outer loop
      vertex 148.83277318072047 -4.861849601988383 5
      vertex 148.45491502812527 -4.755282581475767 8
      vertex 148.83277318072047 -4.861849601988383 8
    endloop
  endfacet
  facet normal 0.41865973753741564 0.9081431738250871 0
    outer loop
      vertex 148.08658283817456 -4.619397662556434 5
      vertex 147.73004750130227 -4.455032620941839 8
      vertex 148.08658283817456 -4.619397662556434 8
    endloop
  endfacet
  facet normal 0.4886212414969571 0.872496007072796 0
    outer loop
      vertex 147.73004750130227 -4.455032620941839 5
      vertex 147.38750717642026 -4.263200821770461 8
      vertex 147.73004750130227 -4.455032620941839 8
    endloop
  endfacet
  facet normal 0.5555702330195942 0.8314696123025507 0
    outer loop
      vertex 147.38750717642026 -4.263200821770461 5
      vertex 147.06107373853763 -4.045084971874737 8
      vertex 147.38750717642026 -4.263200821770461 8
    endloop
  endfacet
  facet normal 0.6190939493098275 0.78531693088075 0
    outer loop
      vertex 147.06107373853763 -4.045084971874737 5
      vertex 146.75275975834907 -3.8020298280001548 8
      vertex 147.06107373853763 -4.045084971874737 8
    endloop
  endfacet
  facet normal 0.734322509435699 0.6788007455329271 0
    outer loop
      vertex 146.46446609406726 -3.5355339059327378 5
      vertex 146.19797017199986 -3.2472402416509185 8
      vertex 146.46446609406726 -3.5355339059327378 8
    endloop
  endfacet
  facet normal 0.7853169308807415 0.6190939493098383 0
    outer loop
      vertex 146.19797017199986 -3.2472402416509185 5
      vertex 145.95491502812527 -2.938926261462366 8
      vertex 146.19797017199986 -3.2472402416509185 8
    endloop
  endfacet
  facet normal 0.6788007455329542 0.734322509435674 0
    outer loop
      vertex 146.75275975834907 -3.8020298280001548 5
      vertex 146.46446609406726 -3.5355339059327378 8
      vertex 146.75275975834907 -3.8020298280001548 8
    endloop
  endfacet
  facet normal 0.1175373974578383 0.9930684569549262 0
    outer loop
      vertex 149.60770452136077 -4.9845866686656395 5
      vertex 149.21782767479885 -4.938441702975689 8
      vertex 149.60770452136077 -4.9845866686656395 8
    endloop
  endfacet
  facet normal 0.03925981575906941 0.9992290362407229 0
    outer loop
      vertex 150 -5 5
      vertex 149.60770452136077 -4.9845866686656395 8
      vertex 150 -5 8
    endloop
  endfacet
  facet normal -0.03925981575906941 0.9992290362407229 0
    outer loop
      vertex 150.39229547863923 -4.9845866686656395 5
      vertex 150 -5 8
      vertex 150.39229547863923 -4.9845866686656395 8
    endloop
  endfacet
  facet normal -0.1175373974578383 0.9930684569549262 0
    outer loop
      vertex 150.78217232520115 -4.938441702975689 5
      vertex 150.39229547863923 -4.9845866686656395 8
      vertex 150.78217232520115 -4.938441702975689 8
    endloop
  endfacet
  facet normal -0.19509032201612192 0.9807852804032318 0
    outer loop
      vertex 151.16722681927953 -4.861849601988383 5
      vertex 150.78217232520115 -4.938441702975689 8
      vertex 151.16722681927953 -4.861849601988383 8
    endloop
  endfacet
  facet normal -0.2714404498650856 0.9624552364536441 0
    outer loop
      vertex 151.54508497187473 -4.755282581475767 5
      vertex 151.16722681927953 -4.861849601988383 8
      vertex 151.54508497187473 -4.755282581475767 8
    endloop
  endfacet
  facet normal -0.34611705707749585 0.9381913359224829 0
    outer loop
      vertex 151.91341716182544 -4.619397662556434 5
      vertex 151.54508497187473 -4.755282581475767 8
      vertex 151.91341716182544 -4.619397662556434 8
    endloop
  endfacet
  facet normal -0.41865973753741564 0.9081431738250871 0
    outer loop
      vertex 152.26995249869773 -4.455032620941839 5
      vertex 151.91341716182544 -4.619397662556434 8
      vertex 152.26995249869773 -4.455032620941839 8
    endloop
  endfacet
  facet normal -0.4886212414969571 0.872496007072796 0
    outer loop
      vertex 152.61249282357974 -4.263200821770461 5
      vertex 152.26995249869773 -4.455032620941839 8
      vertex 152.61249282357974 -4.263200821770461 8
    endloop
  endfacet
  facet normal -0.5555702330195942 0.8314696123025507 0
    outer loop
      vertex 152.93892626146237 -4.045084971874737 5
      vertex 152.61249282357974 -4.263200821770461 8
      vertex 152.93892626146237 -4.045084971874737 8
    endloop
  endfacet
  facet normal -0.6190939493098275 0.78531693088075 0
    outer loop
      vertex 153.24724024165093 -3.8020298280001548 5
      vertex 152.93892626146237 -4.045084971874737 8
      vertex 153.24724024165093 -3.8020298280001548 8
    endloop
  endfacet
  facet normal -0.6788007455329542 0.734322509435674 0
    outer loop
      vertex 153.53553390593274 -3.5355339059327378 5
      vertex 153.24724024165093 -3.8020298280001548 8
      vertex 153.53553390593274 -3.5355339059327378 8
    endloop
  endfacet
  facet normal -0.734322509435699 0.6788007455329271 0
    outer loop
      vertex 153.80202982800014 -3.2472402416509185 5
      vertex 153.53553390593274 -3.5355339059327378 8
      vertex 153.80202982800014 -3.2472402416509185 8
    endloop
  endfacet
  facet normal -0.7853169308807415 0.6190939493098383 0
    outer loop
      vertex 154.04508497187473 -2.938926261462366 5
      vertex 153.80202982800014 -3.2472402416509185 8
      vertex 154.04508497187473 -2.938926261462366 8
    endloop
  endfacet
  facet normal 0.8314696123025451 0.5555702330196025 0
    outer loop
      vertex 145.73679917822955 -2.612492823579744 5
      vertex 145.73679917822955 -2.612492823579744 8
      vertex 145.95491502812527 -2.938926261462366 5
    endloop
  endfacet
  facet normal 0.8724960070727927 0.48862124149696246 0
    outer loop
      vertex 145.73679917822955 -2.612492823579744 5
      vertex 145.54496737905816 -2.2699524986977337 5
      vertex 145.54496737905816 -2.2699524986977337 8
    endloop
  endfacet
  facet normal 0.9081431738250879 0.4186597375374136 0
    outer loop
      vertex 145.54496737905816 -2.2699524986977337 5
      vertex 145.38060233744358 -1.913417161825449 5
      vertex 145.38060233744358 -1.913417161825449 8
    endloop
  endfacet
  facet normal 0.9381913359224752 0.34611705707751717 0
    outer loop
      vertex 145.38060233744358 -1.913417161825449 5
      vertex 145.24471741852423 -1.545084971874737 5
      vertex 145.24471741852423 -1.545084971874737 8
    endloop
  endfacet
  facet normal 0.962455236453648 0.2714404498650713 0
    outer loop
      vertex 145.24471741852423 -1.545084971874737 5
      vertex 145.13815039801162 -1.167226819279527 5
      vertex 145.13815039801162 -1.167226819279527 8
    endloop
  endfacet
  facet normal 0.9807852804032271 0.19509032201614515 0
    outer loop
      vertex 145.13815039801162 -1.167226819279527 5
      vertex 145.0615582970243 -0.7821723252011543 5
      vertex 145.0615582970243 -0.7821723252011543 8
    endloop
  endfacet
  facet normal 0.9930684569549316 0.1175373974577926 0
    outer loop
      vertex 145.0615582970243 -0.7821723252011543 5
      vertex 145.01541333133437 -0.3922954786392247 5
      vertex 145.01541333133437 -0.3922954786392247 8
    endloop
  endfacet
  facet normal 0.9992290362407218 0.03925981575909898 0
    outer loop
      vertex 145.01541333133437 -0.3922954786392247 5
      vertex 145 0 5
      vertex 145 0 8
    endloop
  endfacet
  facet normal -0.8314696123025451 0.5555702330196025 0
    outer loop
      vertex 154.04508497187473 -2.938926261462366 5
      vertex 154.04508497187473 -2.938926261462366 8
      vertex 154.26320082177045 -2.612492823579744 5
    endloop
  endfacet
  facet normal -0.8724960070727927 0.48862124149696246 0
    outer loop
      vertex 154.26320082177045 -2.612492823579744 5
      vertex 154.26320082177045 -2.612492823579744 8
      vertex 154.45503262094184 -2.2699524986977337 5
    endloop
  endfacet
  facet normal -0.9081431738250879 0.4186597375374136 0
    outer loop
      vertex 154.45503262094184 -2.2699524986977337 5
      vertex 154.45503262094184 -2.2699524986977337 8
      vertex 154.61939766255642 -1.913417161825449 5
    endloop
  endfacet
  facet normal -0.9381913359224752 0.34611705707751717 0
    outer loop
      vertex 154.61939766255642 -1.913417161825449 5
      vertex 154.61939766255642 -1.913417161825449 8
      vertex 154.75528258147577 -1.545084971874737 5
    endloop
  endfacet
  facet normal -0.962455236453648 0.2714404498650713 0
    outer loop
      vertex 154.75528258147577 -1.545084971874737 5
      vertex 154.75528258147577 -1.545084971874737 8
      vertex 154.86184960198838 -1.167226819279527 5
    endloop
  endfacet
  facet normal -0.9807852804032271 0.19509032201614515 0
    outer loop
      vertex 154.86184960198838 -1.167226819279527 5
      vertex 154.86184960198838 -1.167226819279527 8
      vertex 154.9384417029757 -0.7821723252011543 5
    endloop
  endfacet
  facet normal -0.9930684569549316 0.1175373974577926 0
    outer loop
      vertex 154.9384417029757 -0.7821723252011543 5
      vertex 154.9384417029757 -0.7821723252011543 8
      vertex 154.98458666866563 -0.3922954786392247 5
    endloop
  endfacet
  facet normal -0.9992290362407218 0.03925981575909898 0
    outer loop
      vertex 154.98458666866563 -0.3922954786392247 5
      vertex 154.98458666866563 -0.3922954786392247 8
      vertex 155 0 5
    endloop
  endfacet
  facet normal 0.8314696123025451 0.5555702330196025 0
    outer loop
      vertex 145.95491502812527 -2.938926261462366 5
      vertex 145.73679917822955 -2.612492823579744 8
      vertex 145.95491502812527 -2.938926261462366 8
    endloop
  endfacet
  facet normal 0.8724960070727927 0.48862124149696246 0
    outer loop
      vertex 145.73679917822955 -2.612492823579744 5
      vertex 145.54496737905816 -2.2699524986977337 8
      vertex 145.73679917822955 -2.612492823579744 8
    endloop
  endfacet
  facet normal 0.9081431738250879 0.4186597375374136 0
    outer loop
      vertex 145.54496737905816 -2.2699524986977337 5
      vertex 145.38060233744358 -1.913417161825449 8
      vertex 145.54496737905816 -2.2699524986977337 8
    endloop
  endfacet
  facet normal 0.9381913359224752 0.34611705707751717 0
    outer loop
      vertex 145.38060233744358 -1.913417161825449 5
      vertex 145.24471741852423 -1.545084971874737 8
      vertex 145.38060233744358 -1.913417161825449 8
    endloop
  endfacet
  facet normal 0.962455236453648 0.2714404498650713 0
    outer loop
      vertex 145.24471741852423 -1.545084971874737 5
      vertex 145.13815039801162 -1.167226819279527 8
      vertex 145.24471741852423 -1.545084971874737 8
    endloop
  endfacet
  facet normal 0.9807852804032271 0.19509032201614515 0
    outer loop
      vertex 145.13815039801162 -1.167226819279527 5
      vertex 145.0615582970243 -0.7821723252011543 8
      vertex 145.13815039801162 -1.167226819279527 8
    endloop
  endfacet
  facet normal 0.9930684569549316 0.1175373974577926 0
    outer loop
      vertex 145.0615582970243 -0.7821723252011543 5
      vertex 145.01541333133437 -0.3922954786392247 8
      vertex 145.0615582970243 -0.7821723252011543 8
    endloop
  endfacet
  facet normal 0.9992290362407218 0.03925981575909898 0
    outer loop
      vertex 145.01541333133437 -0.3922954786392247 5
      vertex 145 0 8
      vertex 145.01541333133437 -0.3922954786392247 8
    endloop
  endfacet
  facet normal -0.8314696123025451 0.5555702330196025 0
    outer loop
      vertex 154.26320082177045 -2.612492823579744 5
      vertex 154.04508497187473 -2.938926261462366 8
      vertex 154.26320082177045 -2.612492823579744 8
    endloop
  endfacet
  facet normal -0.8724960070727927 0.48862124149696246 0
    outer loop
      vertex 154.45503262094184 -2.2699524986977337 5
      vertex 154.26320082177045 -2.612492823579744 8
      vertex 154.45503262094184 -2.2699524986977337 8
    endloop
  endfacet
  facet normal -0.9081431738250879 0.4186597375374136 0
    outer loop
      vertex 154.61939766255642 -1.913417161825449 5
      vertex 154.45503262094184 -2.2699524986977337 8
      vertex 154.61939766255642 -1.913417161825449 8
    endloop
  endfacet
  facet normal -0.9381913359224752 0.34611705707751717 0
    outer loop
      vertex 154.75528258147577 -1.545084971874737 5
      vertex 154.61939766255642 -1.913417161825449 8
      vertex 154.75528258147577 -1.545084971874737 8
    endloop
  endfacet
  facet normal -0.962455236453648 0.2714404498650713 0
    outer loop
      vertex 154.86184960198838 -1.167226819279527 5
      vertex 154.75528258147577 -1.545084971874737 8
      vertex 154.86184960198838 -1.167226819279527 8
    endloop
  endfacet
  facet normal -0.9807852804032271 0.19509032201614515 0
    outer loop
      vertex 154.9384417029757 -0.7821723252011543 5
      vertex 154.86184960198838 -1.167226819279527 8
      vertex 154.9384417029757 -0.7821723252011543 8
    endloop
  endfacet
  facet normal -0.9930684569549316 0.1175373974577926 0
    outer loop
      vertex 154.98458666866563 -0.3922954786392247 5
      vertex 154.9384417029757 -0.7821723252011543 8
      vertex 154.98458666866563 -0.3922954786392247 8
    endloop
  endfacet
  facet normal -0.9992290362407218 0.03925981575909898 0
    outer loop
      vertex 155 0 5
      vertex 154.98458666866563 -0.3922954786392247 8
      vertex 155 0 8
    endloop
  endfacet
  facet normal 0.9992290362407218 -0.03925981575909898 0
    outer loop
      vertex 145 0 5
      vertex 145.01541333133437 0.3922954786392247 5
      vertex 145.01541333133437 0.3922954786392247 8
    endloop
  endfacet
  facet normal 0.9930684569549316 -0.1175373974577926 0
    outer loop
      vertex 145.01541333133437 0.3922954786392247 5
      vertex 145.0615582970243 0.7821723252011543 5
      vertex 145.0615582970243 0.7821723252011543 8
    endloop
  endfacet
  facet normal 0.9807852804032271 -0.19509032201614515 0
    outer loop
      vertex 145.0615582970243 0.7821723252011543 5
      vertex 145.13815039801162 1.167226819279527 5
      vertex 145.13815039801162 1.167226819279527 8
    endloop
  endfacet
  facet normal 0.962455236453648 -0.2714404498650713 0
    outer loop
      vertex 145.13815039801162 1.167226819279527 5
      vertex 145.24471741852423 1.545084971874737 5
      vertex 145.24471741852423 1.545084971874737 8
    endloop
  endfacet
  facet normal 0.9381913359224752 -0.34611705707751717 0
    outer loop
      vertex 145.24471741852423 1.545084971874737 5
      vertex 145.38060233744358 1.913417161825449 5
      vertex 145.38060233744358 1.913417161825449 8
    endloop
  endfacet
  facet normal 0.9081431738250879 -0.4186597375374136 0
    outer loop
      vertex 145.38060233744358 1.913417161825449 5
      vertex 145.54496737905816 2.2699524986977337 5
      vertex 145.54496737905816 2.2699524986977337 8
    endloop
  endfacet
  facet normal 0.8724960070727927 -0.48862124149696246 0
    outer loop
      vertex 145.54496737905816 2.2699524986977337 5
      vertex 145.73679917822955 2.612492823579744 5
      vertex 145.73679917822955 2.612492823579744 8
    endloop
  endfacet
  facet normal 0.8314696123025451 -0.5555702330196025 0
    outer loop
      vertex 145.73679917822955 2.612492823579744 5
      vertex 145.95491502812527 2.938926261462366 5
      vertex 145.95491502812527 2.938926261462366 8
    endloop
  endfacet
  facet normal -0.9992290362407218 -0.03925981575909898 0
    outer loop
      vertex 155 0 5
      vertex 155 0 8
      vertex 154.98458666866563 0.3922954786392247 5
    endloop
  endfacet
  facet normal -0.9930684569549316 -0.1175373974577926 0
    outer loop
      vertex 154.98458666866563 0.3922954786392247 5
      vertex 154.98458666866563 0.3922954786392247 8
      vertex 154.9384417029757 0.7821723252011543 5
    endloop
  endfacet
  facet normal -0.9807852804032271 -0.19509032201614515 0
    outer loop
      vertex 154.9384417029757 0.7821723252011543 5
      vertex 154.9384417029757 0.7821723252011543 8
      vertex 154.86184960198838 1.167226819279527 5
    endloop
  endfacet
  facet normal -0.962455236453648 -0.2714404498650713 0
    outer loop
      vertex 154.86184960198838 1.167226819279527 5
      vertex 154.86184960198838 1.167226819279527 8
      vertex 154.75528258147577 1.545084971874737 5
    endloop
  endfacet
  facet normal -0.9081431738250879 -0.4186597375374136 0
    outer loop
      vertex 154.61939766255642 1.913417161825449 5
      vertex 154.61939766255642 1.913417161825449 8
      vertex 154.45503262094184 2.2699524986977337 5
    endloop
  endfacet
  facet normal -0.8724960070727927 -0.48862124149696246 0
    outer loop
      vertex 154.45503262094184 2.2699524986977337 5
      vertex 154.45503262094184 2.2699524986977337 8
      vertex 154.26320082177045 2.612492823579744 5
    endloop
  endfacet
  facet normal -0.8314696123025451 -0.5555702330196025 0
    outer loop
      vertex 154.26320082177045 2.612492823579744 5
      vertex 154.26320082177045 2.612492823579744 8
      vertex 154.04508497187473 2.938926261462366 5
    endloop
  endfacet
  facet normal -0.9381913359224752 -0.34611705707751717 0
    outer loop
      vertex 154.75528258147577 1.545084971874737 5
      vertex 154.75528258147577 1.545084971874737 8
      vertex 154.61939766255642 1.913417161825449 5
    endloop
  endfacet
  facet normal 0.9992290362407218 -0.03925981575909898 0
    outer loop
      vertex 145 0 5
      vertex 145.01541333133437 0.3922954786392247 8
      vertex 145 0 8
    endloop
  endfacet
  facet normal 0.9930684569549316 -0.1175373974577926 0
    outer loop
      vertex 145.01541333133437 0.3922954786392247 5
      vertex 145.0615582970243 0.7821723252011543 8
      vertex 145.01541333133437 0.3922954786392247 8
    endloop
  endfacet
  facet normal 0.9807852804032271 -0.19509032201614515 0
    outer loop
      vertex 145.0615582970243 0.7821723252011543 5
      vertex 145.13815039801162 1.167226819279527 8
      vertex 145.0615582970243 0.7821723252011543 8
    endloop
  endfacet
  facet normal 0.962455236453648 -0.2714404498650713 0
    outer loop
      vertex 145.13815039801162 1.167226819279527 5
      vertex 145.24471741852423 1.545084971874737 8
      vertex 145.13815039801162 1.167226819279527 8
    endloop
  endfacet
  facet normal 0.9381913359224752 -0.34611705707751717 0
    outer loop
      vertex 145.24471741852423 1.545084971874737 5
      vertex 145.38060233744358 1.913417161825449 8
      vertex 145.24471741852423 1.545084971874737 8
    endloop
  endfacet
  facet normal 0.9081431738250879 -0.4186597375374136 0
    outer loop
      vertex 145.38060233744358 1.913417161825449 5
      vertex 145.54496737905816 2.2699524986977337 8
      vertex 145.38060233744358 1.913417161825449 8
    endloop
  endfacet
  facet normal 0.8724960070727927 -0.48862124149696246 0
    outer loop
      vertex 145.54496737905816 2.2699524986977337 5
      vertex 145.73679917822955 2.612492823579744 8
      vertex 145.54496737905816 2.2699524986977337 8
    endloop
  endfacet
  facet normal 0.8314696123025451 -0.5555702330196025 0
    outer loop
      vertex 145.73679917822955 2.612492823579744 5
      vertex 145.95491502812527 2.938926261462366 8
      vertex 145.73679917822955 2.612492823579744 8
    endloop
  endfacet
  facet normal -0.9992290362407218 -0.03925981575909898 0
    outer loop
      vertex 154.98458666866563 0.3922954786392247 5
      vertex 155 0 8
      vertex 154.98458666866563 0.3922954786392247 8
    endloop
  endfacet
  facet normal -0.9930684569549316 -0.1175373974577926 0
    outer loop
      vertex 154.9384417029757 0.7821723252011543 5
      vertex 154.98458666866563 0.3922954786392247 8
      vertex 154.9384417029757 0.7821723252011543 8
    endloop
  endfacet
  facet normal -0.9807852804032271 -0.19509032201614515 0
    outer loop
      vertex 154.86184960198838 1.167226819279527 5
      vertex 154.9384417029757 0.7821723252011543 8
      vertex 154.86184960198838 1.167226819279527 8
    endloop
  endfacet
  facet normal -0.962455236453648 -0.2714404498650713 0
    outer loop
      vertex 154.75528258147577 1.545084971874737 5
      vertex 154.86184960198838 1.167226819279527 8
      vertex 154.75528258147577 1.545084971874737 8
    endloop
  endfacet
  facet normal -0.9081431738250879 -0.4186597375374136 0
    outer loop
      vertex 154.45503262094184 2.2699524986977337 5
      vertex 154.61939766255642 1.913417161825449 8
      vertex 154.45503262094184 2.2699524986977337 8
    endloop
  endfacet
  facet normal -0.8724960070727927 -0.48862124149696246 0
    outer loop
      vertex 154.26320082177045 2.612492823579744 5
      vertex 154.45503262094184 2.2699524986977337 8
      vertex 154.26320082177045 2.612492823579744 8
    endloop
  endfacet
  facet normal -0.8314696123025451 -0.5555702330196025 0
    outer loop
      vertex 154.04508497187473 2.938926261462366 5
      vertex 154.26320082177045 2.612492823579744 8
      vertex 154.04508497187473 2.938926261462366 8
    endloop
  endfacet
  facet normal -0.9381913359224752 -0.34611705707751717 0
    outer loop
      vertex 154.61939766255642 1.913417161825449 5
      vertex 154.75528258147577 1.545084971874737 8
      vertex 154.61939766255642 1.913417161825449 8
    endloop
  endfacet
  facet normal 0.7853169308807415 -0.6190939493098383 0
    outer loop
      vertex 145.95491502812527 2.938926261462366 5
      vertex 146.19797017199986 3.2472402416509185 5
      vertex 146.19797017199986 3.2472402416509185 8
    endloop
  endfacet
  facet normal 0.734322509435699 -0.6788007455329271 0
    outer loop
      vertex 146.19797017199986 3.2472402416509185 5
      vertex 146.46446609406726 3.5355339059327378 5
      vertex 146.46446609406726 3.5355339059327378 8
    endloop
  endfacet
  facet normal 0.6788007455329542 -0.734322509435674 0
    outer loop
      vertex 146.46446609406726 3.5355339059327378 5
      vertex 146.75275975834907 3.8020298280001548 5
      vertex 146.75275975834907 3.8020298280001548 8
    endloop
  endfacet
  facet normal 0.6190939493098275 -0.78531693088075 0
    outer loop
      vertex 146.75275975834907 3.8020298280001548 5
      vertex 147.06107373853763 4.045084971874737 5
      vertex 147.06107373853763 4.045084971874737 8
    endloop
  endfacet
  facet normal 0.5555702330195942 -0.8314696123025507 0
    outer loop
      vertex 147.06107373853763 4.045084971874737 5
      vertex 147.38750717642026 4.263200821770461 5
      vertex 147.38750717642026 4.263200821770461 8
    endloop
  endfacet
  facet normal 0.4886212414969571 -0.872496007072796 0
    outer loop
      vertex 147.38750717642026 4.263200821770461 5
      vertex 147.73004750130227 4.455032620941839 5
      vertex 147.73004750130227 4.455032620941839 8
    endloop
  endfacet
  facet normal 0.41865973753741564 -0.9081431738250871 0
    outer loop
      vertex 147.73004750130227 4.455032620941839 5
      vertex 148.08658283817456 4.619397662556434 5
      vertex 148.08658283817456 4.619397662556434 8
    endloop
  endfacet
  facet normal 0.34611705707749585 -0.9381913359224829 0
    outer loop
      vertex 148.08658283817456 4.619397662556434 5
      vertex 148.45491502812527 4.755282581475767 5
      vertex 148.45491502812527 4.755282581475767 8
    endloop
  endfacet
  facet normal 0.2714404498650856 -0.9624552364536441 0
    outer loop
      vertex 148.45491502812527 4.755282581475767 5
      vertex 148.83277318072047 4.861849601988383 5
      vertex 148.83277318072047 4.861849601988383 8
    endloop
  endfacet
  facet normal 0.19509032201612192 -0.9807852804032318 0
    outer loop
      vertex 148.83277318072047 4.861849601988383 5
      vertex 149.21782767479885 4.938441702975689 5
      vertex 149.21782767479885 4.938441702975689 8
    endloop
  endfacet
  facet normal -0.7853169308807415 -0.6190939493098383 0
    outer loop
      vertex 154.04508497187473 2.938926261462366 5
      vertex 154.04508497187473 2.938926261462366 8
      vertex 153.80202982800014 3.2472402416509185 5
    endloop
  endfacet
  facet normal -0.734322509435699 -0.6788007455329271 0
    outer loop
      vertex 153.80202982800014 3.2472402416509185 5
      vertex 153.80202982800014 3.2472402416509185 8
      vertex 153.53553390593274 3.5355339059327378 5
    endloop
  endfacet
  facet normal -0.6788007455329542 -0.734322509435674 0
    outer loop
      vertex 153.53553390593274 3.5355339059327378 5
      vertex 153.53553390593274 3.5355339059327378 8
      vertex 153.24724024165093 3.8020298280001548 5
    endloop
  endfacet
  facet normal -0.6190939493098275 -0.78531693088075 0
    outer loop
      vertex 153.24724024165093 3.8020298280001548 5
      vertex 153.24724024165093 3.8020298280001548 8
      vertex 152.93892626146237 4.045084971874737 5
    endloop
  endfacet
  facet normal -0.5555702330195942 -0.8314696123025507 0
    outer loop
      vertex 152.93892626146237 4.045084971874737 5
      vertex 152.93892626146237 4.045084971874737 8
      vertex 152.61249282357974 4.263200821770461 5
    endloop
  endfacet
  facet normal -0.4886212414969571 -0.872496007072796 0
    outer loop
      vertex 152.61249282357974 4.263200821770461 5
      vertex 152.61249282357974 4.263200821770461 8
      vertex 152.26995249869773 4.455032620941839 5
    endloop
  endfacet
  facet normal -0.34611705707749585 -0.9381913359224829 0
    outer loop
      vertex 151.91341716182544 4.619397662556434 5
      vertex 151.91341716182544 4.619397662556434 8
      vertex 151.54508497187473 4.755282581475767 5
    endloop
  endfacet
  facet normal -0.2714404498650856 -0.9624552364536441 0
    outer loop
      vertex 151.54508497187473 4.755282581475767 5
      vertex 151.54508497187473 4.755282581475767 8
      vertex 151.16722681927953 4.861849601988383 5
    endloop
  endfacet
  facet normal 0.1175373974578383 -0.9930684569549262 0
    outer loop
      vertex 149.21782767479885 4.938441702975689 5
      vertex 149.60770452136077 4.9845866686656395 5
      vertex 149.60770452136077 4.9845866686656395 8
    endloop
  endfacet
  facet normal 0.03925981575906941 -0.9992290362407229 0
    outer loop
      vertex 149.60770452136077 4.9845866686656395 5
      vertex 150 5 5
      vertex 150 5 8
    endloop
  endfacet
  facet normal -0.03925981575906941 -0.9992290362407229 0
    outer loop
      vertex 150 5 5
      vertex 150.39229547863923 4.9845866686656395 5
      vertex 150.39229547863923 4.9845866686656395 8
    endloop
  endfacet
  facet normal -0.1175373974578383 -0.9930684569549262 0
    outer loop
      vertex 150.78217232520115 4.938441702975689 5
      vertex 150.78217232520115 4.938441702975689 8
      vertex 150.39229547863923 4.9845866686656395 5
    endloop
  endfacet
  facet normal -0.19509032201612192 -0.9807852804032318 0
    outer loop
      vertex 150.78217232520115 4.938441702975689 5
      vertex 151.16722681927953 4.861849601988383 5
      vertex 151.16722681927953 4.861849601988383 8
    endloop
  endfacet
  facet normal -0.41865973753741564 -0.9081431738250871 0
    outer loop
      vertex 152.26995249869773 4.455032620941839 5
      vertex 152.26995249869773 4.455032620941839 8
      vertex 151.91341716182544 4.619397662556434 5
    endloop
  endfacet
  facet normal 0.7853169308807415 -0.6190939493098383 0
    outer loop
      vertex 145.95491502812527 2.938926261462366 5
      vertex 146.19797017199986 3.2472402416509185 8
      vertex 145.95491502812527 2.938926261462366 8
    endloop
  endfacet
  facet normal 0.734322509435699 -0.6788007455329271 0
    outer loop
      vertex 146.19797017199986 3.2472402416509185 5
      vertex 146.46446609406726 3.5355339059327378 8
      vertex 146.19797017199986 3.2472402416509185 8
    endloop
  endfacet
  facet normal 0.6788007455329542 -0.734322509435674 0
    outer loop
      vertex 146.46446609406726 3.5355339059327378 5
      vertex 146.75275975834907 3.8020298280001548 8
      vertex 146.46446609406726 3.5355339059327378 8
    endloop
  endfacet
  facet normal 0.6190939493098275 -0.78531693088075 0
    outer loop
      vertex 146.75275975834907 3.8020298280001548 5
      vertex 147.06107373853763 4.045084971874737 8
      vertex 146.75275975834907 3.8020298280001548 8
    endloop
  endfacet
  facet normal 0.5555702330195942 -0.8314696123025507 0
    outer loop
      vertex 147.06107373853763 4.045084971874737 5
      vertex 147.38750717642026 4.263200821770461 8
      vertex 147.06107373853763 4.045084971874737 8
    endloop
  endfacet
  facet normal 0.4886212414969571 -0.872496007072796 0
    outer loop
      vertex 147.38750717642026 4.263200821770461 5
      vertex 147.73004750130227 4.455032620941839 8
      vertex 147.38750717642026 4.263200821770461 8
    endloop
  endfacet
  facet normal 0.41865973753741564 -0.9081431738250871 0
    outer loop
      vertex 147.73004750130227 4.455032620941839 5
      vertex 148.08658283817456 4.619397662556434 8
      vertex 147.73004750130227 4.455032620941839 8
    endloop
  endfacet
  facet normal 0.34611705707749585 -0.9381913359224829 0
    outer loop
      vertex 148.08658283817456 4.619397662556434 5
      vertex 148.45491502812527 4.755282581475767 8
      vertex 148.08658283817456 4.619397662556434 8
    endloop
  endfacet
  facet normal 0.2714404498650856 -0.9624552364536441 0
    outer loop
      vertex 148.45491502812527 4.755282581475767 5
      vertex 148.83277318072047 4.861849601988383 8
      vertex 148.45491502812527 4.755282581475767 8
    endloop
  endfacet
  facet normal 0.19509032201612192 -0.9807852804032318 0
    outer loop
      vertex 148.83277318072047 4.861849601988383 5
      vertex 149.21782767479885 4.938441702975689 8
      vertex 148.83277318072047 4.861849601988383 8
    endloop
  endfacet
  facet normal -0.7853169308807415 -0.6190939493098383 0
    outer loop
      vertex 153.80202982800014 3.2472402416509185 5
      vertex 154.04508497187473 2.938926261462366 8
      vertex 153.80202982800014 3.2472402416509185 8
    endloop
  endfacet
  facet normal -0.734322509435699 -0.6788007455329271 0
    outer loop
      vertex 153.53553390593274 3.5355339059327378 5
      vertex 153.80202982800014 3.2472402416509185 8
      vertex 153.53553390593274 3.5355339059327378 8
    endloop
  endfacet
  facet normal -0.6788007455329542 -0.734322509435674 0
    outer loop
      vertex 153.24724024165093 3.8020298280001548 5
      vertex 153.53553390593274 3.5355339059327378 8
      vertex 153.24724024165093 3.8020298280001548 8
    endloop
  endfacet
  facet normal -0.6190939493098275 -0.78531693088075 0
    outer loop
      vertex 152.93892626146237 4.045084971874737 5
      vertex 153.24724024165093 3.8020298280001548 8
      vertex 152.93892626146237 4.045084971874737 8
    endloop
  endfacet
  facet normal -0.5555702330195942 -0.8314696123025507 0
    outer loop
      vertex 152.61249282357974 4.263200821770461 5
      vertex 152.93892626146237 4.045084971874737 8
      vertex 152.61249282357974 4.263200821770461 8
    endloop
  endfacet
  facet normal -0.4886212414969571 -0.872496007072796 0
    outer loop
      vertex 152.26995249869773 4.455032620941839 5
      vertex 152.61249282357974 4.263200821770461 8
      vertex 152.26995249869773 4.455032620941839 8
    endloop
  endfacet
  facet normal -0.34611705707749585 -0.9381913359224829 0
    outer loop
      vertex 151.54508497187473 4.755282581475767 5
      vertex 151.91341716182544 4.619397662556434 8
      vertex 151.54508497187473 4.755282581475767 8
    endloop
  endfacet
  facet normal -0.2714404498650856 -0.9624552364536441 0
    outer loop
      vertex 151.16722681927953 4.861849601988383 5
      vertex 151.54508497187473 4.755282581475767 8
      vertex 151.16722681927953 4.861849601988383 8
    endloop
  endfacet
  facet normal 0.1175373974578383 -0.9930684569549262 0
    outer loop
      vertex 149.21782767479885 4.938441702975689 5
      vertex 149.60770452136077 4.9845866686656395 8
      vertex 149.21782767479885 4.938441702975689 8
    endloop
  endfacet
  facet normal 0.03925981575906941 -0.9992290362407229 0
    outer loop
      vertex 149.60770452136077 4.9845866686656395 5
      vertex 150 5 8
      vertex 149.60770452136077 4.9845866686656395 8
    endloop
  endfacet
  facet normal -0.03925981575906941 -0.9992290362407229 0
    outer loop
      vertex 150 5 5
      vertex 150.39229547863923 4.9845866686656395 8
      vertex 150 5 8
    endloop
  endfacet
  facet normal -0.1175373974578383 -0.9930684569549262 0
    outer loop
      vertex 150.39229547863923 4.9845866686656395 5
      vertex 150.78217232520115 4.938441702975689 8
      vertex 150.39229547863923 4.9845866686656395 8
    endloop
  endfacet
  facet normal -0.19509032201612192 -0.9807852804032318 0
    outer loop
      vertex 150.78217232520115 4.938441702975689 5
      vertex 151.16722681927953 4.861849601988383 8
      vertex 150.78217232520115 4.938441702975689 8
    endloop
  endfacet
  facet normal -0.41865973753741564 -0.9081431738250871 0
    outer loop
      vertex 151.91341716182544 4.619397662556434 5
      vertex 152.26995249869773 4.455032620941839 8
      vertex 151.91341716182544 4.619397662556434 8
    endloop
  endfacet
  facet normal 0 0 1
    outer loop
      vertex 146.47328848624517 -4.854101966249685 3.9
      vertex 146.47328848624517 4.854101966249685 3.9
      vertex 146.1033117100189 -4.562435793600185 3.9
    endloop
  endfacet
  facet normal 0 0 1
    outer loop
      vertex 148.1458980337503 -5.706339097770921 3.9
      vertex 148.59932781686456 -5.834219522386059 3.9
      vertex 148.59932781686456 5.834219522386059 3.9
    endloop
  endfacet
  facet normal 0 0 1
    outer loop
      vertex 149.06139320975862 -5.926130043570827 3.9
      vertex 149.06139320975862 5.926130043570827 3.9
      vertex 148.59932781686456 -5.834219522386059 3.9
    endloop
  endfacet
  facet normal 0 0 1
    outer loop
      vertex 147.27605700156272 -5.346039145130208 3.9
      vertex 147.27605700156272 5.346039145130208 3.9
      vertex 146.8650086117043 -5.115840986124553 3.9
    endloop
  endfacet
  facet normal 0 0 1
    outer loop
      vertex 147.70389940580947 -5.54327719506772 3.9
      vertex 147.70389940580947 5.54327719506772 3.9
      vertex 147.27605700156272 -5.346039145130208 3.9
    endloop
  endfacet
  facet normal 0 0 1
    outer loop
      vertex 146.8650086117043 -5.115840986124553 3.9
      vertex 146.8650086117043 5.115840986124553 3.9
      vertex 146.47328848624517 -4.854101966249685 3.9
    endloop
  endfacet
  facet normal 0 0 1
    outer loop
      vertex 148.1458980337503 -5.706339097770921 3.9
      vertex 148.1458980337503 5.706339097770921 3.9
      vertex 147.70389940580947 -5.54327719506772 3.9
    endloop
  endfacet
  facet normal 0 0 1
    outer loop
      vertex 146.1033117100189 -4.562435793600185 3.9
      vertex 146.1033117100189 4.562435793600185 3.9
      vertex 145.7573593128807 -4.242640687119286 3.9
    endloop
  endfacet
  facet normal 0 0 1
    outer loop
      vertex 145.43756420639983 -3.896688289981102 3.9
      vertex 145.7573593128807 -4.242640687119286 3.9
      vertex 145.7573593128807 4.242640687119286 3.9
    endloop
  endfacet
  facet normal 0 0 1
    outer loop
      vertex 145.43756420639983 -3.896688289981102 3.9
      vertex 145.43756420639983 3.896688289981102 3.9
      vertex 145.1458980337503 -3.526711513754839 3.9
    endloop
  endfacet
  facet normal 0 0 1
    outer loop
      vertex 145.1458980337503 -3.526711513754839 3.9
      vertex 145.1458980337503 3.526711513754839 3.9
      vertex 144.88415901387543 -3.134991388295693 3.9
    endloop
  endfacet
  facet normal 0 0 1
    outer loop
      vertex 144.88415901387543 -3.134991388295693 3.9
      vertex 144.88415901387543 3.134991388295693 3.9
      vertex 144.65396085486978 -2.7239429984372805 3.9
    endloop
  endfacet
  facet normal 0 0 1
    outer loop
      vertex 144.65396085486978 -2.7239429984372805 3.9
      vertex 144.65396085486978 2.7239429984372805 3.9
      vertex 144.45672280493227 -2.2961005941905386 3.9
    endloop
  endfacet
  facet normal 0 0 1
    outer loop
      vertex 144.45672280493227 -2.2961005941905386 3.9
      vertex 144.45672280493227 2.2961005941905386 3.9
      vertex 144.29366090222908 -1.8541019662496843 3.9
    endloop
  endfacet
  facet normal 0 0 1
    outer loop
      vertex 144.29366090222908 -1.8541019662496843 3.9
      vertex 144.29366090222908 1.8541019662496843 3.9
      vertex 144.16578047761394 -1.4006721831354323 3.9
    endloop
  endfacet
  facet normal 0 0 1
    outer loop
      vertex 144.16578047761394 -1.4006721831354323 3.9
      vertex 144.16578047761394 1.4006721831354323 3.9
      vertex 144.07386995642918 -0.9386067902413853 3.9
    endloop
  endfacet
  facet normal 0 0 1
    outer loop
      vertex 144.07386995642918 -0.9386067902413853 3.9
      vertex 144.07386995642918 0.9386067902413853 3.9
      vertex 144.01849599760124 -0.4707545743670697 3.9
    endloop
  endfacet
  facet normal 0 0 1
    outer loop
      vertex 149.52924542563292 -5.981504002398768 3.9
      vertex 149.52924542563292 5.981504002398768 3.9
      vertex 149.06139320975862 -5.926130043570827 3.9
    endloop
  endfacet
  facet normal 0 0 1
    outer loop
      vertex 149.52924542563292 -5.981504002398768 3.9
      vertex 150 -6 3.9
      vertex 150 6 3.9
    endloop
  endfacet
  facet normal 0 0 1
    outer loop
      vertex 150 -6 3.9
      vertex 150.47075457436708 -5.981504002398768 3.9
      vertex 150.47075457436708 5.981504002398768 3.9
    endloop
  endfacet
  facet normal 0 0 1
    outer loop
      vertex 150.47075457436708 -5.981504002398768 3.9
      vertex 150.93860679024138 -5.926130043570827 3.9
      vertex 150.93860679024138 5.926130043570827 3.9
    endloop
  endfacet
  facet normal 0 0 1
    outer loop
      vertex 150.93860679024138 -5.926130043570827 3.9
      vertex 151.40067218313544 -5.834219522386059 3.9
      vertex 151.40067218313544 5.834219522386059 3.9
    endloop
  endfacet
  facet normal 0 0 1
    outer loop
      vertex 151.40067218313544 -5.834219522386059 3.9
      vertex 151.8541019662497 -5.706339097770921 3.9
      vertex 151.8541019662497 5.706339097770921 3.9
    endloop
  endfacet
  facet normal 0 0 1
    outer loop
      vertex 151.8541019662497 -5.706339097770921 3.9
      vertex 152.29610059419053 -5.54327719506772 3.9
      vertex 152.29610059419053 5.54327719506772 3.9
    endloop
  endfacet
  facet normal 0 0 1
    outer loop
      vertex 152.29610059419053 -5.54327719506772 3.9
      vertex 152.72394299843728 -5.346039145130208 3.9
      vertex 152.72394299843728 5.346039145130208 3.9
    endloop
  endfacet
  facet normal 0 0 1
    outer loop
      vertex 152.72394299843728 -5.346039145130208 3.9
      vertex 153.1349913882957 -5.115840986124553 3.9
      vertex 153.1349913882957 5.115840986124553 3.9
    endloop
  endfacet
  facet normal 0 0 1
    outer loop
      vertex 153.1349913882957 -5.115840986124553 3.9
      vertex 153.52671151375483 -4.854101966249685 3.9
      vertex 153.52671151375483 4.854101966249685 3.9
    endloop
  endfacet
  facet normal 0 0 1
    outer loop
      vertex 153.52671151375483 -4.854101966249685 3.9
      vertex 153.8966882899811 -4.562435793600185 3.9
      vertex 153.8966882899811 4.562435793600185 3.9
    endloop
  endfacet
  facet normal 0 0 1
    outer loop
      vertex 153.8966882899811 -4.562435793600185 3.9
      vertex 154.2426406871193 -4.242640687119286 3.9
      vertex 154.2426406871193 4.242640687119286 3.9
    endloop
  endfacet
  facet normal 0 0 1
    outer loop
      vertex 154.2426406871193 -4.242640687119286 3.9
      vertex 154.56243579360017 -3.896688289981102 3.9
      vertex 154.56243579360017 3.896688289981102 3.9
    endloop
  endfacet
  facet normal 0 0 1
    outer loop
      vertex 154.56243579360017 -3.896688289981102 3.9
      vertex 154.8541019662497 -3.526711513754839 3.9
      vertex 154.8541019662497 3.526711513754839 3.9
    endloop
  endfacet
  facet normal 0 0 1
    outer loop
      vertex 154.8541019662497 -3.526711513754839 3.9
      vertex 155.11584098612457 -3.134991388295693 3.9
      vertex 155.11584098612457 3.134991388295693 3.9
    endloop
  endfacet
  facet normal 0 0 1
    outer loop
      vertex 155.11584098612457 -3.134991388295693 3.9
      vertex 155.34603914513022 -2.7239429984372805 3.9
      vertex 155.34603914513022 2.7239429984372805 3.9
    endloop
  endfacet
  facet normal 0 0 1
    outer loop
      vertex 155.34603914513022 -2.7239429984372805 3.9
      vertex 155.54327719506773 -2.2961005941905386 3.9
      vertex 155.54327719506773 2.2961005941905386 3.9
    endloop
  endfacet
  facet normal 0 0 1
    outer loop
      vertex 155.54327719506773 -2.2961005941905386 3.9
      vertex 155.70633909777092 -1.8541019662496843 3.9
      vertex 155.70633909777092 1.8541019662496843 3.9
    endloop
  endfacet
  facet normal 0 0 1
    outer loop
      vertex 155.70633909777092 -1.8541019662496843 3.9
      vertex 155.83421952238606 -1.4006721831354323 3.9
      vertex 155.83421952238606 1.4006721831354323 3.9
    endloop
  endfacet
  facet normal 0 0 1
    outer loop
      vertex 155.83421952238606 -1.4006721831354323 3.9
      vertex 155.92613004357082 -0.9386067902413853 3.9
      vertex 155.92613004357082 0.9386067902413853 3.9
    endloop
  endfacet
  facet normal 0 0 1
    outer loop
      vertex 155.92613004357082 -0.9386067902413853 3.9
      vertex 155.98150400239876 -0.4707545743670697 3.9
      vertex 155.98150400239876 0.4707545743670697 3.9
    endloop
  endfacet
  facet normal 0.1444055127623326 0.7259755371907722 -0.672388702525866
    outer loop
      vertex 149.06139320975862 -5.926130043570827 3.9
      vertex 148.59932781686456 -5.834219522386059 3.9
      vertex 148.83277318072047 -4.861849601988383 5
    endloop
  endfacet
  facet normal 0.20091974292791903 0.7124076709422489 -0.6723887025258672
    outer loop
      vertex 148.1458980337503 -5.706339097770921 3.9
      vertex 148.45491502812527 -4.755282581475767 5
      vertex 148.59932781686456 -5.834219522386059 3.9
    endloop
  endfacet
  facet normal 0.2561952360657566 0.6944475745027785 -0.672388702525867
    outer loop
      vertex 148.1458980337503 -5.706339097770921 3.9
      vertex 147.70389940580947 -5.54327719506772 3.9
      vertex 148.08658283817456 -4.619397662556434 5
    endloop
  endfacet
  facet normal 0.3098912003796799 0.6722059778392507 -0.6723887025258664
    outer loop
      vertex 147.70389940580947 -5.54327719506772 3.9
      vertex 147.27605700156272 -5.346039145130208 3.9
      vertex 147.73004750130227 -4.455032620941839 5
    endloop
  endfacet
  facet normal 0.36167658239398554 0.6458200077911694 -0.6723887025258681
    outer loop
      vertex 147.27605700156272 -5.346039145130208 3.9
      vertex 146.8650086117043 -5.115840986124553 3.9
      vertex 147.38750717642026 -4.263200821770461 5
    endloop
  endfacet
  facet normal 0.4112321080081847 0.6154523426381033 -0.6723887025258642
    outer loop
      vertex 146.8650086117043 -5.115840986124553 3.9
      vertex 146.47328848624517 -4.854101966249685 3.9
      vertex 147.06107373853763 -4.045084971874737 5
    endloop
  endfacet
  facet normal 0.14440551276233032 0.7259755371907721 -0.6723887025258665
    outer loop
      vertex 149.06139320975862 -5.926130043570827 3.9
      vertex 148.83277318072047 -4.861849601988383 5
      vertex 149.21782767479885 -4.938441702975689 5
    endloop
  endfacet
  facet normal 0.20091974292792536 0.7124076709422485 -0.6723887025258659
    outer loop
      vertex 148.59932781686456 -5.834219522386059 3.9
      vertex 148.45491502812527 -4.755282581475767 5
      vertex 148.83277318072047 -4.861849601988383 5
    endloop
  endfacet
  facet normal 0.2561952360657552 0.6944475745027787 -0.6723887025258674
    outer loop
      vertex 148.1458980337503 -5.706339097770921 3.9
      vertex 148.08658283817456 -4.619397662556434 5
      vertex 148.45491502812527 -4.755282581475767 5
    endloop
  endfacet
  facet normal 0.30989120037967377 0.6722059778392522 -0.6723887025258676
    outer loop
      vertex 147.70389940580947 -5.54327719506772 3.9
      vertex 147.73004750130227 -4.455032620941839 5
      vertex 148.08658283817456 -4.619397662556434 5
    endloop
  endfacet
  facet normal 0.3616765823939934 0.6458200077911668 -0.6723887025258662
    outer loop
      vertex 147.27605700156272 -5.346039145130208 3.9
      vertex 147.38750717642026 -4.263200821770461 5
      vertex 147.73004750130227 -4.455032620941839 5
    endloop
  endfacet
  facet normal 0.45825225092791855 0.5812902091340247 -0.6723887025258664
    outer loop
      vertex 146.47328848624517 -4.854101966249685 3.9
      vertex 146.1033117100189 -4.562435793600185 3.9
      vertex 146.75275975834907 -3.8020298280001548 5
    endloop
  endfacet
  facet normal 0.5024471163363858 0.543544228191994 -0.6723887025258679
    outer loop
      vertex 146.1033117100189 -4.562435793600185 3.9
      vertex 145.7573593128807 -4.242640687119286 3.9
      vertex 146.46446609406726 -3.5355339059327378 5
    endloop
  endfacet
  facet normal 0.543544228192014 0.5024471163363666 -0.6723887025258661
    outer loop
      vertex 145.43756420639983 -3.896688289981102 3.9
      vertex 146.19797017199986 -3.2472402416509185 5
      vertex 145.7573593128807 -4.242640687119286 3.9
    endloop
  endfacet
  facet normal 0.5812902091340014 0.4582522509279445 -0.6723887025258687
    outer loop
      vertex 145.43756420639983 -3.896688289981102 3.9
      vertex 145.1458980337503 -3.526711513754839 3.9
      vertex 145.95491502812527 -2.938926261462366 5
    endloop
  endfacet
  facet normal 0.6154523426380957 0.41123210800818283 -0.6723887025258725
    outer loop
      vertex 145.1458980337503 -3.526711513754839 3.9
      vertex 144.88415901387543 -3.134991388295693 3.9
      vertex 145.73679917822955 -2.612492823579744 5
    endloop
  endfacet
  facet normal 0.5024471163363917 0.5435442281919904 -0.6723887025258665
    outer loop
      vertex 146.1033117100189 -4.562435793600185 3.9
      vertex 146.46446609406726 -3.5355339059327378 5
      vertex 146.75275975834907 -3.8020298280001548 5
    endloop
  endfacet
  facet normal 0.41123210800816606 0.6154523426381112 -0.6723887025258686
    outer loop
      vertex 146.8650086117043 -5.115840986124553 3.9
      vertex 147.06107373853763 -4.045084971874737 5
      vertex 147.38750717642026 -4.263200821770461 5
    endloop
  endfacet
  facet normal 0.4582522509279282 0.5812902091340197 -0.672388702525864
    outer loop
      vertex 146.47328848624517 -4.854101966249685 3.9
      vertex 146.75275975834907 -3.8020298280001548 5
      vertex 147.06107373853763 -4.045084971874737 5
    endloop
  endfacet
  facet normal 0.5435442281920081 0.502447116336371 -0.6723887025258675
    outer loop
      vertex 145.7573593128807 -4.242640687119286 3.9
      vertex 146.19797017199986 -3.2472402416509185 5
      vertex 146.46446609406726 -3.5355339059327378 5
    endloop
  endfacet
  facet normal 0.5812902091340121 0.45825225092793526 -0.6723887025258658
    outer loop
      vertex 145.43756420639983 -3.896688289981102 3.9
      vertex 145.95491502812527 -2.938926261462366 5
      vertex 146.19797017199986 -3.2472402416509185 5
    endloop
  endfacet
  facet normal 0.6154523426381066 0.41123210800817206 -0.6723887025258692
    outer loop
      vertex 145.1458980337503 -3.526711513754839 3.9
      vertex 145.73679917822955 -2.612492823579744 5
      vertex 145.95491502812527 -2.938926261462366 5
    endloop
  endfacet
  facet normal 0.02906004648028834 0.7396275727784528 -0.6723887025258664
    outer loop
      vertex 149.52924542563292 -5.981504002398768 3.9
      vertex 149.60770452136077 -4.9845866686656395 5
      vertex 150 -6 3.9
    endloop
  endfacet
  facet normal -0.02906004648028834 0.7396275727784528 -0.6723887025258664
    outer loop
      vertex 150 -6 3.9
      vertex 150.39229547863923 -4.9845866686656395 5
      vertex 150.47075457436708 -5.981504002398768 3.9
    endloop
  endfacet
  facet normal 0.08700097459086968 0.7350675228411475 -0.6723887025258662
    outer loop
      vertex 149.52924542563292 -5.981504002398768 3.9
      vertex 149.06139320975862 -5.926130043570827 3.9
      vertex 149.21782767479885 -4.938441702975689 5
    endloop
  endfacet
  facet normal -0.08700097459086968 0.7350675228411475 -0.6723887025258662
    outer loop
      vertex 150.47075457436708 -5.981504002398768 3.9
      vertex 150.78217232520115 -4.938441702975689 5
      vertex 150.93860679024138 -5.926130043570827 3.9
    endloop
  endfacet
  facet normal -0.1444055127623326 0.7259755371907722 -0.672388702525866
    outer loop
      vertex 150.93860679024138 -5.926130043570827 3.9
      vertex 151.16722681927953 -4.861849601988383 5
      vertex 151.40067218313544 -5.834219522386059 3.9
    endloop
  endfacet
  facet normal -0.20091974292791903 0.7124076709422489 -0.6723887025258672
    outer loop
      vertex 151.40067218313544 -5.834219522386059 3.9
      vertex 151.54508497187473 -4.755282581475767 5
      vertex 151.8541019662497 -5.706339097770921 3.9
    endloop
  endfacet
  facet normal -0.2561952360657566 0.6944475745027785 -0.672388702525867
    outer loop
      vertex 151.8541019662497 -5.706339097770921 3.9
      vertex 151.91341716182544 -4.619397662556434 5
      vertex 152.29610059419053 -5.54327719506772 3.9
    endloop
  endfacet
  facet normal -0.3098912003796799 0.6722059778392507 -0.6723887025258664
    outer loop
      vertex 152.29610059419053 -5.54327719506772 3.9
      vertex 152.26995249869773 -4.455032620941839 5
      vertex 152.72394299843728 -5.346039145130208 3.9
    endloop
  endfacet
  facet normal -0.36167658239398554 0.6458200077911694 -0.6723887025258681
    outer loop
      vertex 152.72394299843728 -5.346039145130208 3.9
      vertex 152.61249282357974 -4.263200821770461 5
      vertex 153.1349913882957 -5.115840986124553 3.9
    endloop
  endfacet
  facet normal -0.4112321080081847 0.6154523426381033 -0.6723887025258642
    outer loop
      vertex 153.1349913882957 -5.115840986124553 3.9
      vertex 152.93892626146237 -4.045084971874737 5
      vertex 153.52671151375483 -4.854101966249685 3.9
    endloop
  endfacet
  facet normal 0.0870009745908684 0.7350675228411474 -0.6723887025258666
    outer loop
      vertex 149.52924542563292 -5.981504002398768 3.9
      vertex 149.21782767479885 -4.938441702975689 5
      vertex 149.60770452136077 -4.9845866686656395 5
    endloop
  endfacet
  facet normal 0.02906004648028882 0.7396275727784529 -0.6723887025258662
    outer loop
      vertex 150 -6 3.9
      vertex 149.60770452136077 -4.9845866686656395 5
      vertex 150 -5 5
    endloop
  endfacet
  facet normal -0.02906004648028882 0.7396275727784529 -0.6723887025258662
    outer loop
      vertex 150 -6 3.9
      vertex 150 -5 5
      vertex 150.39229547863923 -4.9845866686656395 5
    endloop
  endfacet
  facet normal -0.0870009745908684 0.7350675228411474 -0.6723887025258666
    outer loop
      vertex 150.47075457436708 -5.981504002398768 3.9
      vertex 150.39229547863923 -4.9845866686656395 5
      vertex 150.78217232520115 -4.938441702975689 5
    endloop
  endfacet
  facet normal -0.14440551276233032 0.7259755371907721 -0.6723887025258665
    outer loop
      vertex 150.93860679024138 -5.926130043570827 3.9
      vertex 150.78217232520115 -4.938441702975689 5
      vertex 151.16722681927953 -4.861849601988383 5
    endloop
  endfacet
  facet normal -0.20091974292792536 0.7124076709422485 -0.6723887025258659
    outer loop
      vertex 151.40067218313544 -5.834219522386059 3.9
      vertex 151.16722681927953 -4.861849601988383 5
      vertex 151.54508497187473 -4.755282581475767 5
    endloop
  endfacet
  facet normal -0.2561952360657552 0.6944475745027787 -0.6723887025258674
    outer loop
      vertex 151.8541019662497 -5.706339097770921 3.9
      vertex 151.54508497187473 -4.755282581475767 5
      vertex 151.91341716182544 -4.619397662556434 5
    endloop
  endfacet
  facet normal -0.30989120037967377 0.6722059778392522 -0.6723887025258676
    outer loop
      vertex 152.29610059419053 -5.54327719506772 3.9
      vertex 151.91341716182544 -4.619397662556434 5
      vertex 152.26995249869773 -4.455032620941839 5
    endloop
  endfacet
  facet normal -0.3616765823939934 0.6458200077911668 -0.6723887025258662
    outer loop
      vertex 152.72394299843728 -5.346039145130208 3.9
      vertex 152.26995249869773 -4.455032620941839 5
      vertex 152.61249282357974 -4.263200821770461 5
    endloop
  endfacet
  facet normal -0.45825225092791855 0.5812902091340247 -0.6723887025258664
    outer loop
      vertex 153.52671151375483 -4.854101966249685 3.9
      vertex 153.24724024165093 -3.8020298280001548 5
      vertex 153.8966882899811 -4.562435793600185 3.9
    endloop
  endfacet
  facet normal -0.5024471163363858 0.543544228191994 -0.6723887025258679
    outer loop
      vertex 153.8966882899811 -4.562435793600185 3.9
      vertex 153.53553390593274 -3.5355339059327378 5
      vertex 154.2426406871193 -4.242640687119286 3.9
    endloop
  endfacet
  facet normal -0.543544228192014 0.5024471163363666 -0.672388702525866
    outer loop
      vertex 154.2426406871193 -4.242640687119286 3.9
      vertex 153.80202982800014 -3.2472402416509185 5
      vertex 154.56243579360017 -3.896688289981102 3.9
    endloop
  endfacet
  facet normal -0.5812902091340014 0.4582522509279445 -0.6723887025258687
    outer loop
      vertex 154.56243579360017 -3.896688289981102 3.9
      vertex 154.04508497187473 -2.938926261462366 5
      vertex 154.8541019662497 -3.526711513754839 3.9
    endloop
  endfacet
  facet normal -0.6154523426380957 0.41123210800818283 -0.6723887025258725
    outer loop
      vertex 154.8541019662497 -3.526711513754839 3.9
      vertex 154.26320082177045 -2.612492823579744 5
      vertex 155.11584098612457 -3.134991388295693 3.9
    endloop
  endfacet
  facet normal -0.41123210800816606 0.6154523426381112 -0.6723887025258686
    outer loop
      vertex 153.1349913882957 -5.115840986124553 3.9
      vertex 152.61249282357974 -4.263200821770461 5
      vertex 152.93892626146237 -4.045084971874737 5
    endloop
  endfacet
  facet normal -0.4582522509279282 0.5812902091340197 -0.672388702525864
    outer loop
      vertex 153.52671151375483 -4.854101966249685 3.9
      vertex 152.93892626146237 -4.045084971874737 5
      vertex 153.24724024165093 -3.8020298280001548 5
    endloop
  endfacet
  facet normal -0.5024471163363917 0.5435442281919904 -0.6723887025258665
    outer loop
      vertex 153.8966882899811 -4.562435793600185 3.9
      vertex 153.24724024165093 -3.8020298280001548 5
      vertex 153.53553390593274 -3.5355339059327378 5
    endloop
  endfacet
  facet normal -0.5435442281920081 0.502447116336371 -0.6723887025258675
    outer loop
      vertex 154.2426406871193 -4.242640687119286 3.9
      vertex 153.53553390593274 -3.5355339059327378 5
      vertex 153.80202982800014 -3.2472402416509185 5
    endloop
  endfacet
  facet normal -0.5812902091340121 0.45825225092793526 -0.6723887025258658
    outer loop
      vertex 154.56243579360017 -3.896688289981102 3.9
      vertex 153.80202982800014 -3.2472402416509185 5
      vertex 154.04508497187473 -2.938926261462366 5
    endloop
  endfacet
  facet normal -0.6154523426381066 0.41123210800817206 -0.6723887025258692
    outer loop
      vertex 154.8541019662497 -3.526711513754839 3.9
      vertex 154.04508497187473 -2.938926261462366 5
      vertex 154.26320082177045 -2.612492823579744 5
    endloop
  endfacet
  facet normal 0.6458200077911644 0.3616765823939885 -0.6723887025258716
    outer loop
      vertex 144.88415901387543 -3.134991388295693 3.9
      vertex 144.65396085486978 -2.7239429984372805 3.9
      vertex 145.54496737905816 -2.2699524986977337 5
    endloop
  endfacet
  facet normal 0.6722059778392449 0.3098912003796776 -0.6723887025258732
    outer loop
      vertex 144.65396085486978 -2.7239429984372805 3.9
      vertex 144.45672280493227 -2.2961005941905386 3.9
      vertex 145.38060233744358 -1.913417161825449 5
    endloop
  endfacet
  facet normal 0.6944475745027798 0.25619523606573785 -0.672388702525873
    outer loop
      vertex 144.45672280493227 -2.2961005941905386 3.9
      vertex 144.29366090222908 -1.8541019662496843 3.9
      vertex 145.38060233744358 -1.913417161825449 5
    endloop
  endfacet
  facet normal 0.7124076709422488 0.200919742927923 -0.6723887025258665
    outer loop
      vertex 144.29366090222908 -1.8541019662496843 3.9
      vertex 144.16578047761394 -1.4006721831354323 3.9
      vertex 145.24471741852423 -1.545084971874737 5
    endloop
  endfacet
  facet normal 0.6458200077911592 0.3616765823939944 -0.6723887025258732
    outer loop
      vertex 144.88415901387543 -3.134991388295693 3.9
      vertex 145.54496737905816 -2.2699524986977337 5
      vertex 145.73679917822955 -2.612492823579744 5
    endloop
  endfacet
  facet normal 0.6722059778392496 0.3098912003796709 -0.6723887025258716
    outer loop
      vertex 144.65396085486978 -2.7239429984372805 3.9
      vertex 145.38060233744358 -1.913417161825449 5
      vertex 145.54496737905816 -2.2699524986977337 5
    endloop
  endfacet
  facet normal 0.6944475745027743 0.25619523606577144 -0.6723887025258658
    outer loop
      vertex 144.29366090222908 -1.8541019662496843 3.9
      vertex 145.24471741852423 -1.545084971874737 5
      vertex 145.38060233744358 -1.913417161825449 5
    endloop
  endfacet
  facet normal 0.7259755371907727 0.1444055127623218 -0.672388702525868
    outer loop
      vertex 144.16578047761394 -1.4006721831354323 3.9
      vertex 144.07386995642918 -0.9386067902413853 3.9
      vertex 145.13815039801162 -1.167226819279527 5
    endloop
  endfacet
  facet normal 0.7350675228411508 0.08700097459087038 -0.6723887025258626
    outer loop
      vertex 144.07386995642918 -0.9386067902413853 3.9
      vertex 144.01849599760124 -0.4707545743670697 3.9
      vertex 145.0615582970243 -0.7821723252011543 5
    endloop
  endfacet
  facet normal 0.7396275727784496 0.029060046480292902 -0.6723887025258696
    outer loop
      vertex 144.01849599760124 -0.4707545743670697 3.9
      vertex 144 0 3.9
      vertex 145.01541333133437 -0.3922954786392247 5
    endloop
  endfacet
  facet normal 0.7124076709422493 0.2009197429279145 -0.6723887025258682
    outer loop
      vertex 144.16578047761394 -1.4006721831354323 3.9
      vertex 145.13815039801162 -1.167226819279527 5
      vertex 145.24471741852423 -1.545084971874737 5
    endloop
  endfacet
  facet normal 0.7259755371907725 0.14440551276234873 -0.6723887025258624
    outer loop
      vertex 144.07386995642918 -0.9386067902413853 3.9
      vertex 145.0615582970243 -0.7821723252011543 5
      vertex 145.13815039801162 -1.167226819279527 5
    endloop
  endfacet
  facet normal 0.7350675228411482 0.0870009745908344 -0.6723887025258701
    outer loop
      vertex 144.01849599760124 -0.4707545743670697 3.9
      vertex 145.01541333133437 -0.3922954786392247 5
      vertex 145.0615582970243 -0.7821723252011543 5
    endloop
  endfacet
  facet normal 0.7396275727784524 0.029060046480310874 -0.6723887025258657
    outer loop
      vertex 145.01541333133437 -0.3922954786392247 5
      vertex 144 0 3.9
      vertex 145 0 5
    endloop
  endfacet
  facet normal -0.6458200077911644 0.3616765823939885 -0.6723887025258716
    outer loop
      vertex 155.11584098612457 -3.134991388295693 3.9
      vertex 154.45503262094184 -2.2699524986977337 5
      vertex 155.34603914513022 -2.7239429984372805 3.9
    endloop
  endfacet
  facet normal -0.6722059778392449 0.3098912003796776 -0.6723887025258732
    outer loop
      vertex 155.34603914513022 -2.7239429984372805 3.9
      vertex 154.61939766255642 -1.913417161825449 5
      vertex 155.54327719506773 -2.2961005941905386 3.9
    endloop
  endfacet
  facet normal -0.6944475745027798 0.25619523606573785 -0.672388702525873
    outer loop
      vertex 155.54327719506773 -2.2961005941905386 3.9
      vertex 154.61939766255642 -1.913417161825449 5
      vertex 155.70633909777092 -1.8541019662496843 3.9
    endloop
  endfacet
  facet normal -0.7124076709422488 0.200919742927923 -0.6723887025258665
    outer loop
      vertex 155.70633909777092 -1.8541019662496843 3.9
      vertex 154.75528258147577 -1.545084971874737 5
      vertex 155.83421952238606 -1.4006721831354323 3.9
    endloop
  endfacet
  facet normal -0.6458200077911592 0.3616765823939944 -0.6723887025258732
    outer loop
      vertex 155.11584098612457 -3.134991388295693 3.9
      vertex 154.26320082177045 -2.612492823579744 5
      vertex 154.45503262094184 -2.2699524986977337 5
    endloop
  endfacet
  facet normal -0.6722059778392496 0.3098912003796709 -0.6723887025258716
    outer loop
      vertex 155.34603914513022 -2.7239429984372805 3.9
      vertex 154.45503262094184 -2.2699524986977337 5
      vertex 154.61939766255642 -1.913417161825449 5
    endloop
  endfacet
  facet normal -0.6944475745027743 0.25619523606577144 -0.6723887025258658
    outer loop
      vertex 155.70633909777092 -1.8541019662496843 3.9
      vertex 154.61939766255642 -1.913417161825449 5
      vertex 154.75528258147577 -1.545084971874737 5
    endloop
  endfacet
  facet normal -0.7259755371907727 0.1444055127623218 -0.672388702525868
    outer loop
      vertex 155.83421952238606 -1.4006721831354323 3.9
      vertex 154.86184960198838 -1.167226819279527 5
      vertex 155.92613004357082 -0.9386067902413853 3.9
    endloop
  endfacet
  facet normal -0.7350675228411508 0.08700097459087038 -0.6723887025258626
    outer loop
      vertex 155.92613004357082 -0.9386067902413853 3.9
      vertex 154.9384417029757 -0.7821723252011543 5
      vertex 155.98150400239876 -0.4707545743670697 3.9
    endloop
  endfacet
  facet normal -0.7396275727784496 0.029060046480292902 -0.6723887025258696
    outer loop
      vertex 155.98150400239876 -0.4707545743670697 3.9
      vertex 154.98458666866563 -0.3922954786392247 5
      vertex 156 0 3.9
    endloop
  endfacet
  facet normal -0.7124076709422493 0.2009197429279145 -0.6723887025258682
    outer loop
      vertex 155.83421952238606 -1.4006721831354323 3.9
      vertex 154.75528258147577 -1.545084971874737 5
      vertex 154.86184960198838 -1.167226819279527 5
    endloop
  endfacet
  facet normal -0.7259755371907725 0.14440551276234873 -0.6723887025258624
    outer loop
      vertex 155.92613004357082 -0.9386067902413853 3.9
      vertex 154.86184960198838 -1.167226819279527 5
      vertex 154.9384417029757 -0.7821723252011543 5
    endloop
  endfacet
  facet normal -0.7350675228411482 0.0870009745908344 -0.6723887025258701
    outer loop
      vertex 155.98150400239876 -0.4707545743670697 3.9
      vertex 154.9384417029757 -0.7821723252011543 5
      vertex 154.98458666866563 -0.3922954786392247 5
    endloop
  endfacet
  facet normal -0.7396275727784524 0.029060046480310874 -0.6723887025258657
    outer loop
      vertex 154.98458666866563 -0.3922954786392247 5
      vertex 155 0 5
      vertex 156 0 3.9
    endloop
  endfacet
  facet normal 0 0 1
    outer loop
      vertex 144.01849599760124 -0.4707545743670697 3.9
      vertex 144.01849599760124 0.4707545743670697 3.9
      vertex 144 0 3.9
    endloop
  endfacet
  facet normal 0 0 1
    outer loop
      vertex 144.01849599760124 -0.4707545743670697 3.9
      vertex 144.07386995642918 0.9386067902413853 3.9
      vertex 144.01849599760124 0.4707545743670697 3.9
    endloop
  endfacet
  facet normal 0 0 1
    outer loop
      vertex 144.07386995642918 -0.9386067902413853 3.9
      vertex 144.16578047761394 1.4006721831354323 3.9
      vertex 144.07386995642918 0.9386067902413853 3.9
    endloop
  endfacet
  facet normal 0 0 1
    outer loop
      vertex 144.16578047761394 -1.4006721831354323 3.9
      vertex 144.29366090222908 1.8541019662496843 3.9
      vertex 144.16578047761394 1.4006721831354323 3.9
    endloop
  endfacet
  facet normal 0 0 1
    outer loop
      vertex 144.29366090222908 -1.8541019662496843 3.9
      vertex 144.45672280493227 2.2961005941905386 3.9
      vertex 144.29366090222908 1.8541019662496843 3.9
    endloop
  endfacet
  facet normal 0 0 1
    outer loop
      vertex 144.45672280493227 -2.2961005941905386 3.9
      vertex 144.65396085486978 2.7239429984372805 3.9
      vertex 144.45672280493227 2.2961005941905386 3.9
    endloop
  endfacet
  facet normal 0 0 1
    outer loop
      vertex 144.65396085486978 -2.7239429984372805 3.9
      vertex 144.88415901387543 3.134991388295693 3.9
      vertex 144.65396085486978 2.7239429984372805 3.9
    endloop
  endfacet
  facet normal 0 0 1
    outer loop
      vertex 144.88415901387543 -3.134991388295693 3.9
      vertex 145.1458980337503 3.526711513754839 3.9
      vertex 144.88415901387543 3.134991388295693 3.9
    endloop
  endfacet
  facet normal 0 0 1
    outer loop
      vertex 145.1458980337503 -3.526711513754839 3.9
      vertex 145.43756420639983 3.896688289981102 3.9
      vertex 145.1458980337503 3.526711513754839 3.9
    endloop
  endfacet
  facet normal 0 0 1
    outer loop
      vertex 145.43756420639983 -3.896688289981102 3.9
      vertex 145.7573593128807 4.242640687119286 3.9
      vertex 145.43756420639983 3.896688289981102 3.9
    endloop
  endfacet
  facet normal 0 0 1
    outer loop
      vertex 145.7573593128807 -4.242640687119286 3.9
      vertex 146.1033117100189 4.562435793600185 3.9
      vertex 145.7573593128807 4.242640687119286 3.9
    endloop
  endfacet
  facet normal 0 0 1
    outer loop
      vertex 146.1033117100189 -4.562435793600185 3.9
      vertex 146.47328848624517 4.854101966249685 3.9
      vertex 146.1033117100189 4.562435793600185 3.9
    endloop
  endfacet
  facet normal 0 0 1
    outer loop
      vertex 146.47328848624517 -4.854101966249685 3.9
      vertex 146.8650086117043 5.115840986124553 3.9
      vertex 146.47328848624517 4.854101966249685 3.9
    endloop
  endfacet
  facet normal 0 0 1
    outer loop
      vertex 146.8650086117043 -5.115840986124553 3.9
      vertex 147.27605700156272 5.346039145130208 3.9
      vertex 146.8650086117043 5.115840986124553 3.9
    endloop
  endfacet
  facet normal 0 0 1
    outer loop
      vertex 147.27605700156272 -5.346039145130208 3.9
      vertex 147.70389940580947 5.54327719506772 3.9
      vertex 147.27605700156272 5.346039145130208 3.9
    endloop
  endfacet
  facet normal 0 0 1
    outer loop
      vertex 147.70389940580947 -5.54327719506772 3.9
      vertex 148.1458980337503 5.706339097770921 3.9
      vertex 147.70389940580947 5.54327719506772 3.9
    endloop
  endfacet
  facet normal 0 0 1
    outer loop
      vertex 148.1458980337503 -5.706339097770921 3.9
      vertex 148.59932781686456 5.834219522386059 3.9
      vertex 148.1458980337503 5.706339097770921 3.9
    endloop
  endfacet
  facet normal 0 0 1
    outer loop
      vertex 148.59932781686456 -5.834219522386059 3.9
      vertex 149.06139320975862 5.926130043570827 3.9
      vertex 148.59932781686456 5.834219522386059 3.9
    endloop
  endfacet
  facet normal 0 0 1
    outer loop
      vertex 149.06139320975862 -5.926130043570827 3.9
      vertex 149.52924542563292 5.981504002398768 3.9
      vertex 149.06139320975862 5.926130043570827 3.9
    endloop
  endfacet
  facet normal 0 0 1
    outer loop
      vertex 154.2426406871193 -4.242640687119286 3.9
      vertex 154.56243579360017 3.896688289981102 3.9
      vertex 154.2426406871193 4.242640687119286 3.9
    endloop
  endfacet
  facet normal 0 0 1
    outer loop
      vertex 153.8966882899811 -4.562435793600185 3.9
      vertex 154.2426406871193 4.242640687119286 3.9
      vertex 153.8966882899811 4.562435793600185 3.9
    endloop
  endfacet
  facet normal 0 0 1
    outer loop
      vertex 155.92613004357082 -0.9386067902413853 3.9
      vertex 155.98150400239876 0.4707545743670697 3.9
      vertex 155.92613004357082 0.9386067902413853 3.9
    endloop
  endfacet
  facet normal 0 0 1
    outer loop
      vertex 155.83421952238606 -1.4006721831354323 3.9
      vertex 155.92613004357082 0.9386067902413853 3.9
      vertex 155.83421952238606 1.4006721831354323 3.9
    endloop
  endfacet
  facet normal 0 0 1
    outer loop
      vertex 155.98150400239876 -0.4707545743670697 3.9
      vertex 156 0 3.9
      vertex 155.98150400239876 0.4707545743670697 3.9
    endloop
  endfacet
  facet normal 0 0 1
    outer loop
      vertex 155.70633909777092 -1.8541019662496843 3.9
      vertex 155.83421952238606 1.4006721831354323 3.9
      vertex 155.70633909777092 1.8541019662496843 3.9
    endloop
  endfacet
  facet normal 0 0 1
    outer loop
      vertex 155.54327719506773 -2.2961005941905386 3.9
      vertex 155.70633909777092 1.8541019662496843 3.9
      vertex 155.54327719506773 2.2961005941905386 3.9
    endloop
  endfacet
  facet normal 0 0 1
    outer loop
      vertex 155.11584098612457 -3.134991388295693 3.9
      vertex 155.34603914513022 2.7239429984372805 3.9
      vertex 155.11584098612457 3.134991388295693 3.9
    endloop
  endfacet
  facet normal 0 0 1
    outer loop
      vertex 155.34603914513022 -2.7239429984372805 3.9
      vertex 155.54327719506773 2.2961005941905386 3.9
      vertex 155.34603914513022 2.7239429984372805 3.9
    endloop
  endfacet
  facet normal 0 0 1
    outer loop
      vertex 154.8541019662497 -3.526711513754839 3.9
      vertex 155.11584098612457 3.134991388295693 3.9
      vertex 154.8541019662497 3.526711513754839 3.9
    endloop
  endfacet
  facet normal 0 0 1
    outer loop
      vertex 154.56243579360017 -3.896688289981102 3.9
      vertex 154.8541019662497 3.526711513754839 3.9
      vertex 154.56243579360017 3.896688289981102 3.9
    endloop
  endfacet
  facet normal 0 0 1
    outer loop
      vertex 149.52924542563292 -5.981504002398768 3.9
      vertex 150 6 3.9
      vertex 149.52924542563292 5.981504002398768 3.9
    endloop
  endfacet
  facet normal 0 0 1
    outer loop
      vertex 150 -6 3.9
      vertex 150.47075457436708 5.981504002398768 3.9
      vertex 150 6 3.9
    endloop
  endfacet
  facet normal 0 0 1
    outer loop
      vertex 150.93860679024138 -5.926130043570827 3.9
      vertex 151.40067218313544 5.834219522386059 3.9
      vertex 150.93860679024138 5.926130043570827 3.9
    endloop
  endfacet
  facet normal 0 0 1
    outer loop
      vertex 150.47075457436708 -5.981504002398768 3.9
      vertex 150.93860679024138 5.926130043570827 3.9
      vertex 150.47075457436708 5.981504002398768 3.9
    endloop
  endfacet
  facet normal 0 0 1
    outer loop
      vertex 151.40067218313544 -5.834219522386059 3.9
      vertex 151.8541019662497 5.706339097770921 3.9
      vertex 151.40067218313544 5.834219522386059 3.9
    endloop
  endfacet
  facet normal 0 0 1
    outer loop
      vertex 153.1349913882957 -5.115840986124553 3.9
      vertex 153.52671151375483 4.854101966249685 3.9
      vertex 153.1349913882957 5.115840986124553 3.9
    endloop
  endfacet
  facet normal 0 0 1
    outer loop
      vertex 151.8541019662497 -5.706339097770921 3.9
      vertex 152.29610059419053 5.54327719506772 3.9
      vertex 151.8541019662497 5.706339097770921 3.9
    endloop
  endfacet
  facet normal 0 0 1
    outer loop
      vertex 152.29610059419053 -5.54327719506772 3.9
      vertex 152.72394299843728 5.346039145130208 3.9
      vertex 152.29610059419053 5.54327719506772 3.9
    endloop
  endfacet
  facet normal 0 0 1
    outer loop
      vertex 152.72394299843728 -5.346039145130208 3.9
      vertex 153.1349913882957 5.115840986124553 3.9
      vertex 152.72394299843728 5.346039145130208 3.9
    endloop
  endfacet
  facet normal 0 0 1
    outer loop
      vertex 153.52671151375483 -4.854101966249685 3.9
      vertex 153.8966882899811 4.562435793600185 3.9
      vertex 153.52671151375483 4.854101966249685 3.9
    endloop
  endfacet
  facet normal 0.7396275727784496 -0.029060046480292902 -0.6723887025258696
    outer loop
      vertex 144 0 3.9
      vertex 144.01849599760124 0.4707545743670697 3.9
      vertex 145.01541333133437 0.3922954786392247 5
    endloop
  endfacet
  facet normal 0.7350675228411508 -0.08700097459087038 -0.6723887025258626
    outer loop
      vertex 144.01849599760124 0.4707545743670697 3.9
      vertex 144.07386995642918 0.9386067902413853 3.9
      vertex 145.0615582970243 0.7821723252011543 5
    endloop
  endfacet
  facet normal 0.7259755371907727 -0.1444055127623218 -0.672388702525868
    outer loop
      vertex 144.07386995642918 0.9386067902413853 3.9
      vertex 144.16578047761394 1.4006721831354323 3.9
      vertex 145.13815039801162 1.167226819279527 5
    endloop
  endfacet
  facet normal 0.7396275727784524 -0.029060046480311023 -0.6723887025258657
    outer loop
      vertex 144 0 3.9
      vertex 145.01541333133437 0.3922954786392247 5
      vertex 145 0 5
    endloop
  endfacet
  facet normal 0.7350675228411482 -0.0870009745908344 -0.6723887025258701
    outer loop
      vertex 144.01849599760124 0.4707545743670697 3.9
      vertex 145.0615582970243 0.7821723252011543 5
      vertex 145.01541333133437 0.3922954786392247 5
    endloop
  endfacet
  facet normal 0.7259755371907725 -0.14440551276234873 -0.6723887025258624
    outer loop
      vertex 144.07386995642918 0.9386067902413853 3.9
      vertex 145.13815039801162 1.167226819279527 5
      vertex 145.0615582970243 0.7821723252011543 5
    endloop
  endfacet
  facet normal 0.7124076709422493 -0.2009197429279145 -0.6723887025258682
    outer loop
      vertex 144.16578047761394 1.4006721831354323 3.9
      vertex 145.24471741852423 1.545084971874737 5
      vertex 145.13815039801162 1.167226819279527 5
    endloop
  endfacet
  facet normal 0.7124076709422488 -0.200919742927923 -0.6723887025258664
    outer loop
      vertex 144.16578047761394 1.4006721831354323 3.9
      vertex 144.29366090222908 1.8541019662496843 3.9
      vertex 145.24471741852423 1.545084971874737 5
    endloop
  endfacet
  facet normal 0.6944475745027797 -0.2561952360657378 -0.672388702525873
    outer loop
      vertex 144.29366090222908 1.8541019662496843 3.9
      vertex 144.45672280493227 2.2961005941905386 3.9
      vertex 145.38060233744358 1.913417161825449 5
    endloop
  endfacet
  facet normal 0.6722059778392449 -0.3098912003796776 -0.6723887025258731
    outer loop
      vertex 144.45672280493227 2.2961005941905386 3.9
      vertex 144.65396085486978 2.7239429984372805 3.9
      vertex 145.38060233744358 1.913417161825449 5
    endloop
  endfacet
  facet normal 0.6458200077911644 -0.3616765823939885 -0.6723887025258716
    outer loop
      vertex 144.65396085486978 2.7239429984372805 3.9
      vertex 144.88415901387543 3.134991388295693 3.9
      vertex 145.54496737905816 2.2699524986977337 5
    endloop
  endfacet
  facet normal 0.6944475745027743 -0.25619523606577144 -0.6723887025258658
    outer loop
      vertex 144.29366090222908 1.8541019662496843 3.9
      vertex 145.38060233744358 1.913417161825449 5
      vertex 145.24471741852423 1.545084971874737 5
    endloop
  endfacet
  facet normal 0.6722059778392496 -0.3098912003796709 -0.6723887025258716
    outer loop
      vertex 144.65396085486978 2.7239429984372805 3.9
      vertex 145.54496737905816 2.2699524986977337 5
      vertex 145.38060233744358 1.913417161825449 5
    endloop
  endfacet
  facet normal 0.6458200077911592 -0.3616765823939944 -0.6723887025258732
    outer loop
      vertex 144.88415901387543 3.134991388295693 3.9
      vertex 145.73679917822955 2.612492823579744 5
      vertex 145.54496737905816 2.2699524986977337 5
    endloop
  endfacet
  facet normal -0.7396275727784496 -0.029060046480292902 -0.6723887025258696
    outer loop
      vertex 156 0 3.9
      vertex 154.98458666866563 0.3922954786392247 5
      vertex 155.98150400239876 0.4707545743670697 3.9
    endloop
  endfacet
  facet normal -0.7350675228411508 -0.08700097459087038 -0.6723887025258626
    outer loop
      vertex 155.98150400239876 0.4707545743670697 3.9
      vertex 154.9384417029757 0.7821723252011543 5
      vertex 155.92613004357082 0.9386067902413853 3.9
    endloop
  endfacet
  facet normal -0.7259755371907727 -0.1444055127623218 -0.672388702525868
    outer loop
      vertex 155.92613004357082 0.9386067902413853 3.9
      vertex 154.86184960198838 1.167226819279527 5
      vertex 155.83421952238606 1.4006721831354323 3.9
    endloop
  endfacet
  facet normal -0.7396275727784524 -0.029060046480311023 -0.6723887025258657
    outer loop
      vertex 156 0 3.9
      vertex 155 0 5
      vertex 154.98458666866563 0.3922954786392247 5
    endloop
  endfacet
  facet normal -0.7350675228411482 -0.0870009745908344 -0.6723887025258701
    outer loop
      vertex 155.98150400239876 0.4707545743670697 3.9
      vertex 154.98458666866563 0.3922954786392247 5
      vertex 154.9384417029757 0.7821723252011543 5
    endloop
  endfacet
  facet normal -0.7259755371907725 -0.14440551276234873 -0.6723887025258624
    outer loop
      vertex 155.92613004357082 0.9386067902413853 3.9
      vertex 154.9384417029757 0.7821723252011543 5
      vertex 154.86184960198838 1.167226819279527 5
    endloop
  endfacet
  facet normal -0.7124076709422493 -0.2009197429279145 -0.6723887025258682
    outer loop
      vertex 155.83421952238606 1.4006721831354323 3.9
      vertex 154.86184960198838 1.167226819279527 5
      vertex 154.75528258147577 1.545084971874737 5
    endloop
  endfacet
  facet normal -0.7124076709422488 -0.200919742927923 -0.6723887025258664
    outer loop
      vertex 155.83421952238606 1.4006721831354323 3.9
      vertex 154.75528258147577 1.545084971874737 5
      vertex 155.70633909777092 1.8541019662496843 3.9
    endloop
  endfacet
  facet normal -0.6944475745027797 -0.2561952360657378 -0.672388702525873
    outer loop
      vertex 155.70633909777092 1.8541019662496843 3.9
      vertex 154.61939766255642 1.913417161825449 5
      vertex 155.54327719506773 2.2961005941905386 3.9
    endloop
  endfacet
  facet normal -0.6722059778392449 -0.3098912003796776 -0.6723887025258731
    outer loop
      vertex 155.54327719506773 2.2961005941905386 3.9
      vertex 154.61939766255642 1.913417161825449 5
      vertex 155.34603914513022 2.7239429984372805 3.9
    endloop
  endfacet
  facet normal -0.6458200077911644 -0.3616765823939885 -0.6723887025258716
    outer loop
      vertex 155.34603914513022 2.7239429984372805 3.9
      vertex 154.45503262094184 2.2699524986977337 5
      vertex 155.11584098612457 3.134991388295693 3.9
    endloop
  endfacet
  facet normal -0.6458200077911592 -0.3616765823939944 -0.6723887025258732
    outer loop
      vertex 155.11584098612457 3.134991388295693 3.9
      vertex 154.45503262094184 2.2699524986977337 5
      vertex 154.26320082177045 2.612492823579744 5
    endloop
  endfacet
  facet normal -0.6944475745027743 -0.25619523606577144 -0.6723887025258658
    outer loop
      vertex 155.70633909777092 1.8541019662496843 3.9
      vertex 154.75528258147577 1.545084971874737 5
      vertex 154.61939766255642 1.913417161825449 5
    endloop
  endfacet
  facet normal -0.6722059778392496 -0.3098912003796709 -0.6723887025258716
    outer loop
      vertex 155.34603914513022 2.7239429984372805 3.9
      vertex 154.61939766255642 1.913417161825449 5
      vertex 154.45503262094184 2.2699524986977337 5
    endloop
  endfacet
  facet normal 0.6154523426380957 -0.41123210800818283 -0.6723887025258725
    outer loop
      vertex 144.88415901387543 3.134991388295693 3.9
      vertex 145.1458980337503 3.526711513754839 3.9
      vertex 145.73679917822955 2.612492823579744 5
    endloop
  endfacet
  facet normal 0.5812902091340014 -0.4582522509279445 -0.6723887025258687
    outer loop
      vertex 145.1458980337503 3.526711513754839 3.9
      vertex 145.43756420639983 3.896688289981102 3.9
      vertex 145.95491502812527 2.938926261462366 5
    endloop
  endfacet
  facet normal 0.543544228192014 -0.5024471163363666 -0.6723887025258661
    outer loop
      vertex 145.43756420639983 3.896688289981102 3.9
      vertex 145.7573593128807 4.242640687119286 3.9
      vertex 146.19797017199986 3.2472402416509185 5
    endloop
  endfacet
  facet normal 0.5024471163363858 -0.543544228191994 -0.6723887025258679
    outer loop
      vertex 145.7573593128807 4.242640687119286 3.9
      vertex 146.1033117100189 4.562435793600185 3.9
      vertex 146.46446609406726 3.5355339059327378 5
    endloop
  endfacet
  facet normal 0.45825225092791855 -0.5812902091340247 -0.6723887025258664
    outer loop
      vertex 146.1033117100189 4.562435793600185 3.9
      vertex 146.47328848624517 4.854101966249685 3.9
      vertex 146.75275975834907 3.8020298280001548 5
    endloop
  endfacet
  facet normal 0.6154523426381066 -0.41123210800817206 -0.6723887025258692
    outer loop
      vertex 145.1458980337503 3.526711513754839 3.9
      vertex 145.95491502812527 2.938926261462366 5
      vertex 145.73679917822955 2.612492823579744 5
    endloop
  endfacet
  facet normal 0.5812902091340121 -0.45825225092793526 -0.6723887025258658
    outer loop
      vertex 145.43756420639983 3.896688289981102 3.9
      vertex 146.19797017199986 3.2472402416509185 5
      vertex 145.95491502812527 2.938926261462366 5
    endloop
  endfacet
  facet normal 0.5435442281920081 -0.502447116336371 -0.6723887025258675
    outer loop
      vertex 145.7573593128807 4.242640687119286 3.9
      vertex 146.46446609406726 3.5355339059327378 5
      vertex 146.19797017199986 3.2472402416509185 5
    endloop
  endfacet
  facet normal 0.5024471163363917 -0.5435442281919904 -0.6723887025258665
    outer loop
      vertex 146.1033117100189 4.562435793600185 3.9
      vertex 146.75275975834907 3.8020298280001548 5
      vertex 146.46446609406726 3.5355339059327378 5
    endloop
  endfacet
  facet normal 0.4582522509279282 -0.5812902091340197 -0.672388702525864
    outer loop
      vertex 146.47328848624517 4.854101966249685 3.9
      vertex 147.06107373853763 4.045084971874737 5
      vertex 146.75275975834907 3.8020298280001548 5
    endloop
  endfacet
  facet normal 0.41123210800816606 -0.6154523426381112 -0.6723887025258686
    outer loop
      vertex 146.8650086117043 5.115840986124553 3.9
      vertex 147.38750717642026 4.263200821770461 5
      vertex 147.06107373853763 4.045084971874737 5
    endloop
  endfacet
  facet normal 0.4112321080081847 -0.6154523426381033 -0.6723887025258642
    outer loop
      vertex 146.47328848624517 4.854101966249685 3.9
      vertex 146.8650086117043 5.115840986124553 3.9
      vertex 147.06107373853763 4.045084971874737 5
    endloop
  endfacet
  facet normal 0.36167658239398554 -0.6458200077911694 -0.6723887025258681
    outer loop
      vertex 146.8650086117043 5.115840986124553 3.9
      vertex 147.27605700156272 5.346039145130208 3.9
      vertex 147.38750717642026 4.263200821770461 5
    endloop
  endfacet
  facet normal 0.3098912003796799 -0.6722059778392507 -0.6723887025258664
    outer loop
      vertex 147.27605700156272 5.346039145130208 3.9
      vertex 147.70389940580947 5.54327719506772 3.9
      vertex 147.73004750130227 4.455032620941839 5
    endloop
  endfacet
  facet normal 0.2561952360657566 -0.6944475745027785 -0.6723887025258671
    outer loop
      vertex 147.70389940580947 5.54327719506772 3.9
      vertex 148.1458980337503 5.706339097770921 3.9
      vertex 148.08658283817456 4.619397662556434 5
    endloop
  endfacet
  facet normal 0.20091974292791903 -0.7124076709422489 -0.6723887025258672
    outer loop
      vertex 148.1458980337503 5.706339097770921 3.9
      vertex 148.59932781686456 5.834219522386059 3.9
      vertex 148.45491502812527 4.755282581475767 5
    endloop
  endfacet
  facet normal 0.1444055127623326 -0.7259755371907722 -0.672388702525866
    outer loop
      vertex 148.59932781686456 5.834219522386059 3.9
      vertex 149.06139320975862 5.926130043570827 3.9
      vertex 148.83277318072047 4.861849601988383 5
    endloop
  endfacet
  facet normal 0.3616765823939934 -0.6458200077911668 -0.6723887025258662
    outer loop
      vertex 147.27605700156272 5.346039145130208 3.9
      vertex 147.73004750130227 4.455032620941839 5
      vertex 147.38750717642026 4.263200821770461 5
    endloop
  endfacet
  facet normal 0.30989120037967377 -0.6722059778392522 -0.6723887025258676
    outer loop
      vertex 147.70389940580947 5.54327719506772 3.9
      vertex 148.08658283817456 4.619397662556434 5
      vertex 147.73004750130227 4.455032620941839 5
    endloop
  endfacet
  facet normal 0.2561952360657552 -0.6944475745027787 -0.6723887025258674
    outer loop
      vertex 148.1458980337503 5.706339097770921 3.9
      vertex 148.45491502812527 4.755282581475767 5
      vertex 148.08658283817456 4.619397662556434 5
    endloop
  endfacet
  facet normal 0.20091974292792536 -0.7124076709422485 -0.6723887025258659
    outer loop
      vertex 148.59932781686456 5.834219522386059 3.9
      vertex 148.83277318072047 4.861849601988383 5
      vertex 148.45491502812527 4.755282581475767 5
    endloop
  endfacet
  facet normal 0.14440551276233032 -0.7259755371907721 -0.6723887025258665
    outer loop
      vertex 149.06139320975862 5.926130043570827 3.9
      vertex 149.21782767479885 4.938441702975689 5
      vertex 148.83277318072047 4.861849601988383 5
    endloop
  endfacet
  facet normal -0.5812902091340014 -0.4582522509279445 -0.6723887025258687
    outer loop
      vertex 154.8541019662497 3.526711513754839 3.9
      vertex 154.04508497187473 2.938926261462366 5
      vertex 154.56243579360017 3.896688289981102 3.9
    endloop
  endfacet
  facet normal -0.543544228192014 -0.5024471163363666 -0.6723887025258661
    outer loop
      vertex 154.56243579360017 3.896688289981102 3.9
      vertex 153.80202982800014 3.2472402416509185 5
      vertex 154.2426406871193 4.242640687119286 3.9
    endloop
  endfacet
  facet normal -0.5024471163363858 -0.543544228191994 -0.6723887025258679
    outer loop
      vertex 154.2426406871193 4.242640687119286 3.9
      vertex 153.53553390593274 3.5355339059327378 5
      vertex 153.8966882899811 4.562435793600185 3.9
    endloop
  endfacet
  facet normal -0.45825225092791855 -0.5812902091340247 -0.6723887025258664
    outer loop
      vertex 153.8966882899811 4.562435793600185 3.9
      vertex 153.24724024165093 3.8020298280001548 5
      vertex 153.52671151375483 4.854101966249685 3.9
    endloop
  endfacet
  facet normal -0.6154523426380957 -0.41123210800818283 -0.6723887025258725
    outer loop
      vertex 155.11584098612457 3.134991388295693 3.9
      vertex 154.26320082177045 2.612492823579744 5
      vertex 154.8541019662497 3.526711513754839 3.9
    endloop
  endfacet
  facet normal -0.6154523426381066 -0.41123210800817206 -0.6723887025258692
    outer loop
      vertex 154.8541019662497 3.526711513754839 3.9
      vertex 154.26320082177045 2.612492823579744 5
      vertex 154.04508497187473 2.938926261462366 5
    endloop
  endfacet
  facet normal -0.5812902091340121 -0.45825225092793526 -0.6723887025258658
    outer loop
      vertex 154.56243579360017 3.896688289981102 3.9
      vertex 154.04508497187473 2.938926261462366 5
      vertex 153.80202982800014 3.2472402416509185 5
    endloop
  endfacet
  facet normal -0.5435442281920081 -0.502447116336371 -0.6723887025258675
    outer loop
      vertex 154.2426406871193 4.242640687119286 3.9
      vertex 153.80202982800014 3.2472402416509185 5
      vertex 153.53553390593274 3.5355339059327378 5
    endloop
  endfacet
  facet normal -0.5024471163363917 -0.5435442281919904 -0.6723887025258665
    outer loop
      vertex 153.8966882899811 4.562435793600185 3.9
      vertex 153.53553390593274 3.5355339059327378 5
      vertex 153.24724024165093 3.8020298280001548 5
    endloop
  endfacet
  facet normal -0.4582522509279282 -0.5812902091340197 -0.672388702525864
    outer loop
      vertex 153.52671151375483 4.854101966249685 3.9
      vertex 153.24724024165093 3.8020298280001548 5
      vertex 152.93892626146237 4.045084971874737 5
    endloop
  endfacet
  facet normal -0.41123210800816606 -0.6154523426381112 -0.6723887025258686
    outer loop
      vertex 153.1349913882957 5.115840986124553 3.9
      vertex 152.93892626146237 4.045084971874737 5
      vertex 152.61249282357974 4.263200821770461 5
    endloop
  endfacet
  facet normal -0.4112321080081847 -0.6154523426381033 -0.6723887025258642
    outer loop
      vertex 153.52671151375483 4.854101966249685 3.9
      vertex 152.93892626146237 4.045084971874737 5
      vertex 153.1349913882957 5.115840986124553 3.9
    endloop
  endfacet
  facet normal -0.36167658239398554 -0.6458200077911694 -0.6723887025258681
    outer loop
      vertex 153.1349913882957 5.115840986124553 3.9
      vertex 152.61249282357974 4.263200821770461 5
      vertex 152.72394299843728 5.346039145130208 3.9
    endloop
  endfacet
  facet normal -0.3098912003796799 -0.6722059778392507 -0.6723887025258664
    outer loop
      vertex 152.72394299843728 5.346039145130208 3.9
      vertex 152.26995249869773 4.455032620941839 5
      vertex 152.29610059419053 5.54327719506772 3.9
    endloop
  endfacet
  facet normal 0.08700097459086968 -0.7350675228411475 -0.6723887025258662
    outer loop
      vertex 149.06139320975862 5.926130043570827 3.9
      vertex 149.52924542563292 5.981504002398768 3.9
      vertex 149.21782767479885 4.938441702975689 5
    endloop
  endfacet
  facet normal -0.20091974292791903 -0.7124076709422489 -0.6723887025258672
    outer loop
      vertex 151.8541019662497 5.706339097770921 3.9
      vertex 151.54508497187473 4.755282581475767 5
      vertex 151.40067218313544 5.834219522386059 3.9
    endloop
  endfacet
  facet normal -0.08700097459086968 -0.7350675228411475 -0.6723887025258662
    outer loop
      vertex 150.47075457436708 5.981504002398768 3.9
      vertex 150.93860679024138 5.926130043570827 3.9
      vertex 150.78217232520115 4.938441702975689 5
    endloop
  endfacet
  facet normal -0.1444055127623326 -0.7259755371907722 -0.672388702525866
    outer loop
      vertex 151.40067218313544 5.834219522386059 3.9
      vertex 151.16722681927953 4.861849601988383 5
      vertex 150.93860679024138 5.926130043570827 3.9
    endloop
  endfacet
  facet normal 0.02906004648028834 -0.7396275727784528 -0.6723887025258664
    outer loop
      vertex 149.52924542563292 5.981504002398768 3.9
      vertex 150 6 3.9
      vertex 149.60770452136077 4.9845866686656395 5
    endloop
  endfacet
  facet normal -0.02906004648028834 -0.7396275727784528 -0.6723887025258664
    outer loop
      vertex 150 6 3.9
      vertex 150.47075457436708 5.981504002398768 3.9
      vertex 150.39229547863923 4.9845866686656395 5
    endloop
  endfacet
  facet normal -0.2561952360657566 -0.6944475745027785 -0.6723887025258671
    outer loop
      vertex 152.29610059419053 5.54327719506772 3.9
      vertex 151.91341716182544 4.619397662556434 5
      vertex 151.8541019662497 5.706339097770921 3.9
    endloop
  endfacet
  facet normal -0.2561952360657552 -0.6944475745027787 -0.6723887025258674
    outer loop
      vertex 151.8541019662497 5.706339097770921 3.9
      vertex 151.91341716182544 4.619397662556434 5
      vertex 151.54508497187473 4.755282581475767 5
    endloop
  endfacet
  facet normal -0.14440551276233032 -0.7259755371907721 -0.6723887025258665
    outer loop
      vertex 150.93860679024138 5.926130043570827 3.9
      vertex 151.16722681927953 4.861849601988383 5
      vertex 150.78217232520115 4.938441702975689 5
    endloop
  endfacet
  facet normal -0.20091974292792536 -0.7124076709422485 -0.6723887025258659
    outer loop
      vertex 151.40067218313544 5.834219522386059 3.9
      vertex 151.54508497187473 4.755282581475767 5
      vertex 151.16722681927953 4.861849601988383 5
    endloop
  endfacet
  facet normal -0.3616765823939934 -0.6458200077911668 -0.6723887025258662
    outer loop
      vertex 152.72394299843728 5.346039145130208 3.9
      vertex 152.61249282357974 4.263200821770461 5
      vertex 152.26995249869773 4.455032620941839 5
    endloop
  endfacet
  facet normal -0.30989120037967377 -0.6722059778392522 -0.6723887025258676
    outer loop
      vertex 152.29610059419053 5.54327719506772 3.9
      vertex 152.26995249869773 4.455032620941839 5
      vertex 151.91341716182544 4.619397662556434 5
    endloop
  endfacet
  facet normal 0.0870009745908684 -0.7350675228411474 -0.6723887025258666
    outer loop
      vertex 149.52924542563292 5.981504002398768 3.9
      vertex 149.60770452136077 4.9845866686656395 5
      vertex 149.21782767479885 4.938441702975689 5
    endloop
  endfacet
  facet normal 0.02906004648028882 -0.7396275727784529 -0.6723887025258662
    outer loop
      vertex 150 6 3.9
      vertex 150 5 5
      vertex 149.60770452136077 4.9845866686656395 5
    endloop
  endfacet
  facet normal -0.02906004648028882 -0.7396275727784529 -0.6723887025258662
    outer loop
      vertex 150 6 3.9
      vertex 150.39229547863923 4.9845866686656395 5
      vertex 150 5 5
    endloop
  endfacet
  facet normal -0.0870009745908684 -0.7350675228411474 -0.6723887025258666
    outer loop
      vertex 150.47075457436708 5.981504002398768 3.9
      vertex 150.78217232520115 4.938441702975689 5
      vertex 150.39229547863923 4.9845866686656395 5
    endloop
  endfacet
  facet normal 0.8314696123025476 0.5555702330195985 0
    outer loop
      vertex 17.442079506937723 -1.5674956941478464 1.6
      vertex 17.572949016875157 -1.7633557568774194 0
      vertex 17.442079506937723 -1.5674956941478464 0
    endloop
  endfacet
  facet normal 0.8724960070727981 0.48862124149695335 0
    outer loop
      vertex 17.326980427434897 -1.3619714992186402 1.6
      vertex 17.442079506937723 -1.5674956941478464 0
      vertex 17.326980427434897 -1.3619714992186402 0
    endloop
  endfacet
  facet normal 0.9081431738250835 0.41865973753742347 0
    outer loop
      vertex 17.228361402466142 -1.1480502970952693 1.6
      vertex 17.326980427434897 -1.3619714992186402 0
      vertex 17.228361402466142 -1.1480502970952693 0
    endloop
  endfacet
  facet normal 0.9381913359224812 0.3461170570775013 0
    outer loop
      vertex 17.14683045111454 -0.9270509831248421 1.6
      vertex 17.228361402466142 -1.1480502970952693 0
      vertex 17.14683045111454 -0.9270509831248421 0
    endloop
  endfacet
  facet normal 0.9624552364536488 0.2714404498650686 0
    outer loop
      vertex 17.08289023880697 -0.7003360915677161 1.6
      vertex 17.14683045111454 -0.9270509831248421 0
      vertex 17.08289023880697 -0.7003360915677161 0
    endloop
  endfacet
  facet normal 0.9807852804032282 0.19509032201613943 0
    outer loop
      vertex 17.036934978214585 -0.46930339512069263 1.6
      vertex 17.08289023880697 -0.7003360915677161 0
      vertex 17.036934978214585 -0.46930339512069263 0
    endloop
  endfacet
  facet normal 0.9930684569549278 0.11753739745782531 0
    outer loop
      vertex 17.009247998800618 -0.23537728718353484 1.6
      vertex 17.036934978214585 -0.46930339512069263 0
      vertex 17.009247998800618 -0.23537728718353484 0
    endloop
  endfacet
  facet normal 0.9992290362407227 0.03925981575907488 0
    outer loop
      vertex 17 0 1.6
      vertex 17.009247998800618 -0.23537728718353484 0
      vertex 17 0 0
    endloop
  endfacet
  facet normal 0.4186597375374287 0.908143173825081 0
    outer loop
      vertex 18.63802850078136 -2.673019572565104 0
      vertex 18.63802850078136 -2.673019572565104 4
      vertex 18.85194970290473 -2.77163859753386 0
    endloop
  endfacet
  facet normal 0.19509032201613039 0.9807852804032301 0
    outer loop
      vertex 19.299663908432283 -2.9171097611930294 0
      vertex 19.299663908432283 -2.9171097611930294 4
      vertex 19.530696604879306 -2.9630650217854133 0
    endloop
  endfacet
  facet normal 0.2714404498650736 0.9624552364536475 0
    outer loop
      vertex 19.072949016875157 -2.8531695488854605 0
      vertex 19.072949016875157 -2.8531695488854605 4
      vertex 19.299663908432283 -2.9171097611930294 0
    endloop
  endfacet
  facet normal 0.11753739745783626 0.9930684569549264 0
    outer loop
      vertex 19.530696604879306 -2.9630650217854133 0
      vertex 19.530696604879306 -2.9630650217854133 4
      vertex 19.764622712816465 -2.990752001199384 0
    endloop
  endfacet
  facet normal 0.03925981575906915 0.9992290362407229 0
    outer loop
      vertex 19.764622712816465 -2.990752001199384 0
      vertex 19.764622712816465 -2.990752001199384 4
      vertex 20 -3 0
    endloop
  endfacet
  facet normal -0.03925981575906915 0.9992290362407229 0
    outer loop
      vertex 20 -3 0
      vertex 20 -3 4
      vertex 20.235377287183535 -2.990752001199384 0
    endloop
  endfacet
  facet normal 0.3461170570774927 0.9381913359224843 0
    outer loop
      vertex 18.85194970290473 -2.77163859753386 0
      vertex 18.85194970290473 -2.77163859753386 4
      vertex 19.072949016875157 -2.8531695488854605 0
    endloop
  endfacet
  facet normal 0.4886212414969538 0.8724960070727977 0
    outer loop
      vertex 18.432504305852152 -2.5579204930622765 0
      vertex 18.432504305852152 -2.5579204930622765 4
      vertex 18.63802850078136 -2.673019572565104 0
    endloop
  endfacet
  facet normal 0.5555702330196025 0.831469612302545 0
    outer loop
      vertex 18.23664424312258 -2.4270509831248424 4
      vertex 18.432504305852152 -2.5579204930622765 0
      vertex 18.23664424312258 -2.4270509831248424 0
    endloop
  endfacet
  facet normal 0.6190939493098382 0.7853169308807415 0
    outer loop
      vertex 18.05165585500945 -2.2812178968000927 0
      vertex 18.05165585500945 -2.2812178968000927 4
      vertex 18.23664424312258 -2.4270509831248424 0
    endloop
  endfacet
  facet normal 0.831469612302548 0.5555702330195982 8.319686822561743e-17
    outer loop
      vertex 17.5 -1.6541798378412769 1.6
      vertex 17.572949016875157 -1.7633557568774194 0
      vertex 17.442079506937723 -1.5674956941478464 1.6
    endloop
  endfacet
  facet normal 0.6788007455329399 0.7343225094356873 0
    outer loop
      vertex 18.05165585500945 -2.2812178968000927 0
      vertex 17.878679656440358 -2.121320343559643 0
      vertex 17.878679656440358 -2.121320343559643 4
    endloop
  endfacet
  facet normal 0.7343225094356831 0.6788007455329443 0
    outer loop
      vertex 17.878679656440358 -2.121320343559643 0
      vertex 17.718782103199906 -1.948344144990551 0
      vertex 17.718782103199906 -1.948344144990551 4
    endloop
  endfacet
  facet normal 0.7853169308807444 0.6190939493098345 0
    outer loop
      vertex 17.718782103199906 -1.948344144990551 0
      vertex 17.572949016875157 -1.7633557568774194 0
      vertex 17.572949016875157 -1.7633557568774194 4
    endloop
  endfacet
  facet normal 0.8314696123025475 0.555570233019599 0
    outer loop
      vertex 17.5 -1.6541798378412769 1.6
      vertex 17.572949016875157 -1.7633557568774194 4
      vertex 17.572949016875157 -1.7633557568774194 0
    endloop
  endfacet
  facet normal 0.8724960070727981 0.48862124149695335 0
    outer loop
      vertex 17.442079506937723 -1.5674956941478464 1.6
      vertex 17.442079506937723 -1.5674956941478464 0
      vertex 17.326980427434897 -1.3619714992186402 1.6
    endloop
  endfacet
  facet normal 0.9081431738250835 0.41865973753742347 0
    outer loop
      vertex 17.326980427434897 -1.3619714992186402 1.6
      vertex 17.326980427434897 -1.3619714992186402 0
      vertex 17.228361402466142 -1.1480502970952693 1.6
    endloop
  endfacet
  facet normal 0.9381913359224812 0.3461170570775013 0
    outer loop
      vertex 17.228361402466142 -1.1480502970952693 1.6
      vertex 17.228361402466142 -1.1480502970952693 0
      vertex 17.14683045111454 -0.9270509831248421 1.6
    endloop
  endfacet
  facet normal 0.9624552364536488 0.2714404498650686 0
    outer loop
      vertex 17.14683045111454 -0.9270509831248421 1.6
      vertex 17.14683045111454 -0.9270509831248421 0
      vertex 17.08289023880697 -0.7003360915677161 1.6
    endloop
  endfacet
  facet normal 0.9807852804032282 0.19509032201613943 0
    outer loop
      vertex 17.08289023880697 -0.7003360915677161 1.6
      vertex 17.08289023880697 -0.7003360915677161 0
      vertex 17.036934978214585 -0.46930339512069263 1.6
    endloop
  endfacet
  facet normal 0.9930684569549278 0.11753739745782531 0
    outer loop
      vertex 17.036934978214585 -0.46930339512069263 1.6
      vertex 17.036934978214585 -0.46930339512069263 0
      vertex 17.009247998800618 -0.23537728718353484 1.6
    endloop
  endfacet
  facet normal 0.9992290362407227 0.03925981575907488 0
    outer loop
      vertex 17.009247998800618 -0.23537728718353484 1.6
      vertex 17.009247998800618 -0.23537728718353484 0
      vertex 17 0 1.6
    endloop
  endfacet
  facet normal -0.11753739745783626 0.9930684569549264 0
    outer loop
      vertex 20.235377287183535 -2.990752001199384 0
      vertex 20.235377287183535 -2.990752001199384 4
      vertex 20.469303395120694 -2.9630650217854133 0
    endloop
  endfacet
  facet normal -0.19509032201613039 0.9807852804032301 0
    outer loop
      vertex 20.469303395120694 -2.9630650217854133 0
      vertex 20.469303395120694 -2.9630650217854133 4
      vertex 20.700336091567717 -2.9171097611930294 0
    endloop
  endfacet
  facet normal -0.2714404498650736 0.9624552364536475 0
    outer loop
      vertex 20.700336091567717 -2.9171097611930294 0
      vertex 20.700336091567717 -2.9171097611930294 4
      vertex 20.927050983124843 -2.8531695488854605 0
    endloop
  endfacet
  facet normal -0.3461170570774927 0.9381913359224843 0
    outer loop
      vertex 20.927050983124843 -2.8531695488854605 0
      vertex 20.927050983124843 -2.8531695488854605 4
      vertex 21.14805029709527 -2.77163859753386 0
    endloop
  endfacet
  facet normal -0.4186597375374287 0.908143173825081 0
    outer loop
      vertex 21.14805029709527 -2.77163859753386 0
      vertex 21.14805029709527 -2.77163859753386 4
      vertex 21.36197149921864 -2.673019572565104 0
    endloop
  endfacet
  facet normal -0.4886212414969538 0.8724960070727977 0
    outer loop
      vertex 21.36197149921864 -2.673019572565104 0
      vertex 21.36197149921864 -2.673019572565104 4
      vertex 21.567495694147848 -2.5579204930622765 0
    endloop
  endfacet
  facet normal -0.5555702330196025 0.831469612302545 0
    outer loop
      vertex 21.567495694147848 -2.5579204930622765 0
      vertex 21.567495694147848 -2.5579204930622765 4
      vertex 21.76335575687742 -2.4270509831248424 0
    endloop
  endfacet
  facet normal -0.6190939493098382 0.7853169308807415 0
    outer loop
      vertex 21.76335575687742 -2.4270509831248424 0
      vertex 21.76335575687742 -2.4270509831248424 4
      vertex 21.94834414499055 -2.2812178968000927 0
    endloop
  endfacet
  facet normal -0.6788007455329399 0.7343225094356873 0
    outer loop
      vertex 21.94834414499055 -2.2812178968000927 0
      vertex 21.94834414499055 -2.2812178968000927 4
      vertex 22.121320343559642 -2.121320343559643 0
    endloop
  endfacet
  facet normal -0.7343225094356831 0.6788007455329443 0
    outer loop
      vertex 22.121320343559642 -2.121320343559643 0
      vertex 22.121320343559642 -2.121320343559643 4
      vertex 22.281217896800094 -1.948344144990551 0
    endloop
  endfacet
  facet normal -0.7853169308807444 0.6190939493098345 0
    outer loop
      vertex 22.427050983124843 -1.7633557568774194 0
      vertex 22.281217896800094 -1.948344144990551 0
      vertex 22.281217896800094 -1.948344144990551 4
    endloop
  endfacet
  facet normal -0.8314696123025478 0.5555702330195986 0
    outer loop
      vertex 22.557920493062277 -1.5674956941478464 0
      vertex 22.427050983124843 -1.7633557568774194 0
      vertex 22.427050983124843 -1.7633557568774194 4
    endloop
  endfacet
  facet normal -0.872496007072798 0.4886212414969533 0
    outer loop
      vertex 22.557920493062277 -1.5674956941478464 0
      vertex 22.557920493062277 -1.5674956941478464 4
      vertex 22.673019572565103 -1.3619714992186402 0
    endloop
  endfacet
  facet normal -0.9081431738250835 0.4186597375374234 0
    outer loop
      vertex 22.771638597533858 -1.1480502970952693 0
      vertex 22.673019572565103 -1.3619714992186402 0
      vertex 22.673019572565103 -1.3619714992186402 4
    endloop
  endfacet
  facet normal -0.938191335922481 0.34611705707750123 0
    outer loop
      vertex 22.85316954888546 -0.9270509831248421 0
      vertex 22.771638597533858 -1.1480502970952693 0
      vertex 22.771638597533858 -1.1480502970952693 4
    endloop
  endfacet
  facet normal -0.9624552364536489 0.2714404498650686 0
    outer loop
      vertex 22.91710976119303 -0.7003360915677161 0
      vertex 22.85316954888546 -0.9270509831248421 0
      vertex 22.85316954888546 -0.9270509831248421 4
    endloop
  endfacet
  facet normal -0.9807852804032282 0.19509032201613943 0
    outer loop
      vertex 22.963065021785415 -0.46930339512069263 0
      vertex 22.91710976119303 -0.7003360915677161 0
      vertex 22.91710976119303 -0.7003360915677161 4
    endloop
  endfacet
  facet normal -0.9930684569549278 0.11753739745782531 0
    outer loop
      vertex 22.990752001199382 -0.23537728718353484 0
      vertex 22.963065021785415 -0.46930339512069263 0
      vertex 22.963065021785415 -0.46930339512069263 4
    endloop
  endfacet
  facet normal -0.9992290362407228 0.03925981575907488 0
    outer loop
      vertex 22.990752001199382 -0.23537728718353484 0
      vertex 22.990752001199382 -0.23537728718353484 4
      vertex 23 0 0
    endloop
  endfacet
  facet normal 0.4186597375374287 0.908143173825081 0
    outer loop
      vertex 18.85194970290473 -2.77163859753386 0
      vertex 18.63802850078136 -2.673019572565104 4
      vertex 18.85194970290473 -2.77163859753386 4
    endloop
  endfacet
  facet normal 0.4886212414969538 0.8724960070727977 0
    outer loop
      vertex 18.63802850078136 -2.673019572565104 0
      vertex 18.432504305852152 -2.5579204930622765 4
      vertex 18.63802850078136 -2.673019572565104 4
    endloop
  endfacet
  facet normal 0.19509032201613039 0.9807852804032301 0
    outer loop
      vertex 19.530696604879306 -2.9630650217854133 0
      vertex 19.299663908432283 -2.9171097611930294 4
      vertex 19.530696604879306 -2.9630650217854133 4
    endloop
  endfacet
  facet normal 0.2714404498650736 0.9624552364536475 0
    outer loop
      vertex 19.299663908432283 -2.9171097611930294 0
      vertex 19.072949016875157 -2.8531695488854605 4
      vertex 19.299663908432283 -2.9171097611930294 4
    endloop
  endfacet
  facet normal 0.3461170570774927 0.9381913359224843 0
    outer loop
      vertex 19.072949016875157 -2.8531695488854605 0
      vertex 18.85194970290473 -2.77163859753386 4
      vertex 19.072949016875157 -2.8531695488854605 4
    endloop
  endfacet
  facet normal 0.11753739745783626 0.9930684569549264 0
    outer loop
      vertex 19.764622712816465 -2.990752001199384 0
      vertex 19.530696604879306 -2.9630650217854133 4
      vertex 19.764622712816465 -2.990752001199384 4
    endloop
  endfacet
  facet normal 0.03925981575906915 0.9992290362407229 0
    outer loop
      vertex 20 -3 0
      vertex 19.764622712816465 -2.990752001199384 4
      vertex 20 -3 4
    endloop
  endfacet
  facet normal -0.03925981575906915 0.9992290362407229 0
    outer loop
      vertex 20.235377287183535 -2.990752001199384 0
      vertex 20 -3 4
      vertex 20.235377287183535 -2.990752001199384 4
    endloop
  endfacet
  facet normal 0.5555702330196025 0.831469612302545 0
    outer loop
      vertex 18.432504305852152 -2.5579204930622765 0
      vertex 18.23664424312258 -2.4270509831248424 4
      vertex 18.432504305852152 -2.5579204930622765 4
    endloop
  endfacet
  facet normal 0.6190939493098382 0.7853169308807415 0
    outer loop
      vertex 18.23664424312258 -2.4270509831248424 0
      vertex 18.05165585500945 -2.2812178968000927 4
      vertex 18.23664424312258 -2.4270509831248424 4
    endloop
  endfacet
  facet normal 0.6788007455329399 0.7343225094356873 0
    outer loop
      vertex 18.05165585500945 -2.2812178968000927 0
      vertex 17.878679656440358 -2.121320343559643 4
      vertex 18.05165585500945 -2.2812178968000927 4
    endloop
  endfacet
  facet normal 0.7343225094356831 0.6788007455329443 0
    outer loop
      vertex 17.878679656440358 -2.121320343559643 0
      vertex 17.718782103199906 -1.948344144990551 4
      vertex 17.878679656440358 -2.121320343559643 4
    endloop
  endfacet
  facet normal 0.7853169308807444 0.6190939493098345 0
    outer loop
      vertex 17.718782103199906 -1.948344144990551 0
      vertex 17.572949016875157 -1.7633557568774194 4
      vertex 17.718782103199906 -1.948344144990551 4
    endloop
  endfacet
  facet normal -0.11753739745783626 0.9930684569549264 0
    outer loop
      vertex 20.469303395120694 -2.9630650217854133 0
      vertex 20.235377287183535 -2.990752001199384 4
      vertex 20.469303395120694 -2.9630650217854133 4
    endloop
  endfacet
  facet normal -0.19509032201613039 0.9807852804032301 0
    outer loop
      vertex 20.700336091567717 -2.9171097611930294 0
      vertex 20.469303395120694 -2.9630650217854133 4
      vertex 20.700336091567717 -2.9171097611930294 4
    endloop
  endfacet
  facet normal -0.2714404498650736 0.9624552364536475 0
    outer loop
      vertex 20.927050983124843 -2.8531695488854605 0
      vertex 20.700336091567717 -2.9171097611930294 4
      vertex 20.927050983124843 -2.8531695488854605 4
    endloop
  endfacet
  facet normal -0.3461170570774927 0.9381913359224843 0
    outer loop
      vertex 21.14805029709527 -2.77163859753386 0
      vertex 20.927050983124843 -2.8531695488854605 4
      vertex 21.14805029709527 -2.77163859753386 4
    endloop
  endfacet
  facet normal -0.4186597375374287 0.908143173825081 0
    outer loop
      vertex 21.36197149921864 -2.673019572565104 0
      vertex 21.14805029709527 -2.77163859753386 4
      vertex 21.36197149921864 -2.673019572565104 4
    endloop
  endfacet
  facet normal -0.4886212414969538 0.8724960070727977 0
    outer loop
      vertex 21.567495694147848 -2.5579204930622765 0
      vertex 21.36197149921864 -2.673019572565104 4
      vertex 21.567495694147848 -2.5579204930622765 4
    endloop
  endfacet
  facet normal -0.5555702330196025 0.831469612302545 0
    outer loop
      vertex 21.76335575687742 -2.4270509831248424 0
      vertex 21.567495694147848 -2.5579204930622765 4
      vertex 21.76335575687742 -2.4270509831248424 4
    endloop
  endfacet
  facet normal -0.6190939493098382 0.7853169308807415 0
    outer loop
      vertex 21.94834414499055 -2.2812178968000927 0
      vertex 21.76335575687742 -2.4270509831248424 4
      vertex 21.94834414499055 -2.2812178968000927 4
    endloop
  endfacet
  facet normal -0.6788007455329399 0.7343225094356873 0
    outer loop
      vertex 22.121320343559642 -2.121320343559643 0
      vertex 21.94834414499055 -2.2812178968000927 4
      vertex 22.121320343559642 -2.121320343559643 4
    endloop
  endfacet
  facet normal -0.7343225094356831 0.6788007455329443 0
    outer loop
      vertex 22.281217896800094 -1.948344144990551 0
      vertex 22.121320343559642 -2.121320343559643 4
      vertex 22.281217896800094 -1.948344144990551 4
    endloop
  endfacet
  facet normal -0.7853169308807444 0.6190939493098345 0
    outer loop
      vertex 22.427050983124843 -1.7633557568774194 0
      vertex 22.281217896800094 -1.948344144990551 4
      vertex 22.427050983124843 -1.7633557568774194 4
    endloop
  endfacet
  facet normal -0.8314696123025478 0.5555702330195986 0
    outer loop
      vertex 22.557920493062277 -1.5674956941478464 0
      vertex 22.427050983124843 -1.7633557568774194 4
      vertex 22.557920493062277 -1.5674956941478464 4
    endloop
  endfacet
  facet normal -0.872496007072798 0.4886212414969533 0
    outer loop
      vertex 22.673019572565103 -1.3619714992186402 4
      vertex 22.673019572565103 -1.3619714992186402 0
      vertex 22.557920493062277 -1.5674956941478464 4
    endloop
  endfacet
  facet normal -0.9081431738250835 0.4186597375374234 0
    outer loop
      vertex 22.673019572565103 -1.3619714992186402 4
      vertex 22.771638597533858 -1.1480502970952693 4
      vertex 22.771638597533858 -1.1480502970952693 0
    endloop
  endfacet
  facet normal -0.938191335922481 0.34611705707750123 0
    outer loop
      vertex 22.85316954888546 -0.9270509831248421 0
      vertex 22.771638597533858 -1.1480502970952693 4
      vertex 22.85316954888546 -0.9270509831248421 4
    endloop
  endfacet
  facet normal -0.9624552364536489 0.2714404498650686 0
    outer loop
      vertex 22.91710976119303 -0.7003360915677161 0
      vertex 22.85316954888546 -0.9270509831248421 4
      vertex 22.91710976119303 -0.7003360915677161 4
    endloop
  endfacet
  facet normal -0.9807852804032282 0.19509032201613943 0
    outer loop
      vertex 22.91710976119303 -0.7003360915677161 4
      vertex 22.963065021785415 -0.46930339512069263 4
      vertex 22.963065021785415 -0.46930339512069263 0
    endloop
  endfacet
  facet normal -0.9930684569549278 0.11753739745782531 0
    outer loop
      vertex 22.990752001199382 -0.23537728718353484 0
      vertex 22.963065021785415 -0.46930339512069263 4
      vertex 22.990752001199382 -0.23537728718353484 4
    endloop
  endfacet
  facet normal -0.9992290362407228 0.03925981575907488 0
    outer loop
      vertex 23 0 0
      vertex 22.990752001199382 -0.23537728718353484 4
      vertex 23 0 4
    endloop
  endfacet
  facet normal 0.8314696123025475 0.555570233019599 0
    outer loop
      vertex 17.5 -1.6541798378412769 1.6
      vertex 17.5 -1.6541798378412769 4
      vertex 17.572949016875157 -1.7633557568774194 4
    endloop
  endfacet
  facet normal 0.9992290362407227 -0.03925981575907488 0
    outer loop
      vertex 17.009247998800618 0.23537728718353484 1.6
      vertex 17 0 0
      vertex 17.009247998800618 0.23537728718353484 0
    endloop
  endfacet
  facet normal 0.9930684569549278 -0.11753739745782531 0
    outer loop
      vertex 17.036934978214585 0.46930339512069263 1.6
      vertex 17.009247998800618 0.23537728718353484 0
      vertex 17.036934978214585 0.46930339512069263 0
    endloop
  endfacet
  facet normal 0.9807852804032282 -0.19509032201613943 0
    outer loop
      vertex 17.08289023880697 0.7003360915677161 1.6
      vertex 17.036934978214585 0.46930339512069263 0
      vertex 17.08289023880697 0.7003360915677161 0
    endloop
  endfacet
  facet normal 0.9624552364536488 -0.2714404498650686 0
    outer loop
      vertex 17.14683045111454 0.9270509831248421 1.6
      vertex 17.08289023880697 0.7003360915677161 0
      vertex 17.14683045111454 0.9270509831248421 0
    endloop
  endfacet
  facet normal 0.9381913359224812 -0.3461170570775013 0
    outer loop
      vertex 17.228361402466142 1.1480502970952693 1.6
      vertex 17.14683045111454 0.9270509831248421 0
      vertex 17.228361402466142 1.1480502970952693 0
    endloop
  endfacet
  facet normal 0.9081431738250835 -0.41865973753742347 0
    outer loop
      vertex 17.326980427434897 1.3619714992186402 1.6
      vertex 17.228361402466142 1.1480502970952693 0
      vertex 17.326980427434897 1.3619714992186402 0
    endloop
  endfacet
  facet normal 0.8724960070727981 -0.48862124149695335 0
    outer loop
      vertex 17.442079506937723 1.5674956941478464 1.6
      vertex 17.326980427434897 1.3619714992186402 0
      vertex 17.442079506937723 1.5674956941478464 0
    endloop
  endfacet
  facet normal 0.8314696123025476 -0.5555702330195985 3.682143863126567e-17
    outer loop
      vertex 17.5 1.6541798378412769 1.6
      vertex 17.442079506937723 1.5674956941478464 0
      vertex 17.572949016875157 1.7633557568774194 0
    endloop
  endfacet
  facet normal 0.9992290362407227 -0.03925981575907488 0
    outer loop
      vertex 17 0 1.6
      vertex 17 0 0
      vertex 17.009247998800618 0.23537728718353484 1.6
    endloop
  endfacet
  facet normal 0.9930684569549278 -0.11753739745782531 0
    outer loop
      vertex 17.009247998800618 0.23537728718353484 1.6
      vertex 17.009247998800618 0.23537728718353484 0
      vertex 17.036934978214585 0.46930339512069263 1.6
    endloop
  endfacet
  facet normal 0.9807852804032282 -0.19509032201613943 0
    outer loop
      vertex 17.036934978214585 0.46930339512069263 1.6
      vertex 17.036934978214585 0.46930339512069263 0
      vertex 17.08289023880697 0.7003360915677161 1.6
    endloop
  endfacet
  facet normal 0.9624552364536488 -0.2714404498650686 0
    outer loop
      vertex 17.08289023880697 0.7003360915677161 1.6
      vertex 17.08289023880697 0.7003360915677161 0
      vertex 17.14683045111454 0.9270509831248421 1.6
    endloop
  endfacet
  facet normal 0.9381913359224812 -0.3461170570775013 0
    outer loop
      vertex 17.14683045111454 0.9270509831248421 1.6
      vertex 17.14683045111454 0.9270509831248421 0
      vertex 17.228361402466142 1.1480502970952693 1.6
    endloop
  endfacet
  facet normal 0.9081431738250835 -0.41865973753742347 0
    outer loop
      vertex 17.228361402466142 1.1480502970952693 1.6
      vertex 17.228361402466142 1.1480502970952693 0
      vertex 17.326980427434897 1.3619714992186402 1.6
    endloop
  endfacet
  facet normal 0.8724960070727981 -0.48862124149695335 0
    outer loop
      vertex 17.326980427434897 1.3619714992186402 1.6
      vertex 17.326980427434897 1.3619714992186402 0
      vertex 17.442079506937723 1.5674956941478464 1.6
    endloop
  endfacet
  facet normal 0.831469612302548 -0.5555702330195982 0
    outer loop
      vertex 17.442079506937723 1.5674956941478464 1.6
      vertex 17.442079506937723 1.5674956941478464 0
      vertex 17.5 1.6541798378412769 1.6
    endloop
  endfacet
  facet normal 0.7853169308807444 -0.6190939493098345 0
    outer loop
      vertex 17.572949016875157 1.7633557568774194 0
      vertex 17.718782103199906 1.948344144990551 0
      vertex 17.718782103199906 1.948344144990551 4
    endloop
  endfacet
  facet normal 0.7343225094356831 -0.6788007455329443 0
    outer loop
      vertex 17.718782103199906 1.948344144990551 0
      vertex 17.878679656440358 2.121320343559643 0
      vertex 17.878679656440358 2.121320343559643 4
    endloop
  endfacet
  facet normal 0.6788007455329399 -0.7343225094356873 0
    outer loop
      vertex 18.05165585500945 2.2812178968000927 0
      vertex 18.05165585500945 2.2812178968000927 4
      vertex 17.878679656440358 2.121320343559643 0
    endloop
  endfacet
  facet normal 0.6190939493098382 -0.7853169308807415 0
    outer loop
      vertex 18.23664424312258 2.4270509831248424 0
      vertex 18.23664424312258 2.4270509831248424 4
      vertex 18.05165585500945 2.2812178968000927 0
    endloop
  endfacet
  facet normal 0.5555702330196025 -0.831469612302545 0
    outer loop
      vertex 18.432504305852152 2.5579204930622765 0
      vertex 18.432504305852152 2.5579204930622765 4
      vertex 18.23664424312258 2.4270509831248424 0
    endloop
  endfacet
  facet normal 0.4886212414969538 -0.8724960070727977 0
    outer loop
      vertex 18.63802850078136 2.673019572565104 0
      vertex 18.63802850078136 2.673019572565104 4
      vertex 18.432504305852152 2.5579204930622765 0
    endloop
  endfacet
  facet normal 0.4186597375374287 -0.908143173825081 0
    outer loop
      vertex 18.85194970290473 2.77163859753386 0
      vertex 18.85194970290473 2.77163859753386 4
      vertex 18.63802850078136 2.673019572565104 0
    endloop
  endfacet
  facet normal 0.3461170570774927 -0.9381913359224843 0
    outer loop
      vertex 19.072949016875157 2.8531695488854605 0
      vertex 19.072949016875157 2.8531695488854605 4
      vertex 18.85194970290473 2.77163859753386 0
    endloop
  endfacet
  facet normal 0.2714404498650736 -0.9624552364536475 0
    outer loop
      vertex 19.299663908432283 2.9171097611930294 0
      vertex 19.299663908432283 2.9171097611930294 4
      vertex 19.072949016875157 2.8531695488854605 0
    endloop
  endfacet
  facet normal 0.19509032201613039 -0.9807852804032301 0
    outer loop
      vertex 19.530696604879306 2.9630650217854133 0
      vertex 19.530696604879306 2.9630650217854133 4
      vertex 19.299663908432283 2.9171097611930294 0
    endloop
  endfacet
  facet normal 0.11753739745783626 -0.9930684569549264 0
    outer loop
      vertex 19.764622712816465 2.990752001199384 0
      vertex 19.764622712816465 2.990752001199384 4
      vertex 19.530696604879306 2.9630650217854133 0
    endloop
  endfacet
  facet normal 0.03925981575906915 -0.9992290362407229 0
    outer loop
      vertex 19.764622712816465 2.990752001199384 0
      vertex 20 3 0
      vertex 20 3 4
    endloop
  endfacet
  facet normal -0.03925981575906915 -0.9992290362407229 0
    outer loop
      vertex 20.235377287183535 2.990752001199384 0
      vertex 20.235377287183535 2.990752001199384 4
      vertex 20 3 0
    endloop
  endfacet
  facet normal 0.8314696123025475 -0.555570233019599 0
    outer loop
      vertex 17.5 1.6541798378412769 1.6
      vertex 17.572949016875157 1.7633557568774194 0
      vertex 17.572949016875157 1.7633557568774194 4
    endloop
  endfacet
  facet normal -0.9992290362407228 -0.03925981575907488 0
    outer loop
      vertex 23 0 0
      vertex 23 0 4
      vertex 22.990752001199382 0.23537728718353484 0
    endloop
  endfacet
  facet normal -0.9930684569549278 -0.11753739745782531 0
    outer loop
      vertex 22.963065021785415 0.46930339512069263 0
      vertex 22.990752001199382 0.23537728718353484 0
      vertex 22.990752001199382 0.23537728718353484 4
    endloop
  endfacet
  facet normal -0.9807852804032282 -0.19509032201613943 0
    outer loop
      vertex 22.91710976119303 0.7003360915677161 0
      vertex 22.963065021785415 0.46930339512069263 0
      vertex 22.963065021785415 0.46930339512069263 4
    endloop
  endfacet
  facet normal -0.9624552364536489 -0.2714404498650686 0
    outer loop
      vertex 22.85316954888546 0.9270509831248421 0
      vertex 22.91710976119303 0.7003360915677161 0
      vertex 22.91710976119303 0.7003360915677161 4
    endloop
  endfacet
  facet normal -0.938191335922481 -0.34611705707750123 0
    outer loop
      vertex 22.771638597533858 1.1480502970952693 0
      vertex 22.85316954888546 0.9270509831248421 0
      vertex 22.85316954888546 0.9270509831248421 4
    endloop
  endfacet
  facet normal -0.9081431738250835 -0.4186597375374234 0
    outer loop
      vertex 22.673019572565103 1.3619714992186402 0
      vertex 22.771638597533858 1.1480502970952693 0
      vertex 22.771638597533858 1.1480502970952693 4
    endloop
  endfacet
  facet normal -0.872496007072798 -0.4886212414969533 0
    outer loop
      vertex 22.673019572565103 1.3619714992186402 0
      vertex 22.673019572565103 1.3619714992186402 4
      vertex 22.557920493062277 1.5674956941478464 0
    endloop
  endfacet
  facet normal -0.8314696123025478 -0.5555702330195986 0
    outer loop
      vertex 22.557920493062277 1.5674956941478464 0
      vertex 22.557920493062277 1.5674956941478464 4
      vertex 22.427050983124843 1.7633557568774194 0
    endloop
  endfacet
  facet normal -0.7853169308807444 -0.6190939493098345 0
    outer loop
      vertex 22.281217896800094 1.948344144990551 0
      vertex 22.427050983124843 1.7633557568774194 0
      vertex 22.427050983124843 1.7633557568774194 4
    endloop
  endfacet
  facet normal -0.7343225094356831 -0.6788007455329443 0
    outer loop
      vertex 22.121320343559642 2.121320343559643 0
      vertex 22.281217896800094 1.948344144990551 0
      vertex 22.281217896800094 1.948344144990551 4
    endloop
  endfacet
  facet normal -0.6788007455329399 -0.7343225094356873 0
    outer loop
      vertex 22.121320343559642 2.121320343559643 0
      vertex 22.121320343559642 2.121320343559643 4
      vertex 21.94834414499055 2.2812178968000927 0
    endloop
  endfacet
  facet normal -0.4886212414969538 -0.8724960070727977 0
    outer loop
      vertex 21.567495694147848 2.5579204930622765 0
      vertex 21.567495694147848 2.5579204930622765 4
      vertex 21.36197149921864 2.673019572565104 0
    endloop
  endfacet
  facet normal -0.6190939493098382 -0.7853169308807415 0
    outer loop
      vertex 21.94834414499055 2.2812178968000927 0
      vertex 21.94834414499055 2.2812178968000927 4
      vertex 21.76335575687742 2.4270509831248424 0
    endloop
  endfacet
  facet normal -0.5555702330196025 -0.831469612302545 0
    outer loop
      vertex 21.76335575687742 2.4270509831248424 0
      vertex 21.76335575687742 2.4270509831248424 4
      vertex 21.567495694147848 2.5579204930622765 0
    endloop
  endfacet
  facet normal -0.4186597375374287 -0.908143173825081 0
    outer loop
      vertex 21.36197149921864 2.673019572565104 0
      vertex 21.36197149921864 2.673019572565104 4
      vertex 21.14805029709527 2.77163859753386 0
    endloop
  endfacet
  facet normal -0.3461170570774927 -0.9381913359224843 0
    outer loop
      vertex 21.14805029709527 2.77163859753386 0
      vertex 21.14805029709527 2.77163859753386 4
      vertex 20.927050983124843 2.8531695488854605 0
    endloop
  endfacet
  facet normal -0.2714404498650736 -0.9624552364536475 0
    outer loop
      vertex 20.927050983124843 2.8531695488854605 0
      vertex 20.927050983124843 2.8531695488854605 4
      vertex 20.700336091567717 2.9171097611930294 0
    endloop
  endfacet
  facet normal -0.11753739745783626 -0.9930684569549264 0
    outer loop
      vertex 20.469303395120694 2.9630650217854133 0
      vertex 20.469303395120694 2.9630650217854133 4
      vertex 20.235377287183535 2.990752001199384 0
    endloop
  endfacet
  facet normal -0.19509032201613039 -0.9807852804032301 0
    outer loop
      vertex 20.700336091567717 2.9171097611930294 0
      vertex 20.700336091567717 2.9171097611930294 4
      vertex 20.469303395120694 2.9630650217854133 0
    endloop
  endfacet
  facet normal 0.7853169308807444 -0.6190939493098345 0
    outer loop
      vertex 17.572949016875157 1.7633557568774194 0
      vertex 17.718782103199906 1.948344144990551 4
      vertex 17.572949016875157 1.7633557568774194 4
    endloop
  endfacet
  facet normal 0.7343225094356831 -0.6788007455329443 0
    outer loop
      vertex 17.878679656440358 2.121320343559643 4
      vertex 17.718782103199906 1.948344144990551 4
      vertex 17.718782103199906 1.948344144990551 0
    endloop
  endfacet
  facet normal 0.6788007455329399 -0.7343225094356873 0
    outer loop
      vertex 17.878679656440358 2.121320343559643 0
      vertex 18.05165585500945 2.2812178968000927 4
      vertex 17.878679656440358 2.121320343559643 4
    endloop
  endfacet
  facet normal 0.6190939493098382 -0.7853169308807415 0
    outer loop
      vertex 18.05165585500945 2.2812178968000927 0
      vertex 18.23664424312258 2.4270509831248424 4
      vertex 18.05165585500945 2.2812178968000927 4
    endloop
  endfacet
  facet normal 0.5555702330196025 -0.831469612302545 0
    outer loop
      vertex 18.23664424312258 2.4270509831248424 0
      vertex 18.432504305852152 2.5579204930622765 4
      vertex 18.23664424312258 2.4270509831248424 4
    endloop
  endfacet
  facet normal 0.4886212414969538 -0.8724960070727977 0
    outer loop
      vertex 18.432504305852152 2.5579204930622765 0
      vertex 18.63802850078136 2.673019572565104 4
      vertex 18.432504305852152 2.5579204930622765 4
    endloop
  endfacet
  facet normal 0.4186597375374287 -0.908143173825081 0
    outer loop
      vertex 18.63802850078136 2.673019572565104 0
      vertex 18.85194970290473 2.77163859753386 4
      vertex 18.63802850078136 2.673019572565104 4
    endloop
  endfacet
  facet normal 0.3461170570774927 -0.9381913359224843 0
    outer loop
      vertex 18.85194970290473 2.77163859753386 0
      vertex 19.072949016875157 2.8531695488854605 4
      vertex 18.85194970290473 2.77163859753386 4
    endloop
  endfacet
  facet normal 0.2714404498650736 -0.9624552364536475 0
    outer loop
      vertex 19.072949016875157 2.8531695488854605 0
      vertex 19.299663908432283 2.9171097611930294 4
      vertex 19.072949016875157 2.8531695488854605 4
    endloop
  endfacet
  facet normal 0.19509032201613039 -0.9807852804032301 0
    outer loop
      vertex 19.299663908432283 2.9171097611930294 0
      vertex 19.530696604879306 2.9630650217854133 4
      vertex 19.299663908432283 2.9171097611930294 4
    endloop
  endfacet
  facet normal 0.11753739745783626 -0.9930684569549264 0
    outer loop
      vertex 19.530696604879306 2.9630650217854133 0
      vertex 19.764622712816465 2.990752001199384 4
      vertex 19.530696604879306 2.9630650217854133 4
    endloop
  endfacet
  facet normal 0.03925981575906915 -0.9992290362407229 0
    outer loop
      vertex 19.764622712816465 2.990752001199384 0
      vertex 20 3 4
      vertex 19.764622712816465 2.990752001199384 4
    endloop
  endfacet
  facet normal -0.03925981575906915 -0.9992290362407229 0
    outer loop
      vertex 20 3 0
      vertex 20.235377287183535 2.990752001199384 4
      vertex 20 3 4
    endloop
  endfacet
  facet normal -0.9807852804032282 -0.19509032201613943 0
    outer loop
      vertex 22.91710976119303 0.7003360915677161 0
      vertex 22.963065021785415 0.46930339512069263 4
      vertex 22.91710976119303 0.7003360915677161 4
    endloop
  endfacet
  facet normal -0.9992290362407228 -0.03925981575907488 0
    outer loop
      vertex 22.990752001199382 0.23537728718353484 0
      vertex 23 0 4
      vertex 22.990752001199382 0.23537728718353484 4
    endloop
  endfacet
  facet normal -0.9930684569549278 -0.11753739745782531 0
    outer loop
      vertex 22.990752001199382 0.23537728718353484 4
      vertex 22.963065021785415 0.46930339512069263 4
      vertex 22.963065021785415 0.46930339512069263 0
    endloop
  endfacet
  facet normal -0.9624552364536489 -0.2714404498650686 0
    outer loop
      vertex 22.85316954888546 0.9270509831248421 0
      vertex 22.91710976119303 0.7003360915677161 4
      vertex 22.85316954888546 0.9270509831248421 4
    endloop
  endfacet
  facet normal -0.938191335922481 -0.34611705707750123 0
    outer loop
      vertex 22.771638597533858 1.1480502970952693 0
      vertex 22.85316954888546 0.9270509831248421 4
      vertex 22.771638597533858 1.1480502970952693 4
    endloop
  endfacet
  facet normal -0.9081431738250835 -0.4186597375374234 0
    outer loop
      vertex 22.771638597533858 1.1480502970952693 4
      vertex 22.673019572565103 1.3619714992186402 4
      vertex 22.673019572565103 1.3619714992186402 0
    endloop
  endfacet
  facet normal -0.872496007072798 -0.4886212414969533 0
    outer loop
      vertex 22.557920493062277 1.5674956941478464 4
      vertex 22.557920493062277 1.5674956941478464 0
      vertex 22.673019572565103 1.3619714992186402 4
    endloop
  endfacet
  facet normal -0.8314696123025478 -0.5555702330195986 0
    outer loop
      vertex 22.427050983124843 1.7633557568774194 0
      vertex 22.557920493062277 1.5674956941478464 4
      vertex 22.427050983124843 1.7633557568774194 4
    endloop
  endfacet
  facet normal -0.7853169308807444 -0.6190939493098345 0
    outer loop
      vertex 22.281217896800094 1.948344144990551 0
      vertex 22.427050983124843 1.7633557568774194 4
      vertex 22.281217896800094 1.948344144990551 4
    endloop
  endfacet
  facet normal -0.7343225094356831 -0.6788007455329443 0
    outer loop
      vertex 22.281217896800094 1.948344144990551 4
      vertex 22.121320343559642 2.121320343559643 4
      vertex 22.121320343559642 2.121320343559643 0
    endloop
  endfacet
  facet normal -0.6788007455329399 -0.7343225094356873 0
    outer loop
      vertex 21.94834414499055 2.2812178968000927 0
      vertex 22.121320343559642 2.121320343559643 4
      vertex 21.94834414499055 2.2812178968000927 4
    endloop
  endfacet
  facet normal -0.6190939493098382 -0.7853169308807415 0
    outer loop
      vertex 21.76335575687742 2.4270509831248424 0
      vertex 21.94834414499055 2.2812178968000927 4
      vertex 21.76335575687742 2.4270509831248424 4
    endloop
  endfacet
  facet normal -0.5555702330196025 -0.831469612302545 0
    outer loop
      vertex 21.567495694147848 2.5579204930622765 0
      vertex 21.76335575687742 2.4270509831248424 4
      vertex 21.567495694147848 2.5579204930622765 4
    endloop
  endfacet
  facet normal -0.4886212414969538 -0.8724960070727977 0
    outer loop
      vertex 21.567495694147848 2.5579204930622765 4
      vertex 21.36197149921864 2.673019572565104 4
      vertex 21.36197149921864 2.673019572565104 0
    endloop
  endfacet
  facet normal -0.4186597375374287 -0.908143173825081 0
    outer loop
      vertex 21.14805029709527 2.77163859753386 0
      vertex 21.36197149921864 2.673019572565104 4
      vertex 21.14805029709527 2.77163859753386 4
    endloop
  endfacet
  facet normal -0.2714404498650736 -0.9624552364536475 0
    outer loop
      vertex 20.700336091567717 2.9171097611930294 0
      vertex 20.927050983124843 2.8531695488854605 4
      vertex 20.700336091567717 2.9171097611930294 4
    endloop
  endfacet
  facet normal -0.19509032201613039 -0.9807852804032301 0
    outer loop
      vertex 20.469303395120694 2.9630650217854133 0
      vertex 20.700336091567717 2.9171097611930294 4
      vertex 20.469303395120694 2.9630650217854133 4
    endloop
  endfacet
  facet normal -0.11753739745783626 -0.9930684569549264 0
    outer loop
      vertex 20.235377287183535 2.990752001199384 0
      vertex 20.469303395120694 2.9630650217854133 4
      vertex 20.235377287183535 2.990752001199384 4
    endloop
  endfacet
  facet normal -0.3461170570774927 -0.9381913359224843 0
    outer loop
      vertex 20.927050983124843 2.8531695488854605 0
      vertex 21.14805029709527 2.77163859753386 4
      vertex 20.927050983124843 2.8531695488854605 4
    endloop
  endfacet
  facet normal 0.8314696123025475 -0.555570233019599 0
    outer loop
      vertex 17.5 1.6541798378412769 1.6
      vertex 17.572949016875157 1.7633557568774194 4
      vertex 17.5 1.6541798378412769 4
    endloop
  endfacet
  facet normal 0.5555702330196025 0.831469612302545 0
    outer loop
      vertex 36.23664424312258 -2.4270509831248424 0
      vertex 36.23664424312258 -2.4270509831248424 4
      vertex 36.432504305852156 -2.5579204930622765 0
    endloop
  endfacet
  facet normal 0.619093949309831 0.7853169308807474 0
    outer loop
      vertex 36.05165585500945 -2.2812178968000927 0
      vertex 36.05165585500945 -2.2812178968000927 4
      vertex 36.23664424312258 -2.4270509831248424 0
    endloop
  endfacet
  facet normal 0.6788007455329323 0.7343225094356942 0
    outer loop
      vertex 36.05165585500945 -2.2812178968000927 0
      vertex 35.878679656440355 -2.121320343559643 0
      vertex 35.878679656440355 -2.121320343559643 4
    endloop
  endfacet
  facet normal 0.7343225094356906 0.6788007455329362 0
    outer loop
      vertex 35.878679656440355 -2.121320343559643 0
      vertex 35.718782103199906 -1.948344144990551 0
      vertex 35.718782103199906 -1.948344144990551 4
    endloop
  endfacet
  facet normal 0.7853169308807444 0.6190939493098345 0
    outer loop
      vertex 35.718782103199906 -1.948344144990551 0
      vertex 35.57294901687516 -1.7633557568774194 0
      vertex 35.57294901687516 -1.7633557568774194 4
    endloop
  endfacet
  facet normal 0.8314696123025478 0.5555702330195986 0
    outer loop
      vertex 35.57294901687516 -1.7633557568774194 0
      vertex 35.44207950693772 -1.5674956941478464 0
      vertex 35.44207950693772 -1.5674956941478464 4
    endloop
  endfacet
  facet normal 0.19509032201613039 0.9807852804032301 0
    outer loop
      vertex 37.29966390843229 -2.9171097611930294 0
      vertex 37.29966390843229 -2.9171097611930294 4
      vertex 37.53069660487931 -2.9630650217854133 0
    endloop
  endfacet
  facet normal 0.11753739745783626 0.9930684569549264 0
    outer loop
      vertex 37.53069660487931 -2.9630650217854133 0
      vertex 37.53069660487931 -2.9630650217854133 4
      vertex 37.76462271281647 -2.990752001199384 0
    endloop
  endfacet
  facet normal 0.27144044986506966 0.9624552364536486 0
    outer loop
      vertex 37.07294901687516 -2.8531695488854605 0
      vertex 37.07294901687516 -2.8531695488854605 4
      vertex 37.29966390843229 -2.9171097611930294 0
    endloop
  endfacet
  facet normal 0.34611705707749757 0.9381913359224825 0
    outer loop
      vertex 36.85194970290473 -2.77163859753386 0
      vertex 36.85194970290473 -2.77163859753386 4
      vertex 37.07294901687516 -2.8531695488854605 0
    endloop
  endfacet
  facet normal 0.4186597375374229 0.9081431738250837 0
    outer loop
      vertex 36.63802850078136 -2.673019572565104 0
      vertex 36.63802850078136 -2.673019572565104 4
      vertex 36.85194970290473 -2.77163859753386 0
    endloop
  endfacet
  facet normal 0.03925981575906974 0.9992290362407229 0
    outer loop
      vertex 37.76462271281647 -2.990752001199384 0
      vertex 37.76462271281647 -2.990752001199384 4
      vertex 38 -3 0
    endloop
  endfacet
  facet normal -0.03925981575906974 0.9992290362407229 0
    outer loop
      vertex 38 -3 0
      vertex 38 -3 4
      vertex 38.23537728718353 -2.990752001199384 0
    endloop
  endfacet
  facet normal -0.11753739745783626 0.9930684569549264 0
    outer loop
      vertex 38.23537728718353 -2.990752001199384 0
      vertex 38.23537728718353 -2.990752001199384 4
      vertex 38.46930339512069 -2.9630650217854133 0
    endloop
  endfacet
  facet normal -0.19509032201613039 0.9807852804032301 0
    outer loop
      vertex 38.46930339512069 -2.9630650217854133 0
      vertex 38.46930339512069 -2.9630650217854133 4
      vertex 38.70033609156771 -2.9171097611930294 0
    endloop
  endfacet
  facet normal -0.27144044986506966 0.9624552364536486 0
    outer loop
      vertex 38.70033609156771 -2.9171097611930294 0
      vertex 38.70033609156771 -2.9171097611930294 4
      vertex 38.92705098312484 -2.8531695488854605 0
    endloop
  endfacet
  facet normal -0.34611705707749757 0.9381913359224825 0
    outer loop
      vertex 38.92705098312484 -2.8531695488854605 0
      vertex 38.92705098312484 -2.8531695488854605 4
      vertex 39.14805029709527 -2.77163859753386 0
    endloop
  endfacet
  facet normal 0.4886212414969602 0.8724960070727941 0
    outer loop
      vertex 36.432504305852156 -2.5579204930622765 0
      vertex 36.432504305852156 -2.5579204930622765 4
      vertex 36.63802850078136 -2.673019572565104 0
    endloop
  endfacet
  facet normal -0.4186597375374229 0.9081431738250837 0
    outer loop
      vertex 39.14805029709527 -2.77163859753386 0
      vertex 39.14805029709527 -2.77163859753386 4
      vertex 39.36197149921864 -2.673019572565104 0
    endloop
  endfacet
  facet normal -0.4886212414969602 0.8724960070727941 0
    outer loop
      vertex 39.36197149921864 -2.673019572565104 0
      vertex 39.36197149921864 -2.673019572565104 4
      vertex 39.567495694147844 -2.5579204930622765 0
    endloop
  endfacet
  facet normal -0.5555702330196025 0.831469612302545 0
    outer loop
      vertex 39.567495694147844 -2.5579204930622765 0
      vertex 39.567495694147844 -2.5579204930622765 4
      vertex 39.76335575687742 -2.4270509831248424 0
    endloop
  endfacet
  facet normal -0.619093949309831 0.7853169308807474 0
    outer loop
      vertex 39.76335575687742 -2.4270509831248424 0
      vertex 39.76335575687742 -2.4270509831248424 4
      vertex 39.94834414499055 -2.2812178968000927 0
    endloop
  endfacet
  facet normal -0.6788007455329323 0.7343225094356942 0
    outer loop
      vertex 39.94834414499055 -2.2812178968000927 0
      vertex 39.94834414499055 -2.2812178968000927 4
      vertex 40.121320343559645 -2.121320343559643 0
    endloop
  endfacet
  facet normal -0.7343225094356906 0.6788007455329362 0
    outer loop
      vertex 40.121320343559645 -2.121320343559643 0
      vertex 40.121320343559645 -2.121320343559643 4
      vertex 40.281217896800094 -1.948344144990551 0
    endloop
  endfacet
  facet normal -0.7853169308807444 0.6190939493098345 0
    outer loop
      vertex 40.42705098312484 -1.7633557568774194 0
      vertex 40.281217896800094 -1.948344144990551 0
      vertex 40.281217896800094 -1.948344144990551 4
    endloop
  endfacet
  facet normal -0.8314696123025478 0.5555702330195986 0
    outer loop
      vertex 40.55792049306228 -1.5674956941478464 0
      vertex 40.42705098312484 -1.7633557568774194 0
      vertex 40.42705098312484 -1.7633557568774194 4
    endloop
  endfacet
  facet normal 0.872496007072798 0.4886212414969533 0
    outer loop
      vertex 35.44207950693772 -1.5674956941478464 0
      vertex 35.3269804274349 -1.3619714992186402 0
      vertex 35.3269804274349 -1.3619714992186402 4
    endloop
  endfacet
  facet normal 0.9081431738250835 0.4186597375374234 0
    outer loop
      vertex 35.3269804274349 -1.3619714992186402 0
      vertex 35.22836140246614 -1.1480502970952693 0
      vertex 35.22836140246614 -1.1480502970952693 4
    endloop
  endfacet
  facet normal 0.938191335922481 0.34611705707750123 0
    outer loop
      vertex 35.22836140246614 -1.1480502970952693 0
      vertex 35.14683045111454 -0.9270509831248421 0
      vertex 35.14683045111454 -0.9270509831248421 4
    endloop
  endfacet
  facet normal 0.962455236453645 0.27144044986508253 0
    outer loop
      vertex 35.14683045111454 -0.9270509831248421 0
      vertex 35.08289023880697 -0.7003360915677161 0
      vertex 35.08289023880697 -0.7003360915677161 4
    endloop
  endfacet
  facet normal 0.980785280403234 0.19509032201611043 0
    outer loop
      vertex 35.08289023880697 -0.7003360915677161 0
      vertex 35.03693497821459 -0.46930339512069263 0
      vertex 35.03693497821459 -0.46930339512069263 4
    endloop
  endfacet
  facet normal 0.9930684569549261 0.11753739745784018 0
    outer loop
      vertex 35.03693497821459 -0.46930339512069263 0
      vertex 35.00924799880062 -0.23537728718353484 0
      vertex 35.00924799880062 -0.23537728718353484 4
    endloop
  endfacet
  facet normal 0.9992290362407228 0.03925981575907488 0
    outer loop
      vertex 35.00924799880062 -0.23537728718353484 0
      vertex 35 0 0
      vertex 35 0 4
    endloop
  endfacet
  facet normal -0.872496007072798 0.4886212414969533 0
    outer loop
      vertex 40.55792049306228 -1.5674956941478464 0
      vertex 40.55792049306228 -1.5674956941478464 4
      vertex 40.6730195725651 -1.3619714992186402 0
    endloop
  endfacet
  facet normal -0.9081431738250835 0.4186597375374234 0
    outer loop
      vertex 40.77163859753386 -1.1480502970952693 0
      vertex 40.6730195725651 -1.3619714992186402 0
      vertex 40.6730195725651 -1.3619714992186402 4
    endloop
  endfacet
  facet normal -0.938191335922481 0.34611705707750123 0
    outer loop
      vertex 40.85316954888546 -0.9270509831248421 0
      vertex 40.77163859753386 -1.1480502970952693 0
      vertex 40.77163859753386 -1.1480502970952693 4
    endloop
  endfacet
  facet normal -0.962455236453645 0.27144044986508253 0
    outer loop
      vertex 40.91710976119303 -0.7003360915677161 0
      vertex 40.85316954888546 -0.9270509831248421 0
      vertex 40.85316954888546 -0.9270509831248421 4
    endloop
  endfacet
  facet normal -0.980785280403234 0.19509032201611043 0
    outer loop
      vertex 40.96306502178541 -0.46930339512069263 0
      vertex 40.91710976119303 -0.7003360915677161 0
      vertex 40.91710976119303 -0.7003360915677161 4
    endloop
  endfacet
  facet normal -0.9930684569549261 0.11753739745784018 0
    outer loop
      vertex 40.99075200119938 -0.23537728718353484 0
      vertex 40.96306502178541 -0.46930339512069263 0
      vertex 40.96306502178541 -0.46930339512069263 4
    endloop
  endfacet
  facet normal -0.9992290362407228 0.03925981575907488 0
    outer loop
      vertex 40.99075200119938 -0.23537728718353484 0
      vertex 40.99075200119938 -0.23537728718353484 4
      vertex 41 0 0
    endloop
  endfacet
  facet normal 0.5555702330196025 0.831469612302545 0
    outer loop
      vertex 36.432504305852156 -2.5579204930622765 0
      vertex 36.23664424312258 -2.4270509831248424 4
      vertex 36.432504305852156 -2.5579204930622765 4
    endloop
  endfacet
  facet normal 0.619093949309831 0.7853169308807474 0
    outer loop
      vertex 36.23664424312258 -2.4270509831248424 0
      vertex 36.05165585500945 -2.2812178968000927 4
      vertex 36.23664424312258 -2.4270509831248424 4
    endloop
  endfacet
  facet normal 0.6788007455329323 0.7343225094356942 0
    outer loop
      vertex 36.05165585500945 -2.2812178968000927 0
      vertex 35.878679656440355 -2.121320343559643 4
      vertex 36.05165585500945 -2.2812178968000927 4
    endloop
  endfacet
  facet normal 0.7343225094356906 0.6788007455329362 0
    outer loop
      vertex 35.878679656440355 -2.121320343559643 0
      vertex 35.718782103199906 -1.948344144990551 4
      vertex 35.878679656440355 -2.121320343559643 4
    endloop
  endfacet
  facet normal 0.7853169308807444 0.6190939493098345 0
    outer loop
      vertex 35.718782103199906 -1.948344144990551 0
      vertex 35.57294901687516 -1.7633557568774194 4
      vertex 35.718782103199906 -1.948344144990551 4
    endloop
  endfacet
  facet normal 0.8314696123025478 0.5555702330195986 0
    outer loop
      vertex 35.57294901687516 -1.7633557568774194 0
      vertex 35.44207950693772 -1.5674956941478464 4
      vertex 35.57294901687516 -1.7633557568774194 4
    endloop
  endfacet
  facet normal 0.34611705707749757 0.9381913359224825 0
    outer loop
      vertex 37.07294901687516 -2.8531695488854605 0
      vertex 36.85194970290473 -2.77163859753386 4
      vertex 37.07294901687516 -2.8531695488854605 4
    endloop
  endfacet
  facet normal 0.11753739745783626 0.9930684569549264 0
    outer loop
      vertex 37.76462271281647 -2.990752001199384 0
      vertex 37.53069660487931 -2.9630650217854133 4
      vertex 37.76462271281647 -2.990752001199384 4
    endloop
  endfacet
  facet normal 0.19509032201613039 0.9807852804032301 0
    outer loop
      vertex 37.53069660487931 -2.9630650217854133 0
      vertex 37.29966390843229 -2.9171097611930294 4
      vertex 37.53069660487931 -2.9630650217854133 4
    endloop
  endfacet
  facet normal 0.27144044986506966 0.9624552364536486 0
    outer loop
      vertex 37.29966390843229 -2.9171097611930294 0
      vertex 37.07294901687516 -2.8531695488854605 4
      vertex 37.29966390843229 -2.9171097611930294 4
    endloop
  endfacet
  facet normal 0.4186597375374229 0.9081431738250837 0
    outer loop
      vertex 36.85194970290473 -2.77163859753386 0
      vertex 36.63802850078136 -2.673019572565104 4
      vertex 36.85194970290473 -2.77163859753386 4
    endloop
  endfacet
  facet normal 0.4886212414969602 0.8724960070727941 0
    outer loop
      vertex 36.63802850078136 -2.673019572565104 0
      vertex 36.432504305852156 -2.5579204930622765 4
      vertex 36.63802850078136 -2.673019572565104 4
    endloop
  endfacet
  facet normal 0.03925981575906974 0.9992290362407229 0
    outer loop
      vertex 38 -3 0
      vertex 37.76462271281647 -2.990752001199384 4
      vertex 38 -3 4
    endloop
  endfacet
  facet normal -0.03925981575906974 0.9992290362407229 0
    outer loop
      vertex 38.23537728718353 -2.990752001199384 0
      vertex 38 -3 4
      vertex 38.23537728718353 -2.990752001199384 4
    endloop
  endfacet
  facet normal -0.11753739745783626 0.9930684569549264 0
    outer loop
      vertex 38.46930339512069 -2.9630650217854133 0
      vertex 38.23537728718353 -2.990752001199384 4
      vertex 38.46930339512069 -2.9630650217854133 4
    endloop
  endfacet
  facet normal -0.19509032201613039 0.9807852804032301 0
    outer loop
      vertex 38.70033609156771 -2.9171097611930294 0
      vertex 38.46930339512069 -2.9630650217854133 4
      vertex 38.70033609156771 -2.9171097611930294 4
    endloop
  endfacet
  facet normal -0.27144044986506966 0.9624552364536486 0
    outer loop
      vertex 38.92705098312484 -2.8531695488854605 0
      vertex 38.70033609156771 -2.9171097611930294 4
      vertex 38.92705098312484 -2.8531695488854605 4
    endloop
  endfacet
  facet normal -0.34611705707749757 0.9381913359224825 0
    outer loop
      vertex 39.14805029709527 -2.77163859753386 0
      vertex 38.92705098312484 -2.8531695488854605 4
      vertex 39.14805029709527 -2.77163859753386 4
    endloop
  endfacet
  facet normal -0.4186597375374229 0.9081431738250837 0
    outer loop
      vertex 39.36197149921864 -2.673019572565104 0
      vertex 39.14805029709527 -2.77163859753386 4
      vertex 39.36197149921864 -2.673019572565104 4
    endloop
  endfacet
  facet normal -0.4886212414969602 0.8724960070727941 0
    outer loop
      vertex 39.567495694147844 -2.5579204930622765 0
      vertex 39.36197149921864 -2.673019572565104 4
      vertex 39.567495694147844 -2.5579204930622765 4
    endloop
  endfacet
  facet normal -0.5555702330196025 0.831469612302545 0
    outer loop
      vertex 39.76335575687742 -2.4270509831248424 0
      vertex 39.567495694147844 -2.5579204930622765 4
      vertex 39.76335575687742 -2.4270509831248424 4
    endloop
  endfacet
  facet normal -0.619093949309831 0.7853169308807474 0
    outer loop
      vertex 39.94834414499055 -2.2812178968000927 0
      vertex 39.76335575687742 -2.4270509831248424 4
      vertex 39.94834414499055 -2.2812178968000927 4
    endloop
  endfacet
  facet normal -0.6788007455329323 0.7343225094356942 0
    outer loop
      vertex 40.121320343559645 -2.121320343559643 0
      vertex 39.94834414499055 -2.2812178968000927 4
      vertex 40.121320343559645 -2.121320343559643 4
    endloop
  endfacet
  facet normal -0.7343225094356906 0.6788007455329362 0
    outer loop
      vertex 40.281217896800094 -1.948344144990551 0
      vertex 40.121320343559645 -2.121320343559643 4
      vertex 40.281217896800094 -1.948344144990551 4
    endloop
  endfacet
  facet normal -0.7853169308807444 0.6190939493098345 0
    outer loop
      vertex 40.281217896800094 -1.948344144990551 4
      vertex 40.42705098312484 -1.7633557568774194 4
      vertex 40.42705098312484 -1.7633557568774194 0
    endloop
  endfacet
  facet normal -0.8314696123025478 0.5555702330195986 0
    outer loop
      vertex 40.55792049306228 -1.5674956941478464 0
      vertex 40.42705098312484 -1.7633557568774194 4
      vertex 40.55792049306228 -1.5674956941478464 4
    endloop
  endfacet
  facet normal 0.872496007072798 0.4886212414969533 0
    outer loop
      vertex 35.3269804274349 -1.3619714992186402 4
      vertex 35.44207950693772 -1.5674956941478464 4
      vertex 35.44207950693772 -1.5674956941478464 0
    endloop
  endfacet
  facet normal 0.9081431738250835 0.4186597375374234 0
    outer loop
      vertex 35.3269804274349 -1.3619714992186402 0
      vertex 35.22836140246614 -1.1480502970952693 4
      vertex 35.3269804274349 -1.3619714992186402 4
    endloop
  endfacet
  facet normal 0.938191335922481 0.34611705707750123 0
    outer loop
      vertex 35.22836140246614 -1.1480502970952693 0
      vertex 35.14683045111454 -0.9270509831248421 4
      vertex 35.22836140246614 -1.1480502970952693 4
    endloop
  endfacet
  facet normal 0.962455236453645 0.27144044986508253 0
    outer loop
      vertex 35.08289023880697 -0.7003360915677161 4
      vertex 35.14683045111454 -0.9270509831248421 4
      vertex 35.14683045111454 -0.9270509831248421 0
    endloop
  endfacet
  facet normal 0.9930684569549261 0.11753739745784018 0
    outer loop
      vertex 35.03693497821459 -0.46930339512069263 0
      vertex 35.00924799880062 -0.23537728718353484 4
      vertex 35.03693497821459 -0.46930339512069263 4
    endloop
  endfacet
  facet normal 0.980785280403234 0.19509032201611043 0
    outer loop
      vertex 35.08289023880697 -0.7003360915677161 0
      vertex 35.03693497821459 -0.46930339512069263 4
      vertex 35.08289023880697 -0.7003360915677161 4
    endloop
  endfacet
  facet normal 0.9992290362407228 0.03925981575907488 0
    outer loop
      vertex 35.00924799880062 -0.23537728718353484 0
      vertex 35 0 4
      vertex 35.00924799880062 -0.23537728718353484 4
    endloop
  endfacet
  facet normal -0.872496007072798 0.4886212414969533 0
    outer loop
      vertex 40.6730195725651 -1.3619714992186402 4
      vertex 40.6730195725651 -1.3619714992186402 0
      vertex 40.55792049306228 -1.5674956941478464 4
    endloop
  endfacet
  facet normal -0.9081431738250835 0.4186597375374234 0
    outer loop
      vertex 40.6730195725651 -1.3619714992186402 4
      vertex 40.77163859753386 -1.1480502970952693 4
      vertex 40.77163859753386 -1.1480502970952693 0
    endloop
  endfacet
  facet normal -0.938191335922481 0.34611705707750123 0
    outer loop
      vertex 40.85316954888546 -0.9270509831248421 0
      vertex 40.77163859753386 -1.1480502970952693 4
      vertex 40.85316954888546 -0.9270509831248421 4
    endloop
  endfacet
  facet normal -0.962455236453645 0.27144044986508253 0
    outer loop
      vertex 40.91710976119303 -0.7003360915677161 0
      vertex 40.85316954888546 -0.9270509831248421 4
      vertex 40.91710976119303 -0.7003360915677161 4
    endloop
  endfacet
  facet normal -0.980785280403234 0.19509032201611043 0
    outer loop
      vertex 40.96306502178541 -0.46930339512069263 0
      vertex 40.91710976119303 -0.7003360915677161 4
      vertex 40.96306502178541 -0.46930339512069263 4
    endloop
  endfacet
  facet normal -0.9930684569549261 0.11753739745784018 0
    outer loop
      vertex 40.96306502178541 -0.46930339512069263 4
      vertex 40.99075200119938 -0.23537728718353484 4
      vertex 40.99075200119938 -0.23537728718353484 0
    endloop
  endfacet
  facet normal -0.9992290362407228 0.03925981575907488 0
    outer loop
      vertex 41 0 0
      vertex 40.99075200119938 -0.23537728718353484 4
      vertex 41 0 4
    endloop
  endfacet
  facet normal 0.9992290362407228 -0.03925981575907488 0
    outer loop
      vertex 35 0 0
      vertex 35.00924799880062 0.23537728718353484 0
      vertex 35.00924799880062 0.23537728718353484 4
    endloop
  endfacet
  facet normal 0.9930684569549261 -0.11753739745784018 0
    outer loop
      vertex 35.00924799880062 0.23537728718353484 0
      vertex 35.03693497821459 0.46930339512069263 0
      vertex 35.03693497821459 0.46930339512069263 4
    endloop
  endfacet
  facet normal 0.980785280403234 -0.19509032201611043 0
    outer loop
      vertex 35.03693497821459 0.46930339512069263 0
      vertex 35.08289023880697 0.7003360915677161 0
      vertex 35.08289023880697 0.7003360915677161 4
    endloop
  endfacet
  facet normal 0.962455236453645 -0.27144044986508253 0
    outer loop
      vertex 35.08289023880697 0.7003360915677161 0
      vertex 35.14683045111454 0.9270509831248421 0
      vertex 35.14683045111454 0.9270509831248421 4
    endloop
  endfacet
  facet normal 0.938191335922481 -0.34611705707750123 0
    outer loop
      vertex 35.14683045111454 0.9270509831248421 0
      vertex 35.22836140246614 1.1480502970952693 0
      vertex 35.22836140246614 1.1480502970952693 4
    endloop
  endfacet
  facet normal 0.9081431738250835 -0.4186597375374234 0
    outer loop
      vertex 35.22836140246614 1.1480502970952693 0
      vertex 35.3269804274349 1.3619714992186402 0
      vertex 35.3269804274349 1.3619714992186402 4
    endloop
  endfacet
  facet normal 0.872496007072798 -0.4886212414969533 0
    outer loop
      vertex 35.3269804274349 1.3619714992186402 0
      vertex 35.44207950693772 1.5674956941478464 0
      vertex 35.44207950693772 1.5674956941478464 4
    endloop
  endfacet
  facet normal -0.9992290362407228 -0.03925981575907488 0
    outer loop
      vertex 41 0 0
      vertex 41 0 4
      vertex 40.99075200119938 0.23537728718353484 0
    endloop
  endfacet
  facet normal -0.9930684569549261 -0.11753739745784018 0
    outer loop
      vertex 40.96306502178541 0.46930339512069263 0
      vertex 40.99075200119938 0.23537728718353484 0
      vertex 40.99075200119938 0.23537728718353484 4
    endloop
  endfacet
  facet normal -0.980785280403234 -0.19509032201611043 0
    outer loop
      vertex 40.91710976119303 0.7003360915677161 0
      vertex 40.96306502178541 0.46930339512069263 0
      vertex 40.96306502178541 0.46930339512069263 4
    endloop
  endfacet
  facet normal -0.962455236453645 -0.27144044986508253 0
    outer loop
      vertex 40.85316954888546 0.9270509831248421 0
      vertex 40.91710976119303 0.7003360915677161 0
      vertex 40.91710976119303 0.7003360915677161 4
    endloop
  endfacet
  facet normal -0.938191335922481 -0.34611705707750123 0
    outer loop
      vertex 40.77163859753386 1.1480502970952693 0
      vertex 40.85316954888546 0.9270509831248421 0
      vertex 40.85316954888546 0.9270509831248421 4
    endloop
  endfacet
  facet normal -0.9081431738250835 -0.4186597375374234 0
    outer loop
      vertex 40.6730195725651 1.3619714992186402 0
      vertex 40.77163859753386 1.1480502970952693 0
      vertex 40.77163859753386 1.1480502970952693 4
    endloop
  endfacet
  facet normal -0.872496007072798 -0.4886212414969533 0
    outer loop
      vertex 40.55792049306228 1.5674956941478464 0
      vertex 40.6730195725651 1.3619714992186402 0
      vertex 40.6730195725651 1.3619714992186402 4
    endloop
  endfacet
  facet normal 0.8314696123025478 -0.5555702330195986 0
    outer loop
      vertex 35.44207950693772 1.5674956941478464 0
      vertex 35.57294901687516 1.7633557568774194 0
      vertex 35.57294901687516 1.7633557568774194 4
    endloop
  endfacet
  facet normal 0.7853169308807444 -0.6190939493098345 0
    outer loop
      vertex 35.57294901687516 1.7633557568774194 0
      vertex 35.718782103199906 1.948344144990551 0
      vertex 35.718782103199906 1.948344144990551 4
    endloop
  endfacet
  facet normal 0.7343225094356906 -0.6788007455329362 0
    outer loop
      vertex 35.718782103199906 1.948344144990551 0
      vertex 35.878679656440355 2.121320343559643 0
      vertex 35.878679656440355 2.121320343559643 4
    endloop
  endfacet
  facet normal 0.6788007455329323 -0.7343225094356942 0
    outer loop
      vertex 36.05165585500945 2.2812178968000927 0
      vertex 36.05165585500945 2.2812178968000927 4
      vertex 35.878679656440355 2.121320343559643 0
    endloop
  endfacet
  facet normal 0.619093949309831 -0.7853169308807474 0
    outer loop
      vertex 36.23664424312258 2.4270509831248424 0
      vertex 36.23664424312258 2.4270509831248424 4
      vertex 36.05165585500945 2.2812178968000927 0
    endloop
  endfacet
  facet normal 0.5555702330196025 -0.831469612302545 0
    outer loop
      vertex 36.432504305852156 2.5579204930622765 0
      vertex 36.432504305852156 2.5579204930622765 4
      vertex 36.23664424312258 2.4270509831248424 0
    endloop
  endfacet
  facet normal -0.7853169308807444 -0.6190939493098345 0
    outer loop
      vertex 40.281217896800094 1.948344144990551 0
      vertex 40.42705098312484 1.7633557568774194 0
      vertex 40.42705098312484 1.7633557568774194 4
    endloop
  endfacet
  facet normal -0.8314696123025478 -0.5555702330195986 0
    outer loop
      vertex 40.55792049306228 1.5674956941478464 0
      vertex 40.55792049306228 1.5674956941478464 4
      vertex 40.42705098312484 1.7633557568774194 0
    endloop
  endfacet
  facet normal -0.7343225094356906 -0.6788007455329362 0
    outer loop
      vertex 40.121320343559645 2.121320343559643 0
      vertex 40.281217896800094 1.948344144990551 0
      vertex 40.281217896800094 1.948344144990551 4
    endloop
  endfacet
  facet normal -0.6788007455329323 -0.7343225094356942 0
    outer loop
      vertex 40.121320343559645 2.121320343559643 0
      vertex 40.121320343559645 2.121320343559643 4
      vertex 39.94834414499055 2.2812178968000927 0
    endloop
  endfacet
  facet normal 0.4886212414969602 -0.8724960070727941 0
    outer loop
      vertex 36.63802850078136 2.673019572565104 0
      vertex 36.63802850078136 2.673019572565104 4
      vertex 36.432504305852156 2.5579204930622765 0
    endloop
  endfacet
  facet normal 0.4186597375374229 -0.9081431738250837 0
    outer loop
      vertex 36.85194970290473 2.77163859753386 0
      vertex 36.85194970290473 2.77163859753386 4
      vertex 36.63802850078136 2.673019572565104 0
    endloop
  endfacet
  facet normal 0.34611705707749757 -0.9381913359224825 0
    outer loop
      vertex 37.07294901687516 2.8531695488854605 0
      vertex 37.07294901687516 2.8531695488854605 4
      vertex 36.85194970290473 2.77163859753386 0
    endloop
  endfacet
  facet normal 0.27144044986506966 -0.9624552364536486 0
    outer loop
      vertex 37.29966390843229 2.9171097611930294 0
      vertex 37.29966390843229 2.9171097611930294 4
      vertex 37.07294901687516 2.8531695488854605 0
    endloop
  endfacet
  facet normal 0.19509032201613039 -0.9807852804032301 0
    outer loop
      vertex 37.53069660487931 2.9630650217854133 0
      vertex 37.53069660487931 2.9630650217854133 4
      vertex 37.29966390843229 2.9171097611930294 0
    endloop
  endfacet
  facet normal 0.11753739745783626 -0.9930684569549264 0
    outer loop
      vertex 37.76462271281647 2.990752001199384 0
      vertex 37.76462271281647 2.990752001199384 4
      vertex 37.53069660487931 2.9630650217854133 0
    endloop
  endfacet
  facet normal 0.03925981575906974 -0.9992290362407229 0
    outer loop
      vertex 37.76462271281647 2.990752001199384 0
      vertex 38 3 0
      vertex 38 3 4
    endloop
  endfacet
  facet normal -0.03925981575906974 -0.9992290362407229 0
    outer loop
      vertex 38.23537728718353 2.990752001199384 0
      vertex 38.23537728718353 2.990752001199384 4
      vertex 38 3 0
    endloop
  endfacet
  facet normal -0.27144044986506966 -0.9624552364536486 0
    outer loop
      vertex 38.92705098312484 2.8531695488854605 0
      vertex 38.92705098312484 2.8531695488854605 4
      vertex 38.70033609156771 2.9171097611930294 0
    endloop
  endfacet
  facet normal -0.19509032201613039 -0.9807852804032301 0
    outer loop
      vertex 38.70033609156771 2.9171097611930294 0
      vertex 38.70033609156771 2.9171097611930294 4
      vertex 38.46930339512069 2.9630650217854133 0
    endloop
  endfacet
  facet normal -0.11753739745783626 -0.9930684569549264 0
    outer loop
      vertex 38.46930339512069 2.9630650217854133 0
      vertex 38.46930339512069 2.9630650217854133 4
      vertex 38.23537728718353 2.990752001199384 0
    endloop
  endfacet
  facet normal -0.619093949309831 -0.7853169308807474 0
    outer loop
      vertex 39.94834414499055 2.2812178968000927 0
      vertex 39.94834414499055 2.2812178968000927 4
      vertex 39.76335575687742 2.4270509831248424 0
    endloop
  endfacet
  facet normal -0.5555702330196025 -0.831469612302545 0
    outer loop
      vertex 39.76335575687742 2.4270509831248424 0
      vertex 39.76335575687742 2.4270509831248424 4
      vertex 39.567495694147844 2.5579204930622765 0
    endloop
  endfacet
  facet normal -0.4886212414969602 -0.8724960070727941 0
    outer loop
      vertex 39.567495694147844 2.5579204930622765 0
      vertex 39.567495694147844 2.5579204930622765 4
      vertex 39.36197149921864 2.673019572565104 0
    endloop
  endfacet
  facet normal -0.4186597375374229 -0.9081431738250837 0
    outer loop
      vertex 39.36197149921864 2.673019572565104 0
      vertex 39.36197149921864 2.673019572565104 4
      vertex 39.14805029709527 2.77163859753386 0
    endloop
  endfacet
  facet normal -0.34611705707749757 -0.9381913359224825 0
    outer loop
      vertex 39.14805029709527 2.77163859753386 0
      vertex 39.14805029709527 2.77163859753386 4
      vertex 38.92705098312484 2.8531695488854605 0
    endloop
  endfacet
  facet normal 0.9992290362407228 -0.03925981575907488 0
    outer loop
      vertex 35.00924799880062 0.23537728718353484 4
      vertex 35 0 4
      vertex 35 0 0
    endloop
  endfacet
  facet normal 0.9930684569549261 -0.11753739745784018 0
    outer loop
      vertex 35.00924799880062 0.23537728718353484 0
      vertex 35.03693497821459 0.46930339512069263 4
      vertex 35.00924799880062 0.23537728718353484 4
    endloop
  endfacet
  facet normal 0.980785280403234 -0.19509032201611043 0
    outer loop
      vertex 35.03693497821459 0.46930339512069263 0
      vertex 35.08289023880697 0.7003360915677161 4
      vertex 35.03693497821459 0.46930339512069263 4
    endloop
  endfacet
  facet normal 0.962455236453645 -0.27144044986508253 0
    outer loop
      vertex 35.14683045111454 0.9270509831248421 4
      vertex 35.08289023880697 0.7003360915677161 4
      vertex 35.08289023880697 0.7003360915677161 0
    endloop
  endfacet
  facet normal 0.938191335922481 -0.34611705707750123 0
    outer loop
      vertex 35.14683045111454 0.9270509831248421 0
      vertex 35.22836140246614 1.1480502970952693 4
      vertex 35.14683045111454 0.9270509831248421 4
    endloop
  endfacet
  facet normal 0.9081431738250835 -0.4186597375374234 0
    outer loop
      vertex 35.22836140246614 1.1480502970952693 0
      vertex 35.3269804274349 1.3619714992186402 4
      vertex 35.22836140246614 1.1480502970952693 4
    endloop
  endfacet
  facet normal 0.872496007072798 -0.4886212414969533 0
    outer loop
      vertex 35.3269804274349 1.3619714992186402 0
      vertex 35.44207950693772 1.5674956941478464 4
      vertex 35.3269804274349 1.3619714992186402 4
    endloop
  endfacet
  facet normal -0.9992290362407228 -0.03925981575907488 0
    outer loop
      vertex 40.99075200119938 0.23537728718353484 0
      vertex 41 0 4
      vertex 40.99075200119938 0.23537728718353484 4
    endloop
  endfacet
  facet normal -0.9930684569549261 -0.11753739745784018 0
    outer loop
      vertex 40.99075200119938 0.23537728718353484 4
      vertex 40.96306502178541 0.46930339512069263 4
      vertex 40.96306502178541 0.46930339512069263 0
    endloop
  endfacet
  facet normal -0.980785280403234 -0.19509032201611043 0
    outer loop
      vertex 40.91710976119303 0.7003360915677161 0
      vertex 40.96306502178541 0.46930339512069263 4
      vertex 40.91710976119303 0.7003360915677161 4
    endloop
  endfacet
  facet normal -0.962455236453645 -0.27144044986508253 0
    outer loop
      vertex 40.85316954888546 0.9270509831248421 0
      vertex 40.91710976119303 0.7003360915677161 4
      vertex 40.85316954888546 0.9270509831248421 4
    endloop
  endfacet
  facet normal -0.938191335922481 -0.34611705707750123 0
    outer loop
      vertex 40.85316954888546 0.9270509831248421 4
      vertex 40.77163859753386 1.1480502970952693 4
      vertex 40.77163859753386 1.1480502970952693 0
    endloop
  endfacet
  facet normal -0.9081431738250835 -0.4186597375374234 0
    outer loop
      vertex 40.6730195725651 1.3619714992186402 0
      vertex 40.77163859753386 1.1480502970952693 4
      vertex 40.6730195725651 1.3619714992186402 4
    endloop
  endfacet
  facet normal -0.872496007072798 -0.4886212414969533 0
    outer loop
      vertex 40.55792049306228 1.5674956941478464 4
      vertex 40.55792049306228 1.5674956941478464 0
      vertex 40.6730195725651 1.3619714992186402 4
    endloop
  endfacet
  facet normal 0.8314696123025478 -0.5555702330195986 0
    outer loop
      vertex 35.57294901687516 1.7633557568774194 4
      vertex 35.44207950693772 1.5674956941478464 4
      vertex 35.44207950693772 1.5674956941478464 0
    endloop
  endfacet
  facet normal 0.7853169308807444 -0.6190939493098345 0
    outer loop
      vertex 35.57294901687516 1.7633557568774194 0
      vertex 35.718782103199906 1.948344144990551 4
      vertex 35.57294901687516 1.7633557568774194 4
    endloop
  endfacet
  facet normal 0.7343225094356906 -0.6788007455329362 0
    outer loop
      vertex 35.718782103199906 1.948344144990551 0
      vertex 35.878679656440355 2.121320343559643 4
      vertex 35.718782103199906 1.948344144990551 4
    endloop
  endfacet
  facet normal 0.6788007455329323 -0.7343225094356942 0
    outer loop
      vertex 35.878679656440355 2.121320343559643 0
      vertex 36.05165585500945 2.2812178968000927 4
      vertex 35.878679656440355 2.121320343559643 4
    endloop
  endfacet
  facet normal 0.619093949309831 -0.7853169308807474 0
    outer loop
      vertex 36.05165585500945 2.2812178968000927 0
      vertex 36.23664424312258 2.4270509831248424 4
      vertex 36.05165585500945 2.2812178968000927 4
    endloop
  endfacet
  facet normal 0.5555702330196025 -0.831469612302545 0
    outer loop
      vertex 36.23664424312258 2.4270509831248424 0
      vertex 36.432504305852156 2.5579204930622765 4
      vertex 36.23664424312258 2.4270509831248424 4
    endloop
  endfacet
  facet normal -0.8314696123025478 -0.5555702330195986 0
    outer loop
      vertex 40.55792049306228 1.5674956941478464 4
      vertex 40.42705098312484 1.7633557568774194 4
      vertex 40.42705098312484 1.7633557568774194 0
    endloop
  endfacet
  facet normal -0.7853169308807444 -0.6190939493098345 0
    outer loop
      vertex 40.281217896800094 1.948344144990551 0
      vertex 40.42705098312484 1.7633557568774194 4
      vertex 40.281217896800094 1.948344144990551 4
    endloop
  endfacet
  facet normal -0.7343225094356906 -0.6788007455329362 0
    outer loop
      vertex 40.121320343559645 2.121320343559643 0
      vertex 40.281217896800094 1.948344144990551 4
      vertex 40.121320343559645 2.121320343559643 4
    endloop
  endfacet
  facet normal -0.6788007455329323 -0.7343225094356942 0
    outer loop
      vertex 39.94834414499055 2.2812178968000927 0
      vertex 40.121320343559645 2.121320343559643 4
      vertex 39.94834414499055 2.2812178968000927 4
    endloop
  endfacet
  facet normal 0.4886212414969602 -0.8724960070727941 0
    outer loop
      vertex 36.432504305852156 2.5579204930622765 0
      vertex 36.63802850078136 2.673019572565104 4
      vertex 36.432504305852156 2.5579204930622765 4
    endloop
  endfacet
  facet normal 0.4186597375374229 -0.9081431738250837 0
    outer loop
      vertex 36.63802850078136 2.673019572565104 0
      vertex 36.85194970290473 2.77163859753386 4
      vertex 36.63802850078136 2.673019572565104 4
    endloop
  endfacet
  facet normal 0.34611705707749757 -0.9381913359224825 0
    outer loop
      vertex 36.85194970290473 2.77163859753386 0
      vertex 37.07294901687516 2.8531695488854605 4
      vertex 36.85194970290473 2.77163859753386 4
    endloop
  endfacet
  facet normal 0.27144044986506966 -0.9624552364536486 0
    outer loop
      vertex 37.07294901687516 2.8531695488854605 0
      vertex 37.29966390843229 2.9171097611930294 4
      vertex 37.07294901687516 2.8531695488854605 4
    endloop
  endfacet
  facet normal 0.19509032201613039 -0.9807852804032301 0
    outer loop
      vertex 37.29966390843229 2.9171097611930294 0
      vertex 37.53069660487931 2.9630650217854133 4
      vertex 37.29966390843229 2.9171097611930294 4
    endloop
  endfacet
  facet normal 0.11753739745783626 -0.9930684569549264 0
    outer loop
      vertex 37.53069660487931 2.9630650217854133 0
      vertex 37.76462271281647 2.990752001199384 4
      vertex 37.53069660487931 2.9630650217854133 4
    endloop
  endfacet
  facet normal 0.03925981575906974 -0.9992290362407229 0
    outer loop
      vertex 37.76462271281647 2.990752001199384 0
      vertex 38 3 4
      vertex 37.76462271281647 2.990752001199384 4
    endloop
  endfacet
  facet normal -0.03925981575906974 -0.9992290362407229 0
    outer loop
      vertex 38 3 0
      vertex 38.23537728718353 2.990752001199384 4
      vertex 38 3 4
    endloop
  endfacet
  facet normal -0.11753739745783626 -0.9930684569549264 0
    outer loop
      vertex 38.23537728718353 2.990752001199384 0
      vertex 38.46930339512069 2.9630650217854133 4
      vertex 38.23537728718353 2.990752001199384 4
    endloop
  endfacet
  facet normal -0.34611705707749757 -0.9381913359224825 0
    outer loop
      vertex 38.92705098312484 2.8531695488854605 0
      vertex 39.14805029709527 2.77163859753386 4
      vertex 38.92705098312484 2.8531695488854605 4
    endloop
  endfacet
  facet normal -0.27144044986506966 -0.9624552364536486 0
    outer loop
      vertex 38.70033609156771 2.9171097611930294 0
      vertex 38.92705098312484 2.8531695488854605 4
      vertex 38.70033609156771 2.9171097611930294 4
    endloop
  endfacet
  facet normal -0.19509032201613039 -0.9807852804032301 0
    outer loop
      vertex 38.46930339512069 2.9630650217854133 0
      vertex 38.70033609156771 2.9171097611930294 4
      vertex 38.46930339512069 2.9630650217854133 4
    endloop
  endfacet
  facet normal -0.619093949309831 -0.7853169308807474 0
    outer loop
      vertex 39.76335575687742 2.4270509831248424 0
      vertex 39.94834414499055 2.2812178968000927 4
      vertex 39.76335575687742 2.4270509831248424 4
    endloop
  endfacet
  facet normal -0.5555702330196025 -0.831469612302545 0
    outer loop
      vertex 39.567495694147844 2.5579204930622765 0
      vertex 39.76335575687742 2.4270509831248424 4
      vertex 39.567495694147844 2.5579204930622765 4
    endloop
  endfacet
  facet normal -0.4886212414969602 -0.8724960070727941 0
    outer loop
      vertex 39.36197149921864 2.673019572565104 4
      vertex 39.36197149921864 2.673019572565104 0
      vertex 39.567495694147844 2.5579204930622765 4
    endloop
  endfacet
  facet normal -0.4186597375374229 -0.9081431738250837 0
    outer loop
      vertex 39.14805029709527 2.77163859753386 0
      vertex 39.36197149921864 2.673019572565104 4
      vertex 39.14805029709527 2.77163859753386 4
    endloop
  endfacet
  facet normal 0.27144044986506966 0.9624552364536486 0
    outer loop
      vertex 55.07294901687516 -2.8531695488854605 0
      vertex 55.07294901687516 -2.8531695488854605 4
      vertex 55.29966390843229 -2.9171097611930294 0
    endloop
  endfacet
  facet normal 0.34611705707749757 0.9381913359224825 0
    outer loop
      vertex 54.85194970290473 -2.77163859753386 0
      vertex 54.85194970290473 -2.77163859753386 4
      vertex 55.07294901687516 -2.8531695488854605 0
    endloop
  endfacet
  facet normal 0.4186597375374229 0.9081431738250837 0
    outer loop
      vertex 54.63802850078136 -2.673019572565104 0
      vertex 54.63802850078136 -2.673019572565104 4
      vertex 54.85194970290473 -2.77163859753386 0
    endloop
  endfacet
  facet normal 0.4886212414969602 0.8724960070727941 0
    outer loop
      vertex 54.432504305852156 -2.5579204930622765 0
      vertex 54.432504305852156 -2.5579204930622765 4
      vertex 54.63802850078136 -2.673019572565104 0
    endloop
  endfacet
  facet normal 0.5555702330196025 0.831469612302545 0
    outer loop
      vertex 54.23664424312258 -2.4270509831248424 0
      vertex 54.23664424312258 -2.4270509831248424 4
      vertex 54.432504305852156 -2.5579204930622765 0
    endloop
  endfacet
  facet normal 0.619093949309831 0.7853169308807474 0
    outer loop
      vertex 54.05165585500945 -2.2812178968000927 0
      vertex 54.05165585500945 -2.2812178968000927 4
      vertex 54.23664424312258 -2.4270509831248424 0
    endloop
  endfacet
  facet normal 0.19509032201613039 0.9807852804032301 0
    outer loop
      vertex 55.29966390843229 -2.9171097611930294 0
      vertex 55.29966390843229 -2.9171097611930294 4
      vertex 55.53069660487931 -2.9630650217854133 0
    endloop
  endfacet
  facet normal 0.11753739745783626 0.9930684569549264 0
    outer loop
      vertex 55.53069660487931 -2.9630650217854133 0
      vertex 55.53069660487931 -2.9630650217854133 4
      vertex 55.76462271281647 -2.990752001199384 0
    endloop
  endfacet
  facet normal 0.03925981575906974 0.9992290362407229 0
    outer loop
      vertex 55.76462271281647 -2.990752001199384 0
      vertex 55.76462271281647 -2.990752001199384 4
      vertex 56 -3 0
    endloop
  endfacet
  facet normal -0.03925981575906974 0.9992290362407229 0
    outer loop
      vertex 56 -3 0
      vertex 56 -3 4
      vertex 56.23537728718353 -2.990752001199384 0
    endloop
  endfacet
  facet normal -0.11753739745783626 0.9930684569549264 0
    outer loop
      vertex 56.23537728718353 -2.990752001199384 0
      vertex 56.23537728718353 -2.990752001199384 4
      vertex 56.46930339512069 -2.9630650217854133 0
    endloop
  endfacet
  facet normal -0.19509032201613039 0.9807852804032301 0
    outer loop
      vertex 56.46930339512069 -2.9630650217854133 0
      vertex 56.46930339512069 -2.9630650217854133 4
      vertex 56.70033609156771 -2.9171097611930294 0
    endloop
  endfacet
  facet normal -0.27144044986506966 0.9624552364536486 0
    outer loop
      vertex 56.70033609156771 -2.9171097611930294 0
      vertex 56.70033609156771 -2.9171097611930294 4
      vertex 56.92705098312484 -2.8531695488854605 0
    endloop
  endfacet
  facet normal -0.34611705707749757 0.9381913359224825 0
    outer loop
      vertex 56.92705098312484 -2.8531695488854605 0
      vertex 56.92705098312484 -2.8531695488854605 4
      vertex 57.14805029709527 -2.77163859753386 0
    endloop
  endfacet
  facet normal -0.4186597375374229 0.9081431738250837 0
    outer loop
      vertex 57.14805029709527 -2.77163859753386 0
      vertex 57.14805029709527 -2.77163859753386 4
      vertex 57.36197149921864 -2.673019572565104 0
    endloop
  endfacet
  facet normal -0.4886212414969602 0.8724960070727941 0
    outer loop
      vertex 57.36197149921864 -2.673019572565104 0
      vertex 57.36197149921864 -2.673019572565104 4
      vertex 57.567495694147844 -2.5579204930622765 0
    endloop
  endfacet
  facet normal -0.5555702330196025 0.831469612302545 0
    outer loop
      vertex 57.567495694147844 -2.5579204930622765 0
      vertex 57.567495694147844 -2.5579204930622765 4
      vertex 57.76335575687742 -2.4270509831248424 0
    endloop
  endfacet
  facet normal -0.619093949309831 0.7853169308807474 0
    outer loop
      vertex 57.76335575687742 -2.4270509831248424 0
      vertex 57.76335575687742 -2.4270509831248424 4
      vertex 57.94834414499055 -2.2812178968000927 0
    endloop
  endfacet
  facet normal 0.7343225094356906 0.6788007455329362 0
    outer loop
      vertex 53.878679656440355 -2.121320343559643 0
      vertex 53.718782103199906 -1.948344144990551 0
      vertex 53.718782103199906 -1.948344144990551 4
    endloop
  endfacet
  facet normal 0.6788007455329323 0.7343225094356942 0
    outer loop
      vertex 54.05165585500945 -2.2812178968000927 0
      vertex 53.878679656440355 -2.121320343559643 0
      vertex 53.878679656440355 -2.121320343559643 4
    endloop
  endfacet
  facet normal 0.7853169308807444 0.6190939493098345 0
    outer loop
      vertex 53.718782103199906 -1.948344144990551 0
      vertex 53.57294901687516 -1.7633557568774194 0
      vertex 53.57294901687516 -1.7633557568774194 4
    endloop
  endfacet
  facet normal 0.8314696123025478 0.5555702330195986 0
    outer loop
      vertex 53.44207950693772 -1.5674956941478464 0
      vertex 53.44207950693772 -1.5674956941478464 4
      vertex 53.57294901687516 -1.7633557568774194 0
    endloop
  endfacet
  facet normal -0.6788007455329323 0.7343225094356942 0
    outer loop
      vertex 57.94834414499055 -2.2812178968000927 0
      vertex 57.94834414499055 -2.2812178968000927 4
      vertex 58.121320343559645 -2.121320343559643 0
    endloop
  endfacet
  facet normal -0.7343225094356906 0.6788007455329362 0
    outer loop
      vertex 58.121320343559645 -2.121320343559643 0
      vertex 58.121320343559645 -2.121320343559643 4
      vertex 58.281217896800094 -1.948344144990551 0
    endloop
  endfacet
  facet normal -0.7853169308807444 0.6190939493098345 0
    outer loop
      vertex 58.42705098312484 -1.7633557568774194 0
      vertex 58.281217896800094 -1.948344144990551 0
      vertex 58.281217896800094 -1.948344144990551 4
    endloop
  endfacet
  facet normal -0.8314696123025478 0.5555702330195986 0
    outer loop
      vertex 58.55792049306228 -1.5674956941478464 0
      vertex 58.42705098312484 -1.7633557568774194 0
      vertex 58.42705098312484 -1.7633557568774194 4
    endloop
  endfacet
  facet normal 0.872496007072798 0.4886212414969533 0
    outer loop
      vertex 53.44207950693772 -1.5674956941478464 0
      vertex 53.3269804274349 -1.3619714992186402 0
      vertex 53.3269804274349 -1.3619714992186402 4
    endloop
  endfacet
  facet normal 0.9081431738250835 0.4186597375374234 0
    outer loop
      vertex 53.3269804274349 -1.3619714992186402 0
      vertex 53.22836140246614 -1.1480502970952693 0
      vertex 53.22836140246614 -1.1480502970952693 4
    endloop
  endfacet
  facet normal 0.938191335922481 0.34611705707750123 0
    outer loop
      vertex 53.22836140246614 -1.1480502970952693 0
      vertex 53.14683045111454 -0.9270509831248421 0
      vertex 53.14683045111454 -0.9270509831248421 4
    endloop
  endfacet
  facet normal 0.962455236453645 0.27144044986508253 0
    outer loop
      vertex 53.14683045111454 -0.9270509831248421 0
      vertex 53.08289023880697 -0.7003360915677161 0
      vertex 53.08289023880697 -0.7003360915677161 4
    endloop
  endfacet
  facet normal 0.980785280403234 0.19509032201611043 0
    outer loop
      vertex 53.08289023880697 -0.7003360915677161 0
      vertex 53.03693497821459 -0.46930339512069263 0
      vertex 53.03693497821459 -0.46930339512069263 4
    endloop
  endfacet
  facet normal 0.9930684569549261 0.11753739745784018 0
    outer loop
      vertex 53.03693497821459 -0.46930339512069263 0
      vertex 53.00924799880062 -0.23537728718353484 0
      vertex 53.00924799880062 -0.23537728718353484 4
    endloop
  endfacet
  facet normal 0.9992290362407228 0.03925981575907488 0
    outer loop
      vertex 53.00924799880062 -0.23537728718353484 0
      vertex 53 0 0
      vertex 53 0 4
    endloop
  endfacet
  facet normal -0.872496007072798 0.4886212414969533 0
    outer loop
      vertex 58.55792049306228 -1.5674956941478464 0
      vertex 58.55792049306228 -1.5674956941478464 4
      vertex 58.6730195725651 -1.3619714992186402 0
    endloop
  endfacet
  facet normal -0.9081431738250835 0.4186597375374234 0
    outer loop
      vertex 58.77163859753386 -1.1480502970952693 0
      vertex 58.6730195725651 -1.3619714992186402 0
      vertex 58.6730195725651 -1.3619714992186402 4
    endloop
  endfacet
  facet normal -0.938191335922481 0.34611705707750123 0
    outer loop
      vertex 58.85316954888546 -0.9270509831248421 0
      vertex 58.77163859753386 -1.1480502970952693 0
      vertex 58.77163859753386 -1.1480502970952693 4
    endloop
  endfacet
  facet normal -0.962455236453645 0.27144044986508253 0
    outer loop
      vertex 58.91710976119303 -0.7003360915677161 0
      vertex 58.85316954888546 -0.9270509831248421 0
      vertex 58.85316954888546 -0.9270509831248421 4
    endloop
  endfacet
  facet normal -0.980785280403234 0.19509032201611043 0
    outer loop
      vertex 58.96306502178541 -0.46930339512069263 0
      vertex 58.91710976119303 -0.7003360915677161 0
      vertex 58.91710976119303 -0.7003360915677161 4
    endloop
  endfacet
  facet normal -0.9930684569549261 0.11753739745784018 0
    outer loop
      vertex 58.99075200119938 -0.23537728718353484 0
      vertex 58.96306502178541 -0.46930339512069263 0
      vertex 58.96306502178541 -0.46930339512069263 4
    endloop
  endfacet
  facet normal -0.9992290362407228 0.03925981575907488 0
    outer loop
      vertex 58.99075200119938 -0.23537728718353484 0
      vertex 58.99075200119938 -0.23537728718353484 4
      vertex 59 0 0
    endloop
  endfacet
  facet normal 0.34611705707749757 0.9381913359224825 0
    outer loop
      vertex 55.07294901687516 -2.8531695488854605 0
      vertex 54.85194970290473 -2.77163859753386 4
      vertex 55.07294901687516 -2.8531695488854605 4
    endloop
  endfacet
  facet normal 0.4186597375374229 0.9081431738250837 0
    outer loop
      vertex 54.85194970290473 -2.77163859753386 0
      vertex 54.63802850078136 -2.673019572565104 4
      vertex 54.85194970290473 -2.77163859753386 4
    endloop
  endfacet
  facet normal 0.4886212414969602 0.8724960070727941 0
    outer loop
      vertex 54.63802850078136 -2.673019572565104 0
      vertex 54.432504305852156 -2.5579204930622765 4
      vertex 54.63802850078136 -2.673019572565104 4
    endloop
  endfacet
  facet normal 0.5555702330196025 0.831469612302545 0
    outer loop
      vertex 54.432504305852156 -2.5579204930622765 0
      vertex 54.23664424312258 -2.4270509831248424 4
      vertex 54.432504305852156 -2.5579204930622765 4
    endloop
  endfacet
  facet normal 0.619093949309831 0.7853169308807474 0
    outer loop
      vertex 54.23664424312258 -2.4270509831248424 0
      vertex 54.05165585500945 -2.2812178968000927 4
      vertex 54.23664424312258 -2.4270509831248424 4
    endloop
  endfacet
  facet normal 0.19509032201613039 0.9807852804032301 0
    outer loop
      vertex 55.53069660487931 -2.9630650217854133 0
      vertex 55.29966390843229 -2.9171097611930294 4
      vertex 55.53069660487931 -2.9630650217854133 4
    endloop
  endfacet
  facet normal 0.11753739745783626 0.9930684569549264 0
    outer loop
      vertex 55.76462271281647 -2.990752001199384 0
      vertex 55.53069660487931 -2.9630650217854133 4
      vertex 55.76462271281647 -2.990752001199384 4
    endloop
  endfacet
  facet normal 0.27144044986506966 0.9624552364536486 0
    outer loop
      vertex 55.29966390843229 -2.9171097611930294 0
      vertex 55.07294901687516 -2.8531695488854605 4
      vertex 55.29966390843229 -2.9171097611930294 4
    endloop
  endfacet
  facet normal 0.03925981575906974 0.9992290362407229 0
    outer loop
      vertex 56 -3 0
      vertex 55.76462271281647 -2.990752001199384 4
      vertex 56 -3 4
    endloop
  endfacet
  facet normal -0.03925981575906974 0.9992290362407229 0
    outer loop
      vertex 56.23537728718353 -2.990752001199384 0
      vertex 56 -3 4
      vertex 56.23537728718353 -2.990752001199384 4
    endloop
  endfacet
  facet normal -0.11753739745783626 0.9930684569549264 0
    outer loop
      vertex 56.46930339512069 -2.9630650217854133 0
      vertex 56.23537728718353 -2.990752001199384 4
      vertex 56.46930339512069 -2.9630650217854133 4
    endloop
  endfacet
  facet normal -0.19509032201613039 0.9807852804032301 0
    outer loop
      vertex 56.70033609156771 -2.9171097611930294 0
      vertex 56.46930339512069 -2.9630650217854133 4
      vertex 56.70033609156771 -2.9171097611930294 4
    endloop
  endfacet
  facet normal -0.27144044986506966 0.9624552364536486 0
    outer loop
      vertex 56.92705098312484 -2.8531695488854605 0
      vertex 56.70033609156771 -2.9171097611930294 4
      vertex 56.92705098312484 -2.8531695488854605 4
    endloop
  endfacet
  facet normal -0.34611705707749757 0.9381913359224825 0
    outer loop
      vertex 57.14805029709527 -2.77163859753386 0
      vertex 56.92705098312484 -2.8531695488854605 4
      vertex 57.14805029709527 -2.77163859753386 4
    endloop
  endfacet
  facet normal -0.4186597375374229 0.9081431738250837 0
    outer loop
      vertex 57.36197149921864 -2.673019572565104 0
      vertex 57.14805029709527 -2.77163859753386 4
      vertex 57.36197149921864 -2.673019572565104 4
    endloop
  endfacet
  facet normal -0.4886212414969602 0.8724960070727941 0
    outer loop
      vertex 57.567495694147844 -2.5579204930622765 0
      vertex 57.36197149921864 -2.673019572565104 4
      vertex 57.567495694147844 -2.5579204930622765 4
    endloop
  endfacet
  facet normal -0.5555702330196025 0.831469612302545 0
    outer loop
      vertex 57.76335575687742 -2.4270509831248424 0
      vertex 57.567495694147844 -2.5579204930622765 4
      vertex 57.76335575687742 -2.4270509831248424 4
    endloop
  endfacet
  facet normal 0.7343225094356906 0.6788007455329362 0
    outer loop
      vertex 53.878679656440355 -2.121320343559643 0
      vertex 53.718782103199906 -1.948344144990551 4
      vertex 53.878679656440355 -2.121320343559643 4
    endloop
  endfacet
  facet normal 0.7853169308807444 0.6190939493098345 0
    outer loop
      vertex 53.718782103199906 -1.948344144990551 0
      vertex 53.57294901687516 -1.7633557568774194 4
      vertex 53.718782103199906 -1.948344144990551 4
    endloop
  endfacet
  facet normal 0.6788007455329323 0.7343225094356942 0
    outer loop
      vertex 54.05165585500945 -2.2812178968000927 0
      vertex 53.878679656440355 -2.121320343559643 4
      vertex 54.05165585500945 -2.2812178968000927 4
    endloop
  endfacet
  facet normal 0.8314696123025478 0.5555702330195986 0
    outer loop
      vertex 53.44207950693772 -1.5674956941478464 4
      vertex 53.57294901687516 -1.7633557568774194 4
      vertex 53.57294901687516 -1.7633557568774194 0
    endloop
  endfacet
  facet normal -0.619093949309831 0.7853169308807474 0
    outer loop
      vertex 57.94834414499055 -2.2812178968000927 0
      vertex 57.76335575687742 -2.4270509831248424 4
      vertex 57.94834414499055 -2.2812178968000927 4
    endloop
  endfacet
  facet normal -0.6788007455329323 0.7343225094356942 0
    outer loop
      vertex 58.121320343559645 -2.121320343559643 0
      vertex 57.94834414499055 -2.2812178968000927 4
      vertex 58.121320343559645 -2.121320343559643 4
    endloop
  endfacet
  facet normal -0.7343225094356906 0.6788007455329362 0
    outer loop
      vertex 58.281217896800094 -1.948344144990551 0
      vertex 58.121320343559645 -2.121320343559643 4
      vertex 58.281217896800094 -1.948344144990551 4
    endloop
  endfacet
  facet normal -0.7853169308807444 0.6190939493098345 0
    outer loop
      vertex 58.281217896800094 -1.948344144990551 4
      vertex 58.42705098312484 -1.7633557568774194 4
      vertex 58.42705098312484 -1.7633557568774194 0
    endloop
  endfacet
  facet normal -0.8314696123025478 0.5555702330195986 0
    outer loop
      vertex 58.55792049306228 -1.5674956941478464 0
      vertex 58.42705098312484 -1.7633557568774194 4
      vertex 58.55792049306228 -1.5674956941478464 4
    endloop
  endfacet
  facet normal 0.872496007072798 0.4886212414969533 0
    outer loop
      vertex 53.44207950693772 -1.5674956941478464 0
      vertex 53.3269804274349 -1.3619714992186402 4
      vertex 53.44207950693772 -1.5674956941478464 4
    endloop
  endfacet
  facet normal 0.9081431738250835 0.4186597375374234 0
    outer loop
      vertex 53.3269804274349 -1.3619714992186402 0
      vertex 53.22836140246614 -1.1480502970952693 4
      vertex 53.3269804274349 -1.3619714992186402 4
    endloop
  endfacet
  facet normal 0.938191335922481 0.34611705707750123 0
    outer loop
      vertex 53.14683045111454 -0.9270509831248421 4
      vertex 53.22836140246614 -1.1480502970952693 4
      vertex 53.22836140246614 -1.1480502970952693 0
    endloop
  endfacet
  facet normal 0.962455236453645 0.27144044986508253 0
    outer loop
      vertex 53.14683045111454 -0.9270509831248421 0
      vertex 53.08289023880697 -0.7003360915677161 4
      vertex 53.14683045111454 -0.9270509831248421 4
    endloop
  endfacet
  facet normal 0.980785280403234 0.19509032201611043 0
    outer loop
      vertex 53.08289023880697 -0.7003360915677161 0
      vertex 53.03693497821459 -0.46930339512069263 4
      vertex 53.08289023880697 -0.7003360915677161 4
    endloop
  endfacet
  facet normal 0.9930684569549261 0.11753739745784018 0
    outer loop
      vertex 53.00924799880062 -0.23537728718353484 4
      vertex 53.03693497821459 -0.46930339512069263 4
      vertex 53.03693497821459 -0.46930339512069263 0
    endloop
  endfacet
  facet normal 0.9992290362407228 0.03925981575907488 0
    outer loop
      vertex 53.00924799880062 -0.23537728718353484 0
      vertex 53 0 4
      vertex 53.00924799880062 -0.23537728718353484 4
    endloop
  endfacet
  facet normal -0.872496007072798 0.4886212414969533 0
    outer loop
      vertex 58.6730195725651 -1.3619714992186402 4
      vertex 58.6730195725651 -1.3619714992186402 0
      vertex 58.55792049306228 -1.5674956941478464 4
    endloop
  endfacet
  facet normal -0.9081431738250835 0.4186597375374234 0
    outer loop
      vertex 58.6730195725651 -1.3619714992186402 4
      vertex 58.77163859753386 -1.1480502970952693 4
      vertex 58.77163859753386 -1.1480502970952693 0
    endloop
  endfacet
  facet normal -0.938191335922481 0.34611705707750123 0
    outer loop
      vertex 58.85316954888546 -0.9270509831248421 0
      vertex 58.77163859753386 -1.1480502970952693 4
      vertex 58.85316954888546 -0.9270509831248421 4
    endloop
  endfacet
  facet normal -0.962455236453645 0.27144044986508253 0
    outer loop
      vertex 58.91710976119303 -0.7003360915677161 0
      vertex 58.85316954888546 -0.9270509831248421 4
      vertex 58.91710976119303 -0.7003360915677161 4
    endloop
  endfacet
  facet normal -0.980785280403234 0.19509032201611043 0
    outer loop
      vertex 58.91710976119303 -0.7003360915677161 4
      vertex 58.96306502178541 -0.46930339512069263 4
      vertex 58.96306502178541 -0.46930339512069263 0
    endloop
  endfacet
  facet normal -0.9930684569549261 0.11753739745784018 0
    outer loop
      vertex 58.99075200119938 -0.23537728718353484 0
      vertex 58.96306502178541 -0.46930339512069263 4
      vertex 58.99075200119938 -0.23537728718353484 4
    endloop
  endfacet
  facet normal -0.9992290362407228 0.03925981575907488 0
    outer loop
      vertex 58.99075200119938 -0.23537728718353484 4
      vertex 59 0 4
      vertex 59 0 0
    endloop
  endfacet
  facet normal 0.9992290362407228 -0.03925981575907488 0
    outer loop
      vertex 53 0 0
      vertex 53.00924799880062 0.23537728718353484 0
      vertex 53.00924799880062 0.23537728718353484 4
    endloop
  endfacet
  facet normal 0.9930684569549261 -0.11753739745784018 0
    outer loop
      vertex 53.00924799880062 0.23537728718353484 0
      vertex 53.03693497821459 0.46930339512069263 0
      vertex 53.03693497821459 0.46930339512069263 4
    endloop
  endfacet
  facet normal 0.980785280403234 -0.19509032201611043 0
    outer loop
      vertex 53.03693497821459 0.46930339512069263 0
      vertex 53.08289023880697 0.7003360915677161 0
      vertex 53.08289023880697 0.7003360915677161 4
    endloop
  endfacet
  facet normal 0.962455236453645 -0.27144044986508253 0
    outer loop
      vertex 53.08289023880697 0.7003360915677161 0
      vertex 53.14683045111454 0.9270509831248421 0
      vertex 53.14683045111454 0.9270509831248421 4
    endloop
  endfacet
  facet normal 0.938191335922481 -0.34611705707750123 0
    outer loop
      vertex 53.14683045111454 0.9270509831248421 0
      vertex 53.22836140246614 1.1480502970952693 0
      vertex 53.22836140246614 1.1480502970952693 4
    endloop
  endfacet
  facet normal 0.9081431738250835 -0.4186597375374234 0
    outer loop
      vertex 53.22836140246614 1.1480502970952693 0
      vertex 53.3269804274349 1.3619714992186402 0
      vertex 53.3269804274349 1.3619714992186402 4
    endloop
  endfacet
  facet normal 0.872496007072798 -0.4886212414969533 0
    outer loop
      vertex 53.3269804274349 1.3619714992186402 0
      vertex 53.44207950693772 1.5674956941478464 0
      vertex 53.44207950693772 1.5674956941478464 4
    endloop
  endfacet
  facet normal -0.9992290362407228 -0.03925981575907488 0
    outer loop
      vertex 59 0 0
      vertex 59 0 4
      vertex 58.99075200119938 0.23537728718353484 0
    endloop
  endfacet
  facet normal -0.9930684569549261 -0.11753739745784018 0
    outer loop
      vertex 58.96306502178541 0.46930339512069263 0
      vertex 58.99075200119938 0.23537728718353484 0
      vertex 58.99075200119938 0.23537728718353484 4
    endloop
  endfacet
  facet normal -0.980785280403234 -0.19509032201611043 0
    outer loop
      vertex 58.91710976119303 0.7003360915677161 0
      vertex 58.96306502178541 0.46930339512069263 0
      vertex 58.96306502178541 0.46930339512069263 4
    endloop
  endfacet
  facet normal -0.962455236453645 -0.27144044986508253 0
    outer loop
      vertex 58.85316954888546 0.9270509831248421 0
      vertex 58.91710976119303 0.7003360915677161 0
      vertex 58.91710976119303 0.7003360915677161 4
    endloop
  endfacet
  facet normal -0.938191335922481 -0.34611705707750123 0
    outer loop
      vertex 58.77163859753386 1.1480502970952693 0
      vertex 58.85316954888546 0.9270509831248421 0
      vertex 58.85316954888546 0.9270509831248421 4
    endloop
  endfacet
  facet normal -0.9081431738250835 -0.4186597375374234 0
    outer loop
      vertex 58.6730195725651 1.3619714992186402 0
      vertex 58.77163859753386 1.1480502970952693 0
      vertex 58.77163859753386 1.1480502970952693 4
    endloop
  endfacet
  facet normal -0.872496007072798 -0.4886212414969533 0
    outer loop
      vertex 58.55792049306228 1.5674956941478464 0
      vertex 58.6730195725651 1.3619714992186402 0
      vertex 58.6730195725651 1.3619714992186402 4
    endloop
  endfacet
  facet normal 0.8314696123025478 -0.5555702330195986 0
    outer loop
      vertex 53.44207950693772 1.5674956941478464 0
      vertex 53.57294901687516 1.7633557568774194 0
      vertex 53.57294901687516 1.7633557568774194 4
    endloop
  endfacet
  facet normal 0.7853169308807444 -0.6190939493098345 0
    outer loop
      vertex 53.57294901687516 1.7633557568774194 0
      vertex 53.718782103199906 1.948344144990551 0
      vertex 53.718782103199906 1.948344144990551 4
    endloop
  endfacet
  facet normal 0.7343225094356906 -0.6788007455329362 0
    outer loop
      vertex 53.718782103199906 1.948344144990551 0
      vertex 53.878679656440355 2.121320343559643 0
      vertex 53.878679656440355 2.121320343559643 4
    endloop
  endfacet
  facet normal 0.6788007455329323 -0.7343225094356942 0
    outer loop
      vertex 54.05165585500945 2.2812178968000927 0
      vertex 54.05165585500945 2.2812178968000927 4
      vertex 53.878679656440355 2.121320343559643 0
    endloop
  endfacet
  facet normal 0.619093949309831 -0.7853169308807474 0
    outer loop
      vertex 54.23664424312258 2.4270509831248424 0
      vertex 54.23664424312258 2.4270509831248424 4
      vertex 54.05165585500945 2.2812178968000927 0
    endloop
  endfacet
  facet normal 0.5555702330196025 -0.831469612302545 0
    outer loop
      vertex 54.432504305852156 2.5579204930622765 0
      vertex 54.432504305852156 2.5579204930622765 4
      vertex 54.23664424312258 2.4270509831248424 0
    endloop
  endfacet
  facet normal 0.4886212414969602 -0.8724960070727941 0
    outer loop
      vertex 54.63802850078136 2.673019572565104 0
      vertex 54.63802850078136 2.673019572565104 4
      vertex 54.432504305852156 2.5579204930622765 0
    endloop
  endfacet
  facet normal 0.4186597375374229 -0.9081431738250837 0
    outer loop
      vertex 54.85194970290473 2.77163859753386 0
      vertex 54.85194970290473 2.77163859753386 4
      vertex 54.63802850078136 2.673019572565104 0
    endloop
  endfacet
  facet normal 0.34611705707749757 -0.9381913359224825 0
    outer loop
      vertex 55.07294901687516 2.8531695488854605 0
      vertex 55.07294901687516 2.8531695488854605 4
      vertex 54.85194970290473 2.77163859753386 0
    endloop
  endfacet
  facet normal -0.5555702330196025 -0.831469612302545 0
    outer loop
      vertex 57.76335575687742 2.4270509831248424 0
      vertex 57.76335575687742 2.4270509831248424 4
      vertex 57.567495694147844 2.5579204930622765 0
    endloop
  endfacet
  facet normal -0.4886212414969602 -0.8724960070727941 0
    outer loop
      vertex 57.567495694147844 2.5579204930622765 0
      vertex 57.567495694147844 2.5579204930622765 4
      vertex 57.36197149921864 2.673019572565104 0
    endloop
  endfacet
  facet normal 0.27144044986506966 -0.9624552364536486 0
    outer loop
      vertex 55.29966390843229 2.9171097611930294 0
      vertex 55.29966390843229 2.9171097611930294 4
      vertex 55.07294901687516 2.8531695488854605 0
    endloop
  endfacet
  facet normal 0.19509032201613039 -0.9807852804032301 0
    outer loop
      vertex 55.53069660487931 2.9630650217854133 0
      vertex 55.53069660487931 2.9630650217854133 4
      vertex 55.29966390843229 2.9171097611930294 0
    endloop
  endfacet
  facet normal 0.11753739745783626 -0.9930684569549264 0
    outer loop
      vertex 55.76462271281647 2.990752001199384 0
      vertex 55.76462271281647 2.990752001199384 4
      vertex 55.53069660487931 2.9630650217854133 0
    endloop
  endfacet
  facet normal 0.03925981575906974 -0.9992290362407229 0
    outer loop
      vertex 55.76462271281647 2.990752001199384 0
      vertex 56 3 0
      vertex 56 3 4
    endloop
  endfacet
  facet normal -0.03925981575906974 -0.9992290362407229 0
    outer loop
      vertex 56.23537728718353 2.990752001199384 0
      vertex 56.23537728718353 2.990752001199384 4
      vertex 56 3 0
    endloop
  endfacet
  facet normal -0.11753739745783626 -0.9930684569549264 0
    outer loop
      vertex 56.46930339512069 2.9630650217854133 0
      vertex 56.46930339512069 2.9630650217854133 4
      vertex 56.23537728718353 2.990752001199384 0
    endloop
  endfacet
  facet normal -0.34611705707749757 -0.9381913359224825 0
    outer loop
      vertex 57.14805029709527 2.77163859753386 0
      vertex 57.14805029709527 2.77163859753386 4
      vertex 56.92705098312484 2.8531695488854605 0
    endloop
  endfacet
  facet normal -0.4186597375374229 -0.9081431738250837 0
    outer loop
      vertex 57.36197149921864 2.673019572565104 0
      vertex 57.36197149921864 2.673019572565104 4
      vertex 57.14805029709527 2.77163859753386 0
    endloop
  endfacet
  facet normal -0.27144044986506966 -0.9624552364536486 0
    outer loop
      vertex 56.92705098312484 2.8531695488854605 0
      vertex 56.92705098312484 2.8531695488854605 4
      vertex 56.70033609156771 2.9171097611930294 0
    endloop
  endfacet
  facet normal -0.19509032201613039 -0.9807852804032301 0
    outer loop
      vertex 56.70033609156771 2.9171097611930294 0
      vertex 56.70033609156771 2.9171097611930294 4
      vertex 56.46930339512069 2.9630650217854133 0
    endloop
  endfacet
  facet normal -0.8314696123025478 -0.5555702330195986 0
    outer loop
      vertex 58.55792049306228 1.5674956941478464 0
      vertex 58.55792049306228 1.5674956941478464 4
      vertex 58.42705098312484 1.7633557568774194 0
    endloop
  endfacet
  facet normal -0.7853169308807444 -0.6190939493098345 0
    outer loop
      vertex 58.281217896800094 1.948344144990551 0
      vertex 58.42705098312484 1.7633557568774194 0
      vertex 58.42705098312484 1.7633557568774194 4
    endloop
  endfacet
  facet normal -0.7343225094356906 -0.6788007455329362 0
    outer loop
      vertex 58.121320343559645 2.121320343559643 0
      vertex 58.281217896800094 1.948344144990551 0
      vertex 58.281217896800094 1.948344144990551 4
    endloop
  endfacet
  facet normal -0.6788007455329323 -0.7343225094356942 0
    outer loop
      vertex 58.121320343559645 2.121320343559643 0
      vertex 58.121320343559645 2.121320343559643 4
      vertex 57.94834414499055 2.2812178968000927 0
    endloop
  endfacet
  facet normal -0.619093949309831 -0.7853169308807474 0
    outer loop
      vertex 57.94834414499055 2.2812178968000927 0
      vertex 57.94834414499055 2.2812178968000927 4
      vertex 57.76335575687742 2.4270509831248424 0
    endloop
  endfacet
  facet normal 0.9992290362407228 -0.03925981575907488 0
    outer loop
      vertex 53.00924799880062 0.23537728718353484 4
      vertex 53 0 4
      vertex 53 0 0
    endloop
  endfacet
  facet normal 0.9930684569549261 -0.11753739745784018 0
    outer loop
      vertex 53.00924799880062 0.23537728718353484 0
      vertex 53.03693497821459 0.46930339512069263 4
      vertex 53.00924799880062 0.23537728718353484 4
    endloop
  endfacet
  facet normal 0.980785280403234 -0.19509032201611043 0
    outer loop
      vertex 53.03693497821459 0.46930339512069263 0
      vertex 53.08289023880697 0.7003360915677161 4
      vertex 53.03693497821459 0.46930339512069263 4
    endloop
  endfacet
  facet normal 0.962455236453645 -0.27144044986508253 0
    outer loop
      vertex 53.14683045111454 0.9270509831248421 4
      vertex 53.08289023880697 0.7003360915677161 4
      vertex 53.08289023880697 0.7003360915677161 0
    endloop
  endfacet
  facet normal 0.938191335922481 -0.34611705707750123 0
    outer loop
      vertex 53.14683045111454 0.9270509831248421 0
      vertex 53.22836140246614 1.1480502970952693 4
      vertex 53.14683045111454 0.9270509831248421 4
    endloop
  endfacet
  facet normal 0.9081431738250835 -0.4186597375374234 0
    outer loop
      vertex 53.22836140246614 1.1480502970952693 0
      vertex 53.3269804274349 1.3619714992186402 4
      vertex 53.22836140246614 1.1480502970952693 4
    endloop
  endfacet
  facet normal 0.872496007072798 -0.4886212414969533 0
    outer loop
      vertex 53.44207950693772 1.5674956941478464 4
      vertex 53.3269804274349 1.3619714992186402 4
      vertex 53.3269804274349 1.3619714992186402 0
    endloop
  endfacet
  facet normal -0.9992290362407228 -0.03925981575907488 0
    outer loop
      vertex 58.99075200119938 0.23537728718353484 0
      vertex 59 0 4
      vertex 58.99075200119938 0.23537728718353484 4
    endloop
  endfacet
  facet normal -0.9930684569549261 -0.11753739745784018 0
    outer loop
      vertex 58.99075200119938 0.23537728718353484 4
      vertex 58.96306502178541 0.46930339512069263 4
      vertex 58.96306502178541 0.46930339512069263 0
    endloop
  endfacet
  facet normal -0.980785280403234 -0.19509032201611043 0
    outer loop
      vertex 58.91710976119303 0.7003360915677161 0
      vertex 58.96306502178541 0.46930339512069263 4
      vertex 58.91710976119303 0.7003360915677161 4
    endloop
  endfacet
  facet normal -0.962455236453645 -0.27144044986508253 0
    outer loop
      vertex 58.85316954888546 0.9270509831248421 0
      vertex 58.91710976119303 0.7003360915677161 4
      vertex 58.85316954888546 0.9270509831248421 4
    endloop
  endfacet
  facet normal -0.938191335922481 -0.34611705707750123 0
    outer loop
      vertex 58.85316954888546 0.9270509831248421 4
      vertex 58.77163859753386 1.1480502970952693 4
      vertex 58.77163859753386 1.1480502970952693 0
    endloop
  endfacet
  facet normal -0.9081431738250835 -0.4186597375374234 0
    outer loop
      vertex 58.6730195725651 1.3619714992186402 0
      vertex 58.77163859753386 1.1480502970952693 4
      vertex 58.6730195725651 1.3619714992186402 4
    endloop
  endfacet
  facet normal -0.872496007072798 -0.4886212414969533 0
    outer loop
      vertex 58.55792049306228 1.5674956941478464 4
      vertex 58.55792049306228 1.5674956941478464 0
      vertex 58.6730195725651 1.3619714992186402 4
    endloop
  endfacet
  facet normal 0.8314696123025478 -0.5555702330195986 0
    outer loop
      vertex 53.44207950693772 1.5674956941478464 4
      vertex 53.44207950693772 1.5674956941478464 0
      vertex 53.57294901687516 1.7633557568774194 4
    endloop
  endfacet
  facet normal 0.7853169308807444 -0.6190939493098345 0
    outer loop
      vertex 53.57294901687516 1.7633557568774194 0
      vertex 53.718782103199906 1.948344144990551 4
      vertex 53.57294901687516 1.7633557568774194 4
    endloop
  endfacet
  facet normal 0.7343225094356906 -0.6788007455329362 0
    outer loop
      vertex 53.878679656440355 2.121320343559643 4
      vertex 53.718782103199906 1.948344144990551 4
      vertex 53.718782103199906 1.948344144990551 0
    endloop
  endfacet
  facet normal 0.6788007455329323 -0.7343225094356942 0
    outer loop
      vertex 53.878679656440355 2.121320343559643 0
      vertex 54.05165585500945 2.2812178968000927 4
      vertex 53.878679656440355 2.121320343559643 4
    endloop
  endfacet
  facet normal 0.619093949309831 -0.7853169308807474 0
    outer loop
      vertex 54.05165585500945 2.2812178968000927 0
      vertex 54.23664424312258 2.4270509831248424 4
      vertex 54.05165585500945 2.2812178968000927 4
    endloop
  endfacet
  facet normal 0.5555702330196025 -0.831469612302545 0
    outer loop
      vertex 54.23664424312258 2.4270509831248424 0
      vertex 54.432504305852156 2.5579204930622765 4
      vertex 54.23664424312258 2.4270509831248424 4
    endloop
  endfacet
  facet normal 0.4886212414969602 -0.8724960070727941 0
    outer loop
      vertex 54.432504305852156 2.5579204930622765 0
      vertex 54.63802850078136 2.673019572565104 4
      vertex 54.432504305852156 2.5579204930622765 4
    endloop
  endfacet
  facet normal 0.4186597375374229 -0.9081431738250837 0
    outer loop
      vertex 54.63802850078136 2.673019572565104 0
      vertex 54.85194970290473 2.77163859753386 4
      vertex 54.63802850078136 2.673019572565104 4
    endloop
  endfacet
  facet normal 0.34611705707749757 -0.9381913359224825 0
    outer loop
      vertex 54.85194970290473 2.77163859753386 0
      vertex 55.07294901687516 2.8531695488854605 4
      vertex 54.85194970290473 2.77163859753386 4
    endloop
  endfacet
  facet normal 0.27144044986506966 -0.9624552364536486 0
    outer loop
      vertex 55.07294901687516 2.8531695488854605 0
      vertex 55.29966390843229 2.9171097611930294 4
      vertex 55.07294901687516 2.8531695488854605 4
    endloop
  endfacet
  facet normal -0.619093949309831 -0.7853169308807474 0
    outer loop
      vertex 57.76335575687742 2.4270509831248424 0
      vertex 57.94834414499055 2.2812178968000927 4
      vertex 57.76335575687742 2.4270509831248424 4
    endloop
  endfacet
  facet normal -0.5555702330196025 -0.831469612302545 0
    outer loop
      vertex 57.567495694147844 2.5579204930622765 0
      vertex 57.76335575687742 2.4270509831248424 4
      vertex 57.567495694147844 2.5579204930622765 4
    endloop
  endfacet
  facet normal 0.19509032201613039 -0.9807852804032301 0
    outer loop
      vertex 55.29966390843229 2.9171097611930294 0
      vertex 55.53069660487931 2.9630650217854133 4
      vertex 55.29966390843229 2.9171097611930294 4
    endloop
  endfacet
  facet normal 0.11753739745783626 -0.9930684569549264 0
    outer loop
      vertex 55.53069660487931 2.9630650217854133 0
      vertex 55.76462271281647 2.990752001199384 4
      vertex 55.53069660487931 2.9630650217854133 4
    endloop
  endfacet
  facet normal 0.03925981575906974 -0.9992290362407229 0
    outer loop
      vertex 55.76462271281647 2.990752001199384 0
      vertex 56 3 4
      vertex 55.76462271281647 2.990752001199384 4
    endloop
  endfacet
  facet normal -0.03925981575906974 -0.9992290362407229 0
    outer loop
      vertex 56 3 0
      vertex 56.23537728718353 2.990752001199384 4
      vertex 56 3 4
    endloop
  endfacet
  facet normal -0.11753739745783626 -0.9930684569549264 0
    outer loop
      vertex 56.23537728718353 2.990752001199384 0
      vertex 56.46930339512069 2.9630650217854133 4
      vertex 56.23537728718353 2.990752001199384 4
    endloop
  endfacet
  facet normal -0.4886212414969602 -0.8724960070727941 0
    outer loop
      vertex 57.567495694147844 2.5579204930622765 4
      vertex 57.36197149921864 2.673019572565104 4
      vertex 57.36197149921864 2.673019572565104 0
    endloop
  endfacet
  facet normal -0.4186597375374229 -0.9081431738250837 0
    outer loop
      vertex 57.14805029709527 2.77163859753386 0
      vertex 57.36197149921864 2.673019572565104 4
      vertex 57.14805029709527 2.77163859753386 4
    endloop
  endfacet
  facet normal -0.27144044986506966 -0.9624552364536486 0
    outer loop
      vertex 56.70033609156771 2.9171097611930294 0
      vertex 56.92705098312484 2.8531695488854605 4
      vertex 56.70033609156771 2.9171097611930294 4
    endloop
  endfacet
  facet normal -0.34611705707749757 -0.9381913359224825 0
    outer loop
      vertex 56.92705098312484 2.8531695488854605 0
      vertex 57.14805029709527 2.77163859753386 4
      vertex 56.92705098312484 2.8531695488854605 4
    endloop
  endfacet
  facet normal -0.19509032201613039 -0.9807852804032301 0
    outer loop
      vertex 56.46930339512069 2.9630650217854133 0
      vertex 56.70033609156771 2.9171097611930294 4
      vertex 56.46930339512069 2.9630650217854133 4
    endloop
  endfacet
  facet normal -0.8314696123025478 -0.5555702330195986 0
    outer loop
      vertex 58.55792049306228 1.5674956941478464 4
      vertex 58.42705098312484 1.7633557568774194 4
      vertex 58.42705098312484 1.7633557568774194 0
    endloop
  endfacet
  facet normal -0.7853169308807444 -0.6190939493098345 0
    outer loop
      vertex 58.281217896800094 1.948344144990551 0
      vertex 58.42705098312484 1.7633557568774194 4
      vertex 58.281217896800094 1.948344144990551 4
    endloop
  endfacet
  facet normal -0.7343225094356906 -0.6788007455329362 0
    outer loop
      vertex 58.121320343559645 2.121320343559643 0
      vertex 58.281217896800094 1.948344144990551 4
      vertex 58.121320343559645 2.121320343559643 4
    endloop
  endfacet
  facet normal -0.6788007455329323 -0.7343225094356942 0
    outer loop
      vertex 57.94834414499055 2.2812178968000927 0
      vertex 58.121320343559645 2.121320343559643 4
      vertex 57.94834414499055 2.2812178968000927 4
    endloop
  endfacet
  facet normal 0.27144044986507754 0.9624552364536465 0
    outer loop
      vertex 73.07294901687516 -2.8531695488854605 0
      vertex 73.07294901687516 -2.8531695488854605 4
      vertex 73.29966390843228 -2.9171097611930294 0
    endloop
  endfacet
  facet normal 0.11753739745783978 0.993068456954926 0
    outer loop
      vertex 73.53069660487931 -2.9630650217854133 0
      vertex 73.53069660487931 -2.9630650217854133 4
      vertex 73.76462271281646 -2.990752001199384 0
    endloop
  endfacet
  facet normal 0.19509032201612458 0.9807852804032311 0
    outer loop
      vertex 73.29966390843228 -2.9171097611930294 0
      vertex 73.29966390843228 -2.9171097611930294 4
      vertex 73.53069660487931 -2.9630650217854133 0
    endloop
  endfacet
  facet normal 0.03925981575906856 0.9992290362407229 0
    outer loop
      vertex 73.76462271281646 -2.990752001199384 0
      vertex 73.76462271281646 -2.990752001199384 4
      vertex 74 -3 0
    endloop
  endfacet
  facet normal 0.34611705707749757 0.9381913359224825 0
    outer loop
      vertex 72.85194970290473 -2.77163859753386 0
      vertex 72.85194970290473 -2.77163859753386 4
      vertex 73.07294901687516 -2.8531695488854605 0
    endloop
  endfacet
  facet normal 0.4186597375374229 0.9081431738250837 0
    outer loop
      vertex 72.63802850078136 -2.673019572565104 0
      vertex 72.63802850078136 -2.673019572565104 4
      vertex 72.85194970290473 -2.77163859753386 0
    endloop
  endfacet
  facet normal 0.4886212414969474 0.8724960070728014 0
    outer loop
      vertex 72.43250430585215 -2.5579204930622765 0
      vertex 72.43250430585215 -2.5579204930622765 4
      vertex 72.63802850078136 -2.673019572565104 0
    endloop
  endfacet
  facet normal 0.5555702330196164 0.8314696123025358 0
    outer loop
      vertex 72.23664424312258 -2.4270509831248424 0
      vertex 72.23664424312258 -2.4270509831248424 4
      vertex 72.43250430585215 -2.5579204930622765 0
    endloop
  endfacet
  facet normal 0.6190939493098162 0.7853169308807589 0
    outer loop
      vertex 72.05165585500944 -2.2812178968000927 0
      vertex 72.05165585500944 -2.2812178968000927 4
      vertex 72.23664424312258 -2.4270509831248424 0
    endloop
  endfacet
  facet normal 0.6788007455329473 0.7343225094356803 0
    outer loop
      vertex 72.05165585500944 -2.2812178968000927 0
      vertex 71.87867965644035 -2.121320343559643 0
      vertex 71.87867965644035 -2.121320343559643 4
    endloop
  endfacet
  facet normal 0.7343225094357057 0.67880074553292 0
    outer loop
      vertex 71.87867965644035 -2.121320343559643 0
      vertex 71.71878210319991 -1.948344144990551 0
      vertex 71.71878210319991 -1.948344144990551 4
    endloop
  endfacet
  facet normal 0.7853169308807298 0.6190939493098532 0
    outer loop
      vertex 71.71878210319991 -1.948344144990551 0
      vertex 71.57294901687516 -1.7633557568774194 0
      vertex 71.57294901687516 -1.7633557568774194 4
    endloop
  endfacet
  facet normal 0.8314696123025338 0.5555702330196194 0
    outer loop
      vertex 71.57294901687516 -1.7633557568774194 0
      vertex 71.44207950693772 -1.5674956941478464 0
      vertex 71.44207950693772 -1.5674956941478464 4
    endloop
  endfacet
  facet normal 0.9081431738250835 0.4186597375374234 0
    outer loop
      vertex 71.32698042743489 -1.3619714992186402 0
      vertex 71.22836140246613 -1.1480502970952693 0
      vertex 71.22836140246613 -1.1480502970952693 4
    endloop
  endfacet
  facet normal 0.9381913359224908 0.3461170570774747 0
    outer loop
      vertex 71.22836140246613 -1.1480502970952693 0
      vertex 71.14683045111454 -0.9270509831248421 0
      vertex 71.14683045111454 -0.9270509831248421 4
    endloop
  endfacet
  facet normal 0.962455236453645 0.27144044986508253 0
    outer loop
      vertex 71.14683045111454 -0.9270509831248421 0
      vertex 71.08289023880697 -0.7003360915677161 0
      vertex 71.08289023880697 -0.7003360915677161 4
    endloop
  endfacet
  facet normal 0.872496007072798 0.4886212414969533 0
    outer loop
      vertex 71.44207950693772 -1.5674956941478464 0
      vertex 71.32698042743489 -1.3619714992186402 0
      vertex 71.32698042743489 -1.3619714992186402 4
    endloop
  endfacet
  facet normal 0.980785280403234 0.19509032201611043 0
    outer loop
      vertex 71.08289023880697 -0.7003360915677161 0
      vertex 71.03693497821459 -0.46930339512069263 0
      vertex 71.03693497821459 -0.46930339512069263 4
    endloop
  endfacet
  facet normal 0.9930684569549261 0.11753739745784018 0
    outer loop
      vertex 71.03693497821459 -0.46930339512069263 0
      vertex 71.00924799880062 -0.23537728718353484 0
      vertex 71.00924799880062 -0.23537728718353484 4
    endloop
  endfacet
  facet normal 0.9992290362407228 0.03925981575907488 0
    outer loop
      vertex 71.00924799880062 -0.23537728718353484 0
      vertex 71 0 0
      vertex 71 0 4
    endloop
  endfacet
  facet normal 0.4886212414969474 0.8724960070728014 0
    outer loop
      vertex 72.63802850078136 -2.673019572565104 0
      vertex 72.43250430585215 -2.5579204930622765 4
      vertex 72.63802850078136 -2.673019572565104 4
    endloop
  endfacet
  facet normal 0.27144044986507754 0.9624552364536465 0
    outer loop
      vertex 73.29966390843228 -2.9171097611930294 0
      vertex 73.07294901687516 -2.8531695488854605 4
      vertex 73.29966390843228 -2.9171097611930294 4
    endloop
  endfacet
  facet normal 0.34611705707749757 0.9381913359224825 0
    outer loop
      vertex 73.07294901687516 -2.8531695488854605 0
      vertex 72.85194970290473 -2.77163859753386 4
      vertex 73.07294901687516 -2.8531695488854605 4
    endloop
  endfacet
  facet normal 0.19509032201612458 0.9807852804032311 0
    outer loop
      vertex 73.53069660487931 -2.9630650217854133 0
      vertex 73.29966390843228 -2.9171097611930294 4
      vertex 73.53069660487931 -2.9630650217854133 4
    endloop
  endfacet
  facet normal 0.11753739745783978 0.993068456954926 0
    outer loop
      vertex 73.76462271281646 -2.990752001199384 0
      vertex 73.53069660487931 -2.9630650217854133 4
      vertex 73.76462271281646 -2.990752001199384 4
    endloop
  endfacet
  facet normal 0.03925981575906856 0.9992290362407229 0
    outer loop
      vertex 74 -3 0
      vertex 73.76462271281646 -2.990752001199384 4
      vertex 74 -3 4
    endloop
  endfacet
  facet normal 0.4186597375374229 0.9081431738250837 0
    outer loop
      vertex 72.85194970290473 -2.77163859753386 0
      vertex 72.63802850078136 -2.673019572565104 4
      vertex 72.85194970290473 -2.77163859753386 4
    endloop
  endfacet
  facet normal 0.5555702330196164 0.8314696123025358 0
    outer loop
      vertex 72.43250430585215 -2.5579204930622765 0
      vertex 72.23664424312258 -2.4270509831248424 4
      vertex 72.43250430585215 -2.5579204930622765 4
    endloop
  endfacet
  facet normal 0.6190939493098162 0.7853169308807589 0
    outer loop
      vertex 72.23664424312258 -2.4270509831248424 0
      vertex 72.05165585500944 -2.2812178968000927 4
      vertex 72.23664424312258 -2.4270509831248424 4
    endloop
  endfacet
  facet normal 0.7343225094357057 0.67880074553292 0
    outer loop
      vertex 71.87867965644035 -2.121320343559643 0
      vertex 71.71878210319991 -1.948344144990551 4
      vertex 71.87867965644035 -2.121320343559643 4
    endloop
  endfacet
  facet normal 0.6788007455329473 0.7343225094356803 0
    outer loop
      vertex 72.05165585500944 -2.2812178968000927 0
      vertex 71.87867965644035 -2.121320343559643 4
      vertex 72.05165585500944 -2.2812178968000927 4
    endloop
  endfacet
  facet normal 0.7853169308807298 0.6190939493098532 0
    outer loop
      vertex 71.57294901687516 -1.7633557568774194 4
      vertex 71.71878210319991 -1.948344144990551 4
      vertex 71.71878210319991 -1.948344144990551 0
    endloop
  endfacet
  facet normal 0.8314696123025338 0.5555702330196194 0
    outer loop
      vertex 71.44207950693772 -1.5674956941478464 4
      vertex 71.57294901687516 -1.7633557568774194 4
      vertex 71.57294901687516 -1.7633557568774194 0
    endloop
  endfacet
  facet normal 0.9081431738250835 0.4186597375374234 0
    outer loop
      vertex 71.22836140246613 -1.1480502970952693 4
      vertex 71.32698042743489 -1.3619714992186402 4
      vertex 71.32698042743489 -1.3619714992186402 0
    endloop
  endfacet
  facet normal 0.9381913359224908 0.3461170570774747 0
    outer loop
      vertex 71.22836140246613 -1.1480502970952693 0
      vertex 71.14683045111454 -0.9270509831248421 4
      vertex 71.22836140246613 -1.1480502970952693 4
    endloop
  endfacet
  facet normal 0.962455236453645 0.27144044986508253 0
    outer loop
      vertex 71.08289023880697 -0.7003360915677161 4
      vertex 71.14683045111454 -0.9270509831248421 4
      vertex 71.14683045111454 -0.9270509831248421 0
    endloop
  endfacet
  facet normal 0.872496007072798 0.4886212414969533 0
    outer loop
      vertex 71.44207950693772 -1.5674956941478464 0
      vertex 71.32698042743489 -1.3619714992186402 4
      vertex 71.44207950693772 -1.5674956941478464 4
    endloop
  endfacet
  facet normal 0.980785280403234 0.19509032201611043 0
    outer loop
      vertex 71.08289023880697 -0.7003360915677161 0
      vertex 71.03693497821459 -0.46930339512069263 4
      vertex 71.08289023880697 -0.7003360915677161 4
    endloop
  endfacet
  facet normal 0.9930684569549261 0.11753739745784018 0
    outer loop
      vertex 71.00924799880062 -0.23537728718353484 4
      vertex 71.03693497821459 -0.46930339512069263 4
      vertex 71.03693497821459 -0.46930339512069263 0
    endloop
  endfacet
  facet normal 0.9992290362407228 0.03925981575907488 0
    outer loop
      vertex 71.00924799880062 -0.23537728718353484 0
      vertex 71 0 4
      vertex 71.00924799880062 -0.23537728718353484 4
    endloop
  endfacet
  facet normal 0.9992290362407228 -0.03925981575907488 0
    outer loop
      vertex 71 0 0
      vertex 71.00924799880062 0.23537728718353484 0
      vertex 71.00924799880062 0.23537728718353484 4
    endloop
  endfacet
  facet normal 0.9930684569549261 -0.11753739745784018 0
    outer loop
      vertex 71.00924799880062 0.23537728718353484 0
      vertex 71.03693497821459 0.46930339512069263 0
      vertex 71.03693497821459 0.46930339512069263 4
    endloop
  endfacet
  facet normal 0.980785280403234 -0.19509032201611043 0
    outer loop
      vertex 71.03693497821459 0.46930339512069263 0
      vertex 71.08289023880697 0.7003360915677161 0
      vertex 71.08289023880697 0.7003360915677161 4
    endloop
  endfacet
  facet normal 0.962455236453645 -0.27144044986508253 0
    outer loop
      vertex 71.08289023880697 0.7003360915677161 0
      vertex 71.14683045111454 0.9270509831248421 0
      vertex 71.14683045111454 0.9270509831248421 4
    endloop
  endfacet
  facet normal 0.9381913359224908 -0.3461170570774747 0
    outer loop
      vertex 71.14683045111454 0.9270509831248421 0
      vertex 71.22836140246613 1.1480502970952693 0
      vertex 71.22836140246613 1.1480502970952693 4
    endloop
  endfacet
  facet normal 0.9081431738250835 -0.4186597375374234 0
    outer loop
      vertex 71.22836140246613 1.1480502970952693 0
      vertex 71.32698042743489 1.3619714992186402 0
      vertex 71.32698042743489 1.3619714992186402 4
    endloop
  endfacet
  facet normal 0.872496007072798 -0.4886212414969533 0
    outer loop
      vertex 71.32698042743489 1.3619714992186402 0
      vertex 71.44207950693772 1.5674956941478464 0
      vertex 71.44207950693772 1.5674956941478464 4
    endloop
  endfacet
  facet normal 0.8314696123025338 -0.5555702330196194 0
    outer loop
      vertex 71.44207950693772 1.5674956941478464 0
      vertex 71.57294901687516 1.7633557568774194 0
      vertex 71.57294901687516 1.7633557568774194 4
    endloop
  endfacet
  facet normal 0.7853169308807298 -0.6190939493098532 0
    outer loop
      vertex 71.57294901687516 1.7633557568774194 0
      vertex 71.71878210319991 1.948344144990551 0
      vertex 71.71878210319991 1.948344144990551 4
    endloop
  endfacet
  facet normal 0.7343225094357057 -0.67880074553292 0
    outer loop
      vertex 71.71878210319991 1.948344144990551 0
      vertex 71.87867965644035 2.121320343559643 0
      vertex 71.87867965644035 2.121320343559643 4
    endloop
  endfacet
  facet normal 0.6788007455329473 -0.7343225094356803 0
    outer loop
      vertex 72.05165585500944 2.2812178968000927 0
      vertex 72.05165585500944 2.2812178968000927 4
      vertex 71.87867965644035 2.121320343559643 0
    endloop
  endfacet
  facet normal 0.6190939493098162 -0.7853169308807589 0
    outer loop
      vertex 72.23664424312258 2.4270509831248424 0
      vertex 72.23664424312258 2.4270509831248424 4
      vertex 72.05165585500944 2.2812178968000927 0
    endloop
  endfacet
  facet normal 0.5555702330196164 -0.8314696123025358 0
    outer loop
      vertex 72.43250430585215 2.5579204930622765 0
      vertex 72.43250430585215 2.5579204930622765 4
      vertex 72.23664424312258 2.4270509831248424 0
    endloop
  endfacet
  facet normal 0.4886212414969474 -0.8724960070728014 0
    outer loop
      vertex 72.63802850078136 2.673019572565104 0
      vertex 72.63802850078136 2.673019572565104 4
      vertex 72.43250430585215 2.5579204930622765 0
    endloop
  endfacet
  facet normal 0.4186597375374229 -0.9081431738250837 0
    outer loop
      vertex 72.85194970290473 2.77163859753386 0
      vertex 72.85194970290473 2.77163859753386 4
      vertex 72.63802850078136 2.673019572565104 0
    endloop
  endfacet
  facet normal 0.34611705707749757 -0.9381913359224825 0
    outer loop
      vertex 73.07294901687516 2.8531695488854605 0
      vertex 73.07294901687516 2.8531695488854605 4
      vertex 72.85194970290473 2.77163859753386 0
    endloop
  endfacet
  facet normal 0.27144044986507754 -0.9624552364536465 0
    outer loop
      vertex 73.29966390843228 2.9171097611930294 0
      vertex 73.29966390843228 2.9171097611930294 4
      vertex 73.07294901687516 2.8531695488854605 0
    endloop
  endfacet
  facet normal 0.19509032201612458 -0.9807852804032311 0
    outer loop
      vertex 73.53069660487931 2.9630650217854133 0
      vertex 73.53069660487931 2.9630650217854133 4
      vertex 73.29966390843228 2.9171097611930294 0
    endloop
  endfacet
  facet normal 0.11753739745783978 -0.993068456954926 0
    outer loop
      vertex 73.76462271281646 2.990752001199384 0
      vertex 73.76462271281646 2.990752001199384 4
      vertex 73.53069660487931 2.9630650217854133 0
    endloop
  endfacet
  facet normal 0.03925981575906856 -0.9992290362407229 0
    outer loop
      vertex 73.76462271281646 2.990752001199384 0
      vertex 74 3 0
      vertex 74 3 4
    endloop
  endfacet
  facet normal 0.9992290362407228 -0.03925981575907488 0
    outer loop
      vertex 71.00924799880062 0.23537728718353484 4
      vertex 71 0 4
      vertex 71 0 0
    endloop
  endfacet
  facet normal 0.9930684569549261 -0.11753739745784018 0
    outer loop
      vertex 71.00924799880062 0.23537728718353484 0
      vertex 71.03693497821459 0.46930339512069263 4
      vertex 71.00924799880062 0.23537728718353484 4
    endloop
  endfacet
  facet normal 0.980785280403234 -0.19509032201611043 0
    outer loop
      vertex 71.08289023880697 0.7003360915677161 4
      vertex 71.03693497821459 0.46930339512069263 4
      vertex 71.03693497821459 0.46930339512069263 0
    endloop
  endfacet
  facet normal 0.962455236453645 -0.27144044986508253 0
    outer loop
      vertex 71.08289023880697 0.7003360915677161 0
      vertex 71.14683045111454 0.9270509831248421 4
      vertex 71.08289023880697 0.7003360915677161 4
    endloop
  endfacet
  facet normal 0.9381913359224908 -0.3461170570774747 0
    outer loop
      vertex 71.22836140246613 1.1480502970952693 4
      vertex 71.14683045111454 0.9270509831248421 4
      vertex 71.14683045111454 0.9270509831248421 0
    endloop
  endfacet
  facet normal 0.9081431738250835 -0.4186597375374234 0
    outer loop
      vertex 71.22836140246613 1.1480502970952693 0
      vertex 71.32698042743489 1.3619714992186402 4
      vertex 71.22836140246613 1.1480502970952693 4
    endloop
  endfacet
  facet normal 0.872496007072798 -0.4886212414969533 0
    outer loop
      vertex 71.32698042743489 1.3619714992186402 0
      vertex 71.44207950693772 1.5674956941478464 4
      vertex 71.32698042743489 1.3619714992186402 4
    endloop
  endfacet
  facet normal 0.8314696123025338 -0.5555702330196194 0
    outer loop
      vertex 71.57294901687516 1.7633557568774194 4
      vertex 71.44207950693772 1.5674956941478464 4
      vertex 71.44207950693772 1.5674956941478464 0
    endloop
  endfacet
  facet normal 0.7853169308807298 -0.6190939493098532 0
    outer loop
      vertex 71.57294901687516 1.7633557568774194 0
      vertex 71.71878210319991 1.948344144990551 4
      vertex 71.57294901687516 1.7633557568774194 4
    endloop
  endfacet
  facet normal 0.7343225094357057 -0.67880074553292 0
    outer loop
      vertex 71.87867965644035 2.121320343559643 4
      vertex 71.71878210319991 1.948344144990551 4
      vertex 71.71878210319991 1.948344144990551 0
    endloop
  endfacet
  facet normal 0.6788007455329473 -0.7343225094356803 0
    outer loop
      vertex 71.87867965644035 2.121320343559643 0
      vertex 72.05165585500944 2.2812178968000927 4
      vertex 71.87867965644035 2.121320343559643 4
    endloop
  endfacet
  facet normal 0.6190939493098162 -0.7853169308807589 0
    outer loop
      vertex 72.05165585500944 2.2812178968000927 0
      vertex 72.23664424312258 2.4270509831248424 4
      vertex 72.05165585500944 2.2812178968000927 4
    endloop
  endfacet
  facet normal 0.5555702330196164 -0.8314696123025358 0
    outer loop
      vertex 72.23664424312258 2.4270509831248424 0
      vertex 72.43250430585215 2.5579204930622765 4
      vertex 72.23664424312258 2.4270509831248424 4
    endloop
  endfacet
  facet normal 0.4886212414969474 -0.8724960070728014 0
    outer loop
      vertex 72.43250430585215 2.5579204930622765 0
      vertex 72.63802850078136 2.673019572565104 4
      vertex 72.43250430585215 2.5579204930622765 4
    endloop
  endfacet
  facet normal 0.4186597375374229 -0.9081431738250837 0
    outer loop
      vertex 72.63802850078136 2.673019572565104 0
      vertex 72.85194970290473 2.77163859753386 4
      vertex 72.63802850078136 2.673019572565104 4
    endloop
  endfacet
  facet normal 0.34611705707749757 -0.9381913359224825 0
    outer loop
      vertex 72.85194970290473 2.77163859753386 0
      vertex 73.07294901687516 2.8531695488854605 4
      vertex 72.85194970290473 2.77163859753386 4
    endloop
  endfacet
  facet normal 0.27144044986507754 -0.9624552364536465 0
    outer loop
      vertex 73.07294901687516 2.8531695488854605 0
      vertex 73.29966390843228 2.9171097611930294 4
      vertex 73.07294901687516 2.8531695488854605 4
    endloop
  endfacet
  facet normal 0.19509032201612458 -0.9807852804032311 0
    outer loop
      vertex 73.29966390843228 2.9171097611930294 0
      vertex 73.53069660487931 2.9630650217854133 4
      vertex 73.29966390843228 2.9171097611930294 4
    endloop
  endfacet
  facet normal 0.11753739745783978 -0.993068456954926 0
    outer loop
      vertex 73.53069660487931 2.9630650217854133 0
      vertex 73.76462271281646 2.990752001199384 4
      vertex 73.53069660487931 2.9630650217854133 4
    endloop
  endfacet
  facet normal 0.03925981575906856 -0.9992290362407229 0
    outer loop
      vertex 73.76462271281646 2.990752001199384 0
      vertex 74 3 4
      vertex 73.76462271281646 2.990752001199384 4
    endloop
  endfacet
  facet normal -0.03925981575906856 0.9992290362407229 0
    outer loop
      vertex 74 -3 0
      vertex 74 -3 4
      vertex 74.23537728718354 -2.990752001199384 0
    endloop
  endfacet
  facet normal -0.11753739745783978 0.993068456954926 0
    outer loop
      vertex 74.23537728718354 -2.990752001199384 0
      vertex 74.23537728718354 -2.990752001199384 4
      vertex 74.46930339512069 -2.9630650217854133 0
    endloop
  endfacet
  facet normal -0.19509032201612458 0.9807852804032311 0
    outer loop
      vertex 74.46930339512069 -2.9630650217854133 0
      vertex 74.46930339512069 -2.9630650217854133 4
      vertex 74.70033609156772 -2.9171097611930294 0
    endloop
  endfacet
  facet normal -0.27144044986507754 0.9624552364536465 0
    outer loop
      vertex 74.70033609156772 -2.9171097611930294 0
      vertex 74.70033609156772 -2.9171097611930294 4
      vertex 74.92705098312484 -2.8531695488854605 0
    endloop
  endfacet
  facet normal -0.34611705707749757 0.9381913359224825 0
    outer loop
      vertex 74.92705098312484 -2.8531695488854605 0
      vertex 74.92705098312484 -2.8531695488854605 4
      vertex 75.14805029709527 -2.77163859753386 0
    endloop
  endfacet
  facet normal -0.4186597375374229 0.9081431738250837 0
    outer loop
      vertex 75.14805029709527 -2.77163859753386 0
      vertex 75.14805029709527 -2.77163859753386 4
      vertex 75.36197149921864 -2.673019572565104 0
    endloop
  endfacet
  facet normal -0.4886212414969474 0.8724960070728014 0
    outer loop
      vertex 75.36197149921864 -2.673019572565104 0
      vertex 75.36197149921864 -2.673019572565104 4
      vertex 75.56749569414785 -2.5579204930622765 0
    endloop
  endfacet
  facet normal -0.5555702330196164 0.8314696123025358 0
    outer loop
      vertex 75.56749569414785 -2.5579204930622765 0
      vertex 75.56749569414785 -2.5579204930622765 4
      vertex 75.76335575687742 -2.4270509831248424 0
    endloop
  endfacet
  facet normal -0.6190939493098162 0.7853169308807589 0
    outer loop
      vertex 75.76335575687742 -2.4270509831248424 0
      vertex 75.76335575687742 -2.4270509831248424 4
      vertex 75.94834414499056 -2.2812178968000927 0
    endloop
  endfacet
  facet normal -0.6788007455329473 0.7343225094356803 0
    outer loop
      vertex 75.94834414499056 -2.2812178968000927 0
      vertex 75.94834414499056 -2.2812178968000927 4
      vertex 76.12132034355965 -2.121320343559643 0
    endloop
  endfacet
  facet normal -0.7343225094357057 0.67880074553292 0
    outer loop
      vertex 76.12132034355965 -2.121320343559643 0
      vertex 76.12132034355965 -2.121320343559643 4
      vertex 76.28121789680009 -1.948344144990551 0
    endloop
  endfacet
  facet normal -0.7853169308807298 0.6190939493098532 0
    outer loop
      vertex 76.42705098312484 -1.7633557568774194 0
      vertex 76.28121789680009 -1.948344144990551 0
      vertex 76.28121789680009 -1.948344144990551 4
    endloop
  endfacet
  facet normal -0.8314696123025338 0.5555702330196194 0
    outer loop
      vertex 76.55792049306228 -1.5674956941478464 0
      vertex 76.42705098312484 -1.7633557568774194 0
      vertex 76.42705098312484 -1.7633557568774194 4
    endloop
  endfacet
  facet normal -0.872496007072798 0.4886212414969533 0
    outer loop
      vertex 76.55792049306228 -1.5674956941478464 0
      vertex 76.55792049306228 -1.5674956941478464 4
      vertex 76.67301957256511 -1.3619714992186402 0
    endloop
  endfacet
  facet normal -0.9081431738250835 0.4186597375374234 0
    outer loop
      vertex 76.77163859753387 -1.1480502970952693 0
      vertex 76.67301957256511 -1.3619714992186402 0
      vertex 76.67301957256511 -1.3619714992186402 4
    endloop
  endfacet
  facet normal -0.9381913359224908 0.3461170570774747 0
    outer loop
      vertex 76.85316954888546 -0.9270509831248421 0
      vertex 76.77163859753387 -1.1480502970952693 0
      vertex 76.77163859753387 -1.1480502970952693 4
    endloop
  endfacet
  facet normal -0.962455236453645 0.27144044986508253 0
    outer loop
      vertex 76.91710976119303 -0.7003360915677161 0
      vertex 76.85316954888546 -0.9270509831248421 0
      vertex 76.85316954888546 -0.9270509831248421 4
    endloop
  endfacet
  facet normal -0.980785280403234 0.19509032201611043 0
    outer loop
      vertex 76.96306502178541 -0.46930339512069263 0
      vertex 76.91710976119303 -0.7003360915677161 0
      vertex 76.91710976119303 -0.7003360915677161 4
    endloop
  endfacet
  facet normal -0.9930684569549261 0.11753739745784018 0
    outer loop
      vertex 76.99075200119938 -0.23537728718353484 0
      vertex 76.96306502178541 -0.46930339512069263 0
      vertex 76.96306502178541 -0.46930339512069263 4
    endloop
  endfacet
  facet normal -0.9992290362407228 0.03925981575907488 0
    outer loop
      vertex 76.99075200119938 -0.23537728718353484 0
      vertex 76.99075200119938 -0.23537728718353484 4
      vertex 77 0 0
    endloop
  endfacet
  facet normal -0.03925981575906856 0.9992290362407229 0
    outer loop
      vertex 74.23537728718354 -2.990752001199384 0
      vertex 74 -3 4
      vertex 74.23537728718354 -2.990752001199384 4
    endloop
  endfacet
  facet normal -0.11753739745783978 0.993068456954926 0
    outer loop
      vertex 74.46930339512069 -2.9630650217854133 0
      vertex 74.23537728718354 -2.990752001199384 4
      vertex 74.46930339512069 -2.9630650217854133 4
    endloop
  endfacet
  facet normal -0.19509032201612458 0.9807852804032311 0
    outer loop
      vertex 74.70033609156772 -2.9171097611930294 0
      vertex 74.46930339512069 -2.9630650217854133 4
      vertex 74.70033609156772 -2.9171097611930294 4
    endloop
  endfacet
  facet normal -0.27144044986507754 0.9624552364536465 0
    outer loop
      vertex 74.92705098312484 -2.8531695488854605 0
      vertex 74.70033609156772 -2.9171097611930294 4
      vertex 74.92705098312484 -2.8531695488854605 4
    endloop
  endfacet
  facet normal -0.34611705707749757 0.9381913359224825 0
    outer loop
      vertex 75.14805029709527 -2.77163859753386 0
      vertex 74.92705098312484 -2.8531695488854605 4
      vertex 75.14805029709527 -2.77163859753386 4
    endloop
  endfacet
  facet normal -0.4186597375374229 0.9081431738250837 0
    outer loop
      vertex 75.36197149921864 -2.673019572565104 0
      vertex 75.14805029709527 -2.77163859753386 4
      vertex 75.36197149921864 -2.673019572565104 4
    endloop
  endfacet
  facet normal -0.4886212414969474 0.8724960070728014 0
    outer loop
      vertex 75.56749569414785 -2.5579204930622765 0
      vertex 75.36197149921864 -2.673019572565104 4
      vertex 75.56749569414785 -2.5579204930622765 4
    endloop
  endfacet
  facet normal -0.5555702330196164 0.8314696123025358 0
    outer loop
      vertex 75.76335575687742 -2.4270509831248424 0
      vertex 75.56749569414785 -2.5579204930622765 4
      vertex 75.76335575687742 -2.4270509831248424 4
    endloop
  endfacet
  facet normal -0.6190939493098162 0.7853169308807589 0
    outer loop
      vertex 75.94834414499056 -2.2812178968000927 0
      vertex 75.76335575687742 -2.4270509831248424 4
      vertex 75.94834414499056 -2.2812178968000927 4
    endloop
  endfacet
  facet normal -0.6788007455329473 0.7343225094356803 0
    outer loop
      vertex 76.12132034355965 -2.121320343559643 0
      vertex 75.94834414499056 -2.2812178968000927 4
      vertex 76.12132034355965 -2.121320343559643 4
    endloop
  endfacet
  facet normal -0.7343225094357057 0.67880074553292 0
    outer loop
      vertex 76.28121789680009 -1.948344144990551 0
      vertex 76.12132034355965 -2.121320343559643 4
      vertex 76.28121789680009 -1.948344144990551 4
    endloop
  endfacet
  facet normal -0.7853169308807298 0.6190939493098532 0
    outer loop
      vertex 76.28121789680009 -1.948344144990551 4
      vertex 76.42705098312484 -1.7633557568774194 4
      vertex 76.42705098312484 -1.7633557568774194 0
    endloop
  endfacet
  facet normal -0.8314696123025338 0.5555702330196194 0
    outer loop
      vertex 76.55792049306228 -1.5674956941478464 0
      vertex 76.42705098312484 -1.7633557568774194 4
      vertex 76.55792049306228 -1.5674956941478464 4
    endloop
  endfacet
  facet normal -0.872496007072798 0.4886212414969533 0
    outer loop
      vertex 76.55792049306228 -1.5674956941478464 4
      vertex 76.67301957256511 -1.3619714992186402 4
      vertex 76.67301957256511 -1.3619714992186402 0
    endloop
  endfacet
  facet normal -0.9081431738250835 0.4186597375374234 0
    outer loop
      vertex 76.77163859753387 -1.1480502970952693 0
      vertex 76.67301957256511 -1.3619714992186402 4
      vertex 76.77163859753387 -1.1480502970952693 4
    endloop
  endfacet
  facet normal -0.9381913359224908 0.3461170570774747 0
    outer loop
      vertex 76.77163859753387 -1.1480502970952693 4
      vertex 76.85316954888546 -0.9270509831248421 4
      vertex 76.85316954888546 -0.9270509831248421 0
    endloop
  endfacet
  facet normal -0.962455236453645 0.27144044986508253 0
    outer loop
      vertex 76.85316954888546 -0.9270509831248421 4
      vertex 76.91710976119303 -0.7003360915677161 4
      vertex 76.91710976119303 -0.7003360915677161 0
    endloop
  endfacet
  facet normal -0.980785280403234 0.19509032201611043 0
    outer loop
      vertex 76.96306502178541 -0.46930339512069263 0
      vertex 76.91710976119303 -0.7003360915677161 4
      vertex 76.96306502178541 -0.46930339512069263 4
    endloop
  endfacet
  facet normal -0.9930684569549261 0.11753739745784018 0
    outer loop
      vertex 76.96306502178541 -0.46930339512069263 4
      vertex 76.99075200119938 -0.23537728718353484 4
      vertex 76.99075200119938 -0.23537728718353484 0
    endloop
  endfacet
  facet normal -0.9992290362407228 0.03925981575907488 0
    outer loop
      vertex 77 0 0
      vertex 76.99075200119938 -0.23537728718353484 4
      vertex 77 0 4
    endloop
  endfacet
  facet normal -0.9992290362407228 -0.03925981575907488 0
    outer loop
      vertex 77 0 0
      vertex 77 0 4
      vertex 76.99075200119938 0.23537728718353484 0
    endloop
  endfacet
  facet normal -0.9930684569549261 -0.11753739745784018 0
    outer loop
      vertex 76.96306502178541 0.46930339512069263 0
      vertex 76.99075200119938 0.23537728718353484 0
      vertex 76.99075200119938 0.23537728718353484 4
    endloop
  endfacet
  facet normal -0.980785280403234 -0.19509032201611043 0
    outer loop
      vertex 76.91710976119303 0.7003360915677161 0
      vertex 76.96306502178541 0.46930339512069263 0
      vertex 76.96306502178541 0.46930339512069263 4
    endloop
  endfacet
  facet normal -0.872496007072798 -0.4886212414969533 0
    outer loop
      vertex 76.67301957256511 1.3619714992186402 0
      vertex 76.67301957256511 1.3619714992186402 4
      vertex 76.55792049306228 1.5674956941478464 0
    endloop
  endfacet
  facet normal -0.962455236453645 -0.27144044986508253 0
    outer loop
      vertex 76.85316954888546 0.9270509831248421 0
      vertex 76.91710976119303 0.7003360915677161 0
      vertex 76.91710976119303 0.7003360915677161 4
    endloop
  endfacet
  facet normal -0.9381913359224908 -0.3461170570774747 0
    outer loop
      vertex 76.77163859753387 1.1480502970952693 0
      vertex 76.85316954888546 0.9270509831248421 0
      vertex 76.85316954888546 0.9270509831248421 4
    endloop
  endfacet
  facet normal -0.9081431738250835 -0.4186597375374234 0
    outer loop
      vertex 76.67301957256511 1.3619714992186402 0
      vertex 76.77163859753387 1.1480502970952693 0
      vertex 76.77163859753387 1.1480502970952693 4
    endloop
  endfacet
  facet normal -0.8314696123025338 -0.5555702330196194 0
    outer loop
      vertex 76.55792049306228 1.5674956941478464 0
      vertex 76.55792049306228 1.5674956941478464 4
      vertex 76.42705098312484 1.7633557568774194 0
    endloop
  endfacet
  facet normal -0.7853169308807298 -0.6190939493098532 0
    outer loop
      vertex 76.28121789680009 1.948344144990551 0
      vertex 76.42705098312484 1.7633557568774194 0
      vertex 76.42705098312484 1.7633557568774194 4
    endloop
  endfacet
  facet normal -0.7343225094357057 -0.67880074553292 0
    outer loop
      vertex 76.12132034355965 2.121320343559643 0
      vertex 76.28121789680009 1.948344144990551 0
      vertex 76.28121789680009 1.948344144990551 4
    endloop
  endfacet
  facet normal -0.6788007455329473 -0.7343225094356803 0
    outer loop
      vertex 76.12132034355965 2.121320343559643 0
      vertex 76.12132034355965 2.121320343559643 4
      vertex 75.94834414499056 2.2812178968000927 0
    endloop
  endfacet
  facet normal -0.6190939493098162 -0.7853169308807589 0
    outer loop
      vertex 75.94834414499056 2.2812178968000927 0
      vertex 75.94834414499056 2.2812178968000927 4
      vertex 75.76335575687742 2.4270509831248424 0
    endloop
  endfacet
  facet normal -0.5555702330196164 -0.8314696123025358 0
    outer loop
      vertex 75.76335575687742 2.4270509831248424 0
      vertex 75.76335575687742 2.4270509831248424 4
      vertex 75.56749569414785 2.5579204930622765 0
    endloop
  endfacet
  facet normal -0.4886212414969474 -0.8724960070728014 0
    outer loop
      vertex 75.56749569414785 2.5579204930622765 0
      vertex 75.56749569414785 2.5579204930622765 4
      vertex 75.36197149921864 2.673019572565104 0
    endloop
  endfacet
  facet normal -0.4186597375374229 -0.9081431738250837 0
    outer loop
      vertex 75.36197149921864 2.673019572565104 0
      vertex 75.36197149921864 2.673019572565104 4
      vertex 75.14805029709527 2.77163859753386 0
    endloop
  endfacet
  facet normal -0.34611705707749757 -0.9381913359224825 0
    outer loop
      vertex 75.14805029709527 2.77163859753386 0
      vertex 75.14805029709527 2.77163859753386 4
      vertex 74.92705098312484 2.8531695488854605 0
    endloop
  endfacet
  facet normal -0.03925981575906856 -0.9992290362407229 0
    outer loop
      vertex 74.23537728718354 2.990752001199384 0
      vertex 74.23537728718354 2.990752001199384 4
      vertex 74 3 0
    endloop
  endfacet
  facet normal -0.19509032201612458 -0.9807852804032311 0
    outer loop
      vertex 74.70033609156772 2.9171097611930294 0
      vertex 74.70033609156772 2.9171097611930294 4
      vertex 74.46930339512069 2.9630650217854133 0
    endloop
  endfacet
  facet normal -0.11753739745783978 -0.993068456954926 0
    outer loop
      vertex 74.46930339512069 2.9630650217854133 0
      vertex 74.46930339512069 2.9630650217854133 4
      vertex 74.23537728718354 2.990752001199384 0
    endloop
  endfacet
  facet normal -0.27144044986507754 -0.9624552364536465 0
    outer loop
      vertex 74.92705098312484 2.8531695488854605 0
      vertex 74.92705098312484 2.8531695488854605 4
      vertex 74.70033609156772 2.9171097611930294 0
    endloop
  endfacet
  facet normal -0.9992290362407228 -0.03925981575907488 0
    outer loop
      vertex 77 0 4
      vertex 76.99075200119938 0.23537728718353484 4
      vertex 76.99075200119938 0.23537728718353484 0
    endloop
  endfacet
  facet normal -0.9930684569549261 -0.11753739745784018 0
    outer loop
      vertex 76.99075200119938 0.23537728718353484 4
      vertex 76.96306502178541 0.46930339512069263 4
      vertex 76.96306502178541 0.46930339512069263 0
    endloop
  endfacet
  facet normal -0.980785280403234 -0.19509032201611043 0
    outer loop
      vertex 76.91710976119303 0.7003360915677161 0
      vertex 76.96306502178541 0.46930339512069263 4
      vertex 76.91710976119303 0.7003360915677161 4
    endloop
  endfacet
  facet normal -0.872496007072798 -0.4886212414969533 0
    outer loop
      vertex 76.55792049306228 1.5674956941478464 4
      vertex 76.55792049306228 1.5674956941478464 0
      vertex 76.67301957256511 1.3619714992186402 4
    endloop
  endfacet
  facet normal -0.962455236453645 -0.27144044986508253 0
    outer loop
      vertex 76.91710976119303 0.7003360915677161 4
      vertex 76.85316954888546 0.9270509831248421 4
      vertex 76.85316954888546 0.9270509831248421 0
    endloop
  endfacet
  facet normal -0.9381913359224908 -0.3461170570774747 0
    outer loop
      vertex 76.77163859753387 1.1480502970952693 0
      vertex 76.85316954888546 0.9270509831248421 4
      vertex 76.77163859753387 1.1480502970952693 4
    endloop
  endfacet
  facet normal -0.9081431738250835 -0.4186597375374234 0
    outer loop
      vertex 76.77163859753387 1.1480502970952693 4
      vertex 76.67301957256511 1.3619714992186402 4
      vertex 76.67301957256511 1.3619714992186402 0
    endloop
  endfacet
  facet normal -0.8314696123025338 -0.5555702330196194 0
    outer loop
      vertex 76.42705098312484 1.7633557568774194 0
      vertex 76.55792049306228 1.5674956941478464 4
      vertex 76.42705098312484 1.7633557568774194 4
    endloop
  endfacet
  facet normal -0.7853169308807298 -0.6190939493098532 0
    outer loop
      vertex 76.42705098312484 1.7633557568774194 4
      vertex 76.28121789680009 1.948344144990551 4
      vertex 76.28121789680009 1.948344144990551 0
    endloop
  endfacet
  facet normal -0.6788007455329473 -0.7343225094356803 0
    outer loop
      vertex 75.94834414499056 2.2812178968000927 0
      vertex 76.12132034355965 2.121320343559643 4
      vertex 75.94834414499056 2.2812178968000927 4
    endloop
  endfacet
  facet normal -0.7343225094357057 -0.67880074553292 0
    outer loop
      vertex 76.12132034355965 2.121320343559643 0
      vertex 76.28121789680009 1.948344144990551 4
      vertex 76.12132034355965 2.121320343559643 4
    endloop
  endfacet
  facet normal -0.6190939493098162 -0.7853169308807589 0
    outer loop
      vertex 75.76335575687742 2.4270509831248424 0
      vertex 75.94834414499056 2.2812178968000927 4
      vertex 75.76335575687742 2.4270509831248424 4
    endloop
  endfacet
  facet normal -0.5555702330196164 -0.8314696123025358 0
    outer loop
      vertex 75.76335575687742 2.4270509831248424 4
      vertex 75.56749569414785 2.5579204930622765 4
      vertex 75.56749569414785 2.5579204930622765 0
    endloop
  endfacet
  facet normal -0.4186597375374229 -0.9081431738250837 0
    outer loop
      vertex 75.14805029709527 2.77163859753386 0
      vertex 75.36197149921864 2.673019572565104 4
      vertex 75.14805029709527 2.77163859753386 4
    endloop
  endfacet
  facet normal -0.03925981575906856 -0.9992290362407229 0
    outer loop
      vertex 74 3 0
      vertex 74.23537728718354 2.990752001199384 4
      vertex 74 3 4
    endloop
  endfacet
  facet normal -0.11753739745783978 -0.993068456954926 0
    outer loop
      vertex 74.23537728718354 2.990752001199384 0
      vertex 74.46930339512069 2.9630650217854133 4
      vertex 74.23537728718354 2.990752001199384 4
    endloop
  endfacet
  facet normal -0.19509032201612458 -0.9807852804032311 0
    outer loop
      vertex 74.46930339512069 2.9630650217854133 0
      vertex 74.70033609156772 2.9171097611930294 4
      vertex 74.46930339512069 2.9630650217854133 4
    endloop
  endfacet
  facet normal -0.34611705707749757 -0.9381913359224825 0
    outer loop
      vertex 74.92705098312484 2.8531695488854605 0
      vertex 75.14805029709527 2.77163859753386 4
      vertex 74.92705098312484 2.8531695488854605 4
    endloop
  endfacet
  facet normal -0.27144044986507754 -0.9624552364536465 0
    outer loop
      vertex 74.70033609156772 2.9171097611930294 0
      vertex 74.92705098312484 2.8531695488854605 4
      vertex 74.70033609156772 2.9171097611930294 4
    endloop
  endfacet
  facet normal -0.4886212414969474 -0.8724960070728014 0
    outer loop
      vertex 75.36197149921864 2.673019572565104 0
      vertex 75.56749569414785 2.5579204930622765 4
      vertex 75.36197149921864 2.673019572565104 4
    endloop
  endfacet
  facet normal 0.6190939493098162 0.7853169308807589 0
    outer loop
      vertex 90.05165585500944 -2.2812178968000927 0
      vertex 90.05165585500944 -2.2812178968000927 4
      vertex 90.23664424312258 -2.4270509831248424 0
    endloop
  endfacet
  facet normal 0.6788007455329473 0.7343225094356803 0
    outer loop
      vertex 90.05165585500944 -2.2812178968000927 0
      vertex 89.87867965644035 -2.121320343559643 0
      vertex 89.87867965644035 -2.121320343559643 4
    endloop
  endfacet
  facet normal 0.7343225094357057 0.67880074553292 0
    outer loop
      vertex 89.87867965644035 -2.121320343559643 0
      vertex 89.71878210319991 -1.948344144990551 0
      vertex 89.71878210319991 -1.948344144990551 4
    endloop
  endfacet
  facet normal 0.7853169308807298 0.6190939493098532 0
    outer loop
      vertex 89.71878210319991 -1.948344144990551 0
      vertex 89.57294901687516 -1.7633557568774194 0
      vertex 89.57294901687516 -1.7633557568774194 4
    endloop
  endfacet
  facet normal 0.8314696123025338 0.5555702330196194 0
    outer loop
      vertex 89.57294901687516 -1.7633557568774194 0
      vertex 89.44207950693772 -1.5674956941478464 0
      vertex 89.44207950693772 -1.5674956941478464 4
    endloop
  endfacet
  facet normal 0.19509032201612458 0.9807852804032311 0
    outer loop
      vertex 91.29966390843228 -2.9171097611930294 0
      vertex 91.29966390843228 -2.9171097611930294 4
      vertex 91.53069660487931 -2.9630650217854133 0
    endloop
  endfacet
  facet normal 0.27144044986507754 0.9624552364536465 0
    outer loop
      vertex 91.07294901687516 -2.8531695488854605 0
      vertex 91.07294901687516 -2.8531695488854605 4
      vertex 91.29966390843228 -2.9171097611930294 0
    endloop
  endfacet
  facet normal 0.4186597375374229 0.9081431738250837 0
    outer loop
      vertex 90.63802850078136 -2.673019572565104 0
      vertex 90.63802850078136 -2.673019572565104 4
      vertex 90.85194970290473 -2.77163859753386 0
    endloop
  endfacet
  facet normal 0.34611705707749757 0.9381913359224825 0
    outer loop
      vertex 90.85194970290473 -2.77163859753386 0
      vertex 90.85194970290473 -2.77163859753386 4
      vertex 91.07294901687516 -2.8531695488854605 0
    endloop
  endfacet
  facet normal 0.11753739745783978 0.993068456954926 0
    outer loop
      vertex 91.53069660487931 -2.9630650217854133 0
      vertex 91.53069660487931 -2.9630650217854133 4
      vertex 91.76462271281646 -2.990752001199384 0
    endloop
  endfacet
  facet normal 0.03925981575906856 0.9992290362407229 0
    outer loop
      vertex 91.76462271281646 -2.990752001199384 0
      vertex 91.76462271281646 -2.990752001199384 4
      vertex 92 -3 0
    endloop
  endfacet
  facet normal -0.03925981575906856 0.9992290362407229 0
    outer loop
      vertex 92 -3 0
      vertex 92 -3 4
      vertex 92.23537728718354 -2.990752001199384 0
    endloop
  endfacet
  facet normal -0.11753739745783978 0.993068456954926 0
    outer loop
      vertex 92.23537728718354 -2.990752001199384 0
      vertex 92.23537728718354 -2.990752001199384 4
      vertex 92.46930339512069 -2.9630650217854133 0
    endloop
  endfacet
  facet normal -0.19509032201612458 0.9807852804032311 0
    outer loop
      vertex 92.46930339512069 -2.9630650217854133 0
      vertex 92.46930339512069 -2.9630650217854133 4
      vertex 92.70033609156772 -2.9171097611930294 0
    endloop
  endfacet
  facet normal -0.27144044986507754 0.9624552364536465 0
    outer loop
      vertex 92.70033609156772 -2.9171097611930294 0
      vertex 92.70033609156772 -2.9171097611930294 4
      vertex 92.92705098312484 -2.8531695488854605 0
    endloop
  endfacet
  facet normal 0.4886212414969474 0.8724960070728014 0
    outer loop
      vertex 90.43250430585215 -2.5579204930622765 0
      vertex 90.43250430585215 -2.5579204930622765 4
      vertex 90.63802850078136 -2.673019572565104 0
    endloop
  endfacet
  facet normal 0.5555702330196164 0.8314696123025358 0
    outer loop
      vertex 90.23664424312258 -2.4270509831248424 0
      vertex 90.23664424312258 -2.4270509831248424 4
      vertex 90.43250430585215 -2.5579204930622765 0
    endloop
  endfacet
  facet normal -0.34611705707749757 0.9381913359224825 0
    outer loop
      vertex 92.92705098312484 -2.8531695488854605 0
      vertex 92.92705098312484 -2.8531695488854605 4
      vertex 93.14805029709527 -2.77163859753386 0
    endloop
  endfacet
  facet normal -0.4186597375374229 0.9081431738250837 0
    outer loop
      vertex 93.14805029709527 -2.77163859753386 0
      vertex 93.14805029709527 -2.77163859753386 4
      vertex 93.36197149921864 -2.673019572565104 0
    endloop
  endfacet
  facet normal -0.4886212414969474 0.8724960070728014 0
    outer loop
      vertex 93.36197149921864 -2.673019572565104 0
      vertex 93.36197149921864 -2.673019572565104 4
      vertex 93.56749569414785 -2.5579204930622765 0
    endloop
  endfacet
  facet normal -0.5555702330196164 0.8314696123025358 0
    outer loop
      vertex 93.56749569414785 -2.5579204930622765 0
      vertex 93.56749569414785 -2.5579204930622765 4
      vertex 93.76335575687742 -2.4270509831248424 0
    endloop
  endfacet
  facet normal -0.6190939493098162 0.7853169308807589 0
    outer loop
      vertex 93.76335575687742 -2.4270509831248424 0
      vertex 93.76335575687742 -2.4270509831248424 4
      vertex 93.94834414499056 -2.2812178968000927 0
    endloop
  endfacet
  facet normal -0.6788007455329473 0.7343225094356803 0
    outer loop
      vertex 93.94834414499056 -2.2812178968000927 0
      vertex 93.94834414499056 -2.2812178968000927 4
      vertex 94.12132034355965 -2.121320343559643 0
    endloop
  endfacet
  facet normal -0.7343225094357057 0.67880074553292 0
    outer loop
      vertex 94.12132034355965 -2.121320343559643 0
      vertex 94.12132034355965 -2.121320343559643 4
      vertex 94.28121789680009 -1.948344144990551 0
    endloop
  endfacet
  facet normal -0.7853169308807298 0.6190939493098532 0
    outer loop
      vertex 94.42705098312484 -1.7633557568774194 0
      vertex 94.28121789680009 -1.948344144990551 0
      vertex 94.28121789680009 -1.948344144990551 4
    endloop
  endfacet
  facet normal -0.8314696123025338 0.5555702330196194 0
    outer loop
      vertex 94.42705098312484 -1.7633557568774194 0
      vertex 94.42705098312484 -1.7633557568774194 4
      vertex 94.55792049306228 -1.5674956941478464 0
    endloop
  endfacet
  facet normal 0.872496007072798 0.4886212414969533 0
    outer loop
      vertex 89.44207950693772 -1.5674956941478464 0
      vertex 89.32698042743489 -1.3619714992186402 0
      vertex 89.32698042743489 -1.3619714992186402 4
    endloop
  endfacet
  facet normal 0.9081431738250835 0.4186597375374234 0
    outer loop
      vertex 89.32698042743489 -1.3619714992186402 0
      vertex 89.22836140246613 -1.1480502970952693 0
      vertex 89.22836140246613 -1.1480502970952693 4
    endloop
  endfacet
  facet normal 0.9381913359224908 0.3461170570774747 0
    outer loop
      vertex 89.22836140246613 -1.1480502970952693 0
      vertex 89.14683045111454 -0.9270509831248421 0
      vertex 89.14683045111454 -0.9270509831248421 4
    endloop
  endfacet
  facet normal 0.962455236453645 0.27144044986508253 0
    outer loop
      vertex 89.14683045111454 -0.9270509831248421 0
      vertex 89.08289023880697 -0.7003360915677161 0
      vertex 89.08289023880697 -0.7003360915677161 4
    endloop
  endfacet
  facet normal 0.980785280403234 0.19509032201611043 0
    outer loop
      vertex 89.08289023880697 -0.7003360915677161 0
      vertex 89.03693497821459 -0.46930339512069263 0
      vertex 89.03693497821459 -0.46930339512069263 4
    endloop
  endfacet
  facet normal 0.9930684569549261 0.11753739745784018 0
    outer loop
      vertex 89.03693497821459 -0.46930339512069263 0
      vertex 89.00924799880062 -0.23537728718353484 0
      vertex 89.00924799880062 -0.23537728718353484 4
    endloop
  endfacet
  facet normal 0.9992290362407228 0.03925981575907488 0
    outer loop
      vertex 89.00924799880062 -0.23537728718353484 0
      vertex 89 0 0
      vertex 89 0 4
    endloop
  endfacet
  facet normal -0.872496007072798 0.4886212414969533 0
    outer loop
      vertex 94.55792049306228 -1.5674956941478464 0
      vertex 94.55792049306228 -1.5674956941478464 4
      vertex 94.67301957256511 -1.3619714992186402 0
    endloop
  endfacet
  facet normal -0.9081431738250835 0.4186597375374234 0
    outer loop
      vertex 94.77163859753387 -1.1480502970952693 0
      vertex 94.67301957256511 -1.3619714992186402 0
      vertex 94.67301957256511 -1.3619714992186402 4
    endloop
  endfacet
  facet normal -0.9381913359224908 0.3461170570774747 0
    outer loop
      vertex 94.85316954888546 -0.9270509831248421 0
      vertex 94.77163859753387 -1.1480502970952693 0
      vertex 94.77163859753387 -1.1480502970952693 4
    endloop
  endfacet
  facet normal -0.962455236453645 0.27144044986508253 0
    outer loop
      vertex 94.91710976119303 -0.7003360915677161 0
      vertex 94.85316954888546 -0.9270509831248421 0
      vertex 94.85316954888546 -0.9270509831248421 4
    endloop
  endfacet
  facet normal -0.980785280403234 0.19509032201611043 0
    outer loop
      vertex 94.96306502178541 -0.46930339512069263 0
      vertex 94.91710976119303 -0.7003360915677161 0
      vertex 94.91710976119303 -0.7003360915677161 4
    endloop
  endfacet
  facet normal -0.9930684569549261 0.11753739745784018 0
    outer loop
      vertex 94.99075200119938 -0.23537728718353484 0
      vertex 94.96306502178541 -0.46930339512069263 0
      vertex 94.96306502178541 -0.46930339512069263 4
    endloop
  endfacet
  facet normal -0.9992290362407228 0.03925981575907488 0
    outer loop
      vertex 94.99075200119938 -0.23537728718353484 0
      vertex 94.99075200119938 -0.23537728718353484 4
      vertex 95 0 0
    endloop
  endfacet
  facet normal 0.6788007455329473 0.7343225094356803 0
    outer loop
      vertex 90.05165585500944 -2.2812178968000927 0
      vertex 89.87867965644035 -2.121320343559643 4
      vertex 90.05165585500944 -2.2812178968000927 4
    endloop
  endfacet
  facet normal 0.7343225094357057 0.67880074553292 0
    outer loop
      vertex 89.87867965644035 -2.121320343559643 0
      vertex 89.71878210319991 -1.948344144990551 4
      vertex 89.87867965644035 -2.121320343559643 4
    endloop
  endfacet
  facet normal 0.7853169308807298 0.6190939493098532 0
    outer loop
      vertex 89.57294901687516 -1.7633557568774194 4
      vertex 89.71878210319991 -1.948344144990551 4
      vertex 89.71878210319991 -1.948344144990551 0
    endloop
  endfacet
  facet normal 0.8314696123025338 0.5555702330196194 0
    outer loop
      vertex 89.57294901687516 -1.7633557568774194 0
      vertex 89.44207950693772 -1.5674956941478464 4
      vertex 89.57294901687516 -1.7633557568774194 4
    endloop
  endfacet
  facet normal 0.19509032201612458 0.9807852804032311 0
    outer loop
      vertex 91.53069660487931 -2.9630650217854133 0
      vertex 91.29966390843228 -2.9171097611930294 4
      vertex 91.53069660487931 -2.9630650217854133 4
    endloop
  endfacet
  facet normal 0.34611705707749757 0.9381913359224825 0
    outer loop
      vertex 91.07294901687516 -2.8531695488854605 0
      vertex 90.85194970290473 -2.77163859753386 4
      vertex 91.07294901687516 -2.8531695488854605 4
    endloop
  endfacet
  facet normal 0.27144044986507754 0.9624552364536465 0
    outer loop
      vertex 91.29966390843228 -2.9171097611930294 0
      vertex 91.07294901687516 -2.8531695488854605 4
      vertex 91.29966390843228 -2.9171097611930294 4
    endloop
  endfacet
  facet normal 0.4186597375374229 0.9081431738250837 0
    outer loop
      vertex 90.85194970290473 -2.77163859753386 0
      vertex 90.63802850078136 -2.673019572565104 4
      vertex 90.85194970290473 -2.77163859753386 4
    endloop
  endfacet
  facet normal 0.4886212414969474 0.8724960070728014 0
    outer loop
      vertex 90.63802850078136 -2.673019572565104 0
      vertex 90.43250430585215 -2.5579204930622765 4
      vertex 90.63802850078136 -2.673019572565104 4
    endloop
  endfacet
  facet normal 0.11753739745783978 0.993068456954926 0
    outer loop
      vertex 91.76462271281646 -2.990752001199384 0
      vertex 91.53069660487931 -2.9630650217854133 4
      vertex 91.76462271281646 -2.990752001199384 4
    endloop
  endfacet
  facet normal 0.03925981575906856 0.9992290362407229 0
    outer loop
      vertex 92 -3 0
      vertex 91.76462271281646 -2.990752001199384 4
      vertex 92 -3 4
    endloop
  endfacet
  facet normal -0.03925981575906856 0.9992290362407229 0
    outer loop
      vertex 92.23537728718354 -2.990752001199384 0
      vertex 92 -3 4
      vertex 92.23537728718354 -2.990752001199384 4
    endloop
  endfacet
  facet normal -0.11753739745783978 0.993068456954926 0
    outer loop
      vertex 92.46930339512069 -2.9630650217854133 0
      vertex 92.23537728718354 -2.990752001199384 4
      vertex 92.46930339512069 -2.9630650217854133 4
    endloop
  endfacet
  facet normal -0.19509032201612458 0.9807852804032311 0
    outer loop
      vertex 92.70033609156772 -2.9171097611930294 0
      vertex 92.46930339512069 -2.9630650217854133 4
      vertex 92.70033609156772 -2.9171097611930294 4
    endloop
  endfacet
  facet normal 0.5555702330196164 0.8314696123025358 0
    outer loop
      vertex 90.43250430585215 -2.5579204930622765 0
      vertex 90.23664424312258 -2.4270509831248424 4
      vertex 90.43250430585215 -2.5579204930622765 4
    endloop
  endfacet
  facet normal 0.6190939493098162 0.7853169308807589 0
    outer loop
      vertex 90.23664424312258 -2.4270509831248424 0
      vertex 90.05165585500944 -2.2812178968000927 4
      vertex 90.23664424312258 -2.4270509831248424 4
    endloop
  endfacet
  facet normal -0.27144044986507754 0.9624552364536465 0
    outer loop
      vertex 92.92705098312484 -2.8531695488854605 0
      vertex 92.70033609156772 -2.9171097611930294 4
      vertex 92.92705098312484 -2.8531695488854605 4
    endloop
  endfacet
  facet normal -0.34611705707749757 0.9381913359224825 0
    outer loop
      vertex 93.14805029709527 -2.77163859753386 0
      vertex 92.92705098312484 -2.8531695488854605 4
      vertex 93.14805029709527 -2.77163859753386 4
    endloop
  endfacet
  facet normal -0.4186597375374229 0.9081431738250837 0
    outer loop
      vertex 93.36197149921864 -2.673019572565104 0
      vertex 93.14805029709527 -2.77163859753386 4
      vertex 93.36197149921864 -2.673019572565104 4
    endloop
  endfacet
  facet normal -0.4886212414969474 0.8724960070728014 0
    outer loop
      vertex 93.56749569414785 -2.5579204930622765 0
      vertex 93.36197149921864 -2.673019572565104 4
      vertex 93.56749569414785 -2.5579204930622765 4
    endloop
  endfacet
  facet normal -0.5555702330196164 0.8314696123025358 0
    outer loop
      vertex 93.76335575687742 -2.4270509831248424 0
      vertex 93.56749569414785 -2.5579204930622765 4
      vertex 93.76335575687742 -2.4270509831248424 4
    endloop
  endfacet
  facet normal -0.6190939493098162 0.7853169308807589 0
    outer loop
      vertex 93.94834414499056 -2.2812178968000927 0
      vertex 93.76335575687742 -2.4270509831248424 4
      vertex 93.94834414499056 -2.2812178968000927 4
    endloop
  endfacet
  facet normal -0.6788007455329473 0.7343225094356803 0
    outer loop
      vertex 94.12132034355965 -2.121320343559643 0
      vertex 93.94834414499056 -2.2812178968000927 4
      vertex 94.12132034355965 -2.121320343559643 4
    endloop
  endfacet
  facet normal -0.7343225094357057 0.67880074553292 0
    outer loop
      vertex 94.28121789680009 -1.948344144990551 0
      vertex 94.12132034355965 -2.121320343559643 4
      vertex 94.28121789680009 -1.948344144990551 4
    endloop
  endfacet
  facet normal -0.7853169308807298 0.6190939493098532 0
    outer loop
      vertex 94.42705098312484 -1.7633557568774194 0
      vertex 94.28121789680009 -1.948344144990551 4
      vertex 94.42705098312484 -1.7633557568774194 4
    endloop
  endfacet
  facet normal -0.8314696123025338 0.5555702330196194 0
    outer loop
      vertex 94.42705098312484 -1.7633557568774194 4
      vertex 94.55792049306228 -1.5674956941478464 4
      vertex 94.55792049306228 -1.5674956941478464 0
    endloop
  endfacet
  facet normal 0.872496007072798 0.4886212414969533 0
    outer loop
      vertex 89.32698042743489 -1.3619714992186402 4
      vertex 89.44207950693772 -1.5674956941478464 4
      vertex 89.44207950693772 -1.5674956941478464 0
    endloop
  endfacet
  facet normal 0.9081431738250835 0.4186597375374234 0
    outer loop
      vertex 89.32698042743489 -1.3619714992186402 0
      vertex 89.22836140246613 -1.1480502970952693 4
      vertex 89.32698042743489 -1.3619714992186402 4
    endloop
  endfacet
  facet normal 0.9381913359224908 0.3461170570774747 0
    outer loop
      vertex 89.22836140246613 -1.1480502970952693 0
      vertex 89.14683045111454 -0.9270509831248421 4
      vertex 89.22836140246613 -1.1480502970952693 4
    endloop
  endfacet
  facet normal 0.962455236453645 0.27144044986508253 0
    outer loop
      vertex 89.08289023880697 -0.7003360915677161 4
      vertex 89.14683045111454 -0.9270509831248421 4
      vertex 89.14683045111454 -0.9270509831248421 0
    endloop
  endfacet
  facet normal 0.980785280403234 0.19509032201611043 0
    outer loop
      vertex 89.03693497821459 -0.46930339512069263 4
      vertex 89.08289023880697 -0.7003360915677161 4
      vertex 89.08289023880697 -0.7003360915677161 0
    endloop
  endfacet
  facet normal 0.9930684569549261 0.11753739745784018 0
    outer loop
      vertex 89.00924799880062 -0.23537728718353484 4
      vertex 89.03693497821459 -0.46930339512069263 4
      vertex 89.03693497821459 -0.46930339512069263 0
    endloop
  endfacet
  facet normal 0.9992290362407228 0.03925981575907488 0
    outer loop
      vertex 89 0 4
      vertex 89.00924799880062 -0.23537728718353484 4
      vertex 89.00924799880062 -0.23537728718353484 0
    endloop
  endfacet
  facet normal -0.872496007072798 0.4886212414969533 0
    outer loop
      vertex 94.67301957256511 -1.3619714992186402 4
      vertex 94.67301957256511 -1.3619714992186402 0
      vertex 94.55792049306228 -1.5674956941478464 4
    endloop
  endfacet
  facet normal -0.9081431738250835 0.4186597375374234 0
    outer loop
      vertex 94.67301957256511 -1.3619714992186402 4
      vertex 94.77163859753387 -1.1480502970952693 4
      vertex 94.77163859753387 -1.1480502970952693 0
    endloop
  endfacet
  facet normal -0.9381913359224908 0.3461170570774747 0
    outer loop
      vertex 94.85316954888546 -0.9270509831248421 0
      vertex 94.77163859753387 -1.1480502970952693 4
      vertex 94.85316954888546 -0.9270509831248421 4
    endloop
  endfacet
  facet normal -0.962455236453645 0.27144044986508253 0
    outer loop
      vertex 94.85316954888546 -0.9270509831248421 4
      vertex 94.91710976119303 -0.7003360915677161 4
      vertex 94.91710976119303 -0.7003360915677161 0
    endloop
  endfacet
  facet normal -0.980785280403234 0.19509032201611043 0
    outer loop
      vertex 94.96306502178541 -0.46930339512069263 0
      vertex 94.91710976119303 -0.7003360915677161 4
      vertex 94.96306502178541 -0.46930339512069263 4
    endloop
  endfacet
  facet normal -0.9930684569549261 0.11753739745784018 0
    outer loop
      vertex 94.99075200119938 -0.23537728718353484 0
      vertex 94.96306502178541 -0.46930339512069263 4
      vertex 94.99075200119938 -0.23537728718353484 4
    endloop
  endfacet
  facet normal -0.9992290362407228 0.03925981575907488 0
    outer loop
      vertex 94.99075200119938 -0.23537728718353484 4
      vertex 95 0 4
      vertex 95 0 0
    endloop
  endfacet
  facet normal 0.9992290362407228 -0.03925981575907488 0
    outer loop
      vertex 89 0 0
      vertex 89.00924799880062 0.23537728718353484 0
      vertex 89.00924799880062 0.23537728718353484 4
    endloop
  endfacet
  facet normal 0.9930684569549261 -0.11753739745784018 0
    outer loop
      vertex 89.00924799880062 0.23537728718353484 0
      vertex 89.03693497821459 0.46930339512069263 0
      vertex 89.03693497821459 0.46930339512069263 4
    endloop
  endfacet
  facet normal 0.980785280403234 -0.19509032201611043 0
    outer loop
      vertex 89.03693497821459 0.46930339512069263 0
      vertex 89.08289023880697 0.7003360915677161 0
      vertex 89.08289023880697 0.7003360915677161 4
    endloop
  endfacet
  facet normal 0.962455236453645 -0.27144044986508253 0
    outer loop
      vertex 89.08289023880697 0.7003360915677161 0
      vertex 89.14683045111454 0.9270509831248421 0
      vertex 89.14683045111454 0.9270509831248421 4
    endloop
  endfacet
  facet normal 0.9381913359224908 -0.3461170570774747 0
    outer loop
      vertex 89.14683045111454 0.9270509831248421 0
      vertex 89.22836140246613 1.1480502970952693 0
      vertex 89.22836140246613 1.1480502970952693 4
    endloop
  endfacet
  facet normal 0.9081431738250835 -0.4186597375374234 0
    outer loop
      vertex 89.22836140246613 1.1480502970952693 0
      vertex 89.32698042743489 1.3619714992186402 0
      vertex 89.32698042743489 1.3619714992186402 4
    endloop
  endfacet
  facet normal 0.872496007072798 -0.4886212414969533 0
    outer loop
      vertex 89.32698042743489 1.3619714992186402 0
      vertex 89.44207950693772 1.5674956941478464 0
      vertex 89.44207950693772 1.5674956941478464 4
    endloop
  endfacet
  facet normal -0.9992290362407228 -0.03925981575907488 0
    outer loop
      vertex 95 0 0
      vertex 95 0 4
      vertex 94.99075200119938 0.23537728718353484 0
    endloop
  endfacet
  facet normal -0.9930684569549261 -0.11753739745784018 0
    outer loop
      vertex 94.96306502178541 0.46930339512069263 0
      vertex 94.99075200119938 0.23537728718353484 0
      vertex 94.99075200119938 0.23537728718353484 4
    endloop
  endfacet
  facet normal -0.980785280403234 -0.19509032201611043 0
    outer loop
      vertex 94.91710976119303 0.7003360915677161 0
      vertex 94.96306502178541 0.46930339512069263 0
      vertex 94.96306502178541 0.46930339512069263 4
    endloop
  endfacet
  facet normal -0.962455236453645 -0.27144044986508253 0
    outer loop
      vertex 94.85316954888546 0.9270509831248421 0
      vertex 94.91710976119303 0.7003360915677161 0
      vertex 94.91710976119303 0.7003360915677161 4
    endloop
  endfacet
  facet normal -0.9381913359224908 -0.3461170570774747 0
    outer loop
      vertex 94.85316954888546 0.9270509831248421 4
      vertex 94.77163859753387 1.1480502970952693 0
      vertex 94.85316954888546 0.9270509831248421 0
    endloop
  endfacet
  facet normal -0.9081431738250835 -0.4186597375374234 0
    outer loop
      vertex 94.67301957256511 1.3619714992186402 0
      vertex 94.77163859753387 1.1480502970952693 0
      vertex 94.77163859753387 1.1480502970952693 4
    endloop
  endfacet
  facet normal -0.872496007072798 -0.4886212414969533 0
    outer loop
      vertex 94.67301957256511 1.3619714992186402 0
      vertex 94.67301957256511 1.3619714992186402 4
      vertex 94.55792049306228 1.5674956941478464 0
    endloop
  endfacet
  facet normal 0.8314696123025338 -0.5555702330196194 0
    outer loop
      vertex 89.57294901687516 1.7633557568774194 4
      vertex 89.44207950693772 1.5674956941478464 0
      vertex 89.57294901687516 1.7633557568774194 0
    endloop
  endfacet
  facet normal 0.7853169308807298 -0.6190939493098532 0
    outer loop
      vertex 89.57294901687516 1.7633557568774194 0
      vertex 89.71878210319991 1.948344144990551 0
      vertex 89.71878210319991 1.948344144990551 4
    endloop
  endfacet
  facet normal 0.7343225094357057 -0.67880074553292 0
    outer loop
      vertex 89.87867965644035 2.121320343559643 4
      vertex 89.71878210319991 1.948344144990551 0
      vertex 89.87867965644035 2.121320343559643 0
    endloop
  endfacet
  facet normal 0.6788007455329473 -0.7343225094356803 0
    outer loop
      vertex 90.05165585500944 2.2812178968000927 4
      vertex 89.87867965644035 2.121320343559643 0
      vertex 90.05165585500944 2.2812178968000927 0
    endloop
  endfacet
  facet normal -0.8314696123025338 -0.5555702330196194 0
    outer loop
      vertex 94.42705098312484 1.7633557568774194 0
      vertex 94.55792049306228 1.5674956941478464 0
      vertex 94.55792049306228 1.5674956941478464 4
    endloop
  endfacet
  facet normal -0.7853169308807298 -0.6190939493098532 0
    outer loop
      vertex 94.42705098312484 1.7633557568774194 4
      vertex 94.28121789680009 1.948344144990551 0
      vertex 94.42705098312484 1.7633557568774194 0
    endloop
  endfacet
  facet normal -0.6788007455329473 -0.7343225094356803 0
    outer loop
      vertex 94.12132034355965 2.121320343559643 4
      vertex 93.94834414499056 2.2812178968000927 0
      vertex 94.12132034355965 2.121320343559643 0
    endloop
  endfacet
  facet normal -0.7343225094357057 -0.67880074553292 0
    outer loop
      vertex 94.28121789680009 1.948344144990551 4
      vertex 94.12132034355965 2.121320343559643 0
      vertex 94.28121789680009 1.948344144990551 0
    endloop
  endfacet
  facet normal 0.6190939493098162 -0.7853169308807589 0
    outer loop
      vertex 90.23664424312258 2.4270509831248424 4
      vertex 90.05165585500944 2.2812178968000927 0
      vertex 90.23664424312258 2.4270509831248424 0
    endloop
  endfacet
  facet normal 0.5555702330196164 -0.8314696123025358 0
    outer loop
      vertex 90.43250430585215 2.5579204930622765 4
      vertex 90.23664424312258 2.4270509831248424 0
      vertex 90.43250430585215 2.5579204930622765 0
    endloop
  endfacet
  facet normal 0.4886212414969474 -0.8724960070728014 0
    outer loop
      vertex 90.63802850078136 2.673019572565104 4
      vertex 90.43250430585215 2.5579204930622765 0
      vertex 90.63802850078136 2.673019572565104 0
    endloop
  endfacet
  facet normal 0.4186597375374229 -0.9081431738250837 0
    outer loop
      vertex 90.85194970290473 2.77163859753386 4
      vertex 90.63802850078136 2.673019572565104 0
      vertex 90.85194970290473 2.77163859753386 0
    endloop
  endfacet
  facet normal 0.34611705707749757 -0.9381913359224825 0
    outer loop
      vertex 91.07294901687516 2.8531695488854605 4
      vertex 90.85194970290473 2.77163859753386 0
      vertex 91.07294901687516 2.8531695488854605 0
    endloop
  endfacet
  facet normal 0.27144044986507754 -0.9624552364536465 0
    outer loop
      vertex 91.29966390843228 2.9171097611930294 4
      vertex 91.07294901687516 2.8531695488854605 0
      vertex 91.29966390843228 2.9171097611930294 0
    endloop
  endfacet
  facet normal 0.19509032201612458 -0.9807852804032311 0
    outer loop
      vertex 91.53069660487931 2.9630650217854133 4
      vertex 91.29966390843228 2.9171097611930294 0
      vertex 91.53069660487931 2.9630650217854133 0
    endloop
  endfacet
  facet normal 0.11753739745783978 -0.993068456954926 0
    outer loop
      vertex 91.76462271281646 2.990752001199384 4
      vertex 91.53069660487931 2.9630650217854133 0
      vertex 91.76462271281646 2.990752001199384 0
    endloop
  endfacet
  facet normal 0.03925981575906856 -0.9992290362407229 0
    outer loop
      vertex 91.76462271281646 2.990752001199384 0
      vertex 92 3 0
      vertex 92 3 4
    endloop
  endfacet
  facet normal -0.03925981575906856 -0.9992290362407229 0
    outer loop
      vertex 92.23537728718354 2.990752001199384 4
      vertex 92 3 0
      vertex 92.23537728718354 2.990752001199384 0
    endloop
  endfacet
  facet normal -0.11753739745783978 -0.993068456954926 0
    outer loop
      vertex 92.46930339512069 2.9630650217854133 4
      vertex 92.23537728718354 2.990752001199384 0
      vertex 92.46930339512069 2.9630650217854133 0
    endloop
  endfacet
  facet normal -0.19509032201612458 -0.9807852804032311 0
    outer loop
      vertex 92.70033609156772 2.9171097611930294 4
      vertex 92.46930339512069 2.9630650217854133 0
      vertex 92.70033609156772 2.9171097611930294 0
    endloop
  endfacet
  facet normal -0.6190939493098162 -0.7853169308807589 0
    outer loop
      vertex 93.94834414499056 2.2812178968000927 4
      vertex 93.76335575687742 2.4270509831248424 0
      vertex 93.94834414499056 2.2812178968000927 0
    endloop
  endfacet
  facet normal -0.5555702330196164 -0.8314696123025358 0
    outer loop
      vertex 93.76335575687742 2.4270509831248424 4
      vertex 93.56749569414785 2.5579204930622765 0
      vertex 93.76335575687742 2.4270509831248424 0
    endloop
  endfacet
  facet normal -0.4886212414969474 -0.8724960070728014 0
    outer loop
      vertex 93.56749569414785 2.5579204930622765 4
      vertex 93.36197149921864 2.673019572565104 0
      vertex 93.56749569414785 2.5579204930622765 0
    endloop
  endfacet
  facet normal -0.4186597375374229 -0.9081431738250837 0
    outer loop
      vertex 93.36197149921864 2.673019572565104 4
      vertex 93.14805029709527 2.77163859753386 0
      vertex 93.36197149921864 2.673019572565104 0
    endloop
  endfacet
  facet normal -0.34611705707749757 -0.9381913359224825 0
    outer loop
      vertex 93.14805029709527 2.77163859753386 4
      vertex 92.92705098312484 2.8531695488854605 0
      vertex 93.14805029709527 2.77163859753386 0
    endloop
  endfacet
  facet normal -0.27144044986507754 -0.9624552364536465 0
    outer loop
      vertex 92.92705098312484 2.8531695488854605 4
      vertex 92.70033609156772 2.9171097611930294 0
      vertex 92.92705098312484 2.8531695488854605 0
    endloop
  endfacet
  facet normal 0.9992290362407228 -0.03925981575907488 0
    outer loop
      vertex 89 0 0
      vertex 89.00924799880062 0.23537728718353484 4
      vertex 89 0 4
    endloop
  endfacet
  facet normal 0.9930684569549261 -0.11753739745784018 0
    outer loop
      vertex 89.03693497821459 0.46930339512069263 4
      vertex 89.00924799880062 0.23537728718353484 4
      vertex 89.00924799880062 0.23537728718353484 0
    endloop
  endfacet
  facet normal 0.980785280403234 -0.19509032201611043 0
    outer loop
      vertex 89.08289023880697 0.7003360915677161 4
      vertex 89.03693497821459 0.46930339512069263 4
      vertex 89.03693497821459 0.46930339512069263 0
    endloop
  endfacet
  facet normal 0.962455236453645 -0.27144044986508253 0
    outer loop
      vertex 89.14683045111454 0.9270509831248421 4
      vertex 89.08289023880697 0.7003360915677161 4
      vertex 89.08289023880697 0.7003360915677161 0
    endloop
  endfacet
  facet normal 0.9381913359224908 -0.3461170570774747 0
    outer loop
      vertex 89.14683045111454 0.9270509831248421 0
      vertex 89.22836140246613 1.1480502970952693 4
      vertex 89.14683045111454 0.9270509831248421 4
    endloop
  endfacet
  facet normal 0.9081431738250835 -0.4186597375374234 0
    outer loop
      vertex 89.32698042743489 1.3619714992186402 4
      vertex 89.22836140246613 1.1480502970952693 4
      vertex 89.22836140246613 1.1480502970952693 0
    endloop
  endfacet
  facet normal 0.872496007072798 -0.4886212414969533 0
    outer loop
      vertex 89.32698042743489 1.3619714992186402 0
      vertex 89.44207950693772 1.5674956941478464 4
      vertex 89.32698042743489 1.3619714992186402 4
    endloop
  endfacet
  facet normal -0.9992290362407228 -0.03925981575907488 0
    outer loop
      vertex 95 0 4
      vertex 94.99075200119938 0.23537728718353484 4
      vertex 94.99075200119938 0.23537728718353484 0
    endloop
  endfacet
  facet normal -0.9930684569549261 -0.11753739745784018 0
    outer loop
      vertex 94.96306502178541 0.46930339512069263 0
      vertex 94.99075200119938 0.23537728718353484 4
      vertex 94.96306502178541 0.46930339512069263 4
    endloop
  endfacet
  facet normal -0.980785280403234 -0.19509032201611043 0
    outer loop
      vertex 94.91710976119303 0.7003360915677161 0
      vertex 94.96306502178541 0.46930339512069263 4
      vertex 94.91710976119303 0.7003360915677161 4
    endloop
  endfacet
  facet normal -0.962455236453645 -0.27144044986508253 0
    outer loop
      vertex 94.91710976119303 0.7003360915677161 4
      vertex 94.85316954888546 0.9270509831248421 4
      vertex 94.85316954888546 0.9270509831248421 0
    endloop
  endfacet
  facet normal -0.9381913359224908 -0.3461170570774747 0
    outer loop
      vertex 94.85316954888546 0.9270509831248421 4
      vertex 94.77163859753387 1.1480502970952693 4
      vertex 94.77163859753387 1.1480502970952693 0
    endloop
  endfacet
  facet normal -0.9081431738250835 -0.4186597375374234 0
    outer loop
      vertex 94.77163859753387 1.1480502970952693 4
      vertex 94.67301957256511 1.3619714992186402 4
      vertex 94.67301957256511 1.3619714992186402 0
    endloop
  endfacet
  facet normal -0.872496007072798 -0.4886212414969533 0
    outer loop
      vertex 94.55792049306228 1.5674956941478464 4
      vertex 94.55792049306228 1.5674956941478464 0
      vertex 94.67301957256511 1.3619714992186402 4
    endloop
  endfacet
  facet normal 0.8314696123025338 -0.5555702330196194 0
    outer loop
      vertex 89.57294901687516 1.7633557568774194 4
      vertex 89.44207950693772 1.5674956941478464 4
      vertex 89.44207950693772 1.5674956941478464 0
    endloop
  endfacet
  facet normal 0.7853169308807298 -0.6190939493098532 0
    outer loop
      vertex 89.71878210319991 1.948344144990551 4
      vertex 89.57294901687516 1.7633557568774194 4
      vertex 89.57294901687516 1.7633557568774194 0
    endloop
  endfacet
  facet normal 0.7343225094357057 -0.67880074553292 0
    outer loop
      vertex 89.87867965644035 2.121320343559643 4
      vertex 89.71878210319991 1.948344144990551 4
      vertex 89.71878210319991 1.948344144990551 0
    endloop
  endfacet
  facet normal 0.6788007455329473 -0.7343225094356803 0
    outer loop
      vertex 89.87867965644035 2.121320343559643 4
      vertex 89.87867965644035 2.121320343559643 0
      vertex 90.05165585500944 2.2812178968000927 4
    endloop
  endfacet
  facet normal 0.6190939493098162 -0.7853169308807589 0
    outer loop
      vertex 90.05165585500944 2.2812178968000927 4
      vertex 90.05165585500944 2.2812178968000927 0
      vertex 90.23664424312258 2.4270509831248424 4
    endloop
  endfacet
  facet normal -0.8314696123025338 -0.5555702330196194 0
    outer loop
      vertex 94.55792049306228 1.5674956941478464 4
      vertex 94.42705098312484 1.7633557568774194 4
      vertex 94.42705098312484 1.7633557568774194 0
    endloop
  endfacet
  facet normal -0.6788007455329473 -0.7343225094356803 0
    outer loop
      vertex 93.94834414499056 2.2812178968000927 4
      vertex 93.94834414499056 2.2812178968000927 0
      vertex 94.12132034355965 2.121320343559643 4
    endloop
  endfacet
  facet normal -0.7853169308807298 -0.6190939493098532 0
    outer loop
      vertex 94.42705098312484 1.7633557568774194 4
      vertex 94.28121789680009 1.948344144990551 4
      vertex 94.28121789680009 1.948344144990551 0
    endloop
  endfacet
  facet normal -0.7343225094357057 -0.67880074553292 0
    outer loop
      vertex 94.28121789680009 1.948344144990551 4
      vertex 94.12132034355965 2.121320343559643 4
      vertex 94.12132034355965 2.121320343559643 0
    endloop
  endfacet
  facet normal 0.5555702330196164 -0.8314696123025358 0
    outer loop
      vertex 90.23664424312258 2.4270509831248424 4
      vertex 90.23664424312258 2.4270509831248424 0
      vertex 90.43250430585215 2.5579204930622765 4
    endloop
  endfacet
  facet normal 0.4886212414969474 -0.8724960070728014 0
    outer loop
      vertex 90.43250430585215 2.5579204930622765 4
      vertex 90.43250430585215 2.5579204930622765 0
      vertex 90.63802850078136 2.673019572565104 4
    endloop
  endfacet
  facet normal 0.4186597375374229 -0.9081431738250837 0
    outer loop
      vertex 90.63802850078136 2.673019572565104 4
      vertex 90.63802850078136 2.673019572565104 0
      vertex 90.85194970290473 2.77163859753386 4
    endloop
  endfacet
  facet normal 0.34611705707749757 -0.9381913359224825 0
    outer loop
      vertex 91.07294901687516 2.8531695488854605 4
      vertex 90.85194970290473 2.77163859753386 4
      vertex 90.85194970290473 2.77163859753386 0
    endloop
  endfacet
  facet normal 0.27144044986507754 -0.9624552364536465 0
    outer loop
      vertex 91.07294901687516 2.8531695488854605 4
      vertex 91.07294901687516 2.8531695488854605 0
      vertex 91.29966390843228 2.9171097611930294 4
    endloop
  endfacet
  facet normal 0.19509032201612458 -0.9807852804032311 0
    outer loop
      vertex 91.29966390843228 2.9171097611930294 4
      vertex 91.29966390843228 2.9171097611930294 0
      vertex 91.53069660487931 2.9630650217854133 4
    endloop
  endfacet
  facet normal 0.11753739745783978 -0.993068456954926 0
    outer loop
      vertex 91.53069660487931 2.9630650217854133 4
      vertex 91.53069660487931 2.9630650217854133 0
      vertex 91.76462271281646 2.990752001199384 4
    endloop
  endfacet
  facet normal 0.03925981575906856 -0.9992290362407229 0
    outer loop
      vertex 91.76462271281646 2.990752001199384 4
      vertex 91.76462271281646 2.990752001199384 0
      vertex 92 3 4
    endloop
  endfacet
  facet normal -0.03925981575906856 -0.9992290362407229 0
    outer loop
      vertex 92 3 4
      vertex 92 3 0
      vertex 92.23537728718354 2.990752001199384 4
    endloop
  endfacet
  facet normal -0.27144044986507754 -0.9624552364536465 0
    outer loop
      vertex 92.70033609156772 2.9171097611930294 4
      vertex 92.70033609156772 2.9171097611930294 0
      vertex 92.92705098312484 2.8531695488854605 4
    endloop
  endfacet
  facet normal -0.11753739745783978 -0.993068456954926 0
    outer loop
      vertex 92.23537728718354 2.990752001199384 4
      vertex 92.23537728718354 2.990752001199384 0
      vertex 92.46930339512069 2.9630650217854133 4
    endloop
  endfacet
  facet normal -0.19509032201612458 -0.9807852804032311 0
    outer loop
      vertex 92.46930339512069 2.9630650217854133 4
      vertex 92.46930339512069 2.9630650217854133 0
      vertex 92.70033609156772 2.9171097611930294 4
    endloop
  endfacet
  facet normal -0.6190939493098162 -0.7853169308807589 0
    outer loop
      vertex 93.76335575687742 2.4270509831248424 4
      vertex 93.76335575687742 2.4270509831248424 0
      vertex 93.94834414499056 2.2812178968000927 4
    endloop
  endfacet
  facet normal -0.5555702330196164 -0.8314696123025358 0
    outer loop
      vertex 93.56749569414785 2.5579204930622765 4
      vertex 93.56749569414785 2.5579204930622765 0
      vertex 93.76335575687742 2.4270509831248424 4
    endloop
  endfacet
  facet normal -0.4886212414969474 -0.8724960070728014 0
    outer loop
      vertex 93.36197149921864 2.673019572565104 4
      vertex 93.36197149921864 2.673019572565104 0
      vertex 93.56749569414785 2.5579204930622765 4
    endloop
  endfacet
  facet normal -0.4186597375374229 -0.9081431738250837 0
    outer loop
      vertex 93.14805029709527 2.77163859753386 4
      vertex 93.14805029709527 2.77163859753386 0
      vertex 93.36197149921864 2.673019572565104 4
    endloop
  endfacet
  facet normal -0.34611705707749757 -0.9381913359224825 0
    outer loop
      vertex 92.92705098312484 2.8531695488854605 4
      vertex 92.92705098312484 2.8531695488854605 0
      vertex 93.14805029709527 2.77163859753386 4
    endloop
  endfacet
endsolid OpenSCAD_Model
