solid OpenSCAD_Model
  facet normal 1 0 0
    outer loop
      vertex -11.7 -6.45 20
      vertex -11.7 -6.45 0
      vertex -11.7 0.2580000000000009 0
    endloop
  endfacet
  facet normal 0 1 0
    outer loop
      vertex -11.7 -6.45 20
      vertex 11.7 -6.45 0
      vertex -11.7 -6.45 0
    endloop
  endfacet
  facet normal 1 0 0
    outer loop
      vertex -11.7 6.45 0
      vertex -11.7 6.45 20
      vertex -11.7 0.2580000000000009 0
    endloop
  endfacet
  facet normal 1 0 0
    outer loop
      vertex -11.7 -6.45 20
      vertex -11.7 0.2580000000000009 0
      vertex -11.7 6.45 20
    endloop
  endfacet
  facet normal 0 -1 0
    outer loop
      vertex -11.7 6.45 20
      vertex -11.7 6.45 0
      vertex 11.7 6.45 20
    endloop
  endfacet
  facet normal 0 1 0
    outer loop
      vertex 11.7 -6.45 0
      vertex -11.7 -6.45 20
      vertex 11.7 -6.45 20
    endloop
  endfacet
  facet normal -1 0 0
    outer loop
      vertex 11.7 -6.45 0
      vertex 11.7 -6.45 20
      vertex 11.7 -5.418 20
    endloop
  endfacet
  facet normal -1 0 0
    outer loop
      vertex 11.7 6.45 20
      vertex 11.7 -6.45 0
      vertex 11.7 -5.418 20
    endloop
  endfacet
  facet normal 0 -1 0
    outer loop
      vertex 11.7 6.45 20
      vertex -11.7 6.45 0
      vertex 11.7 6.45 0
    endloop
  endfacet
  facet normal -1 0 0
    outer loop
      vertex 11.7 6.45 20
      vertex 11.7 6.45 0
      vertex 11.7 -6.45 0
    endloop
  endfacet
  facet normal 0.8724960070727948 0.48862124149695907 0
    outer loop
      vertex 13.108993475811632 -0.45399049973954675 20
      vertex 13.147359835645908 -0.5224985647159488 0
      vertex 13.108993475811632 -0.45399049973954675 0
    endloop
  endfacet
  facet normal 0.9081431738250864 0.4186597375374173 0
    outer loop
      vertex 13.076120467488714 -0.3826834323650898 20
      vertex 13.108993475811632 -0.45399049973954675 0
      vertex 13.076120467488714 -0.3826834323650898 0
    endloop
  endfacet
  facet normal 0.9381913359224812 0.3461170570775013 0
    outer loop
      vertex 13.048943483704846 -0.3090169943749474 20
      vertex 13.076120467488714 -0.3826834323650898 0
      vertex 13.048943483704846 -0.3090169943749474 0
    endloop
  endfacet
  facet normal 0.962455236453647 0.27144044986507554 0
    outer loop
      vertex 13.027630079602323 -0.2334453638559054 20
      vertex 13.048943483704846 -0.3090169943749474 0
      vertex 13.027630079602323 -0.2334453638559054 0
    endloop
  endfacet
  facet normal 0.9807852804032295 0.1950903220161321 0
    outer loop
      vertex 13.012311659404862 -0.15643446504023087 20
      vertex 13.027630079602323 -0.2334453638559054 0
      vertex 13.012311659404862 -0.15643446504023087 0
    endloop
  endfacet
  facet normal 0.993068456954927 0.11753739745783276 0
    outer loop
      vertex 13.003082666266872 -0.07845909572784494 20
      vertex 13.012311659404862 -0.15643446504023087 0
      vertex 13.003082666266872 -0.07845909572784494 0
    endloop
  endfacet
  facet normal 0.9992290362407231 0.03925981575906736 0
    outer loop
      vertex 13 0 20
      vertex 13.003082666266872 -0.07845909572784494 0
      vertex 13 0 0
    endloop
  endfacet
  facet normal 0.5555702330196025 0.831469612302545 0
    outer loop
      vertex 13.412214747707527 -0.8090169943749475 20
      vertex 13.47750143528405 -0.8526401643540922 0
      vertex 13.412214747707527 -0.8090169943749475 0
    endloop
  endfacet
  facet normal 0.7343225094356903 0.6788007455329365 0
    outer loop
      vertex 13.23959403439997 -0.6494480483301837 20
      vertex 13.292893218813452 -0.7071067811865476 0
      vertex 13.23959403439997 -0.6494480483301837 0
    endloop
  endfacet
  facet normal 0.6788007455329405 0.7343225094356869 0
    outer loop
      vertex 13.350551951669816 -0.7604059656000309 0
      vertex 13.292893218813452 -0.7071067811865476 0
      vertex 13.292893218813452 -0.7071067811865476 20
    endloop
  endfacet
  facet normal 0.6190939493098343 0.7853169308807447 0
    outer loop
      vertex 13.350551951669816 -0.7604059656000309 20
      vertex 13.412214747707527 -0.8090169943749475 0
      vertex 13.350551951669816 -0.7604059656000309 0
    endloop
  endfacet
  facet normal 0.41865973753742697 0.9081431738250818 0
    outer loop
      vertex 13.546009500260453 -0.8910065241883679 20
      vertex 13.61731656763491 -0.9238795325112867 0
      vertex 13.546009500260453 -0.8910065241883679 0
    endloop
  endfacet
  facet normal 0.48862124149695346 0.872496007072798 0
    outer loop
      vertex 13.47750143528405 -0.8526401643540922 20
      vertex 13.546009500260453 -0.8910065241883679 0
      vertex 13.47750143528405 -0.8526401643540922 0
    endloop
  endfacet
  facet normal 0.3461170570774898 0.9381913359224854 0
    outer loop
      vertex 13.61731656763491 -0.9238795325112867 20
      vertex 13.690983005625053 -0.9510565162951535 0
      vertex 13.61731656763491 -0.9238795325112867 0
    endloop
  endfacet
  facet normal 0.271440449865076 0.9624552364536468 0
    outer loop
      vertex 13.690983005625053 -0.9510565162951535 20
      vertex 13.766554636144095 -0.9723699203976766 0
      vertex 13.690983005625053 -0.9510565162951535 0
    endloop
  endfacet
  facet normal 0.1950903220161309 0.98078528040323 0
    outer loop
      vertex 13.766554636144095 -0.9723699203976766 20
      vertex 13.843565534959769 -0.9876883405951378 0
      vertex 13.766554636144095 -0.9723699203976766 0
    endloop
  endfacet
  facet normal 0.11753739745783762 0.9930684569549263 0
    outer loop
      vertex 13.843565534959769 -0.9876883405951378 20
      vertex 13.921540904272154 -0.996917333733128 0
      vertex 13.843565534959769 -0.9876883405951378 0
    endloop
  endfacet
  facet normal 0.03925981575906839 0.999229036240723 0
    outer loop
      vertex 13.921540904272154 -0.996917333733128 20
      vertex 14 -1 0
      vertex 13.921540904272154 -0.996917333733128 0
    endloop
  endfacet
  facet normal -0.03925981575906839 0.999229036240723 0
    outer loop
      vertex 14 -1 20
      vertex 14.078459095727846 -0.996917333733128 0
      vertex 14 -1 0
    endloop
  endfacet
  facet normal -0.11753739745783762 0.9930684569549263 0
    outer loop
      vertex 14.078459095727846 -0.996917333733128 20
      vertex 14.156434465040231 -0.9876883405951378 0
      vertex 14.078459095727846 -0.996917333733128 0
    endloop
  endfacet
  facet normal -0.1950903220161309 0.98078528040323 0
    outer loop
      vertex 14.156434465040231 -0.9876883405951378 20
      vertex 14.233445363855905 -0.9723699203976766 0
      vertex 14.156434465040231 -0.9876883405951378 0
    endloop
  endfacet
  facet normal -0.271440449865076 0.9624552364536468 0
    outer loop
      vertex 14.233445363855905 -0.9723699203976766 20
      vertex 14.309016994374947 -0.9510565162951535 0
      vertex 14.233445363855905 -0.9723699203976766 0
    endloop
  endfacet
  facet normal -0.3461170570774898 0.9381913359224854 0
    outer loop
      vertex 14.309016994374947 -0.9510565162951535 20
      vertex 14.38268343236509 -0.9238795325112867 0
      vertex 14.309016994374947 -0.9510565162951535 0
    endloop
  endfacet
  facet normal -0.41865973753742697 0.9081431738250818 0
    outer loop
      vertex 14.38268343236509 -0.9238795325112867 20
      vertex 14.453990499739547 -0.8910065241883679 0
      vertex 14.38268343236509 -0.9238795325112867 0
    endloop
  endfacet
  facet normal 0.7853169308807482 0.61909394930983 0
    outer loop
      vertex 13.190983005625053 -0.5877852522924731 20
      vertex 13.23959403439997 -0.6494480483301837 0
      vertex 13.190983005625053 -0.5877852522924731 0
    endloop
  endfacet
  facet normal 0.8314696123025407 0.555570233019609 0
    outer loop
      vertex 13.147359835645908 -0.5224985647159488 20
      vertex 13.190983005625053 -0.5877852522924731 0
      vertex 13.147359835645908 -0.5224985647159488 0
    endloop
  endfacet
  facet normal -0.48862124149695346 0.872496007072798 0
    outer loop
      vertex 14.453990499739547 -0.8910065241883679 20
      vertex 14.52249856471595 -0.8526401643540922 0
      vertex 14.453990499739547 -0.8910065241883679 0
    endloop
  endfacet
  facet normal -0.5555702330196025 0.831469612302545 0
    outer loop
      vertex 14.52249856471595 -0.8526401643540922 20
      vertex 14.587785252292473 -0.8090169943749475 0
      vertex 14.52249856471595 -0.8526401643540922 0
    endloop
  endfacet
  facet normal -0.6190939493098343 0.7853169308807447 0
    outer loop
      vertex 14.587785252292473 -0.8090169943749475 20
      vertex 14.649448048330184 -0.7604059656000309 0
      vertex 14.587785252292473 -0.8090169943749475 0
    endloop
  endfacet
  facet normal -0.6788007455329405 0.7343225094356869 0
    outer loop
      vertex 14.649448048330184 -0.7604059656000309 20
      vertex 14.707106781186548 -0.7071067811865476 0
      vertex 14.649448048330184 -0.7604059656000309 0
    endloop
  endfacet
  facet normal -0.7343225094356903 0.6788007455329365 0
    outer loop
      vertex 14.707106781186548 -0.7071067811865476 0
      vertex 14.707106781186548 -0.7071067811865476 20
      vertex 14.76040596560003 -0.6494480483301837 0
    endloop
  endfacet
  facet normal -0.7853169308807482 0.61909394930983 0
    outer loop
      vertex 14.76040596560003 -0.6494480483301837 20
      vertex 14.809016994374947 -0.5877852522924731 0
      vertex 14.76040596560003 -0.6494480483301837 0
    endloop
  endfacet
  facet normal -0.8314696123025407 0.555570233019609 0
    outer loop
      vertex 14.809016994374947 -0.5877852522924731 20
      vertex 14.852640164354092 -0.5224985647159488 0
      vertex 14.809016994374947 -0.5877852522924731 0
    endloop
  endfacet
  facet normal -0.8724960070727948 0.48862124149695907 0
    outer loop
      vertex 14.852640164354092 -0.5224985647159488 20
      vertex 14.891006524188368 -0.45399049973954675 0
      vertex 14.852640164354092 -0.5224985647159488 0
    endloop
  endfacet
  facet normal -0.9081431738250864 0.4186597375374173 0
    outer loop
      vertex 14.891006524188368 -0.45399049973954675 20
      vertex 14.923879532511286 -0.3826834323650898 0
      vertex 14.891006524188368 -0.45399049973954675 0
    endloop
  endfacet
  facet normal -0.9381913359224812 0.3461170570775013 0
    outer loop
      vertex 14.923879532511286 -0.3826834323650898 20
      vertex 14.951056516295154 -0.3090169943749474 0
      vertex 14.923879532511286 -0.3826834323650898 0
    endloop
  endfacet
  facet normal -0.962455236453647 0.27144044986507554 0
    outer loop
      vertex 14.951056516295154 -0.3090169943749474 20
      vertex 14.972369920397677 -0.2334453638559054 0
      vertex 14.951056516295154 -0.3090169943749474 0
    endloop
  endfacet
  facet normal -0.9807852804032295 0.1950903220161321 0
    outer loop
      vertex 14.972369920397677 -0.2334453638559054 20
      vertex 14.987688340595138 -0.15643446504023087 0
      vertex 14.972369920397677 -0.2334453638559054 0
    endloop
  endfacet
  facet normal -0.993068456954927 0.11753739745783276 0
    outer loop
      vertex 14.987688340595138 -0.15643446504023087 20
      vertex 14.996917333733128 -0.07845909572784494 0
      vertex 14.987688340595138 -0.15643446504023087 0
    endloop
  endfacet
  facet normal -0.9992290362407231 0.03925981575906736 0
    outer loop
      vertex 14.996917333733128 -0.07845909572784494 0
      vertex 14.996917333733128 -0.07845909572784494 20
      vertex 15 0 0
    endloop
  endfacet
  facet normal 0.9081431738250864 0.4186597375374173 0
    outer loop
      vertex 13.076120467488714 -0.3826834323650898 20
      vertex 13.108993475811632 -0.45399049973954675 20
      vertex 13.108993475811632 -0.45399049973954675 0
    endloop
  endfacet
  facet normal 0.9381913359224812 0.3461170570775013 0
    outer loop
      vertex 13.048943483704846 -0.3090169943749474 20
      vertex 13.076120467488714 -0.3826834323650898 20
      vertex 13.076120467488714 -0.3826834323650898 0
    endloop
  endfacet
  facet normal 0.962455236453647 0.27144044986507554 0
    outer loop
      vertex 13.027630079602323 -0.2334453638559054 20
      vertex 13.048943483704846 -0.3090169943749474 20
      vertex 13.048943483704846 -0.3090169943749474 0
    endloop
  endfacet
  facet normal 0.9807852804032295 0.1950903220161321 0
    outer loop
      vertex 13.012311659404862 -0.15643446504023087 20
      vertex 13.027630079602323 -0.2334453638559054 20
      vertex 13.027630079602323 -0.2334453638559054 0
    endloop
  endfacet
  facet normal 0.993068456954927 0.11753739745783276 0
    outer loop
      vertex 13.003082666266872 -0.07845909572784494 20
      vertex 13.012311659404862 -0.15643446504023087 20
      vertex 13.012311659404862 -0.15643446504023087 0
    endloop
  endfacet
  facet normal 0.9992290362407231 0.03925981575906736 0
    outer loop
      vertex 13 0 20
      vertex 13.003082666266872 -0.07845909572784494 20
      vertex 13.003082666266872 -0.07845909572784494 0
    endloop
  endfacet
  facet normal 0.271440449865076 0.9624552364536468 0
    outer loop
      vertex 13.766554636144095 -0.9723699203976766 20
      vertex 13.766554636144095 -0.9723699203976766 0
      vertex 13.690983005625053 -0.9510565162951535 20
    endloop
  endfacet
  facet normal 0.7343225094356903 0.6788007455329365 0
    outer loop
      vertex 13.23959403439997 -0.6494480483301837 20
      vertex 13.292893218813452 -0.7071067811865476 20
      vertex 13.292893218813452 -0.7071067811865476 0
    endloop
  endfacet
  facet normal 0.6788007455329405 0.7343225094356869 0
    outer loop
      vertex 13.350551951669816 -0.7604059656000309 20
      vertex 13.350551951669816 -0.7604059656000309 0
      vertex 13.292893218813452 -0.7071067811865476 20
    endloop
  endfacet
  facet normal 0.6190939493098343 0.7853169308807447 0
    outer loop
      vertex 13.412214747707527 -0.8090169943749475 20
      vertex 13.412214747707527 -0.8090169943749475 0
      vertex 13.350551951669816 -0.7604059656000309 20
    endloop
  endfacet
  facet normal 0.41865973753742697 0.9081431738250818 0
    outer loop
      vertex 13.61731656763491 -0.9238795325112867 20
      vertex 13.61731656763491 -0.9238795325112867 0
      vertex 13.546009500260453 -0.8910065241883679 20
    endloop
  endfacet
  facet normal 0.48862124149695346 0.872496007072798 0
    outer loop
      vertex 13.546009500260453 -0.8910065241883679 20
      vertex 13.546009500260453 -0.8910065241883679 0
      vertex 13.47750143528405 -0.8526401643540922 20
    endloop
  endfacet
  facet normal 0.5555702330196025 0.831469612302545 0
    outer loop
      vertex 13.47750143528405 -0.8526401643540922 20
      vertex 13.47750143528405 -0.8526401643540922 0
      vertex 13.412214747707527 -0.8090169943749475 20
    endloop
  endfacet
  facet normal 0.3461170570774898 0.9381913359224854 0
    outer loop
      vertex 13.690983005625053 -0.9510565162951535 20
      vertex 13.690983005625053 -0.9510565162951535 0
      vertex 13.61731656763491 -0.9238795325112867 20
    endloop
  endfacet
  facet normal 0.1950903220161309 0.98078528040323 0
    outer loop
      vertex 13.843565534959769 -0.9876883405951378 20
      vertex 13.843565534959769 -0.9876883405951378 0
      vertex 13.766554636144095 -0.9723699203976766 20
    endloop
  endfacet
  facet normal 0.11753739745783762 0.9930684569549263 0
    outer loop
      vertex 13.921540904272154 -0.996917333733128 20
      vertex 13.921540904272154 -0.996917333733128 0
      vertex 13.843565534959769 -0.9876883405951378 20
    endloop
  endfacet
  facet normal 0.03925981575906839 0.999229036240723 0
    outer loop
      vertex 14 -1 20
      vertex 14 -1 0
      vertex 13.921540904272154 -0.996917333733128 20
    endloop
  endfacet
  facet normal -0.03925981575906839 0.999229036240723 0
    outer loop
      vertex 14.078459095727846 -0.996917333733128 20
      vertex 14.078459095727846 -0.996917333733128 0
      vertex 14 -1 20
    endloop
  endfacet
  facet normal -0.11753739745783762 0.9930684569549263 0
    outer loop
      vertex 14.156434465040231 -0.9876883405951378 20
      vertex 14.156434465040231 -0.9876883405951378 0
      vertex 14.078459095727846 -0.996917333733128 20
    endloop
  endfacet
  facet normal -0.1950903220161309 0.98078528040323 0
    outer loop
      vertex 14.233445363855905 -0.9723699203976766 20
      vertex 14.233445363855905 -0.9723699203976766 0
      vertex 14.156434465040231 -0.9876883405951378 20
    endloop
  endfacet
  facet normal -0.271440449865076 0.9624552364536468 0
    outer loop
      vertex 14.309016994374947 -0.9510565162951535 20
      vertex 14.309016994374947 -0.9510565162951535 0
      vertex 14.233445363855905 -0.9723699203976766 20
    endloop
  endfacet
  facet normal -0.3461170570774898 0.9381913359224854 0
    outer loop
      vertex 14.38268343236509 -0.9238795325112867 20
      vertex 14.38268343236509 -0.9238795325112867 0
      vertex 14.309016994374947 -0.9510565162951535 20
    endloop
  endfacet
  facet normal -0.41865973753742697 0.9081431738250818 0
    outer loop
      vertex 14.453990499739547 -0.8910065241883679 20
      vertex 14.453990499739547 -0.8910065241883679 0
      vertex 14.38268343236509 -0.9238795325112867 20
    endloop
  endfacet
  facet normal 0.8314696123025407 0.555570233019609 0
    outer loop
      vertex 13.147359835645908 -0.5224985647159488 20
      vertex 13.190983005625053 -0.5877852522924731 20
      vertex 13.190983005625053 -0.5877852522924731 0
    endloop
  endfacet
  facet normal 0.7853169308807482 0.61909394930983 0
    outer loop
      vertex 13.190983005625053 -0.5877852522924731 20
      vertex 13.23959403439997 -0.6494480483301837 20
      vertex 13.23959403439997 -0.6494480483301837 0
    endloop
  endfacet
  facet normal 0.8724960070727948 0.48862124149695907 0
    outer loop
      vertex 13.108993475811632 -0.45399049973954675 20
      vertex 13.147359835645908 -0.5224985647159488 20
      vertex 13.147359835645908 -0.5224985647159488 0
    endloop
  endfacet
  facet normal -0.48862124149695346 0.872496007072798 0
    outer loop
      vertex 14.52249856471595 -0.8526401643540922 20
      vertex 14.52249856471595 -0.8526401643540922 0
      vertex 14.453990499739547 -0.8910065241883679 20
    endloop
  endfacet
  facet normal -0.5555702330196025 0.831469612302545 0
    outer loop
      vertex 14.587785252292473 -0.8090169943749475 20
      vertex 14.587785252292473 -0.8090169943749475 0
      vertex 14.52249856471595 -0.8526401643540922 20
    endloop
  endfacet
  facet normal -0.6190939493098343 0.7853169308807447 0
    outer loop
      vertex 14.649448048330184 -0.7604059656000309 20
      vertex 14.649448048330184 -0.7604059656000309 0
      vertex 14.587785252292473 -0.8090169943749475 20
    endloop
  endfacet
  facet normal -0.6788007455329405 0.7343225094356869 0
    outer loop
      vertex 14.707106781186548 -0.7071067811865476 20
      vertex 14.707106781186548 -0.7071067811865476 0
      vertex 14.649448048330184 -0.7604059656000309 20
    endloop
  endfacet
  facet normal -0.7343225094356903 0.6788007455329365 0
    outer loop
      vertex 14.707106781186548 -0.7071067811865476 20
      vertex 14.76040596560003 -0.6494480483301837 20
      vertex 14.76040596560003 -0.6494480483301837 0
    endloop
  endfacet
  facet normal -0.7853169308807482 0.61909394930983 0
    outer loop
      vertex 14.76040596560003 -0.6494480483301837 20
      vertex 14.809016994374947 -0.5877852522924731 20
      vertex 14.809016994374947 -0.5877852522924731 0
    endloop
  endfacet
  facet normal -0.8314696123025407 0.555570233019609 0
    outer loop
      vertex 14.809016994374947 -0.5877852522924731 20
      vertex 14.852640164354092 -0.5224985647159488 20
      vertex 14.852640164354092 -0.5224985647159488 0
    endloop
  endfacet
  facet normal -0.8724960070727948 0.48862124149695907 0
    outer loop
      vertex 14.852640164354092 -0.5224985647159488 20
      vertex 14.891006524188368 -0.45399049973954675 20
      vertex 14.891006524188368 -0.45399049973954675 0
    endloop
  endfacet
  facet normal -0.9081431738250864 0.4186597375374173 0
    outer loop
      vertex 14.891006524188368 -0.45399049973954675 20
      vertex 14.923879532511286 -0.3826834323650898 20
      vertex 14.923879532511286 -0.3826834323650898 0
    endloop
  endfacet
  facet normal -0.9381913359224812 0.3461170570775013 0
    outer loop
      vertex 14.923879532511286 -0.3826834323650898 20
      vertex 14.951056516295154 -0.3090169943749474 20
      vertex 14.951056516295154 -0.3090169943749474 0
    endloop
  endfacet
  facet normal -0.962455236453647 0.27144044986507554 0
    outer loop
      vertex 14.951056516295154 -0.3090169943749474 20
      vertex 14.972369920397677 -0.2334453638559054 20
      vertex 14.972369920397677 -0.2334453638559054 0
    endloop
  endfacet
  facet normal -0.9807852804032295 0.1950903220161321 0
    outer loop
      vertex 14.972369920397677 -0.2334453638559054 20
      vertex 14.987688340595138 -0.15643446504023087 20
      vertex 14.987688340595138 -0.15643446504023087 0
    endloop
  endfacet
  facet normal -0.993068456954927 0.11753739745783276 0
    outer loop
      vertex 14.987688340595138 -0.15643446504023087 20
      vertex 14.996917333733128 -0.07845909572784494 20
      vertex 14.996917333733128 -0.07845909572784494 0
    endloop
  endfacet
  facet normal -0.9992290362407231 0.03925981575906736 0
    outer loop
      vertex 14.996917333733128 -0.07845909572784494 20
      vertex 15 0 20
      vertex 15 0 0
    endloop
  endfacet
  facet normal 0.9992290362407231 -0.03925981575906736 0
    outer loop
      vertex 13.003082666266872 0.07845909572784494 20
      vertex 13 0 0
      vertex 13.003082666266872 0.07845909572784494 0
    endloop
  endfacet
  facet normal 0.993068456954927 -0.11753739745783276 0
    outer loop
      vertex 13.012311659404862 0.15643446504023087 20
      vertex 13.003082666266872 0.07845909572784494 0
      vertex 13.012311659404862 0.15643446504023087 0
    endloop
  endfacet
  facet normal 0.9807852804032295 -0.1950903220161321 0
    outer loop
      vertex 13.027630079602323 0.2334453638559054 20
      vertex 13.012311659404862 0.15643446504023087 0
      vertex 13.027630079602323 0.2334453638559054 0
    endloop
  endfacet
  facet normal 0.962455236453647 -0.27144044986507554 0
    outer loop
      vertex 13.048943483704846 0.3090169943749474 20
      vertex 13.027630079602323 0.2334453638559054 0
      vertex 13.048943483704846 0.3090169943749474 0
    endloop
  endfacet
  facet normal 0.9381913359224812 -0.3461170570775013 0
    outer loop
      vertex 13.076120467488714 0.3826834323650898 20
      vertex 13.048943483704846 0.3090169943749474 0
      vertex 13.076120467488714 0.3826834323650898 0
    endloop
  endfacet
  facet normal 0.9081431738250864 -0.4186597375374173 0
    outer loop
      vertex 13.108993475811632 0.45399049973954675 20
      vertex 13.076120467488714 0.3826834323650898 0
      vertex 13.108993475811632 0.45399049973954675 0
    endloop
  endfacet
  facet normal 0.8724960070727948 -0.48862124149695907 0
    outer loop
      vertex 13.147359835645908 0.5224985647159488 20
      vertex 13.108993475811632 0.45399049973954675 0
      vertex 13.147359835645908 0.5224985647159488 0
    endloop
  endfacet
  facet normal 0.8314696123025407 -0.555570233019609 0
    outer loop
      vertex 13.190983005625053 0.5877852522924731 20
      vertex 13.147359835645908 0.5224985647159488 0
      vertex 13.190983005625053 0.5877852522924731 0
    endloop
  endfacet
  facet normal 0.7853169308807482 -0.61909394930983 0
    outer loop
      vertex 13.23959403439997 0.6494480483301837 20
      vertex 13.190983005625053 0.5877852522924731 0
      vertex 13.23959403439997 0.6494480483301837 0
    endloop
  endfacet
  facet normal 0.7343225094356903 -0.6788007455329365 0
    outer loop
      vertex 13.292893218813452 0.7071067811865476 20
      vertex 13.23959403439997 0.6494480483301837 0
      vertex 13.292893218813452 0.7071067811865476 0
    endloop
  endfacet
  facet normal 0.6788007455329405 -0.7343225094356869 0
    outer loop
      vertex 13.350551951669816 0.7604059656000309 20
      vertex 13.292893218813452 0.7071067811865476 0
      vertex 13.350551951669816 0.7604059656000309 0
    endloop
  endfacet
  facet normal 0.6190939493098343 -0.7853169308807447 0
    outer loop
      vertex 13.412214747707527 0.8090169943749475 20
      vertex 13.350551951669816 0.7604059656000309 0
      vertex 13.412214747707527 0.8090169943749475 0
    endloop
  endfacet
  facet normal 0.5555702330196025 -0.831469612302545 0
    outer loop
      vertex 13.47750143528405 0.8526401643540922 20
      vertex 13.412214747707527 0.8090169943749475 0
      vertex 13.47750143528405 0.8526401643540922 0
    endloop
  endfacet
  facet normal 0.48862124149695346 -0.872496007072798 0
    outer loop
      vertex 13.546009500260453 0.8910065241883679 20
      vertex 13.47750143528405 0.8526401643540922 0
      vertex 13.546009500260453 0.8910065241883679 0
    endloop
  endfacet
  facet normal 0.41865973753742697 -0.9081431738250818 0
    outer loop
      vertex 13.61731656763491 0.9238795325112867 20
      vertex 13.546009500260453 0.8910065241883679 0
      vertex 13.61731656763491 0.9238795325112867 0
    endloop
  endfacet
  facet normal 0.3461170570774898 -0.9381913359224854 0
    outer loop
      vertex 13.690983005625053 0.9510565162951535 20
      vertex 13.61731656763491 0.9238795325112867 0
      vertex 13.690983005625053 0.9510565162951535 0
    endloop
  endfacet
  facet normal 0.271440449865076 -0.9624552364536468 0
    outer loop
      vertex 13.766554636144095 0.9723699203976766 20
      vertex 13.690983005625053 0.9510565162951535 0
      vertex 13.766554636144095 0.9723699203976766 0
    endloop
  endfacet
  facet normal -0.271440449865076 -0.9624552364536468 0
    outer loop
      vertex 14.309016994374947 0.9510565162951535 20
      vertex 14.233445363855905 0.9723699203976766 0
      vertex 14.309016994374947 0.9510565162951535 0
    endloop
  endfacet
  facet normal -0.41865973753742697 -0.9081431738250818 0
    outer loop
      vertex 14.453990499739547 0.8910065241883679 20
      vertex 14.38268343236509 0.9238795325112867 0
      vertex 14.453990499739547 0.8910065241883679 0
    endloop
  endfacet
  facet normal -0.3461170570774898 -0.9381913359224854 0
    outer loop
      vertex 14.38268343236509 0.9238795325112867 20
      vertex 14.309016994374947 0.9510565162951535 0
      vertex 14.38268343236509 0.9238795325112867 0
    endloop
  endfacet
  facet normal 0.1950903220161309 -0.98078528040323 0
    outer loop
      vertex 13.843565534959769 0.9876883405951378 20
      vertex 13.766554636144095 0.9723699203976766 0
      vertex 13.843565534959769 0.9876883405951378 0
    endloop
  endfacet
  facet normal 0.11753739745783762 -0.9930684569549263 0
    outer loop
      vertex 13.921540904272154 0.996917333733128 20
      vertex 13.843565534959769 0.9876883405951378 0
      vertex 13.921540904272154 0.996917333733128 0
    endloop
  endfacet
  facet normal 0.03925981575906839 -0.999229036240723 0
    outer loop
      vertex 14 1 20
      vertex 13.921540904272154 0.996917333733128 0
      vertex 14 1 0
    endloop
  endfacet
  facet normal -0.03925981575906839 -0.999229036240723 0
    outer loop
      vertex 14.078459095727846 0.996917333733128 20
      vertex 14 1 0
      vertex 14.078459095727846 0.996917333733128 0
    endloop
  endfacet
  facet normal -0.11753739745783762 -0.9930684569549263 0
    outer loop
      vertex 14.156434465040231 0.9876883405951378 20
      vertex 14.078459095727846 0.996917333733128 0
      vertex 14.156434465040231 0.9876883405951378 0
    endloop
  endfacet
  facet normal -0.1950903220161309 -0.98078528040323 0
    outer loop
      vertex 14.233445363855905 0.9723699203976766 20
      vertex 14.156434465040231 0.9876883405951378 0
      vertex 14.233445363855905 0.9723699203976766 0
    endloop
  endfacet
  facet normal -0.9992290362407231 -0.03925981575906736 0
    outer loop
      vertex 15 0 0
      vertex 15 0 20
      vertex 14.996917333733128 0.07845909572784494 0
    endloop
  endfacet
  facet normal -0.993068456954927 -0.11753739745783276 0
    outer loop
      vertex 14.996917333733128 0.07845909572784494 20
      vertex 14.987688340595138 0.15643446504023087 0
      vertex 14.996917333733128 0.07845909572784494 0
    endloop
  endfacet
  facet normal -0.9807852804032295 -0.1950903220161321 0
    outer loop
      vertex 14.987688340595138 0.15643446504023087 20
      vertex 14.972369920397677 0.2334453638559054 0
      vertex 14.987688340595138 0.15643446504023087 0
    endloop
  endfacet
  facet normal -0.962455236453647 -0.27144044986507554 0
    outer loop
      vertex 14.972369920397677 0.2334453638559054 20
      vertex 14.951056516295154 0.3090169943749474 0
      vertex 14.972369920397677 0.2334453638559054 0
    endloop
  endfacet
  facet normal -0.9081431738250864 -0.4186597375374173 0
    outer loop
      vertex 14.923879532511286 0.3826834323650898 20
      vertex 14.891006524188368 0.45399049973954675 0
      vertex 14.923879532511286 0.3826834323650898 0
    endloop
  endfacet
  facet normal -0.8724960070727948 -0.48862124149695907 0
    outer loop
      vertex 14.891006524188368 0.45399049973954675 20
      vertex 14.852640164354092 0.5224985647159488 0
      vertex 14.891006524188368 0.45399049973954675 0
    endloop
  endfacet
  facet normal -0.9381913359224812 -0.3461170570775013 0
    outer loop
      vertex 14.951056516295154 0.3090169943749474 20
      vertex 14.923879532511286 0.3826834323650898 0
      vertex 14.951056516295154 0.3090169943749474 0
    endloop
  endfacet
  facet normal -0.8314696123025407 -0.555570233019609 0
    outer loop
      vertex 14.852640164354092 0.5224985647159488 20
      vertex 14.809016994374947 0.5877852522924731 0
      vertex 14.852640164354092 0.5224985647159488 0
    endloop
  endfacet
  facet normal -0.7853169308807482 -0.61909394930983 0
    outer loop
      vertex 14.809016994374947 0.5877852522924731 20
      vertex 14.76040596560003 0.6494480483301837 0
      vertex 14.809016994374947 0.5877852522924731 0
    endloop
  endfacet
  facet normal -0.7343225094356903 -0.6788007455329365 0
    outer loop
      vertex 14.76040596560003 0.6494480483301837 20
      vertex 14.707106781186548 0.7071067811865476 0
      vertex 14.76040596560003 0.6494480483301837 0
    endloop
  endfacet
  facet normal -0.6190939493098343 -0.7853169308807447 0
    outer loop
      vertex 14.649448048330184 0.7604059656000309 20
      vertex 14.587785252292473 0.8090169943749475 0
      vertex 14.649448048330184 0.7604059656000309 0
    endloop
  endfacet
  facet normal -0.6788007455329405 -0.7343225094356869 0
    outer loop
      vertex 14.707106781186548 0.7071067811865476 20
      vertex 14.649448048330184 0.7604059656000309 0
      vertex 14.707106781186548 0.7071067811865476 0
    endloop
  endfacet
  facet normal -0.48862124149695346 -0.872496007072798 0
    outer loop
      vertex 14.52249856471595 0.8526401643540922 20
      vertex 14.453990499739547 0.8910065241883679 0
      vertex 14.52249856471595 0.8526401643540922 0
    endloop
  endfacet
  facet normal -0.5555702330196025 -0.831469612302545 0
    outer loop
      vertex 14.587785252292473 0.8090169943749475 20
      vertex 14.52249856471595 0.8526401643540922 0
      vertex 14.587785252292473 0.8090169943749475 0
    endloop
  endfacet
  facet normal 0.9992290362407231 -0.03925981575906736 0
    outer loop
      vertex 13.003082666266872 0.07845909572784494 20
      vertex 13 0 20
      vertex 13 0 0
    endloop
  endfacet
  facet normal 0.993068456954927 -0.11753739745783276 0
    outer loop
      vertex 13.012311659404862 0.15643446504023087 20
      vertex 13.003082666266872 0.07845909572784494 20
      vertex 13.003082666266872 0.07845909572784494 0
    endloop
  endfacet
  facet normal 0.9807852804032295 -0.1950903220161321 0
    outer loop
      vertex 13.027630079602323 0.2334453638559054 20
      vertex 13.012311659404862 0.15643446504023087 20
      vertex 13.012311659404862 0.15643446504023087 0
    endloop
  endfacet
  facet normal 0.962455236453647 -0.27144044986507554 0
    outer loop
      vertex 13.048943483704846 0.3090169943749474 20
      vertex 13.027630079602323 0.2334453638559054 20
      vertex 13.027630079602323 0.2334453638559054 0
    endloop
  endfacet
  facet normal 0.9381913359224812 -0.3461170570775013 0
    outer loop
      vertex 13.076120467488714 0.3826834323650898 20
      vertex 13.048943483704846 0.3090169943749474 20
      vertex 13.048943483704846 0.3090169943749474 0
    endloop
  endfacet
  facet normal 0.9081431738250864 -0.4186597375374173 0
    outer loop
      vertex 13.108993475811632 0.45399049973954675 20
      vertex 13.076120467488714 0.3826834323650898 20
      vertex 13.076120467488714 0.3826834323650898 0
    endloop
  endfacet
  facet normal 0.8724960070727948 -0.48862124149695907 0
    outer loop
      vertex 13.147359835645908 0.5224985647159488 20
      vertex 13.108993475811632 0.45399049973954675 20
      vertex 13.108993475811632 0.45399049973954675 0
    endloop
  endfacet
  facet normal 0.8314696123025407 -0.555570233019609 0
    outer loop
      vertex 13.190983005625053 0.5877852522924731 20
      vertex 13.147359835645908 0.5224985647159488 20
      vertex 13.147359835645908 0.5224985647159488 0
    endloop
  endfacet
  facet normal 0.7853169308807482 -0.61909394930983 0
    outer loop
      vertex 13.23959403439997 0.6494480483301837 20
      vertex 13.190983005625053 0.5877852522924731 20
      vertex 13.190983005625053 0.5877852522924731 0
    endloop
  endfacet
  facet normal 0.7343225094356903 -0.6788007455329365 0
    outer loop
      vertex 13.292893218813452 0.7071067811865476 20
      vertex 13.23959403439997 0.6494480483301837 20
      vertex 13.23959403439997 0.6494480483301837 0
    endloop
  endfacet
  facet normal 0.6788007455329405 -0.7343225094356869 0
    outer loop
      vertex 13.292893218813452 0.7071067811865476 20
      vertex 13.292893218813452 0.7071067811865476 0
      vertex 13.350551951669816 0.7604059656000309 20
    endloop
  endfacet
  facet normal 0.6190939493098343 -0.7853169308807447 0
    outer loop
      vertex 13.350551951669816 0.7604059656000309 20
      vertex 13.350551951669816 0.7604059656000309 0
      vertex 13.412214747707527 0.8090169943749475 20
    endloop
  endfacet
  facet normal 0.5555702330196025 -0.831469612302545 0
    outer loop
      vertex 13.412214747707527 0.8090169943749475 20
      vertex 13.412214747707527 0.8090169943749475 0
      vertex 13.47750143528405 0.8526401643540922 20
    endloop
  endfacet
  facet normal 0.48862124149695346 -0.872496007072798 0
    outer loop
      vertex 13.47750143528405 0.8526401643540922 20
      vertex 13.47750143528405 0.8526401643540922 0
      vertex 13.546009500260453 0.8910065241883679 20
    endloop
  endfacet
  facet normal 0.41865973753742697 -0.9081431738250818 0
    outer loop
      vertex 13.546009500260453 0.8910065241883679 20
      vertex 13.546009500260453 0.8910065241883679 0
      vertex 13.61731656763491 0.9238795325112867 20
    endloop
  endfacet
  facet normal 0.3461170570774898 -0.9381913359224854 0
    outer loop
      vertex 13.61731656763491 0.9238795325112867 20
      vertex 13.61731656763491 0.9238795325112867 0
      vertex 13.690983005625053 0.9510565162951535 20
    endloop
  endfacet
  facet normal 0.271440449865076 -0.9624552364536468 0
    outer loop
      vertex 13.690983005625053 0.9510565162951535 20
      vertex 13.690983005625053 0.9510565162951535 0
      vertex 13.766554636144095 0.9723699203976766 20
    endloop
  endfacet
  facet normal -0.3461170570774898 -0.9381913359224854 0
    outer loop
      vertex 14.309016994374947 0.9510565162951535 20
      vertex 14.309016994374947 0.9510565162951535 0
      vertex 14.38268343236509 0.9238795325112867 20
    endloop
  endfacet
  facet normal -0.41865973753742697 -0.9081431738250818 0
    outer loop
      vertex 14.38268343236509 0.9238795325112867 20
      vertex 14.38268343236509 0.9238795325112867 0
      vertex 14.453990499739547 0.8910065241883679 20
    endloop
  endfacet
  facet normal 0.1950903220161309 -0.98078528040323 0
    outer loop
      vertex 13.766554636144095 0.9723699203976766 20
      vertex 13.766554636144095 0.9723699203976766 0
      vertex 13.843565534959769 0.9876883405951378 20
    endloop
  endfacet
  facet normal 0.11753739745783762 -0.9930684569549263 0
    outer loop
      vertex 13.843565534959769 0.9876883405951378 20
      vertex 13.843565534959769 0.9876883405951378 0
      vertex 13.921540904272154 0.996917333733128 20
    endloop
  endfacet
  facet normal 0.03925981575906839 -0.999229036240723 0
    outer loop
      vertex 13.921540904272154 0.996917333733128 20
      vertex 13.921540904272154 0.996917333733128 0
      vertex 14 1 20
    endloop
  endfacet
  facet normal -0.03925981575906839 -0.999229036240723 0
    outer loop
      vertex 14 1 20
      vertex 14 1 0
      vertex 14.078459095727846 0.996917333733128 20
    endloop
  endfacet
  facet normal -0.11753739745783762 -0.9930684569549263 0
    outer loop
      vertex 14.078459095727846 0.996917333733128 20
      vertex 14.078459095727846 0.996917333733128 0
      vertex 14.156434465040231 0.9876883405951378 20
    endloop
  endfacet
  facet normal -0.1950903220161309 -0.98078528040323 0
    outer loop
      vertex 14.156434465040231 0.9876883405951378 20
      vertex 14.156434465040231 0.9876883405951378 0
      vertex 14.233445363855905 0.9723699203976766 20
    endloop
  endfacet
  facet normal -0.271440449865076 -0.9624552364536468 0
    outer loop
      vertex 14.233445363855905 0.9723699203976766 20
      vertex 14.233445363855905 0.9723699203976766 0
      vertex 14.309016994374947 0.9510565162951535 20
    endloop
  endfacet
  facet normal -0.9992290362407231 -0.03925981575906736 0
    outer loop
      vertex 15 0 20
      vertex 14.996917333733128 0.07845909572784494 20
      vertex 14.996917333733128 0.07845909572784494 0
    endloop
  endfacet
  facet normal -0.993068456954927 -0.11753739745783276 0
    outer loop
      vertex 14.996917333733128 0.07845909572784494 20
      vertex 14.987688340595138 0.15643446504023087 20
      vertex 14.987688340595138 0.15643446504023087 0
    endloop
  endfacet
  facet normal -0.9807852804032295 -0.1950903220161321 0
    outer loop
      vertex 14.987688340595138 0.15643446504023087 20
      vertex 14.972369920397677 0.2334453638559054 20
      vertex 14.972369920397677 0.2334453638559054 0
    endloop
  endfacet
  facet normal -0.962455236453647 -0.27144044986507554 0
    outer loop
      vertex 14.972369920397677 0.2334453638559054 20
      vertex 14.951056516295154 0.3090169943749474 20
      vertex 14.951056516295154 0.3090169943749474 0
    endloop
  endfacet
  facet normal -0.9081431738250864 -0.4186597375374173 0
    outer loop
      vertex 14.923879532511286 0.3826834323650898 20
      vertex 14.891006524188368 0.45399049973954675 20
      vertex 14.891006524188368 0.45399049973954675 0
    endloop
  endfacet
  facet normal -0.9381913359224812 -0.3461170570775013 0
    outer loop
      vertex 14.951056516295154 0.3090169943749474 20
      vertex 14.923879532511286 0.3826834323650898 20
      vertex 14.923879532511286 0.3826834323650898 0
    endloop
  endfacet
  facet normal -0.8724960070727948 -0.48862124149695907 0
    outer loop
      vertex 14.891006524188368 0.45399049973954675 20
      vertex 14.852640164354092 0.5224985647159488 20
      vertex 14.852640164354092 0.5224985647159488 0
    endloop
  endfacet
  facet normal -0.8314696123025407 -0.555570233019609 0
    outer loop
      vertex 14.852640164354092 0.5224985647159488 20
      vertex 14.809016994374947 0.5877852522924731 20
      vertex 14.809016994374947 0.5877852522924731 0
    endloop
  endfacet
  facet normal -0.7853169308807482 -0.61909394930983 0
    outer loop
      vertex 14.809016994374947 0.5877852522924731 20
      vertex 14.76040596560003 0.6494480483301837 20
      vertex 14.76040596560003 0.6494480483301837 0
    endloop
  endfacet
  facet normal -0.7343225094356903 -0.6788007455329365 0
    outer loop
      vertex 14.76040596560003 0.6494480483301837 20
      vertex 14.707106781186548 0.7071067811865476 20
      vertex 14.707106781186548 0.7071067811865476 0
    endloop
  endfacet
  facet normal -0.6788007455329405 -0.7343225094356869 0
    outer loop
      vertex 14.649448048330184 0.7604059656000309 20
      vertex 14.649448048330184 0.7604059656000309 0
      vertex 14.707106781186548 0.7071067811865476 20
    endloop
  endfacet
  facet normal -0.6190939493098343 -0.7853169308807447 0
    outer loop
      vertex 14.587785252292473 0.8090169943749475 20
      vertex 14.587785252292473 0.8090169943749475 0
      vertex 14.649448048330184 0.7604059656000309 20
    endloop
  endfacet
  facet normal -0.48862124149695346 -0.872496007072798 0
    outer loop
      vertex 14.453990499739547 0.8910065241883679 20
      vertex 14.453990499739547 0.8910065241883679 0
      vertex 14.52249856471595 0.8526401643540922 20
    endloop
  endfacet
  facet normal -0.5555702330196025 -0.831469612302545 0
    outer loop
      vertex 14.52249856471595 0.8526401643540922 20
      vertex 14.52249856471595 0.8526401643540922 0
      vertex 14.587785252292473 0.8090169943749475 20
    endloop
  endfacet
  facet normal 0.5555702330196025 0.831469612302545 0
    outer loop
      vertex -14.587785252292473 -0.8090169943749475 0
      vertex -14.587785252292473 -0.8090169943749475 20
      vertex -14.52249856471595 -0.8526401643540922 0
    endloop
  endfacet
  facet normal 0.48862124149695346 0.872496007072798 0
    outer loop
      vertex -14.52249856471595 -0.8526401643540922 0
      vertex -14.52249856471595 -0.8526401643540922 20
      vertex -14.453990499739547 -0.8910065241883679 0
    endloop
  endfacet
  facet normal 0.6788007455329405 0.7343225094356869 0
    outer loop
      vertex -14.649448048330184 -0.7604059656000309 0
      vertex -14.707106781186548 -0.7071067811865476 0
      vertex -14.707106781186548 -0.7071067811865476 20
    endloop
  endfacet
  facet normal 0.6190939493098343 0.7853169308807447 0
    outer loop
      vertex -14.649448048330184 -0.7604059656000309 0
      vertex -14.649448048330184 -0.7604059656000309 20
      vertex -14.587785252292473 -0.8090169943749475 0
    endloop
  endfacet
  facet normal 0.7343225094356903 0.6788007455329365 0
    outer loop
      vertex -14.707106781186548 -0.7071067811865476 0
      vertex -14.76040596560003 -0.6494480483301837 0
      vertex -14.76040596560003 -0.6494480483301837 20
    endloop
  endfacet
  facet normal 0.7853169308807482 0.61909394930983 0
    outer loop
      vertex -14.76040596560003 -0.6494480483301837 0
      vertex -14.809016994374947 -0.5877852522924731 0
      vertex -14.809016994374947 -0.5877852522924731 20
    endloop
  endfacet
  facet normal 0.8314696123025407 0.555570233019609 0
    outer loop
      vertex -14.809016994374947 -0.5877852522924731 0
      vertex -14.852640164354092 -0.5224985647159488 0
      vertex -14.852640164354092 -0.5224985647159488 20
    endloop
  endfacet
  facet normal 0.9381913359224812 0.3461170570775013 0
    outer loop
      vertex -14.923879532511286 -0.3826834323650898 0
      vertex -14.951056516295154 -0.3090169943749474 0
      vertex -14.951056516295154 -0.3090169943749474 20
    endloop
  endfacet
  facet normal 0.8724960070727948 0.48862124149695907 0
    outer loop
      vertex -14.852640164354092 -0.5224985647159488 0
      vertex -14.891006524188368 -0.45399049973954675 0
      vertex -14.891006524188368 -0.45399049973954675 20
    endloop
  endfacet
  facet normal 0.9081431738250864 0.4186597375374173 0
    outer loop
      vertex -14.891006524188368 -0.45399049973954675 0
      vertex -14.923879532511286 -0.3826834323650898 0
      vertex -14.923879532511286 -0.3826834323650898 20
    endloop
  endfacet
  facet normal 0.962455236453647 0.27144044986507554 0
    outer loop
      vertex -14.951056516295154 -0.3090169943749474 0
      vertex -14.972369920397677 -0.2334453638559054 0
      vertex -14.972369920397677 -0.2334453638559054 20
    endloop
  endfacet
  facet normal 0.9807852804032295 0.1950903220161321 0
    outer loop
      vertex -14.972369920397677 -0.2334453638559054 0
      vertex -14.987688340595138 -0.15643446504023087 0
      vertex -14.987688340595138 -0.15643446504023087 20
    endloop
  endfacet
  facet normal 0.993068456954927 0.11753739745783276 0
    outer loop
      vertex -14.987688340595138 -0.15643446504023087 0
      vertex -14.996917333733128 -0.07845909572784494 0
      vertex -14.996917333733128 -0.07845909572784494 20
    endloop
  endfacet
  facet normal 0.9992290362407231 0.03925981575906736 0
    outer loop
      vertex -14.996917333733128 -0.07845909572784494 0
      vertex -15 0 0
      vertex -15 0 20
    endloop
  endfacet
  facet normal 0.1950903220161309 0.98078528040323 0
    outer loop
      vertex -14.233445363855905 -0.9723699203976766 0
      vertex -14.233445363855905 -0.9723699203976766 20
      vertex -14.156434465040231 -0.9876883405951378 0
    endloop
  endfacet
  facet normal 0.11753739745783762 0.9930684569549263 0
    outer loop
      vertex -14.156434465040231 -0.9876883405951378 0
      vertex -14.156434465040231 -0.9876883405951378 20
      vertex -14.078459095727846 -0.996917333733128 0
    endloop
  endfacet
  facet normal 0.03925981575906839 0.999229036240723 0
    outer loop
      vertex -14.078459095727846 -0.996917333733128 0
      vertex -14.078459095727846 -0.996917333733128 20
      vertex -14 -1 0
    endloop
  endfacet
  facet normal -0.03925981575906839 0.999229036240723 0
    outer loop
      vertex -14 -1 0
      vertex -14 -1 20
      vertex -13.921540904272154 -0.996917333733128 0
    endloop
  endfacet
  facet normal -0.11753739745783762 0.9930684569549263 0
    outer loop
      vertex -13.921540904272154 -0.996917333733128 0
      vertex -13.921540904272154 -0.996917333733128 20
      vertex -13.843565534959769 -0.9876883405951378 0
    endloop
  endfacet
  facet normal -0.1950903220161309 0.98078528040323 0
    outer loop
      vertex -13.843565534959769 -0.9876883405951378 0
      vertex -13.843565534959769 -0.9876883405951378 20
      vertex -13.766554636144095 -0.9723699203976766 0
    endloop
  endfacet
  facet normal 0.3461170570774898 0.9381913359224854 0
    outer loop
      vertex -14.38268343236509 -0.9238795325112867 0
      vertex -14.38268343236509 -0.9238795325112867 20
      vertex -14.309016994374947 -0.9510565162951535 0
    endloop
  endfacet
  facet normal 0.41865973753742697 0.9081431738250818 0
    outer loop
      vertex -14.453990499739547 -0.8910065241883679 0
      vertex -14.453990499739547 -0.8910065241883679 20
      vertex -14.38268343236509 -0.9238795325112867 0
    endloop
  endfacet
  facet normal 0.271440449865076 0.9624552364536468 0
    outer loop
      vertex -14.309016994374947 -0.9510565162951535 0
      vertex -14.309016994374947 -0.9510565162951535 20
      vertex -14.233445363855905 -0.9723699203976766 0
    endloop
  endfacet
  facet normal -0.271440449865076 0.9624552364536468 0
    outer loop
      vertex -13.766554636144095 -0.9723699203976766 0
      vertex -13.766554636144095 -0.9723699203976766 20
      vertex -13.690983005625053 -0.9510565162951535 0
    endloop
  endfacet
  facet normal -0.3461170570774898 0.9381913359224854 0
    outer loop
      vertex -13.690983005625053 -0.9510565162951535 0
      vertex -13.690983005625053 -0.9510565162951535 20
      vertex -13.61731656763491 -0.9238795325112867 0
    endloop
  endfacet
  facet normal -0.41865973753742697 0.9081431738250818 0
    outer loop
      vertex -13.61731656763491 -0.9238795325112867 0
      vertex -13.61731656763491 -0.9238795325112867 20
      vertex -13.546009500260453 -0.8910065241883679 0
    endloop
  endfacet
  facet normal -0.48862124149695346 0.872496007072798 0
    outer loop
      vertex -13.546009500260453 -0.8910065241883679 0
      vertex -13.546009500260453 -0.8910065241883679 20
      vertex -13.47750143528405 -0.8526401643540922 0
    endloop
  endfacet
  facet normal -0.5555702330196025 0.831469612302545 0
    outer loop
      vertex -13.47750143528405 -0.8526401643540922 0
      vertex -13.47750143528405 -0.8526401643540922 20
      vertex -13.412214747707527 -0.8090169943749475 0
    endloop
  endfacet
  facet normal -0.6190939493098343 0.7853169308807447 0
    outer loop
      vertex -13.412214747707527 -0.8090169943749475 0
      vertex -13.412214747707527 -0.8090169943749475 20
      vertex -13.350551951669816 -0.7604059656000309 0
    endloop
  endfacet
  facet normal -0.6788007455329405 0.7343225094356869 0
    outer loop
      vertex -13.350551951669816 -0.7604059656000309 0
      vertex -13.350551951669816 -0.7604059656000309 20
      vertex -13.292893218813452 -0.7071067811865476 0
    endloop
  endfacet
  facet normal -0.7343225094356903 0.6788007455329365 0
    outer loop
      vertex -13.292893218813452 -0.7071067811865476 0
      vertex -13.292893218813452 -0.7071067811865476 20
      vertex -13.23959403439997 -0.6494480483301837 0
    endloop
  endfacet
  facet normal -0.7853169308807482 0.61909394930983 0
    outer loop
      vertex -13.190983005625053 -0.5877852522924731 0
      vertex -13.23959403439997 -0.6494480483301837 0
      vertex -13.23959403439997 -0.6494480483301837 20
    endloop
  endfacet
  facet normal -0.8314696123025407 0.555570233019609 0
    outer loop
      vertex -13.147359835645908 -0.5224985647159488 0
      vertex -13.190983005625053 -0.5877852522924731 0
      vertex -13.190983005625053 -0.5877852522924731 20
    endloop
  endfacet
  facet normal -0.8724960070727948 0.48862124149695907 0
    outer loop
      vertex -13.108993475811632 -0.45399049973954675 0
      vertex -13.147359835645908 -0.5224985647159488 0
      vertex -13.147359835645908 -0.5224985647159488 20
    endloop
  endfacet
  facet normal -0.9081431738250864 0.4186597375374173 0
    outer loop
      vertex -13.076120467488714 -0.3826834323650898 0
      vertex -13.108993475811632 -0.45399049973954675 0
      vertex -13.108993475811632 -0.45399049973954675 20
    endloop
  endfacet
  facet normal -0.9381913359224812 0.3461170570775013 0
    outer loop
      vertex -13.048943483704846 -0.3090169943749474 0
      vertex -13.076120467488714 -0.3826834323650898 0
      vertex -13.076120467488714 -0.3826834323650898 20
    endloop
  endfacet
  facet normal -0.962455236453647 0.27144044986507554 0
    outer loop
      vertex -13.027630079602323 -0.2334453638559054 0
      vertex -13.048943483704846 -0.3090169943749474 0
      vertex -13.048943483704846 -0.3090169943749474 20
    endloop
  endfacet
  facet normal -0.9807852804032295 0.1950903220161321 0
    outer loop
      vertex -13.012311659404862 -0.15643446504023087 0
      vertex -13.027630079602323 -0.2334453638559054 0
      vertex -13.027630079602323 -0.2334453638559054 20
    endloop
  endfacet
  facet normal -0.993068456954927 0.11753739745783276 0
    outer loop
      vertex -13.003082666266872 -0.07845909572784494 0
      vertex -13.012311659404862 -0.15643446504023087 0
      vertex -13.012311659404862 -0.15643446504023087 20
    endloop
  endfacet
  facet normal -0.9992290362407231 0.03925981575906736 0
    outer loop
      vertex -13.003082666266872 -0.07845909572784494 0
      vertex -13.003082666266872 -0.07845909572784494 20
      vertex -13 0 0
    endloop
  endfacet
  facet normal 0.5555702330196025 0.831469612302545 0
    outer loop
      vertex -14.52249856471595 -0.8526401643540922 0
      vertex -14.587785252292473 -0.8090169943749475 20
      vertex -14.52249856471595 -0.8526401643540922 20
    endloop
  endfacet
  facet normal 0.48862124149695346 0.872496007072798 0
    outer loop
      vertex -14.453990499739547 -0.8910065241883679 0
      vertex -14.52249856471595 -0.8526401643540922 20
      vertex -14.453990499739547 -0.8910065241883679 20
    endloop
  endfacet
  facet normal 0.6190939493098343 0.7853169308807447 0
    outer loop
      vertex -14.587785252292473 -0.8090169943749475 0
      vertex -14.649448048330184 -0.7604059656000309 20
      vertex -14.587785252292473 -0.8090169943749475 20
    endloop
  endfacet
  facet normal 0.6788007455329405 0.7343225094356869 0
    outer loop
      vertex -14.649448048330184 -0.7604059656000309 0
      vertex -14.707106781186548 -0.7071067811865476 20
      vertex -14.649448048330184 -0.7604059656000309 20
    endloop
  endfacet
  facet normal 0.7343225094356903 0.6788007455329365 0
    outer loop
      vertex -14.707106781186548 -0.7071067811865476 0
      vertex -14.76040596560003 -0.6494480483301837 20
      vertex -14.707106781186548 -0.7071067811865476 20
    endloop
  endfacet
  facet normal 0.7853169308807482 0.61909394930983 0
    outer loop
      vertex -14.76040596560003 -0.6494480483301837 0
      vertex -14.809016994374947 -0.5877852522924731 20
      vertex -14.76040596560003 -0.6494480483301837 20
    endloop
  endfacet
  facet normal 0.8314696123025407 0.555570233019609 0
    outer loop
      vertex -14.809016994374947 -0.5877852522924731 0
      vertex -14.852640164354092 -0.5224985647159488 20
      vertex -14.809016994374947 -0.5877852522924731 20
    endloop
  endfacet
  facet normal 0.8724960070727948 0.48862124149695907 0
    outer loop
      vertex -14.852640164354092 -0.5224985647159488 0
      vertex -14.891006524188368 -0.45399049973954675 20
      vertex -14.852640164354092 -0.5224985647159488 20
    endloop
  endfacet
  facet normal 0.9381913359224812 0.3461170570775013 0
    outer loop
      vertex -14.923879532511286 -0.3826834323650898 0
      vertex -14.951056516295154 -0.3090169943749474 20
      vertex -14.923879532511286 -0.3826834323650898 20
    endloop
  endfacet
  facet normal 0.9081431738250864 0.4186597375374173 0
    outer loop
      vertex -14.891006524188368 -0.45399049973954675 0
      vertex -14.923879532511286 -0.3826834323650898 20
      vertex -14.891006524188368 -0.45399049973954675 20
    endloop
  endfacet
  facet normal 0.962455236453647 0.27144044986507554 0
    outer loop
      vertex -14.951056516295154 -0.3090169943749474 0
      vertex -14.972369920397677 -0.2334453638559054 20
      vertex -14.951056516295154 -0.3090169943749474 20
    endloop
  endfacet
  facet normal 0.9807852804032295 0.1950903220161321 0
    outer loop
      vertex -14.972369920397677 -0.2334453638559054 0
      vertex -14.987688340595138 -0.15643446504023087 20
      vertex -14.972369920397677 -0.2334453638559054 20
    endloop
  endfacet
  facet normal 0.993068456954927 0.11753739745783276 0
    outer loop
      vertex -14.987688340595138 -0.15643446504023087 0
      vertex -14.996917333733128 -0.07845909572784494 20
      vertex -14.987688340595138 -0.15643446504023087 20
    endloop
  endfacet
  facet normal 0.9992290362407231 0.03925981575906736 0
    outer loop
      vertex -14.996917333733128 -0.07845909572784494 0
      vertex -15 0 20
      vertex -14.996917333733128 -0.07845909572784494 20
    endloop
  endfacet
  facet normal 0.271440449865076 0.9624552364536468 0
    outer loop
      vertex -14.233445363855905 -0.9723699203976766 0
      vertex -14.309016994374947 -0.9510565162951535 20
      vertex -14.233445363855905 -0.9723699203976766 20
    endloop
  endfacet
  facet normal 0.1950903220161309 0.98078528040323 0
    outer loop
      vertex -14.156434465040231 -0.9876883405951378 0
      vertex -14.233445363855905 -0.9723699203976766 20
      vertex -14.156434465040231 -0.9876883405951378 20
    endloop
  endfacet
  facet normal 0.11753739745783762 0.9930684569549263 0
    outer loop
      vertex -14.078459095727846 -0.996917333733128 0
      vertex -14.156434465040231 -0.9876883405951378 20
      vertex -14.078459095727846 -0.996917333733128 20
    endloop
  endfacet
  facet normal 0.03925981575906839 0.999229036240723 0
    outer loop
      vertex -14 -1 0
      vertex -14.078459095727846 -0.996917333733128 20
      vertex -14 -1 20
    endloop
  endfacet
  facet normal -0.03925981575906839 0.999229036240723 0
    outer loop
      vertex -13.921540904272154 -0.996917333733128 0
      vertex -14 -1 20
      vertex -13.921540904272154 -0.996917333733128 20
    endloop
  endfacet
  facet normal -0.11753739745783762 0.9930684569549263 0
    outer loop
      vertex -13.843565534959769 -0.9876883405951378 0
      vertex -13.921540904272154 -0.996917333733128 20
      vertex -13.843565534959769 -0.9876883405951378 20
    endloop
  endfacet
  facet normal -0.1950903220161309 0.98078528040323 0
    outer loop
      vertex -13.766554636144095 -0.9723699203976766 0
      vertex -13.843565534959769 -0.9876883405951378 20
      vertex -13.766554636144095 -0.9723699203976766 20
    endloop
  endfacet
  facet normal 0.41865973753742697 0.9081431738250818 0
    outer loop
      vertex -14.38268343236509 -0.9238795325112867 0
      vertex -14.453990499739547 -0.8910065241883679 20
      vertex -14.38268343236509 -0.9238795325112867 20
    endloop
  endfacet
  facet normal 0.3461170570774898 0.9381913359224854 0
    outer loop
      vertex -14.309016994374947 -0.9510565162951535 0
      vertex -14.38268343236509 -0.9238795325112867 20
      vertex -14.309016994374947 -0.9510565162951535 20
    endloop
  endfacet
  facet normal -0.271440449865076 0.9624552364536468 0
    outer loop
      vertex -13.690983005625053 -0.9510565162951535 0
      vertex -13.766554636144095 -0.9723699203976766 20
      vertex -13.690983005625053 -0.9510565162951535 20
    endloop
  endfacet
  facet normal -0.3461170570774898 0.9381913359224854 0
    outer loop
      vertex -13.61731656763491 -0.9238795325112867 0
      vertex -13.690983005625053 -0.9510565162951535 20
      vertex -13.61731656763491 -0.9238795325112867 20
    endloop
  endfacet
  facet normal -0.41865973753742697 0.9081431738250818 0
    outer loop
      vertex -13.546009500260453 -0.8910065241883679 0
      vertex -13.61731656763491 -0.9238795325112867 20
      vertex -13.546009500260453 -0.8910065241883679 20
    endloop
  endfacet
  facet normal -0.48862124149695346 0.872496007072798 0
    outer loop
      vertex -13.47750143528405 -0.8526401643540922 0
      vertex -13.546009500260453 -0.8910065241883679 20
      vertex -13.47750143528405 -0.8526401643540922 20
    endloop
  endfacet
  facet normal -0.5555702330196025 0.831469612302545 0
    outer loop
      vertex -13.412214747707527 -0.8090169943749475 0
      vertex -13.47750143528405 -0.8526401643540922 20
      vertex -13.412214747707527 -0.8090169943749475 20
    endloop
  endfacet
  facet normal -0.6190939493098343 0.7853169308807447 0
    outer loop
      vertex -13.350551951669816 -0.7604059656000309 0
      vertex -13.412214747707527 -0.8090169943749475 20
      vertex -13.350551951669816 -0.7604059656000309 20
    endloop
  endfacet
  facet normal -0.6788007455329405 0.7343225094356869 0
    outer loop
      vertex -13.292893218813452 -0.7071067811865476 0
      vertex -13.350551951669816 -0.7604059656000309 20
      vertex -13.292893218813452 -0.7071067811865476 20
    endloop
  endfacet
  facet normal -0.7343225094356903 0.6788007455329365 0
    outer loop
      vertex -13.23959403439997 -0.6494480483301837 0
      vertex -13.292893218813452 -0.7071067811865476 20
      vertex -13.23959403439997 -0.6494480483301837 20
    endloop
  endfacet
  facet normal -0.7853169308807482 0.61909394930983 0
    outer loop
      vertex -13.190983005625053 -0.5877852522924731 0
      vertex -13.23959403439997 -0.6494480483301837 20
      vertex -13.190983005625053 -0.5877852522924731 20
    endloop
  endfacet
  facet normal -0.8314696123025407 0.555570233019609 0
    outer loop
      vertex -13.147359835645908 -0.5224985647159488 0
      vertex -13.190983005625053 -0.5877852522924731 20
      vertex -13.147359835645908 -0.5224985647159488 20
    endloop
  endfacet
  facet normal -0.8724960070727948 0.48862124149695907 0
    outer loop
      vertex -13.108993475811632 -0.45399049973954675 0
      vertex -13.147359835645908 -0.5224985647159488 20
      vertex -13.108993475811632 -0.45399049973954675 20
    endloop
  endfacet
  facet normal -0.9081431738250864 0.4186597375374173 0
    outer loop
      vertex -13.076120467488714 -0.3826834323650898 0
      vertex -13.108993475811632 -0.45399049973954675 20
      vertex -13.076120467488714 -0.3826834323650898 20
    endloop
  endfacet
  facet normal -0.9381913359224812 0.3461170570775013 0
    outer loop
      vertex -13.048943483704846 -0.3090169943749474 0
      vertex -13.076120467488714 -0.3826834323650898 20
      vertex -13.048943483704846 -0.3090169943749474 20
    endloop
  endfacet
  facet normal -0.962455236453647 0.27144044986507554 0
    outer loop
      vertex -13.027630079602323 -0.2334453638559054 0
      vertex -13.048943483704846 -0.3090169943749474 20
      vertex -13.027630079602323 -0.2334453638559054 20
    endloop
  endfacet
  facet normal -0.9807852804032295 0.1950903220161321 0
    outer loop
      vertex -13.012311659404862 -0.15643446504023087 0
      vertex -13.027630079602323 -0.2334453638559054 20
      vertex -13.012311659404862 -0.15643446504023087 20
    endloop
  endfacet
  facet normal -0.993068456954927 0.11753739745783276 0
    outer loop
      vertex -13.003082666266872 -0.07845909572784494 0
      vertex -13.012311659404862 -0.15643446504023087 20
      vertex -13.003082666266872 -0.07845909572784494 20
    endloop
  endfacet
  facet normal -0.9992290362407231 0.03925981575906736 0
    outer loop
      vertex -13 0 0
      vertex -13.003082666266872 -0.07845909572784494 20
      vertex -13 0 20
    endloop
  endfacet
  facet normal 0.9992290362407231 -0.03925981575906736 0
    outer loop
      vertex -15 0 0
      vertex -14.996917333733128 0.07845909572784494 0
      vertex -14.996917333733128 0.07845909572784494 20
    endloop
  endfacet
  facet normal 0.993068456954927 -0.11753739745783276 0
    outer loop
      vertex -14.996917333733128 0.07845909572784494 0
      vertex -14.987688340595138 0.15643446504023087 0
      vertex -14.987688340595138 0.15643446504023087 20
    endloop
  endfacet
  facet normal 0.9807852804032295 -0.1950903220161321 0
    outer loop
      vertex -14.987688340595138 0.15643446504023087 0
      vertex -14.972369920397677 0.2334453638559054 0
      vertex -14.972369920397677 0.2334453638559054 20
    endloop
  endfacet
  facet normal 0.962455236453647 -0.27144044986507554 0
    outer loop
      vertex -14.972369920397677 0.2334453638559054 0
      vertex -14.951056516295154 0.3090169943749474 0
      vertex -14.951056516295154 0.3090169943749474 20
    endloop
  endfacet
  facet normal 0.9381913359224812 -0.3461170570775013 0
    outer loop
      vertex -14.951056516295154 0.3090169943749474 0
      vertex -14.923879532511286 0.3826834323650898 0
      vertex -14.923879532511286 0.3826834323650898 20
    endloop
  endfacet
  facet normal 0.9081431738250864 -0.4186597375374173 0
    outer loop
      vertex -14.923879532511286 0.3826834323650898 0
      vertex -14.891006524188368 0.45399049973954675 0
      vertex -14.891006524188368 0.45399049973954675 20
    endloop
  endfacet
  facet normal 0.8724960070727948 -0.48862124149695907 0
    outer loop
      vertex -14.891006524188368 0.45399049973954675 0
      vertex -14.852640164354092 0.5224985647159488 0
      vertex -14.852640164354092 0.5224985647159488 20
    endloop
  endfacet
  facet normal 0.8314696123025407 -0.555570233019609 0
    outer loop
      vertex -14.852640164354092 0.5224985647159488 0
      vertex -14.809016994374947 0.5877852522924731 0
      vertex -14.809016994374947 0.5877852522924731 20
    endloop
  endfacet
  facet normal 0.7853169308807482 -0.61909394930983 0
    outer loop
      vertex -14.809016994374947 0.5877852522924731 0
      vertex -14.76040596560003 0.6494480483301837 0
      vertex -14.76040596560003 0.6494480483301837 20
    endloop
  endfacet
  facet normal 0.7343225094356903 -0.6788007455329365 0
    outer loop
      vertex -14.76040596560003 0.6494480483301837 0
      vertex -14.707106781186548 0.7071067811865476 0
      vertex -14.707106781186548 0.7071067811865476 20
    endloop
  endfacet
  facet normal 0.6788007455329405 -0.7343225094356869 0
    outer loop
      vertex -14.649448048330184 0.7604059656000309 0
      vertex -14.649448048330184 0.7604059656000309 20
      vertex -14.707106781186548 0.7071067811865476 0
    endloop
  endfacet
  facet normal 0.6190939493098343 -0.7853169308807447 0
    outer loop
      vertex -14.587785252292473 0.8090169943749475 0
      vertex -14.587785252292473 0.8090169943749475 20
      vertex -14.649448048330184 0.7604059656000309 0
    endloop
  endfacet
  facet normal 0.5555702330196025 -0.831469612302545 0
    outer loop
      vertex -14.52249856471595 0.8526401643540922 0
      vertex -14.52249856471595 0.8526401643540922 20
      vertex -14.587785252292473 0.8090169943749475 0
    endloop
  endfacet
  facet normal 0.48862124149695346 -0.872496007072798 0
    outer loop
      vertex -14.453990499739547 0.8910065241883679 0
      vertex -14.453990499739547 0.8910065241883679 20
      vertex -14.52249856471595 0.8526401643540922 0
    endloop
  endfacet
  facet normal -0.8314696123025407 -0.555570233019609 0
    outer loop
      vertex -13.190983005625053 0.5877852522924731 0
      vertex -13.147359835645908 0.5224985647159488 0
      vertex -13.147359835645908 0.5224985647159488 20
    endloop
  endfacet
  facet normal -0.7853169308807482 -0.61909394930983 0
    outer loop
      vertex -13.23959403439997 0.6494480483301837 0
      vertex -13.190983005625053 0.5877852522924731 0
      vertex -13.190983005625053 0.5877852522924731 20
    endloop
  endfacet
  facet normal 0.41865973753742697 -0.9081431738250818 0
    outer loop
      vertex -14.38268343236509 0.9238795325112867 0
      vertex -14.38268343236509 0.9238795325112867 20
      vertex -14.453990499739547 0.8910065241883679 0
    endloop
  endfacet
  facet normal 0.3461170570774898 -0.9381913359224854 0
    outer loop
      vertex -14.309016994374947 0.9510565162951535 0
      vertex -14.309016994374947 0.9510565162951535 20
      vertex -14.38268343236509 0.9238795325112867 0
    endloop
  endfacet
  facet normal 0.271440449865076 -0.9624552364536468 0
    outer loop
      vertex -14.233445363855905 0.9723699203976766 0
      vertex -14.233445363855905 0.9723699203976766 20
      vertex -14.309016994374947 0.9510565162951535 0
    endloop
  endfacet
  facet normal 0.1950903220161309 -0.98078528040323 0
    outer loop
      vertex -14.156434465040231 0.9876883405951378 0
      vertex -14.156434465040231 0.9876883405951378 20
      vertex -14.233445363855905 0.9723699203976766 0
    endloop
  endfacet
  facet normal 0.11753739745783762 -0.9930684569549263 0
    outer loop
      vertex -14.078459095727846 0.996917333733128 0
      vertex -14.078459095727846 0.996917333733128 20
      vertex -14.156434465040231 0.9876883405951378 0
    endloop
  endfacet
  facet normal 0.03925981575906839 -0.999229036240723 0
    outer loop
      vertex -14 1 0
      vertex -14 1 20
      vertex -14.078459095727846 0.996917333733128 0
    endloop
  endfacet
  facet normal -0.03925981575906839 -0.999229036240723 0
    outer loop
      vertex -13.921540904272154 0.996917333733128 0
      vertex -13.921540904272154 0.996917333733128 20
      vertex -14 1 0
    endloop
  endfacet
  facet normal -0.11753739745783762 -0.9930684569549263 0
    outer loop
      vertex -13.843565534959769 0.9876883405951378 0
      vertex -13.843565534959769 0.9876883405951378 20
      vertex -13.921540904272154 0.996917333733128 0
    endloop
  endfacet
  facet normal -0.1950903220161309 -0.98078528040323 0
    outer loop
      vertex -13.766554636144095 0.9723699203976766 0
      vertex -13.766554636144095 0.9723699203976766 20
      vertex -13.843565534959769 0.9876883405951378 0
    endloop
  endfacet
  facet normal -0.271440449865076 -0.9624552364536468 0
    outer loop
      vertex -13.690983005625053 0.9510565162951535 0
      vertex -13.690983005625053 0.9510565162951535 20
      vertex -13.766554636144095 0.9723699203976766 0
    endloop
  endfacet
  facet normal -0.3461170570774898 -0.9381913359224854 0
    outer loop
      vertex -13.61731656763491 0.9238795325112867 0
      vertex -13.61731656763491 0.9238795325112867 20
      vertex -13.690983005625053 0.9510565162951535 0
    endloop
  endfacet
  facet normal -0.48862124149695346 -0.872496007072798 0
    outer loop
      vertex -13.47750143528405 0.8526401643540922 0
      vertex -13.47750143528405 0.8526401643540922 20
      vertex -13.546009500260453 0.8910065241883679 0
    endloop
  endfacet
  facet normal -0.41865973753742697 -0.9081431738250818 0
    outer loop
      vertex -13.546009500260453 0.8910065241883679 0
      vertex -13.546009500260453 0.8910065241883679 20
      vertex -13.61731656763491 0.9238795325112867 0
    endloop
  endfacet
  facet normal -0.6190939493098343 -0.7853169308807447 0
    outer loop
      vertex -13.350551951669816 0.7604059656000309 0
      vertex -13.350551951669816 0.7604059656000309 20
      vertex -13.412214747707527 0.8090169943749475 0
    endloop
  endfacet
  facet normal -0.6788007455329405 -0.7343225094356869 0
    outer loop
      vertex -13.292893218813452 0.7071067811865476 0
      vertex -13.292893218813452 0.7071067811865476 20
      vertex -13.350551951669816 0.7604059656000309 0
    endloop
  endfacet
  facet normal -0.7343225094356903 -0.6788007455329365 0
    outer loop
      vertex -13.292893218813452 0.7071067811865476 0
      vertex -13.23959403439997 0.6494480483301837 0
      vertex -13.23959403439997 0.6494480483301837 20
    endloop
  endfacet
  facet normal -0.5555702330196025 -0.831469612302545 0
    outer loop
      vertex -13.412214747707527 0.8090169943749475 0
      vertex -13.412214747707527 0.8090169943749475 20
      vertex -13.47750143528405 0.8526401643540922 0
    endloop
  endfacet
  facet normal -0.9992290362407231 -0.03925981575906736 0
    outer loop
      vertex -13 0 0
      vertex -13 0 20
      vertex -13.003082666266872 0.07845909572784494 0
    endloop
  endfacet
  facet normal -0.993068456954927 -0.11753739745783276 0
    outer loop
      vertex -13.012311659404862 0.15643446504023087 0
      vertex -13.003082666266872 0.07845909572784494 0
      vertex -13.003082666266872 0.07845909572784494 20
    endloop
  endfacet
  facet normal -0.9807852804032295 -0.1950903220161321 0
    outer loop
      vertex -13.027630079602323 0.2334453638559054 0
      vertex -13.012311659404862 0.15643446504023087 0
      vertex -13.012311659404862 0.15643446504023087 20
    endloop
  endfacet
  facet normal -0.962455236453647 -0.27144044986507554 0
    outer loop
      vertex -13.048943483704846 0.3090169943749474 0
      vertex -13.027630079602323 0.2334453638559054 0
      vertex -13.027630079602323 0.2334453638559054 20
    endloop
  endfacet
  facet normal -0.9381913359224812 -0.3461170570775013 0
    outer loop
      vertex -13.076120467488714 0.3826834323650898 0
      vertex -13.048943483704846 0.3090169943749474 0
      vertex -13.048943483704846 0.3090169943749474 20
    endloop
  endfacet
  facet normal -0.9081431738250864 -0.4186597375374173 0
    outer loop
      vertex -13.108993475811632 0.45399049973954675 0
      vertex -13.076120467488714 0.3826834323650898 0
      vertex -13.076120467488714 0.3826834323650898 20
    endloop
  endfacet
  facet normal -0.8724960070727948 -0.48862124149695907 0
    outer loop
      vertex -13.147359835645908 0.5224985647159488 0
      vertex -13.108993475811632 0.45399049973954675 0
      vertex -13.108993475811632 0.45399049973954675 20
    endloop
  endfacet
  facet normal 0.9992290362407231 -0.03925981575906736 0
    outer loop
      vertex -15 0 0
      vertex -14.996917333733128 0.07845909572784494 20
      vertex -15 0 20
    endloop
  endfacet
  facet normal 0.993068456954927 -0.11753739745783276 0
    outer loop
      vertex -14.996917333733128 0.07845909572784494 0
      vertex -14.987688340595138 0.15643446504023087 20
      vertex -14.996917333733128 0.07845909572784494 20
    endloop
  endfacet
  facet normal 0.9807852804032295 -0.1950903220161321 0
    outer loop
      vertex -14.987688340595138 0.15643446504023087 0
      vertex -14.972369920397677 0.2334453638559054 20
      vertex -14.987688340595138 0.15643446504023087 20
    endloop
  endfacet
  facet normal 0.962455236453647 -0.27144044986507554 0
    outer loop
      vertex -14.972369920397677 0.2334453638559054 0
      vertex -14.951056516295154 0.3090169943749474 20
      vertex -14.972369920397677 0.2334453638559054 20
    endloop
  endfacet
  facet normal 0.9381913359224812 -0.3461170570775013 0
    outer loop
      vertex -14.951056516295154 0.3090169943749474 0
      vertex -14.923879532511286 0.3826834323650898 20
      vertex -14.951056516295154 0.3090169943749474 20
    endloop
  endfacet
  facet normal 0.9081431738250864 -0.4186597375374173 0
    outer loop
      vertex -14.923879532511286 0.3826834323650898 0
      vertex -14.891006524188368 0.45399049973954675 20
      vertex -14.923879532511286 0.3826834323650898 20
    endloop
  endfacet
  facet normal 0.8724960070727948 -0.48862124149695907 0
    outer loop
      vertex -14.891006524188368 0.45399049973954675 0
      vertex -14.852640164354092 0.5224985647159488 20
      vertex -14.891006524188368 0.45399049973954675 20
    endloop
  endfacet
  facet normal 0.8314696123025407 -0.555570233019609 0
    outer loop
      vertex -14.852640164354092 0.5224985647159488 0
      vertex -14.809016994374947 0.5877852522924731 20
      vertex -14.852640164354092 0.5224985647159488 20
    endloop
  endfacet
  facet normal 0.7853169308807482 -0.61909394930983 0
    outer loop
      vertex -14.809016994374947 0.5877852522924731 0
      vertex -14.76040596560003 0.6494480483301837 20
      vertex -14.809016994374947 0.5877852522924731 20
    endloop
  endfacet
  facet normal 0.7343225094356903 -0.6788007455329365 0
    outer loop
      vertex -14.76040596560003 0.6494480483301837 0
      vertex -14.707106781186548 0.7071067811865476 20
      vertex -14.76040596560003 0.6494480483301837 20
    endloop
  endfacet
  facet normal 0.6788007455329405 -0.7343225094356869 0
    outer loop
      vertex -14.707106781186548 0.7071067811865476 0
      vertex -14.649448048330184 0.7604059656000309 20
      vertex -14.707106781186548 0.7071067811865476 20
    endloop
  endfacet
  facet normal 0.6190939493098343 -0.7853169308807447 0
    outer loop
      vertex -14.649448048330184 0.7604059656000309 0
      vertex -14.587785252292473 0.8090169943749475 20
      vertex -14.649448048330184 0.7604059656000309 20
    endloop
  endfacet
  facet normal 0.5555702330196025 -0.831469612302545 0
    outer loop
      vertex -14.587785252292473 0.8090169943749475 0
      vertex -14.52249856471595 0.8526401643540922 20
      vertex -14.587785252292473 0.8090169943749475 20
    endloop
  endfacet
  facet normal 0.48862124149695346 -0.872496007072798 0
    outer loop
      vertex -14.52249856471595 0.8526401643540922 0
      vertex -14.453990499739547 0.8910065241883679 20
      vertex -14.52249856471595 0.8526401643540922 20
    endloop
  endfacet
  facet normal -0.8724960070727948 -0.48862124149695907 0
    outer loop
      vertex -13.147359835645908 0.5224985647159488 0
      vertex -13.108993475811632 0.45399049973954675 20
      vertex -13.147359835645908 0.5224985647159488 20
    endloop
  endfacet
  facet normal -0.7853169308807482 -0.61909394930983 0
    outer loop
      vertex -13.23959403439997 0.6494480483301837 0
      vertex -13.190983005625053 0.5877852522924731 20
      vertex -13.23959403439997 0.6494480483301837 20
    endloop
  endfacet
  facet normal -0.8314696123025407 -0.555570233019609 0
    outer loop
      vertex -13.190983005625053 0.5877852522924731 0
      vertex -13.147359835645908 0.5224985647159488 20
      vertex -13.190983005625053 0.5877852522924731 20
    endloop
  endfacet
  facet normal 0.41865973753742697 -0.9081431738250818 0
    outer loop
      vertex -14.453990499739547 0.8910065241883679 0
      vertex -14.38268343236509 0.9238795325112867 20
      vertex -14.453990499739547 0.8910065241883679 20
    endloop
  endfacet
  facet normal 0.3461170570774898 -0.9381913359224854 0
    outer loop
      vertex -14.38268343236509 0.9238795325112867 0
      vertex -14.309016994374947 0.9510565162951535 20
      vertex -14.38268343236509 0.9238795325112867 20
    endloop
  endfacet
  facet normal 0.271440449865076 -0.9624552364536468 0
    outer loop
      vertex -14.309016994374947 0.9510565162951535 0
      vertex -14.233445363855905 0.9723699203976766 20
      vertex -14.309016994374947 0.9510565162951535 20
    endloop
  endfacet
  facet normal 0.1950903220161309 -0.98078528040323 0
    outer loop
      vertex -14.233445363855905 0.9723699203976766 0
      vertex -14.156434465040231 0.9876883405951378 20
      vertex -14.233445363855905 0.9723699203976766 20
    endloop
  endfacet
  facet normal 0.11753739745783762 -0.9930684569549263 0
    outer loop
      vertex -14.156434465040231 0.9876883405951378 0
      vertex -14.078459095727846 0.996917333733128 20
      vertex -14.156434465040231 0.9876883405951378 20
    endloop
  endfacet
  facet normal 0.03925981575906839 -0.999229036240723 0
    outer loop
      vertex -14.078459095727846 0.996917333733128 0
      vertex -14 1 20
      vertex -14.078459095727846 0.996917333733128 20
    endloop
  endfacet
  facet normal -0.03925981575906839 -0.999229036240723 0
    outer loop
      vertex -14 1 0
      vertex -13.921540904272154 0.996917333733128 20
      vertex -14 1 20
    endloop
  endfacet
  facet normal -0.11753739745783762 -0.9930684569549263 0
    outer loop
      vertex -13.921540904272154 0.996917333733128 0
      vertex -13.843565534959769 0.9876883405951378 20
      vertex -13.921540904272154 0.996917333733128 20
    endloop
  endfacet
  facet normal -0.1950903220161309 -0.98078528040323 0
    outer loop
      vertex -13.843565534959769 0.9876883405951378 0
      vertex -13.766554636144095 0.9723699203976766 20
      vertex -13.843565534959769 0.9876883405951378 20
    endloop
  endfacet
  facet normal -0.3461170570774898 -0.9381913359224854 0
    outer loop
      vertex -13.690983005625053 0.9510565162951535 0
      vertex -13.61731656763491 0.9238795325112867 20
      vertex -13.690983005625053 0.9510565162951535 20
    endloop
  endfacet
  facet normal -0.5555702330196025 -0.831469612302545 0
    outer loop
      vertex -13.47750143528405 0.8526401643540922 0
      vertex -13.412214747707527 0.8090169943749475 20
      vertex -13.47750143528405 0.8526401643540922 20
    endloop
  endfacet
  facet normal -0.48862124149695346 -0.872496007072798 0
    outer loop
      vertex -13.546009500260453 0.8910065241883679 0
      vertex -13.47750143528405 0.8526401643540922 20
      vertex -13.546009500260453 0.8910065241883679 20
    endloop
  endfacet
  facet normal -0.41865973753742697 -0.9081431738250818 0
    outer loop
      vertex -13.61731656763491 0.9238795325112867 0
      vertex -13.546009500260453 0.8910065241883679 20
      vertex -13.61731656763491 0.9238795325112867 20
    endloop
  endfacet
  facet normal -0.6190939493098343 -0.7853169308807447 0
    outer loop
      vertex -13.412214747707527 0.8090169943749475 0
      vertex -13.350551951669816 0.7604059656000309 20
      vertex -13.412214747707527 0.8090169943749475 20
    endloop
  endfacet
  facet normal -0.6788007455329405 -0.7343225094356869 0
    outer loop
      vertex -13.350551951669816 0.7604059656000309 0
      vertex -13.292893218813452 0.7071067811865476 20
      vertex -13.350551951669816 0.7604059656000309 20
    endloop
  endfacet
  facet normal -0.7343225094356903 -0.6788007455329365 0
    outer loop
      vertex -13.292893218813452 0.7071067811865476 0
      vertex -13.23959403439997 0.6494480483301837 20
      vertex -13.292893218813452 0.7071067811865476 20
    endloop
  endfacet
  facet normal -0.271440449865076 -0.9624552364536468 0
    outer loop
      vertex -13.766554636144095 0.9723699203976766 0
      vertex -13.690983005625053 0.9510565162951535 20
      vertex -13.766554636144095 0.9723699203976766 20
    endloop
  endfacet
  facet normal -0.9992290362407231 -0.03925981575906736 0
    outer loop
      vertex -13.003082666266872 0.07845909572784494 0
      vertex -13 0 20
      vertex -13.003082666266872 0.07845909572784494 20
    endloop
  endfacet
  facet normal -0.993068456954927 -0.11753739745783276 0
    outer loop
      vertex -13.012311659404862 0.15643446504023087 0
      vertex -13.003082666266872 0.07845909572784494 20
      vertex -13.012311659404862 0.15643446504023087 20
    endloop
  endfacet
  facet normal -0.9807852804032295 -0.1950903220161321 0
    outer loop
      vertex -13.027630079602323 0.2334453638559054 0
      vertex -13.012311659404862 0.15643446504023087 20
      vertex -13.027630079602323 0.2334453638559054 20
    endloop
  endfacet
  facet normal -0.962455236453647 -0.27144044986507554 0
    outer loop
      vertex -13.048943483704846 0.3090169943749474 0
      vertex -13.027630079602323 0.2334453638559054 20
      vertex -13.048943483704846 0.3090169943749474 20
    endloop
  endfacet
  facet normal -0.9381913359224812 -0.3461170570775013 0
    outer loop
      vertex -13.076120467488714 0.3826834323650898 0
      vertex -13.048943483704846 0.3090169943749474 20
      vertex -13.076120467488714 0.3826834323650898 20
    endloop
  endfacet
  facet normal -0.9081431738250864 -0.4186597375374173 0
    outer loop
      vertex -13.108993475811632 0.45399049973954675 0
      vertex -13.076120467488714 0.3826834323650898 20
      vertex -13.108993475811632 0.45399049973954675 20
    endloop
  endfacet
  facet normal 0.19509032201613216 0.9807852804032297 0
    outer loop
      vertex -17.350168045783857 -7.708554880596514 17
      vertex -17.234651697560345 -7.731532510892706 0
      vertex -17.350168045783857 -7.708554880596514 0
    endloop
  endfacet
  facet normal 0.11753739745783998 0.993068456954926 0
    outer loop
      vertex -17.234651697560345 -7.731532510892706 17
      vertex -17.117688643591766 -7.745376000599692 0
      vertex -17.234651697560345 -7.731532510892706 0
    endloop
  endfacet
  facet normal 0.039259815759067854 0.9992290362407228 0
    outer loop
      vertex -17.117688643591766 -7.745376000599692 17
      vertex -17 -7.75 0
      vertex -17.117688643591766 -7.745376000599692 0
    endloop
  endfacet
  facet normal -0.039259815759067854 0.9992290362407228 0
    outer loop
      vertex -17 -7.75 17
      vertex -16.882311356408234 -7.745376000599692 0
      vertex -17 -7.75 0
    endloop
  endfacet
  facet normal -0.11753739745783998 0.993068456954926 0
    outer loop
      vertex -16.882311356408234 -7.745376000599692 17
      vertex -16.765348302439655 -7.731532510892706 0
      vertex -16.882311356408234 -7.745376000599692 0
    endloop
  endfacet
  facet normal -0.19509032201613216 0.9807852804032297 0
    outer loop
      vertex -16.765348302439655 -7.731532510892706 17
      vertex -16.649831954216143 -7.708554880596514 0
      vertex -16.765348302439655 -7.731532510892706 0
    endloop
  endfacet
  facet normal -0.2714404498650644 0.96245523645365 0
    outer loop
      vertex -16.649831954216143 -7.708554880596514 17
      vertex -16.53647450843758 -7.6765847744427305 0
      vertex -16.649831954216143 -7.708554880596514 0
    endloop
  endfacet
  facet normal 0.9381913359224812 0.34611705707750096 0
    outer loop
      vertex -18.42658477444273 -6.713525491562421 17
      vertex -18.38581929876693 -6.824025148547634 0
      vertex -18.42658477444273 -6.713525491562421 0
    endloop
  endfacet
  facet normal 0.9624552364536445 0.2714404498650843 0
    outer loop
      vertex -18.458554880596516 -6.6001680457838585 17
      vertex -18.42658477444273 -6.713525491562421 0
      vertex -18.458554880596516 -6.6001680457838585 0
    endloop
  endfacet
  facet normal 0.980785280403234 0.1950903220161104 0
    outer loop
      vertex -18.481532510892706 -6.484651697560347 17
      vertex -18.458554880596516 -6.6001680457838585 0
      vertex -18.481532510892706 -6.484651697560347 0
    endloop
  endfacet
  facet normal 0.993068456954926 0.11753739745783998 0
    outer loop
      vertex -18.49537600059969 -6.367688643591768 17
      vertex -18.481532510892706 -6.484651697560347 0
      vertex -18.49537600059969 -6.367688643591768 0
    endloop
  endfacet
  facet normal 0.9992290362407228 0.039259815759074806 0
    outer loop
      vertex -18.5 -6.25 17
      vertex -18.49537600059969 -6.367688643591768 0
      vertex -18.5 -6.25 0
    endloop
  endfacet
  facet normal 0.9992290362407228 -0.039259815759074806 0
    outer loop
      vertex -18.49537600059969 -6.132311356408232 17
      vertex -18.5 -6.25 0
      vertex -18.49537600059969 -6.132311356408232 0
    endloop
  endfacet
  facet normal 0.993068456954926 -0.11753739745783998 0
    outer loop
      vertex -18.481532510892706 -6.015348302439653 17
      vertex -18.49537600059969 -6.132311356408232 0
      vertex -18.481532510892706 -6.015348302439653 0
    endloop
  endfacet
  facet normal 0.980785280403234 -0.1950903220161104 0
    outer loop
      vertex -18.458554880596516 -5.8998319542161415 17
      vertex -18.481532510892706 -6.015348302439653 0
      vertex -18.458554880596516 -5.8998319542161415 0
    endloop
  endfacet
  facet normal 0.9624552364536445 -0.2714404498650843 0
    outer loop
      vertex -18.42658477444273 -5.786474508437579 17
      vertex -18.458554880596516 -5.8998319542161415 0
      vertex -18.42658477444273 -5.786474508437579 0
    endloop
  endfacet
  facet normal 0.9381913359224812 -0.34611705707750096 0
    outer loop
      vertex -18.38581929876693 -5.675974851452366 17
      vertex -18.42658477444273 -5.786474508437579 0
      vertex -18.38581929876693 -5.675974851452366 0
    endloop
  endfacet
  facet normal 0.4886212414969573 0.8724960070727956 0
    outer loop
      vertex -17.783747847073922 -7.528960246531138 17
      vertex -17.68098574960932 -7.5865097862825515 0
      vertex -17.783747847073922 -7.528960246531138 0
    endloop
  endfacet
  facet normal 0.6190939493098309 0.7853169308807473 0
    outer loop
      vertex -17.974172072495275 -7.390608948400047 17
      vertex -17.88167787843871 -7.463525491562422 0
      vertex -17.974172072495275 -7.390608948400047 0
    endloop
  endfacet
  facet normal 0.5555702330195998 0.8314696123025468 0
    outer loop
      vertex -17.88167787843871 -7.463525491562422 17
      vertex -17.783747847073922 -7.528960246531138 0
      vertex -17.88167787843871 -7.463525491562422 0
    endloop
  endfacet
  facet normal 0.7343225094356876 0.6788007455329396 0
    outer loop
      vertex -18.140608948400047 -7.224172072495276 17
      vertex -18.060660171779823 -7.310660171779821 0
      vertex -18.140608948400047 -7.224172072495276 0
    endloop
  endfacet
  facet normal 0.8314696123025492 0.5555702330195964 0
    outer loop
      vertex -18.27896024653114 -7.033747847073923 17
      vertex -18.21352549156242 -7.13167787843871 0
      vertex -18.27896024653114 -7.033747847073923 0
    endloop
  endfacet
  facet normal 0.7853169308807445 0.6190939493098346 0
    outer loop
      vertex -18.21352549156242 -7.13167787843871 17
      vertex -18.140608948400047 -7.224172072495276 0
      vertex -18.21352549156242 -7.13167787843871 0
    endloop
  endfacet
  facet normal 0.6788007455329365 0.7343225094356906 0
    outer loop
      vertex -18.060660171779823 -7.310660171779821 17
      vertex -17.974172072495275 -7.390608948400047 0
      vertex -18.060660171779823 -7.310660171779821 0
    endloop
  endfacet
  facet normal 0.4186597375374261 0.9081431738250824 0
    outer loop
      vertex -17.68098574960932 -7.5865097862825515 17
      vertex -17.574025148547634 -7.63581929876693 0
      vertex -17.68098574960932 -7.5865097862825515 0
    endloop
  endfacet
  facet normal 0.34611705707749923 0.9381913359224818 0
    outer loop
      vertex -17.574025148547634 -7.63581929876693 17
      vertex -17.46352549156242 -7.6765847744427305 0
      vertex -17.574025148547634 -7.63581929876693 0
    endloop
  endfacet
  facet normal 0.2714404498650644 0.96245523645365 0
    outer loop
      vertex -17.46352549156242 -7.6765847744427305 17
      vertex -17.350168045783857 -7.708554880596514 0
      vertex -17.46352549156242 -7.6765847744427305 0
    endloop
  endfacet
  facet normal 0.8724960070727976 0.48862124149695413 0
    outer loop
      vertex -18.33650978628255 -6.93098574960932 17
      vertex -18.27896024653114 -7.033747847073923 0
      vertex -18.33650978628255 -6.93098574960932 0
    endloop
  endfacet
  facet normal 0.9081431738250839 0.41865973753742275 0
    outer loop
      vertex -18.38581929876693 -6.824025148547634 17
      vertex -18.33650978628255 -6.93098574960932 0
      vertex -18.38581929876693 -6.824025148547634 0
    endloop
  endfacet
  facet normal -0.34611705707749923 0.9381913359224818 0
    outer loop
      vertex -16.53647450843758 -7.6765847744427305 17
      vertex -16.425974851452366 -7.63581929876693 0
      vertex -16.53647450843758 -7.6765847744427305 0
    endloop
  endfacet
  facet normal -0.4186597375374261 0.9081431738250824 0
    outer loop
      vertex -16.425974851452366 -7.63581929876693 17
      vertex -16.31901425039068 -7.5865097862825515 0
      vertex -16.425974851452366 -7.63581929876693 0
    endloop
  endfacet
  facet normal -0.4886212414969573 0.8724960070727956 0
    outer loop
      vertex -16.31901425039068 -7.5865097862825515 17
      vertex -16.216252152926078 -7.528960246531138 0
      vertex -16.31901425039068 -7.5865097862825515 0
    endloop
  endfacet
  facet normal -0.5555702330195998 0.8314696123025468 0
    outer loop
      vertex -16.216252152926078 -7.528960246531138 17
      vertex -16.11832212156129 -7.463525491562422 0
      vertex -16.216252152926078 -7.528960246531138 0
    endloop
  endfacet
  facet normal -0.6190939493098309 0.7853169308807473 0
    outer loop
      vertex -16.11832212156129 -7.463525491562422 17
      vertex -16.025827927504725 -7.390608948400047 0
      vertex -16.11832212156129 -7.463525491562422 0
    endloop
  endfacet
  facet normal -0.678800745532944 0.7343225094356836 0
    outer loop
      vertex -16.025827927504725 -7.390608948400047 17
      vertex -15.939339828220179 -7.310660171779821 0
      vertex -16.025827927504725 -7.390608948400047 0
    endloop
  endfacet
  facet normal -0.7343225094356801 0.6788007455329478 0
    outer loop
      vertex -15.939339828220179 -7.310660171779821 17
      vertex -15.859391051599953 -7.224172072495276 0
      vertex -15.939339828220179 -7.310660171779821 0
    endloop
  endfacet
  facet normal -0.7853169308807445 0.6190939493098346 0
    outer loop
      vertex -15.859391051599953 -7.224172072495276 17
      vertex -15.786474508437578 -7.13167787843871 0
      vertex -15.859391051599953 -7.224172072495276 0
    endloop
  endfacet
  facet normal -0.8314696123025492 0.5555702330195964 0
    outer loop
      vertex -15.786474508437578 -7.13167787843871 17
      vertex -15.721039753468862 -7.033747847073923 0
      vertex -15.786474508437578 -7.13167787843871 0
    endloop
  endfacet
  facet normal 0.9081431738250839 -0.41865973753742275 0
    outer loop
      vertex -18.33650978628255 -5.56901425039068 17
      vertex -18.38581929876693 -5.675974851452366 0
      vertex -18.33650978628255 -5.56901425039068 0
    endloop
  endfacet
  facet normal 0.8724960070727976 -0.48862124149695413 0
    outer loop
      vertex -18.27896024653114 -5.466252152926077 17
      vertex -18.33650978628255 -5.56901425039068 0
      vertex -18.27896024653114 -5.466252152926077 0
    endloop
  endfacet
  facet normal 0.8314696123025492 -0.5555702330195964 0
    outer loop
      vertex -18.21352549156242 -5.36832212156129 17
      vertex -18.27896024653114 -5.466252152926077 0
      vertex -18.21352549156242 -5.36832212156129 0
    endloop
  endfacet
  facet normal 0.7853169308807445 -0.6190939493098346 0
    outer loop
      vertex -18.140608948400047 -5.275827927504724 17
      vertex -18.21352549156242 -5.36832212156129 0
      vertex -18.140608948400047 -5.275827927504724 0
    endloop
  endfacet
  facet normal 0.7343225094356876 -0.6788007455329396 0
    outer loop
      vertex -18.060660171779823 -5.189339828220179 17
      vertex -18.140608948400047 -5.275827927504724 0
      vertex -18.060660171779823 -5.189339828220179 0
    endloop
  endfacet
  facet normal 0.6788007455329365 -0.7343225094356906 0
    outer loop
      vertex -17.974172072495275 -5.109391051599953 17
      vertex -18.060660171779823 -5.189339828220179 0
      vertex -17.974172072495275 -5.109391051599953 0
    endloop
  endfacet
  facet normal -0.7853169308807445 -0.6190939493098346 0
    outer loop
      vertex -15.786474508437578 -5.36832212156129 17
      vertex -15.859391051599953 -5.275827927504724 0
      vertex -15.786474508437578 -5.36832212156129 0
    endloop
  endfacet
  facet normal -0.678800745532944 -0.7343225094356836 0
    outer loop
      vertex -15.939339828220179 -5.189339828220179 17
      vertex -16.025827927504725 -5.109391051599953 0
      vertex -15.939339828220179 -5.189339828220179 0
    endloop
  endfacet
  facet normal -0.7343225094356801 -0.6788007455329478 0
    outer loop
      vertex -15.859391051599953 -5.275827927504724 17
      vertex -15.939339828220179 -5.189339828220179 0
      vertex -15.859391051599953 -5.275827927504724 0
    endloop
  endfacet
  facet normal -0.8724960070727976 0.48862124149695413 0
    outer loop
      vertex -15.721039753468862 -7.033747847073923 17
      vertex -15.663490213717449 -6.93098574960932 0
      vertex -15.721039753468862 -7.033747847073923 0
    endloop
  endfacet
  facet normal -0.9081431738250839 0.41865973753742275 0
    outer loop
      vertex -15.663490213717449 -6.93098574960932 17
      vertex -15.614180701233071 -6.824025148547634 0
      vertex -15.663490213717449 -6.93098574960932 0
    endloop
  endfacet
  facet normal -0.9381913359224812 0.34611705707750096 0
    outer loop
      vertex -15.614180701233071 -6.824025148547634 17
      vertex -15.57341522555727 -6.713525491562421 0
      vertex -15.614180701233071 -6.824025148547634 0
    endloop
  endfacet
  facet normal -0.9624552364536483 0.27144044986507027 0
    outer loop
      vertex -15.57341522555727 -6.713525491562421 17
      vertex -15.541445119403486 -6.6001680457838585 0
      vertex -15.57341522555727 -6.713525491562421 0
    endloop
  endfacet
  facet normal -0.9807852804032283 0.19509032201613946 0
    outer loop
      vertex -15.541445119403486 -6.6001680457838585 17
      vertex -15.518467489107293 -6.484651697560347 0
      vertex -15.541445119403486 -6.6001680457838585 0
    endloop
  endfacet
  facet normal -0.9930684569549277 0.11753739745782511 0
    outer loop
      vertex -15.518467489107293 -6.484651697560347 17
      vertex -15.504623999400309 -6.367688643591768 0
      vertex -15.518467489107293 -6.484651697560347 0
    endloop
  endfacet
  facet normal -0.9992290362407228 0.039259815759074806 0
    outer loop
      vertex -15.504623999400309 -6.367688643591768 17
      vertex -15.5 -6.25 0
      vertex -15.504623999400309 -6.367688643591768 0
    endloop
  endfacet
  facet normal -0.9992290362407228 -0.039259815759074806 0
    outer loop
      vertex -15.5 -6.25 17
      vertex -15.504623999400309 -6.132311356408232 0
      vertex -15.5 -6.25 0
    endloop
  endfacet
  facet normal -0.9930684569549277 -0.11753739745782511 0
    outer loop
      vertex -15.504623999400309 -6.132311356408232 17
      vertex -15.518467489107293 -6.015348302439653 0
      vertex -15.504623999400309 -6.132311356408232 0
    endloop
  endfacet
  facet normal -0.9807852804032283 -0.19509032201613946 0
    outer loop
      vertex -15.518467489107293 -6.015348302439653 17
      vertex -15.541445119403486 -5.8998319542161415 0
      vertex -15.518467489107293 -6.015348302439653 0
    endloop
  endfacet
  facet normal -0.9624552364536483 -0.27144044986507027 0
    outer loop
      vertex -15.541445119403486 -5.8998319542161415 17
      vertex -15.57341522555727 -5.786474508437579 0
      vertex -15.541445119403486 -5.8998319542161415 0
    endloop
  endfacet
  facet normal -0.9381913359224812 -0.34611705707750096 0
    outer loop
      vertex -15.57341522555727 -5.786474508437579 17
      vertex -15.614180701233071 -5.675974851452366 0
      vertex -15.57341522555727 -5.786474508437579 0
    endloop
  endfacet
  facet normal -0.9081431738250839 -0.41865973753742275 0
    outer loop
      vertex -15.614180701233071 -5.675974851452366 17
      vertex -15.663490213717449 -5.56901425039068 0
      vertex -15.614180701233071 -5.675974851452366 0
    endloop
  endfacet
  facet normal -0.8724960070727976 -0.48862124149695413 0
    outer loop
      vertex -15.663490213717449 -5.56901425039068 17
      vertex -15.721039753468862 -5.466252152926077 0
      vertex -15.663490213717449 -5.56901425039068 0
    endloop
  endfacet
  facet normal -0.8314696123025492 -0.5555702330195964 0
    outer loop
      vertex -15.721039753468862 -5.466252152926077 17
      vertex -15.786474508437578 -5.36832212156129 0
      vertex -15.721039753468862 -5.466252152926077 0
    endloop
  endfacet
  facet normal 0.6190939493098309 -0.7853169308807473 0
    outer loop
      vertex -17.88167787843871 -5.036474508437578 17
      vertex -17.974172072495275 -5.109391051599953 0
      vertex -17.88167787843871 -5.036474508437578 0
    endloop
  endfacet
  facet normal 0.5555702330195998 -0.8314696123025468 0
    outer loop
      vertex -17.783747847073922 -4.971039753468862 17
      vertex -17.88167787843871 -5.036474508437578 0
      vertex -17.783747847073922 -4.971039753468862 0
    endloop
  endfacet
  facet normal 0.4886212414969573 -0.8724960070727956 0
    outer loop
      vertex -17.68098574960932 -4.9134902137174485 17
      vertex -17.783747847073922 -4.971039753468862 0
      vertex -17.68098574960932 -4.9134902137174485 0
    endloop
  endfacet
  facet normal 0.4186597375374261 -0.9081431738250824 0
    outer loop
      vertex -17.574025148547634 -4.86418070123307 17
      vertex -17.68098574960932 -4.9134902137174485 0
      vertex -17.574025148547634 -4.86418070123307 0
    endloop
  endfacet
  facet normal 0.34611705707749923 -0.9381913359224818 0
    outer loop
      vertex -17.46352549156242 -4.8234152255572695 17
      vertex -17.574025148547634 -4.86418070123307 0
      vertex -17.46352549156242 -4.8234152255572695 0
    endloop
  endfacet
  facet normal 0.2714404498650644 -0.96245523645365 0
    outer loop
      vertex -17.350168045783857 -4.791445119403486 17
      vertex -17.46352549156242 -4.8234152255572695 0
      vertex -17.350168045783857 -4.791445119403486 0
    endloop
  endfacet
  facet normal 0.19509032201613216 -0.9807852804032297 0
    outer loop
      vertex -17.234651697560345 -4.768467489107294 17
      vertex -17.350168045783857 -4.791445119403486 0
      vertex -17.234651697560345 -4.768467489107294 0
    endloop
  endfacet
  facet normal 0.11753739745783998 -0.993068456954926 0
    outer loop
      vertex -17.117688643591766 -4.754623999400308 17
      vertex -17.234651697560345 -4.768467489107294 0
      vertex -17.117688643591766 -4.754623999400308 0
    endloop
  endfacet
  facet normal -0.2714404498650644 -0.96245523645365 0
    outer loop
      vertex -16.53647450843758 -4.8234152255572695 17
      vertex -16.649831954216143 -4.791445119403486 0
      vertex -16.53647450843758 -4.8234152255572695 0
    endloop
  endfacet
  facet normal -0.34611705707749923 -0.9381913359224818 0
    outer loop
      vertex -16.425974851452366 -4.86418070123307 17
      vertex -16.53647450843758 -4.8234152255572695 0
      vertex -16.425974851452366 -4.86418070123307 0
    endloop
  endfacet
  facet normal 0.039259815759067854 -0.9992290362407228 0
    outer loop
      vertex -17 -4.75 17
      vertex -17.117688643591766 -4.754623999400308 0
      vertex -17 -4.75 0
    endloop
  endfacet
  facet normal -0.039259815759067854 -0.9992290362407228 0
    outer loop
      vertex -16.882311356408234 -4.754623999400308 17
      vertex -17 -4.75 0
      vertex -16.882311356408234 -4.754623999400308 0
    endloop
  endfacet
  facet normal -0.11753739745783998 -0.993068456954926 0
    outer loop
      vertex -16.765348302439655 -4.768467489107294 17
      vertex -16.882311356408234 -4.754623999400308 0
      vertex -16.765348302439655 -4.768467489107294 0
    endloop
  endfacet
  facet normal -0.19509032201613216 -0.9807852804032297 0
    outer loop
      vertex -16.649831954216143 -4.791445119403486 17
      vertex -16.765348302439655 -4.768467489107294 0
      vertex -16.649831954216143 -4.791445119403486 0
    endloop
  endfacet
  facet normal -0.5555702330195998 -0.8314696123025468 0
    outer loop
      vertex -16.11832212156129 -5.036474508437578 17
      vertex -16.216252152926078 -4.971039753468862 0
      vertex -16.11832212156129 -5.036474508437578 0
    endloop
  endfacet
  facet normal -0.4186597375374261 -0.9081431738250824 0
    outer loop
      vertex -16.31901425039068 -4.9134902137174485 17
      vertex -16.425974851452366 -4.86418070123307 0
      vertex -16.31901425039068 -4.9134902137174485 0
    endloop
  endfacet
  facet normal -0.4886212414969573 -0.8724960070727956 0
    outer loop
      vertex -16.216252152926078 -4.971039753468862 17
      vertex -16.31901425039068 -4.9134902137174485 0
      vertex -16.216252152926078 -4.971039753468862 0
    endloop
  endfacet
  facet normal -0.6190939493098309 -0.7853169308807473 0
    outer loop
      vertex -16.025827927504725 -5.109391051599953 17
      vertex -16.11832212156129 -5.036474508437578 0
      vertex -16.025827927504725 -5.109391051599953 0
    endloop
  endfacet
  facet normal 0.2714404498650644 0.96245523645365 0
    outer loop
      vertex -17.46352549156242 -7.6765847744427305 17
      vertex -17.350168045783857 -7.708554880596514 17
      vertex -17.350168045783857 -7.708554880596514 0
    endloop
  endfacet
  facet normal 0.19509032201613216 0.9807852804032297 0
    outer loop
      vertex -17.350168045783857 -7.708554880596514 17
      vertex -17.234651697560345 -7.731532510892706 17
      vertex -17.234651697560345 -7.731532510892706 0
    endloop
  endfacet
  facet normal 0.11753739745783998 0.993068456954926 0
    outer loop
      vertex -17.234651697560345 -7.731532510892706 17
      vertex -17.117688643591766 -7.745376000599692 17
      vertex -17.117688643591766 -7.745376000599692 0
    endloop
  endfacet
  facet normal 0.039259815759067854 0.9992290362407228 0
    outer loop
      vertex -17.117688643591766 -7.745376000599692 17
      vertex -17 -7.75 17
      vertex -17 -7.75 0
    endloop
  endfacet
  facet normal -0.039259815759067854 0.9992290362407228 0
    outer loop
      vertex -17 -7.75 17
      vertex -16.882311356408234 -7.745376000599692 17
      vertex -16.882311356408234 -7.745376000599692 0
    endloop
  endfacet
  facet normal -0.11753739745783998 0.993068456954926 0
    outer loop
      vertex -16.882311356408234 -7.745376000599692 17
      vertex -16.765348302439655 -7.731532510892706 17
      vertex -16.765348302439655 -7.731532510892706 0
    endloop
  endfacet
  facet normal -0.19509032201613216 0.9807852804032297 0
    outer loop
      vertex -16.765348302439655 -7.731532510892706 17
      vertex -16.649831954216143 -7.708554880596514 17
      vertex -16.649831954216143 -7.708554880596514 0
    endloop
  endfacet
  facet normal 0.9381913359224812 0.34611705707750096 0
    outer loop
      vertex -18.38581929876693 -6.824025148547634 17
      vertex -18.38581929876693 -6.824025148547634 0
      vertex -18.42658477444273 -6.713525491562421 17
    endloop
  endfacet
  facet normal 0.9624552364536445 0.2714404498650843 0
    outer loop
      vertex -18.42658477444273 -6.713525491562421 17
      vertex -18.42658477444273 -6.713525491562421 0
      vertex -18.458554880596516 -6.6001680457838585 17
    endloop
  endfacet
  facet normal 0.980785280403234 0.1950903220161104 0
    outer loop
      vertex -18.458554880596516 -6.6001680457838585 17
      vertex -18.458554880596516 -6.6001680457838585 0
      vertex -18.481532510892706 -6.484651697560347 17
    endloop
  endfacet
  facet normal 0.993068456954926 0.11753739745783998 0
    outer loop
      vertex -18.481532510892706 -6.484651697560347 17
      vertex -18.481532510892706 -6.484651697560347 0
      vertex -18.49537600059969 -6.367688643591768 17
    endloop
  endfacet
  facet normal 0.9992290362407228 0.039259815759074806 0
    outer loop
      vertex -18.49537600059969 -6.367688643591768 17
      vertex -18.49537600059969 -6.367688643591768 0
      vertex -18.5 -6.25 17
    endloop
  endfacet
  facet normal 0.9992290362407228 -0.039259815759074806 0
    outer loop
      vertex -18.5 -6.25 17
      vertex -18.5 -6.25 0
      vertex -18.49537600059969 -6.132311356408232 17
    endloop
  endfacet
  facet normal 0.993068456954926 -0.11753739745783998 0
    outer loop
      vertex -18.49537600059969 -6.132311356408232 17
      vertex -18.49537600059969 -6.132311356408232 0
      vertex -18.481532510892706 -6.015348302439653 17
    endloop
  endfacet
  facet normal 0.980785280403234 -0.1950903220161104 0
    outer loop
      vertex -18.481532510892706 -6.015348302439653 17
      vertex -18.481532510892706 -6.015348302439653 0
      vertex -18.458554880596516 -5.8998319542161415 17
    endloop
  endfacet
  facet normal 0.9624552364536445 -0.2714404498650843 0
    outer loop
      vertex -18.458554880596516 -5.8998319542161415 17
      vertex -18.458554880596516 -5.8998319542161415 0
      vertex -18.42658477444273 -5.786474508437579 17
    endloop
  endfacet
  facet normal 0.9381913359224812 -0.34611705707750096 0
    outer loop
      vertex -18.42658477444273 -5.786474508437579 17
      vertex -18.42658477444273 -5.786474508437579 0
      vertex -18.38581929876693 -5.675974851452366 17
    endloop
  endfacet
  facet normal 0.6190939493098309 0.7853169308807473 0
    outer loop
      vertex -17.974172072495275 -7.390608948400047 17
      vertex -17.88167787843871 -7.463525491562422 17
      vertex -17.88167787843871 -7.463525491562422 0
    endloop
  endfacet
  facet normal 0.5555702330195998 0.8314696123025468 0
    outer loop
      vertex -17.783747847073922 -7.528960246531138 17
      vertex -17.783747847073922 -7.528960246531138 0
      vertex -17.88167787843871 -7.463525491562422 17
    endloop
  endfacet
  facet normal 0.7343225094356876 0.6788007455329396 0
    outer loop
      vertex -18.140608948400047 -7.224172072495276 17
      vertex -18.060660171779823 -7.310660171779821 17
      vertex -18.060660171779823 -7.310660171779821 0
    endloop
  endfacet
  facet normal 0.8314696123025492 0.5555702330195964 0
    outer loop
      vertex -18.21352549156242 -7.13167787843871 17
      vertex -18.21352549156242 -7.13167787843871 0
      vertex -18.27896024653114 -7.033747847073923 17
    endloop
  endfacet
  facet normal 0.7853169308807445 0.6190939493098346 0
    outer loop
      vertex -18.140608948400047 -7.224172072495276 17
      vertex -18.140608948400047 -7.224172072495276 0
      vertex -18.21352549156242 -7.13167787843871 17
    endloop
  endfacet
  facet normal 0.6788007455329365 0.7343225094356906 0
    outer loop
      vertex -17.974172072495275 -7.390608948400047 17
      vertex -17.974172072495275 -7.390608948400047 0
      vertex -18.060660171779823 -7.310660171779821 17
    endloop
  endfacet
  facet normal 0.4186597375374261 0.9081431738250824 0
    outer loop
      vertex -17.68098574960932 -7.5865097862825515 17
      vertex -17.574025148547634 -7.63581929876693 17
      vertex -17.574025148547634 -7.63581929876693 0
    endloop
  endfacet
  facet normal 0.4886212414969573 0.8724960070727956 0
    outer loop
      vertex -17.783747847073922 -7.528960246531138 17
      vertex -17.68098574960932 -7.5865097862825515 17
      vertex -17.68098574960932 -7.5865097862825515 0
    endloop
  endfacet
  facet normal 0.34611705707749923 0.9381913359224818 0
    outer loop
      vertex -17.574025148547634 -7.63581929876693 17
      vertex -17.46352549156242 -7.6765847744427305 17
      vertex -17.46352549156242 -7.6765847744427305 0
    endloop
  endfacet
  facet normal 0.8724960070727976 0.48862124149695413 0
    outer loop
      vertex -18.27896024653114 -7.033747847073923 17
      vertex -18.27896024653114 -7.033747847073923 0
      vertex -18.33650978628255 -6.93098574960932 17
    endloop
  endfacet
  facet normal 0.9081431738250839 0.41865973753742275 0
    outer loop
      vertex -18.33650978628255 -6.93098574960932 17
      vertex -18.33650978628255 -6.93098574960932 0
      vertex -18.38581929876693 -6.824025148547634 17
    endloop
  endfacet
  facet normal -0.2714404498650644 0.96245523645365 0
    outer loop
      vertex -16.649831954216143 -7.708554880596514 17
      vertex -16.53647450843758 -7.6765847744427305 17
      vertex -16.53647450843758 -7.6765847744427305 0
    endloop
  endfacet
  facet normal -0.34611705707749923 0.9381913359224818 0
    outer loop
      vertex -16.53647450843758 -7.6765847744427305 17
      vertex -16.425974851452366 -7.63581929876693 17
      vertex -16.425974851452366 -7.63581929876693 0
    endloop
  endfacet
  facet normal -0.4186597375374261 0.9081431738250824 0
    outer loop
      vertex -16.425974851452366 -7.63581929876693 17
      vertex -16.31901425039068 -7.5865097862825515 17
      vertex -16.31901425039068 -7.5865097862825515 0
    endloop
  endfacet
  facet normal -0.4886212414969573 0.8724960070727956 0
    outer loop
      vertex -16.31901425039068 -7.5865097862825515 17
      vertex -16.216252152926078 -7.528960246531138 17
      vertex -16.216252152926078 -7.528960246531138 0
    endloop
  endfacet
  facet normal -0.5555702330195998 0.8314696123025468 0
    outer loop
      vertex -16.216252152926078 -7.528960246531138 17
      vertex -16.11832212156129 -7.463525491562422 17
      vertex -16.11832212156129 -7.463525491562422 0
    endloop
  endfacet
  facet normal -0.6190939493098309 0.7853169308807473 0
    outer loop
      vertex -16.11832212156129 -7.463525491562422 17
      vertex -16.025827927504725 -7.390608948400047 17
      vertex -16.025827927504725 -7.390608948400047 0
    endloop
  endfacet
  facet normal -0.678800745532944 0.7343225094356836 0
    outer loop
      vertex -16.025827927504725 -7.390608948400047 17
      vertex -15.939339828220179 -7.310660171779821 17
      vertex -15.939339828220179 -7.310660171779821 0
    endloop
  endfacet
  facet normal -0.7343225094356801 0.6788007455329478 0
    outer loop
      vertex -15.939339828220179 -7.310660171779821 17
      vertex -15.859391051599953 -7.224172072495276 17
      vertex -15.859391051599953 -7.224172072495276 0
    endloop
  endfacet
  facet normal -0.7853169308807445 0.6190939493098346 0
    outer loop
      vertex -15.859391051599953 -7.224172072495276 17
      vertex -15.786474508437578 -7.13167787843871 17
      vertex -15.786474508437578 -7.13167787843871 0
    endloop
  endfacet
  facet normal 0.9081431738250839 -0.41865973753742275 0
    outer loop
      vertex -18.38581929876693 -5.675974851452366 17
      vertex -18.38581929876693 -5.675974851452366 0
      vertex -18.33650978628255 -5.56901425039068 17
    endloop
  endfacet
  facet normal 0.8724960070727976 -0.48862124149695413 0
    outer loop
      vertex -18.33650978628255 -5.56901425039068 17
      vertex -18.33650978628255 -5.56901425039068 0
      vertex -18.27896024653114 -5.466252152926077 17
    endloop
  endfacet
  facet normal 0.8314696123025492 -0.5555702330195964 0
    outer loop
      vertex -18.27896024653114 -5.466252152926077 17
      vertex -18.27896024653114 -5.466252152926077 0
      vertex -18.21352549156242 -5.36832212156129 17
    endloop
  endfacet
  facet normal 0.7853169308807445 -0.6190939493098346 0
    outer loop
      vertex -18.21352549156242 -5.36832212156129 17
      vertex -18.21352549156242 -5.36832212156129 0
      vertex -18.140608948400047 -5.275827927504724 17
    endloop
  endfacet
  facet normal 0.7343225094356876 -0.6788007455329396 0
    outer loop
      vertex -18.140608948400047 -5.275827927504724 17
      vertex -18.140608948400047 -5.275827927504724 0
      vertex -18.060660171779823 -5.189339828220179 17
    endloop
  endfacet
  facet normal 0.6788007455329365 -0.7343225094356906 0
    outer loop
      vertex -18.060660171779823 -5.189339828220179 17
      vertex -18.060660171779823 -5.189339828220179 0
      vertex -17.974172072495275 -5.109391051599953 17
    endloop
  endfacet
  facet normal -0.8314696123025492 -0.5555702330195964 0
    outer loop
      vertex -15.786474508437578 -5.36832212156129 17
      vertex -15.786474508437578 -5.36832212156129 0
      vertex -15.721039753468862 -5.466252152926077 17
    endloop
  endfacet
  facet normal -0.7853169308807445 -0.6190939493098346 0
    outer loop
      vertex -15.786474508437578 -5.36832212156129 17
      vertex -15.859391051599953 -5.275827927504724 17
      vertex -15.859391051599953 -5.275827927504724 0
    endloop
  endfacet
  facet normal -0.678800745532944 -0.7343225094356836 0
    outer loop
      vertex -15.939339828220179 -5.189339828220179 17
      vertex -16.025827927504725 -5.109391051599953 17
      vertex -16.025827927504725 -5.109391051599953 0
    endloop
  endfacet
  facet normal -0.7343225094356801 -0.6788007455329478 0
    outer loop
      vertex -15.859391051599953 -5.275827927504724 17
      vertex -15.939339828220179 -5.189339828220179 17
      vertex -15.939339828220179 -5.189339828220179 0
    endloop
  endfacet
  facet normal -0.8314696123025492 0.5555702330195964 0
    outer loop
      vertex -15.786474508437578 -7.13167787843871 17
      vertex -15.721039753468862 -7.033747847073923 17
      vertex -15.721039753468862 -7.033747847073923 0
    endloop
  endfacet
  facet normal -0.8724960070727976 0.48862124149695413 0
    outer loop
      vertex -15.721039753468862 -7.033747847073923 17
      vertex -15.663490213717449 -6.93098574960932 17
      vertex -15.663490213717449 -6.93098574960932 0
    endloop
  endfacet
  facet normal -0.9081431738250839 0.41865973753742275 0
    outer loop
      vertex -15.663490213717449 -6.93098574960932 17
      vertex -15.614180701233071 -6.824025148547634 17
      vertex -15.614180701233071 -6.824025148547634 0
    endloop
  endfacet
  facet normal -0.9381913359224812 0.34611705707750096 0
    outer loop
      vertex -15.614180701233071 -6.824025148547634 17
      vertex -15.57341522555727 -6.713525491562421 17
      vertex -15.57341522555727 -6.713525491562421 0
    endloop
  endfacet
  facet normal -0.9624552364536483 0.27144044986507027 0
    outer loop
      vertex -15.57341522555727 -6.713525491562421 17
      vertex -15.541445119403486 -6.6001680457838585 17
      vertex -15.541445119403486 -6.6001680457838585 0
    endloop
  endfacet
  facet normal -0.9807852804032283 0.19509032201613946 0
    outer loop
      vertex -15.541445119403486 -6.6001680457838585 17
      vertex -15.518467489107293 -6.484651697560347 17
      vertex -15.518467489107293 -6.484651697560347 0
    endloop
  endfacet
  facet normal -0.9930684569549277 0.11753739745782511 0
    outer loop
      vertex -15.518467489107293 -6.484651697560347 17
      vertex -15.504623999400309 -6.367688643591768 17
      vertex -15.504623999400309 -6.367688643591768 0
    endloop
  endfacet
  facet normal -0.9992290362407228 0.039259815759074806 0
    outer loop
      vertex -15.504623999400309 -6.367688643591768 17
      vertex -15.5 -6.25 17
      vertex -15.5 -6.25 0
    endloop
  endfacet
  facet normal -0.9992290362407228 -0.039259815759074806 0
    outer loop
      vertex -15.5 -6.25 17
      vertex -15.504623999400309 -6.132311356408232 17
      vertex -15.504623999400309 -6.132311356408232 0
    endloop
  endfacet
  facet normal -0.9930684569549277 -0.11753739745782511 0
    outer loop
      vertex -15.504623999400309 -6.132311356408232 17
      vertex -15.518467489107293 -6.015348302439653 17
      vertex -15.518467489107293 -6.015348302439653 0
    endloop
  endfacet
  facet normal -0.9807852804032283 -0.19509032201613946 0
    outer loop
      vertex -15.518467489107293 -6.015348302439653 17
      vertex -15.541445119403486 -5.8998319542161415 17
      vertex -15.541445119403486 -5.8998319542161415 0
    endloop
  endfacet
  facet normal -0.9624552364536483 -0.27144044986507027 0
    outer loop
      vertex -15.541445119403486 -5.8998319542161415 17
      vertex -15.57341522555727 -5.786474508437579 17
      vertex -15.57341522555727 -5.786474508437579 0
    endloop
  endfacet
  facet normal -0.9381913359224812 -0.34611705707750096 0
    outer loop
      vertex -15.57341522555727 -5.786474508437579 17
      vertex -15.614180701233071 -5.675974851452366 17
      vertex -15.614180701233071 -5.675974851452366 0
    endloop
  endfacet
  facet normal -0.9081431738250839 -0.41865973753742275 0
    outer loop
      vertex -15.663490213717449 -5.56901425039068 17
      vertex -15.663490213717449 -5.56901425039068 0
      vertex -15.614180701233071 -5.675974851452366 17
    endloop
  endfacet
  facet normal -0.8724960070727976 -0.48862124149695413 0
    outer loop
      vertex -15.663490213717449 -5.56901425039068 17
      vertex -15.721039753468862 -5.466252152926077 17
      vertex -15.721039753468862 -5.466252152926077 0
    endloop
  endfacet
  facet normal 0.1950903220161322 0.9807852804032298 0
    outer loop
      vertex -17.350168045783857 -7.708554880596514 19
      vertex -17.350168045783857 -7.708554880596514 20
      vertex -17.234651697560345 -7.731532510892706 19
    endloop
  endfacet
  facet normal 0.11753739745783998 0.993068456954926 0
    outer loop
      vertex -17.234651697560345 -7.731532510892706 19
      vertex -17.234651697560345 -7.731532510892706 20
      vertex -17.117688643591766 -7.745376000599692 19
    endloop
  endfacet
  facet normal 0.03925981575906786 0.999229036240723 0
    outer loop
      vertex -17.117688643591766 -7.745376000599692 19
      vertex -17.117688643591766 -7.745376000599692 20
      vertex -17 -7.75 19
    endloop
  endfacet
  facet normal 0.2714404498650644 0.96245523645365 0
    outer loop
      vertex -17.350168045783857 -7.708554880596514 19
      vertex -17.46352549156242 -7.6765847744427305 20
      vertex -17.350168045783857 -7.708554880596514 20
    endloop
  endfacet
  facet normal 0.1950903220161322 0.9807852804032298 0
    outer loop
      vertex -17.234651697560345 -7.731532510892706 19
      vertex -17.350168045783857 -7.708554880596514 20
      vertex -17.234651697560345 -7.731532510892706 20
    endloop
  endfacet
  facet normal 0.11753739745783998 0.993068456954926 0
    outer loop
      vertex -17.117688643591766 -7.745376000599692 19
      vertex -17.234651697560345 -7.731532510892706 20
      vertex -17.117688643591766 -7.745376000599692 20
    endloop
  endfacet
  facet normal -0.03925981575906786 0.999229036240723 0
    outer loop
      vertex -17 -7.75 19
      vertex -17 -7.75 20
      vertex -16.882311356408234 -7.745376000599692 19
    endloop
  endfacet
  facet normal -0.11753739745783998 0.993068456954926 0
    outer loop
      vertex -16.882311356408234 -7.745376000599692 19
      vertex -16.882311356408234 -7.745376000599692 20
      vertex -16.765348302439655 -7.731532510892706 19
    endloop
  endfacet
  facet normal -0.1950903220161322 0.9807852804032298 0
    outer loop
      vertex -16.765348302439655 -7.731532510892706 19
      vertex -16.765348302439655 -7.731532510892706 20
      vertex -16.649831954216143 -7.708554880596514 19
    endloop
  endfacet
  facet normal -0.2714404498650644 0.96245523645365 0
    outer loop
      vertex -16.649831954216143 -7.708554880596514 19
      vertex -16.649831954216143 -7.708554880596514 20
      vertex -16.53647450843758 -7.6765847744427305 19
    endloop
  endfacet
  facet normal 0.03925981575906786 0.999229036240723 0
    outer loop
      vertex -17 -7.75 19
      vertex -17.117688643591766 -7.745376000599692 20
      vertex -17 -7.75 20
    endloop
  endfacet
  facet normal -0.03925981575906786 0.999229036240723 0
    outer loop
      vertex -16.882311356408234 -7.745376000599692 19
      vertex -17 -7.75 20
      vertex -16.882311356408234 -7.745376000599692 20
    endloop
  endfacet
  facet normal -0.11753739745783998 0.993068456954926 0
    outer loop
      vertex -16.765348302439655 -7.731532510892706 19
      vertex -16.882311356408234 -7.745376000599692 20
      vertex -16.765348302439655 -7.731532510892706 20
    endloop
  endfacet
  facet normal -0.1950903220161322 0.9807852804032298 0
    outer loop
      vertex -16.649831954216143 -7.708554880596514 19
      vertex -16.765348302439655 -7.731532510892706 20
      vertex -16.649831954216143 -7.708554880596514 20
    endloop
  endfacet
  facet normal 0.9381913359224812 0.34611705707750096 0
    outer loop
      vertex -18.38581929876693 -6.824025148547634 19
      vertex -18.42658477444273 -6.713525491562421 19
      vertex -18.42658477444273 -6.713525491562421 20
    endloop
  endfacet
  facet normal 0.9624552364536445 0.2714404498650843 0
    outer loop
      vertex -18.42658477444273 -6.713525491562421 19
      vertex -18.458554880596516 -6.6001680457838585 19
      vertex -18.458554880596516 -6.6001680457838585 20
    endloop
  endfacet
  facet normal 0.980785280403234 0.19509032201611043 0
    outer loop
      vertex -18.458554880596516 -6.6001680457838585 19
      vertex -18.481532510892706 -6.484651697560347 19
      vertex -18.481532510892706 -6.484651697560347 20
    endloop
  endfacet
  facet normal 0.993068456954926 0.11753739745783998 0
    outer loop
      vertex -18.481532510892706 -6.484651697560347 19
      vertex -18.49537600059969 -6.367688643591768 19
      vertex -18.49537600059969 -6.367688643591768 20
    endloop
  endfacet
  facet normal 0.9381913359224812 0.34611705707750096 0
    outer loop
      vertex -18.38581929876693 -6.824025148547634 19
      vertex -18.42658477444273 -6.713525491562421 20
      vertex -18.38581929876693 -6.824025148547634 20
    endloop
  endfacet
  facet normal 0.9624552364536445 0.2714404498650843 0
    outer loop
      vertex -18.42658477444273 -6.713525491562421 19
      vertex -18.458554880596516 -6.6001680457838585 20
      vertex -18.42658477444273 -6.713525491562421 20
    endloop
  endfacet
  facet normal 0.980785280403234 0.19509032201611043 0
    outer loop
      vertex -18.458554880596516 -6.6001680457838585 19
      vertex -18.481532510892706 -6.484651697560347 20
      vertex -18.458554880596516 -6.6001680457838585 20
    endloop
  endfacet
  facet normal 0.993068456954926 0.11753739745783998 0
    outer loop
      vertex -18.481532510892706 -6.484651697560347 19
      vertex -18.49537600059969 -6.367688643591768 20
      vertex -18.481532510892706 -6.484651697560347 20
    endloop
  endfacet
  facet normal 0.9992290362407228 0.0392598157590748 0
    outer loop
      vertex -18.49537600059969 -6.367688643591768 19
      vertex -18.5 -6.25 19
      vertex -18.5 -6.25 20
    endloop
  endfacet
  facet normal 0.9992290362407228 -0.0392598157590748 0
    outer loop
      vertex -18.5 -6.25 19
      vertex -18.49537600059969 -6.132311356408232 19
      vertex -18.49537600059969 -6.132311356408232 20
    endloop
  endfacet
  facet normal 0.993068456954926 -0.11753739745783998 0
    outer loop
      vertex -18.49537600059969 -6.132311356408232 19
      vertex -18.481532510892706 -6.015348302439653 19
      vertex -18.481532510892706 -6.015348302439653 20
    endloop
  endfacet
  facet normal 0.980785280403234 -0.19509032201611043 0
    outer loop
      vertex -18.481532510892706 -6.015348302439653 19
      vertex -18.458554880596516 -5.8998319542161415 19
      vertex -18.458554880596516 -5.8998319542161415 20
    endloop
  endfacet
  facet normal 0.9624552364536445 -0.2714404498650843 0
    outer loop
      vertex -18.458554880596516 -5.8998319542161415 19
      vertex -18.42658477444273 -5.786474508437579 19
      vertex -18.42658477444273 -5.786474508437579 20
    endloop
  endfacet
  facet normal 0.9992290362407228 0.0392598157590748 0
    outer loop
      vertex -18.49537600059969 -6.367688643591768 19
      vertex -18.5 -6.25 20
      vertex -18.49537600059969 -6.367688643591768 20
    endloop
  endfacet
  facet normal 0.9992290362407228 -0.0392598157590748 0
    outer loop
      vertex -18.5 -6.25 19
      vertex -18.49537600059969 -6.132311356408232 20
      vertex -18.5 -6.25 20
    endloop
  endfacet
  facet normal 0.993068456954926 -0.11753739745783998 0
    outer loop
      vertex -18.49537600059969 -6.132311356408232 19
      vertex -18.481532510892706 -6.015348302439653 20
      vertex -18.49537600059969 -6.132311356408232 20
    endloop
  endfacet
  facet normal 0.980785280403234 -0.19509032201611043 0
    outer loop
      vertex -18.481532510892706 -6.015348302439653 19
      vertex -18.458554880596516 -5.8998319542161415 20
      vertex -18.481532510892706 -6.015348302439653 20
    endloop
  endfacet
  facet normal 0.9624552364536445 -0.2714404498650843 0
    outer loop
      vertex -18.458554880596516 -5.8998319542161415 19
      vertex -18.42658477444273 -5.786474508437579 20
      vertex -18.458554880596516 -5.8998319542161415 20
    endloop
  endfacet
  facet normal 0.9381913359224812 -0.34611705707750096 0
    outer loop
      vertex -18.42658477444273 -5.786474508437579 19
      vertex -18.38581929876693 -5.675974851452366 19
      vertex -18.38581929876693 -5.675974851452366 20
    endloop
  endfacet
  facet normal 0.9381913359224812 -0.34611705707750096 0
    outer loop
      vertex -18.42658477444273 -5.786474508437579 19
      vertex -18.38581929876693 -5.675974851452366 20
      vertex -18.42658477444273 -5.786474508437579 20
    endloop
  endfacet
  facet normal 0.48862124149695735 0.8724960070727957 0
    outer loop
      vertex -17.783747847073922 -7.528960246531138 19
      vertex -17.783747847073922 -7.528960246531138 20
      vertex -17.68098574960932 -7.5865097862825515 19
    endloop
  endfacet
  facet normal 0.619093949309831 0.7853169308807474 0
    outer loop
      vertex -17.974172072495275 -7.390608948400047 19
      vertex -17.974172072495275 -7.390608948400047 20
      vertex -17.88167787843871 -7.463525491562422 19
    endloop
  endfacet
  facet normal 0.5555702330195998 0.8314696123025468 0
    outer loop
      vertex -17.783747847073922 -7.528960246531138 19
      vertex -17.88167787843871 -7.463525491562422 19
      vertex -17.88167787843871 -7.463525491562422 20
    endloop
  endfacet
  facet normal 0.7343225094356876 0.6788007455329396 0
    outer loop
      vertex -18.140608948400047 -7.224172072495276 19
      vertex -18.140608948400047 -7.224172072495276 20
      vertex -18.060660171779823 -7.310660171779821 19
    endloop
  endfacet
  facet normal 0.8314696123025491 0.5555702330195964 0
    outer loop
      vertex -18.21352549156242 -7.13167787843871 19
      vertex -18.27896024653114 -7.033747847073923 19
      vertex -18.27896024653114 -7.033747847073923 20
    endloop
  endfacet
  facet normal 0.7853169308807444 0.6190939493098345 0
    outer loop
      vertex -18.140608948400047 -7.224172072495276 19
      vertex -18.21352549156242 -7.13167787843871 19
      vertex -18.21352549156242 -7.13167787843871 20
    endloop
  endfacet
  facet normal 0.6788007455329365 0.7343225094356906 0
    outer loop
      vertex -17.974172072495275 -7.390608948400047 19
      vertex -18.060660171779823 -7.310660171779821 19
      vertex -18.060660171779823 -7.310660171779821 20
    endloop
  endfacet
  facet normal 0.418659737537426 0.9081431738250821 0
    outer loop
      vertex -17.68098574960932 -7.5865097862825515 19
      vertex -17.68098574960932 -7.5865097862825515 20
      vertex -17.574025148547634 -7.63581929876693 19
    endloop
  endfacet
  facet normal 0.34611705707749923 0.9381913359224818 0
    outer loop
      vertex -17.574025148547634 -7.63581929876693 19
      vertex -17.574025148547634 -7.63581929876693 20
      vertex -17.46352549156242 -7.6765847744427305 19
    endloop
  endfacet
  facet normal 0.2714404498650644 0.96245523645365 0
    outer loop
      vertex -17.46352549156242 -7.6765847744427305 19
      vertex -17.46352549156242 -7.6765847744427305 20
      vertex -17.350168045783857 -7.708554880596514 19
    endloop
  endfacet
  facet normal 0.619093949309831 0.7853169308807474 0
    outer loop
      vertex -17.88167787843871 -7.463525491562422 19
      vertex -17.974172072495275 -7.390608948400047 20
      vertex -17.88167787843871 -7.463525491562422 20
    endloop
  endfacet
  facet normal 0.5555702330195998 0.8314696123025468 0
    outer loop
      vertex -17.783747847073922 -7.528960246531138 19
      vertex -17.88167787843871 -7.463525491562422 20
      vertex -17.783747847073922 -7.528960246531138 20
    endloop
  endfacet
  facet normal 0.7343225094356876 0.6788007455329396 0
    outer loop
      vertex -18.060660171779823 -7.310660171779821 19
      vertex -18.140608948400047 -7.224172072495276 20
      vertex -18.060660171779823 -7.310660171779821 20
    endloop
  endfacet
  facet normal 0.8314696123025491 0.5555702330195964 0
    outer loop
      vertex -18.21352549156242 -7.13167787843871 19
      vertex -18.27896024653114 -7.033747847073923 20
      vertex -18.21352549156242 -7.13167787843871 20
    endloop
  endfacet
  facet normal 0.7853169308807444 0.6190939493098345 0
    outer loop
      vertex -18.140608948400047 -7.224172072495276 19
      vertex -18.21352549156242 -7.13167787843871 20
      vertex -18.140608948400047 -7.224172072495276 20
    endloop
  endfacet
  facet normal 0.6788007455329365 0.7343225094356906 0
    outer loop
      vertex -17.974172072495275 -7.390608948400047 19
      vertex -18.060660171779823 -7.310660171779821 20
      vertex -17.974172072495275 -7.390608948400047 20
    endloop
  endfacet
  facet normal 0.418659737537426 0.9081431738250821 0
    outer loop
      vertex -17.574025148547634 -7.63581929876693 19
      vertex -17.68098574960932 -7.5865097862825515 20
      vertex -17.574025148547634 -7.63581929876693 20
    endloop
  endfacet
  facet normal 0.48862124149695735 0.8724960070727957 0
    outer loop
      vertex -17.68098574960932 -7.5865097862825515 19
      vertex -17.783747847073922 -7.528960246531138 20
      vertex -17.68098574960932 -7.5865097862825515 20
    endloop
  endfacet
  facet normal 0.34611705707749923 0.9381913359224818 0
    outer loop
      vertex -17.46352549156242 -7.6765847744427305 19
      vertex -17.574025148547634 -7.63581929876693 20
      vertex -17.46352549156242 -7.6765847744427305 20
    endloop
  endfacet
  facet normal 0.8724960070727975 0.48862124149695413 0
    outer loop
      vertex -18.27896024653114 -7.033747847073923 19
      vertex -18.33650978628255 -6.93098574960932 19
      vertex -18.33650978628255 -6.93098574960932 20
    endloop
  endfacet
  facet normal 0.9081431738250838 0.4186597375374227 0
    outer loop
      vertex -18.33650978628255 -6.93098574960932 19
      vertex -18.38581929876693 -6.824025148547634 19
      vertex -18.38581929876693 -6.824025148547634 20
    endloop
  endfacet
  facet normal 0.8724960070727975 0.48862124149695413 0
    outer loop
      vertex -18.27896024653114 -7.033747847073923 19
      vertex -18.33650978628255 -6.93098574960932 20
      vertex -18.27896024653114 -7.033747847073923 20
    endloop
  endfacet
  facet normal 0.9081431738250838 0.4186597375374227 0
    outer loop
      vertex -18.33650978628255 -6.93098574960932 19
      vertex -18.38581929876693 -6.824025148547634 20
      vertex -18.33650978628255 -6.93098574960932 20
    endloop
  endfacet
  facet normal -0.34611705707749923 0.9381913359224818 0
    outer loop
      vertex -16.53647450843758 -7.6765847744427305 19
      vertex -16.53647450843758 -7.6765847744427305 20
      vertex -16.425974851452366 -7.63581929876693 19
    endloop
  endfacet
  facet normal -0.418659737537426 0.9081431738250821 0
    outer loop
      vertex -16.425974851452366 -7.63581929876693 19
      vertex -16.425974851452366 -7.63581929876693 20
      vertex -16.31901425039068 -7.5865097862825515 19
    endloop
  endfacet
  facet normal -0.48862124149695735 0.8724960070727957 0
    outer loop
      vertex -16.31901425039068 -7.5865097862825515 19
      vertex -16.31901425039068 -7.5865097862825515 20
      vertex -16.216252152926078 -7.528960246531138 19
    endloop
  endfacet
  facet normal -0.5555702330195998 0.8314696123025468 0
    outer loop
      vertex -16.216252152926078 -7.528960246531138 19
      vertex -16.216252152926078 -7.528960246531138 20
      vertex -16.11832212156129 -7.463525491562422 19
    endloop
  endfacet
  facet normal -0.619093949309831 0.7853169308807474 0
    outer loop
      vertex -16.11832212156129 -7.463525491562422 19
      vertex -16.11832212156129 -7.463525491562422 20
      vertex -16.025827927504725 -7.390608948400047 19
    endloop
  endfacet
  facet normal -0.6788007455329439 0.7343225094356834 0
    outer loop
      vertex -16.025827927504725 -7.390608948400047 19
      vertex -16.025827927504725 -7.390608948400047 20
      vertex -15.939339828220179 -7.310660171779821 19
    endloop
  endfacet
  facet normal -0.7343225094356801 0.6788007455329478 0
    outer loop
      vertex -15.939339828220179 -7.310660171779821 19
      vertex -15.939339828220179 -7.310660171779821 20
      vertex -15.859391051599953 -7.224172072495276 19
    endloop
  endfacet
  facet normal -0.7853169308807444 0.6190939493098345 0
    outer loop
      vertex -15.859391051599953 -7.224172072495276 19
      vertex -15.859391051599953 -7.224172072495276 20
      vertex -15.786474508437578 -7.13167787843871 19
    endloop
  endfacet
  facet normal -0.8314696123025491 0.5555702330195964 0
    outer loop
      vertex -15.786474508437578 -7.13167787843871 19
      vertex -15.786474508437578 -7.13167787843871 20
      vertex -15.721039753468862 -7.033747847073923 19
    endloop
  endfacet
  facet normal -0.2714404498650644 0.96245523645365 0
    outer loop
      vertex -16.53647450843758 -7.6765847744427305 19
      vertex -16.649831954216143 -7.708554880596514 20
      vertex -16.53647450843758 -7.6765847744427305 20
    endloop
  endfacet
  facet normal -0.34611705707749923 0.9381913359224818 0
    outer loop
      vertex -16.425974851452366 -7.63581929876693 19
      vertex -16.53647450843758 -7.6765847744427305 20
      vertex -16.425974851452366 -7.63581929876693 20
    endloop
  endfacet
  facet normal -0.418659737537426 0.9081431738250821 0
    outer loop
      vertex -16.31901425039068 -7.5865097862825515 19
      vertex -16.425974851452366 -7.63581929876693 20
      vertex -16.31901425039068 -7.5865097862825515 20
    endloop
  endfacet
  facet normal -0.48862124149695735 0.8724960070727957 0
    outer loop
      vertex -16.216252152926078 -7.528960246531138 19
      vertex -16.31901425039068 -7.5865097862825515 20
      vertex -16.216252152926078 -7.528960246531138 20
    endloop
  endfacet
  facet normal -0.5555702330195998 0.8314696123025468 0
    outer loop
      vertex -16.11832212156129 -7.463525491562422 19
      vertex -16.216252152926078 -7.528960246531138 20
      vertex -16.11832212156129 -7.463525491562422 20
    endloop
  endfacet
  facet normal -0.619093949309831 0.7853169308807474 0
    outer loop
      vertex -16.025827927504725 -7.390608948400047 19
      vertex -16.11832212156129 -7.463525491562422 20
      vertex -16.025827927504725 -7.390608948400047 20
    endloop
  endfacet
  facet normal -0.6788007455329439 0.7343225094356834 0
    outer loop
      vertex -15.939339828220179 -7.310660171779821 19
      vertex -16.025827927504725 -7.390608948400047 20
      vertex -15.939339828220179 -7.310660171779821 20
    endloop
  endfacet
  facet normal -0.7343225094356801 0.6788007455329478 0
    outer loop
      vertex -15.859391051599953 -7.224172072495276 19
      vertex -15.939339828220179 -7.310660171779821 20
      vertex -15.859391051599953 -7.224172072495276 20
    endloop
  endfacet
  facet normal -0.7853169308807444 0.6190939493098345 0
    outer loop
      vertex -15.786474508437578 -7.13167787843871 19
      vertex -15.859391051599953 -7.224172072495276 20
      vertex -15.786474508437578 -7.13167787843871 20
    endloop
  endfacet
  facet normal 0.9081431738250838 -0.4186597375374227 0
    outer loop
      vertex -18.38581929876693 -5.675974851452366 19
      vertex -18.33650978628255 -5.56901425039068 19
      vertex -18.33650978628255 -5.56901425039068 20
    endloop
  endfacet
  facet normal 0.8724960070727975 -0.48862124149695413 0
    outer loop
      vertex -18.33650978628255 -5.56901425039068 19
      vertex -18.27896024653114 -5.466252152926077 19
      vertex -18.27896024653114 -5.466252152926077 20
    endloop
  endfacet
  facet normal 0.8314696123025491 -0.5555702330195964 0
    outer loop
      vertex -18.27896024653114 -5.466252152926077 19
      vertex -18.21352549156242 -5.36832212156129 19
      vertex -18.21352549156242 -5.36832212156129 20
    endloop
  endfacet
  facet normal 0.7853169308807444 -0.6190939493098345 0
    outer loop
      vertex -18.21352549156242 -5.36832212156129 19
      vertex -18.140608948400047 -5.275827927504724 19
      vertex -18.140608948400047 -5.275827927504724 20
    endloop
  endfacet
  facet normal 0.7343225094356876 -0.6788007455329396 0
    outer loop
      vertex -18.140608948400047 -5.275827927504724 19
      vertex -18.060660171779823 -5.189339828220179 19
      vertex -18.060660171779823 -5.189339828220179 20
    endloop
  endfacet
  facet normal 0.6788007455329365 -0.7343225094356906 0
    outer loop
      vertex -18.060660171779823 -5.189339828220179 19
      vertex -17.974172072495275 -5.109391051599953 19
      vertex -17.974172072495275 -5.109391051599953 20
    endloop
  endfacet
  facet normal 0.9081431738250838 -0.4186597375374227 0
    outer loop
      vertex -18.38581929876693 -5.675974851452366 19
      vertex -18.33650978628255 -5.56901425039068 20
      vertex -18.38581929876693 -5.675974851452366 20
    endloop
  endfacet
  facet normal 0.8724960070727975 -0.48862124149695413 0
    outer loop
      vertex -18.33650978628255 -5.56901425039068 19
      vertex -18.27896024653114 -5.466252152926077 20
      vertex -18.33650978628255 -5.56901425039068 20
    endloop
  endfacet
  facet normal 0.8314696123025491 -0.5555702330195964 0
    outer loop
      vertex -18.27896024653114 -5.466252152926077 19
      vertex -18.21352549156242 -5.36832212156129 20
      vertex -18.27896024653114 -5.466252152926077 20
    endloop
  endfacet
  facet normal 0.7853169308807444 -0.6190939493098345 0
    outer loop
      vertex -18.21352549156242 -5.36832212156129 19
      vertex -18.140608948400047 -5.275827927504724 20
      vertex -18.21352549156242 -5.36832212156129 20
    endloop
  endfacet
  facet normal 0.7343225094356876 -0.6788007455329396 0
    outer loop
      vertex -18.140608948400047 -5.275827927504724 19
      vertex -18.060660171779823 -5.189339828220179 20
      vertex -18.140608948400047 -5.275827927504724 20
    endloop
  endfacet
  facet normal 0.6788007455329365 -0.7343225094356906 0
    outer loop
      vertex -18.060660171779823 -5.189339828220179 19
      vertex -17.974172072495275 -5.109391051599953 20
      vertex -18.060660171779823 -5.189339828220179 20
    endloop
  endfacet
  facet normal -0.7853169308807444 -0.6190939493098345 0
    outer loop
      vertex -15.786474508437578 -5.36832212156129 19
      vertex -15.786474508437578 -5.36832212156129 20
      vertex -15.859391051599953 -5.275827927504724 19
    endloop
  endfacet
  facet normal -0.6788007455329439 -0.7343225094356834 0
    outer loop
      vertex -15.939339828220179 -5.189339828220179 19
      vertex -15.939339828220179 -5.189339828220179 20
      vertex -16.025827927504725 -5.109391051599953 19
    endloop
  endfacet
  facet normal -0.7343225094356801 -0.6788007455329478 0
    outer loop
      vertex -15.859391051599953 -5.275827927504724 19
      vertex -15.859391051599953 -5.275827927504724 20
      vertex -15.939339828220179 -5.189339828220179 19
    endloop
  endfacet
  facet normal -0.8314696123025491 -0.5555702330195964 0
    outer loop
      vertex -15.786474508437578 -5.36832212156129 19
      vertex -15.721039753468862 -5.466252152926077 20
      vertex -15.786474508437578 -5.36832212156129 20
    endloop
  endfacet
  facet normal -0.7853169308807444 -0.6190939493098345 0
    outer loop
      vertex -15.859391051599953 -5.275827927504724 19
      vertex -15.786474508437578 -5.36832212156129 20
      vertex -15.859391051599953 -5.275827927504724 20
    endloop
  endfacet
  facet normal -0.6788007455329439 -0.7343225094356834 0
    outer loop
      vertex -16.025827927504725 -5.109391051599953 19
      vertex -15.939339828220179 -5.189339828220179 20
      vertex -16.025827927504725 -5.109391051599953 20
    endloop
  endfacet
  facet normal -0.7343225094356801 -0.6788007455329478 0
    outer loop
      vertex -15.939339828220179 -5.189339828220179 19
      vertex -15.859391051599953 -5.275827927504724 20
      vertex -15.939339828220179 -5.189339828220179 20
    endloop
  endfacet
  facet normal -0.8314696123025491 0.5555702330195964 0
    outer loop
      vertex -15.721039753468862 -7.033747847073923 19
      vertex -15.786474508437578 -7.13167787843871 20
      vertex -15.721039753468862 -7.033747847073923 20
    endloop
  endfacet
  facet normal -0.8724960070727975 0.48862124149695413 0
    outer loop
      vertex -15.721039753468862 -7.033747847073923 19
      vertex -15.721039753468862 -7.033747847073923 20
      vertex -15.663490213717449 -6.93098574960932 19
    endloop
  endfacet
  facet normal -0.9081431738250838 0.4186597375374227 0
    outer loop
      vertex -15.663490213717449 -6.93098574960932 19
      vertex -15.663490213717449 -6.93098574960932 20
      vertex -15.614180701233071 -6.824025148547634 19
    endloop
  endfacet
  facet normal -0.9381913359224812 0.34611705707750096 0
    outer loop
      vertex -15.614180701233071 -6.824025148547634 19
      vertex -15.614180701233071 -6.824025148547634 20
      vertex -15.57341522555727 -6.713525491562421 19
    endloop
  endfacet
  facet normal -0.9624552364536483 0.27144044986507027 0
    outer loop
      vertex -15.57341522555727 -6.713525491562421 19
      vertex -15.57341522555727 -6.713525491562421 20
      vertex -15.541445119403486 -6.6001680457838585 19
    endloop
  endfacet
  facet normal -0.9807852804032282 0.19509032201613943 0
    outer loop
      vertex -15.541445119403486 -6.6001680457838585 19
      vertex -15.541445119403486 -6.6001680457838585 20
      vertex -15.518467489107293 -6.484651697560347 19
    endloop
  endfacet
  facet normal -0.9930684569549278 0.11753739745782511 0
    outer loop
      vertex -15.518467489107293 -6.484651697560347 19
      vertex -15.518467489107293 -6.484651697560347 20
      vertex -15.504623999400309 -6.367688643591768 19
    endloop
  endfacet
  facet normal -0.8724960070727975 0.48862124149695413 0
    outer loop
      vertex -15.663490213717449 -6.93098574960932 19
      vertex -15.721039753468862 -7.033747847073923 20
      vertex -15.663490213717449 -6.93098574960932 20
    endloop
  endfacet
  facet normal -0.9081431738250838 0.4186597375374227 0
    outer loop
      vertex -15.614180701233071 -6.824025148547634 19
      vertex -15.663490213717449 -6.93098574960932 20
      vertex -15.614180701233071 -6.824025148547634 20
    endloop
  endfacet
  facet normal -0.9381913359224812 0.34611705707750096 0
    outer loop
      vertex -15.57341522555727 -6.713525491562421 19
      vertex -15.614180701233071 -6.824025148547634 20
      vertex -15.57341522555727 -6.713525491562421 20
    endloop
  endfacet
  facet normal -0.9624552364536483 0.27144044986507027 0
    outer loop
      vertex -15.541445119403486 -6.6001680457838585 19
      vertex -15.57341522555727 -6.713525491562421 20
      vertex -15.541445119403486 -6.6001680457838585 20
    endloop
  endfacet
  facet normal -0.9807852804032282 0.19509032201613943 0
    outer loop
      vertex -15.518467489107293 -6.484651697560347 19
      vertex -15.541445119403486 -6.6001680457838585 20
      vertex -15.518467489107293 -6.484651697560347 20
    endloop
  endfacet
  facet normal -0.9930684569549278 0.11753739745782511 0
    outer loop
      vertex -15.504623999400309 -6.367688643591768 19
      vertex -15.518467489107293 -6.484651697560347 20
      vertex -15.504623999400309 -6.367688643591768 20
    endloop
  endfacet
  facet normal -0.9992290362407228 0.0392598157590748 0
    outer loop
      vertex -15.504623999400309 -6.367688643591768 19
      vertex -15.504623999400309 -6.367688643591768 20
      vertex -15.5 -6.25 19
    endloop
  endfacet
  facet normal -0.9992290362407228 -0.0392598157590748 0
    outer loop
      vertex -15.5 -6.25 19
      vertex -15.5 -6.25 20
      vertex -15.504623999400309 -6.132311356408232 19
    endloop
  endfacet
  facet normal -0.9930684569549278 -0.11753739745782511 0
    outer loop
      vertex -15.504623999400309 -6.132311356408232 19
      vertex -15.504623999400309 -6.132311356408232 20
      vertex -15.518467489107293 -6.015348302439653 19
    endloop
  endfacet
  facet normal -0.9807852804032282 -0.19509032201613943 0
    outer loop
      vertex -15.518467489107293 -6.015348302439653 19
      vertex -15.518467489107293 -6.015348302439653 20
      vertex -15.541445119403486 -5.8998319542161415 19
    endloop
  endfacet
  facet normal -0.9624552364536483 -0.27144044986507027 0
    outer loop
      vertex -15.541445119403486 -5.8998319542161415 19
      vertex -15.541445119403486 -5.8998319542161415 20
      vertex -15.57341522555727 -5.786474508437579 19
    endloop
  endfacet
  facet normal -0.9992290362407228 0.0392598157590748 0
    outer loop
      vertex -15.5 -6.25 19
      vertex -15.504623999400309 -6.367688643591768 20
      vertex -15.5 -6.25 20
    endloop
  endfacet
  facet normal -0.9992290362407228 -0.0392598157590748 0
    outer loop
      vertex -15.504623999400309 -6.132311356408232 19
      vertex -15.5 -6.25 20
      vertex -15.504623999400309 -6.132311356408232 20
    endloop
  endfacet
  facet normal -0.9930684569549278 -0.11753739745782511 0
    outer loop
      vertex -15.518467489107293 -6.015348302439653 19
      vertex -15.504623999400309 -6.132311356408232 20
      vertex -15.518467489107293 -6.015348302439653 20
    endloop
  endfacet
  facet normal -0.9807852804032282 -0.19509032201613943 0
    outer loop
      vertex -15.541445119403486 -5.8998319542161415 19
      vertex -15.518467489107293 -6.015348302439653 20
      vertex -15.541445119403486 -5.8998319542161415 20
    endloop
  endfacet
  facet normal -0.9624552364536483 -0.27144044986507027 0
    outer loop
      vertex -15.57341522555727 -5.786474508437579 19
      vertex -15.541445119403486 -5.8998319542161415 20
      vertex -15.57341522555727 -5.786474508437579 20
    endloop
  endfacet
  facet normal -0.9381913359224812 -0.34611705707750096 0
    outer loop
      vertex -15.57341522555727 -5.786474508437579 19
      vertex -15.57341522555727 -5.786474508437579 20
      vertex -15.614180701233071 -5.675974851452366 19
    endloop
  endfacet
  facet normal -0.9081431738250838 -0.4186597375374227 0
    outer loop
      vertex -15.663490213717449 -5.56901425039068 19
      vertex -15.614180701233071 -5.675974851452366 19
      vertex -15.614180701233071 -5.675974851452366 20
    endloop
  endfacet
  facet normal -0.8724960070727975 -0.48862124149695413 0
    outer loop
      vertex -15.663490213717449 -5.56901425039068 19
      vertex -15.663490213717449 -5.56901425039068 20
      vertex -15.721039753468862 -5.466252152926077 19
    endloop
  endfacet
  facet normal -0.8314696123025491 -0.5555702330195964 0
    outer loop
      vertex -15.786474508437578 -5.36832212156129 19
      vertex -15.721039753468862 -5.466252152926077 19
      vertex -15.721039753468862 -5.466252152926077 20
    endloop
  endfacet
  facet normal -0.9381913359224812 -0.34611705707750096 0
    outer loop
      vertex -15.614180701233071 -5.675974851452366 19
      vertex -15.57341522555727 -5.786474508437579 20
      vertex -15.614180701233071 -5.675974851452366 20
    endloop
  endfacet
  facet normal -0.9081431738250838 -0.4186597375374227 0
    outer loop
      vertex -15.663490213717449 -5.56901425039068 19
      vertex -15.614180701233071 -5.675974851452366 20
      vertex -15.663490213717449 -5.56901425039068 20
    endloop
  endfacet
  facet normal -0.8724960070727975 -0.48862124149695413 0
    outer loop
      vertex -15.721039753468862 -5.466252152926077 19
      vertex -15.663490213717449 -5.56901425039068 20
      vertex -15.721039753468862 -5.466252152926077 20
    endloop
  endfacet
  facet normal 0.6190939493098309 -0.7853169308807473 0
    outer loop
      vertex -17.974172072495275 -5.109391051599953 17
      vertex -17.974172072495275 -5.109391051599953 0
      vertex -17.88167787843871 -5.036474508437578 17
    endloop
  endfacet
  facet normal 0.5555702330195998 -0.8314696123025468 0
    outer loop
      vertex -17.88167787843871 -5.036474508437578 17
      vertex -17.88167787843871 -5.036474508437578 0
      vertex -17.783747847073922 -4.971039753468862 17
    endloop
  endfacet
  facet normal 0.4886212414969573 -0.8724960070727956 0
    outer loop
      vertex -17.783747847073922 -4.971039753468862 17
      vertex -17.783747847073922 -4.971039753468862 0
      vertex -17.68098574960932 -4.9134902137174485 17
    endloop
  endfacet
  facet normal 0.4186597375374261 -0.9081431738250824 0
    outer loop
      vertex -17.68098574960932 -4.9134902137174485 17
      vertex -17.68098574960932 -4.9134902137174485 0
      vertex -17.574025148547634 -4.86418070123307 17
    endloop
  endfacet
  facet normal 0.34611705707749923 -0.9381913359224818 0
    outer loop
      vertex -17.574025148547634 -4.86418070123307 17
      vertex -17.574025148547634 -4.86418070123307 0
      vertex -17.46352549156242 -4.8234152255572695 17
    endloop
  endfacet
  facet normal 0.2714404498650644 -0.96245523645365 0
    outer loop
      vertex -17.46352549156242 -4.8234152255572695 17
      vertex -17.46352549156242 -4.8234152255572695 0
      vertex -17.350168045783857 -4.791445119403486 17
    endloop
  endfacet
  facet normal 0.19509032201613216 -0.9807852804032297 0
    outer loop
      vertex -17.350168045783857 -4.791445119403486 17
      vertex -17.350168045783857 -4.791445119403486 0
      vertex -17.234651697560345 -4.768467489107294 17
    endloop
  endfacet
  facet normal 0.11753739745783998 -0.993068456954926 0
    outer loop
      vertex -17.234651697560345 -4.768467489107294 17
      vertex -17.234651697560345 -4.768467489107294 0
      vertex -17.117688643591766 -4.754623999400308 17
    endloop
  endfacet
  facet normal 0.039259815759067854 -0.9992290362407228 0
    outer loop
      vertex -17.117688643591766 -4.754623999400308 17
      vertex -17.117688643591766 -4.754623999400308 0
      vertex -17 -4.75 17
    endloop
  endfacet
  facet normal -0.34611705707749923 -0.9381913359224818 0
    outer loop
      vertex -16.425974851452366 -4.86418070123307 17
      vertex -16.53647450843758 -4.8234152255572695 17
      vertex -16.53647450843758 -4.8234152255572695 0
    endloop
  endfacet
  facet normal -0.039259815759067854 -0.9992290362407228 0
    outer loop
      vertex -17 -4.75 17
      vertex -17 -4.75 0
      vertex -16.882311356408234 -4.754623999400308 17
    endloop
  endfacet
  facet normal -0.11753739745783998 -0.993068456954926 0
    outer loop
      vertex -16.882311356408234 -4.754623999400308 17
      vertex -16.882311356408234 -4.754623999400308 0
      vertex -16.765348302439655 -4.768467489107294 17
    endloop
  endfacet
  facet normal -0.19509032201613216 -0.9807852804032297 0
    outer loop
      vertex -16.649831954216143 -4.791445119403486 17
      vertex -16.765348302439655 -4.768467489107294 17
      vertex -16.765348302439655 -4.768467489107294 0
    endloop
  endfacet
  facet normal -0.2714404498650644 -0.96245523645365 0
    outer loop
      vertex -16.649831954216143 -4.791445119403486 17
      vertex -16.649831954216143 -4.791445119403486 0
      vertex -16.53647450843758 -4.8234152255572695 17
    endloop
  endfacet
  facet normal -0.6190939493098309 -0.7853169308807473 0
    outer loop
      vertex -16.025827927504725 -5.109391051599953 17
      vertex -16.11832212156129 -5.036474508437578 17
      vertex -16.11832212156129 -5.036474508437578 0
    endloop
  endfacet
  facet normal -0.5555702330195998 -0.8314696123025468 0
    outer loop
      vertex -16.11832212156129 -5.036474508437578 17
      vertex -16.216252152926078 -4.971039753468862 17
      vertex -16.216252152926078 -4.971039753468862 0
    endloop
  endfacet
  facet normal -0.4886212414969573 -0.8724960070727956 0
    outer loop
      vertex -16.31901425039068 -4.9134902137174485 17
      vertex -16.31901425039068 -4.9134902137174485 0
      vertex -16.216252152926078 -4.971039753468862 17
    endloop
  endfacet
  facet normal -0.4186597375374261 -0.9081431738250824 0
    outer loop
      vertex -16.425974851452366 -4.86418070123307 17
      vertex -16.425974851452366 -4.86418070123307 0
      vertex -16.31901425039068 -4.9134902137174485 17
    endloop
  endfacet
  facet normal 0.619093949309831 -0.7853169308807474 0
    outer loop
      vertex -17.974172072495275 -5.109391051599953 19
      vertex -17.88167787843871 -5.036474508437578 19
      vertex -17.88167787843871 -5.036474508437578 20
    endloop
  endfacet
  facet normal 0.5555702330195998 -0.8314696123025468 0
    outer loop
      vertex -17.88167787843871 -5.036474508437578 19
      vertex -17.783747847073922 -4.971039753468862 19
      vertex -17.783747847073922 -4.971039753468862 20
    endloop
  endfacet
  facet normal 0.48862124149695735 -0.8724960070727957 0
    outer loop
      vertex -17.783747847073922 -4.971039753468862 19
      vertex -17.68098574960932 -4.9134902137174485 19
      vertex -17.68098574960932 -4.9134902137174485 20
    endloop
  endfacet
  facet normal 0.418659737537426 -0.9081431738250821 0
    outer loop
      vertex -17.68098574960932 -4.9134902137174485 19
      vertex -17.574025148547634 -4.86418070123307 19
      vertex -17.574025148547634 -4.86418070123307 20
    endloop
  endfacet
  facet normal 0.34611705707749923 -0.9381913359224818 0
    outer loop
      vertex -17.574025148547634 -4.86418070123307 19
      vertex -17.46352549156242 -4.8234152255572695 19
      vertex -17.46352549156242 -4.8234152255572695 20
    endloop
  endfacet
  facet normal 0.2714404498650644 -0.96245523645365 0
    outer loop
      vertex -17.46352549156242 -4.8234152255572695 19
      vertex -17.350168045783857 -4.791445119403486 19
      vertex -17.350168045783857 -4.791445119403486 20
    endloop
  endfacet
  facet normal 0.1950903220161322 -0.9807852804032298 0
    outer loop
      vertex -17.350168045783857 -4.791445119403486 19
      vertex -17.234651697560345 -4.768467489107294 19
      vertex -17.234651697560345 -4.768467489107294 20
    endloop
  endfacet
  facet normal 0.11753739745783998 -0.993068456954926 0
    outer loop
      vertex -17.234651697560345 -4.768467489107294 19
      vertex -17.117688643591766 -4.754623999400308 19
      vertex -17.117688643591766 -4.754623999400308 20
    endloop
  endfacet
  facet normal 0.619093949309831 -0.7853169308807474 0
    outer loop
      vertex -17.974172072495275 -5.109391051599953 19
      vertex -17.88167787843871 -5.036474508437578 20
      vertex -17.974172072495275 -5.109391051599953 20
    endloop
  endfacet
  facet normal 0.5555702330195998 -0.8314696123025468 0
    outer loop
      vertex -17.88167787843871 -5.036474508437578 19
      vertex -17.783747847073922 -4.971039753468862 20
      vertex -17.88167787843871 -5.036474508437578 20
    endloop
  endfacet
  facet normal 0.48862124149695735 -0.8724960070727957 0
    outer loop
      vertex -17.783747847073922 -4.971039753468862 19
      vertex -17.68098574960932 -4.9134902137174485 20
      vertex -17.783747847073922 -4.971039753468862 20
    endloop
  endfacet
  facet normal 0.418659737537426 -0.9081431738250821 0
    outer loop
      vertex -17.68098574960932 -4.9134902137174485 19
      vertex -17.574025148547634 -4.86418070123307 20
      vertex -17.68098574960932 -4.9134902137174485 20
    endloop
  endfacet
  facet normal 0.34611705707749923 -0.9381913359224818 0
    outer loop
      vertex -17.574025148547634 -4.86418070123307 19
      vertex -17.46352549156242 -4.8234152255572695 20
      vertex -17.574025148547634 -4.86418070123307 20
    endloop
  endfacet
  facet normal 0.2714404498650644 -0.96245523645365 0
    outer loop
      vertex -17.46352549156242 -4.8234152255572695 19
      vertex -17.350168045783857 -4.791445119403486 20
      vertex -17.46352549156242 -4.8234152255572695 20
    endloop
  endfacet
  facet normal 0.1950903220161322 -0.9807852804032298 0
    outer loop
      vertex -17.350168045783857 -4.791445119403486 19
      vertex -17.234651697560345 -4.768467489107294 20
      vertex -17.350168045783857 -4.791445119403486 20
    endloop
  endfacet
  facet normal 0.11753739745783998 -0.993068456954926 0
    outer loop
      vertex -17.234651697560345 -4.768467489107294 19
      vertex -17.117688643591766 -4.754623999400308 20
      vertex -17.234651697560345 -4.768467489107294 20
    endloop
  endfacet
  facet normal 0.03925981575906786 -0.999229036240723 0
    outer loop
      vertex -17.117688643591766 -4.754623999400308 19
      vertex -17 -4.75 20
      vertex -17.117688643591766 -4.754623999400308 20
    endloop
  endfacet
  facet normal -0.2714404498650644 -0.96245523645365 0
    outer loop
      vertex -16.649831954216143 -4.791445119403486 19
      vertex -16.53647450843758 -4.8234152255572695 19
      vertex -16.53647450843758 -4.8234152255572695 20
    endloop
  endfacet
  facet normal -0.34611705707749923 -0.9381913359224818 0
    outer loop
      vertex -16.425974851452366 -4.86418070123307 19
      vertex -16.425974851452366 -4.86418070123307 20
      vertex -16.53647450843758 -4.8234152255572695 19
    endloop
  endfacet
  facet normal 0.03925981575906786 -0.999229036240723 0
    outer loop
      vertex -17.117688643591766 -4.754623999400308 19
      vertex -17 -4.75 19
      vertex -17 -4.75 20
    endloop
  endfacet
  facet normal -0.03925981575906786 -0.999229036240723 0
    outer loop
      vertex -17 -4.75 19
      vertex -16.882311356408234 -4.754623999400308 19
      vertex -16.882311356408234 -4.754623999400308 20
    endloop
  endfacet
  facet normal -0.11753739745783998 -0.993068456954926 0
    outer loop
      vertex -16.882311356408234 -4.754623999400308 19
      vertex -16.765348302439655 -4.768467489107294 19
      vertex -16.765348302439655 -4.768467489107294 20
    endloop
  endfacet
  facet normal -0.1950903220161322 -0.9807852804032298 0
    outer loop
      vertex -16.649831954216143 -4.791445119403486 19
      vertex -16.649831954216143 -4.791445119403486 20
      vertex -16.765348302439655 -4.768467489107294 19
    endloop
  endfacet
  facet normal -0.5555702330195998 -0.8314696123025468 0
    outer loop
      vertex -16.11832212156129 -5.036474508437578 19
      vertex -16.11832212156129 -5.036474508437578 20
      vertex -16.216252152926078 -4.971039753468862 19
    endloop
  endfacet
  facet normal -0.418659737537426 -0.9081431738250821 0
    outer loop
      vertex -16.425974851452366 -4.86418070123307 19
      vertex -16.31901425039068 -4.9134902137174485 19
      vertex -16.31901425039068 -4.9134902137174485 20
    endloop
  endfacet
  facet normal -0.48862124149695735 -0.8724960070727957 0
    outer loop
      vertex -16.31901425039068 -4.9134902137174485 19
      vertex -16.216252152926078 -4.971039753468862 19
      vertex -16.216252152926078 -4.971039753468862 20
    endloop
  endfacet
  facet normal -0.619093949309831 -0.7853169308807474 0
    outer loop
      vertex -16.025827927504725 -5.109391051599953 19
      vertex -16.025827927504725 -5.109391051599953 20
      vertex -16.11832212156129 -5.036474508437578 19
    endloop
  endfacet
  facet normal -0.34611705707749923 -0.9381913359224818 0
    outer loop
      vertex -16.53647450843758 -4.8234152255572695 19
      vertex -16.425974851452366 -4.86418070123307 20
      vertex -16.53647450843758 -4.8234152255572695 20
    endloop
  endfacet
  facet normal -0.03925981575906786 -0.999229036240723 0
    outer loop
      vertex -17 -4.75 19
      vertex -16.882311356408234 -4.754623999400308 20
      vertex -17 -4.75 20
    endloop
  endfacet
  facet normal -0.11753739745783998 -0.993068456954926 0
    outer loop
      vertex -16.882311356408234 -4.754623999400308 19
      vertex -16.765348302439655 -4.768467489107294 20
      vertex -16.882311356408234 -4.754623999400308 20
    endloop
  endfacet
  facet normal -0.1950903220161322 -0.9807852804032298 0
    outer loop
      vertex -16.765348302439655 -4.768467489107294 19
      vertex -16.649831954216143 -4.791445119403486 20
      vertex -16.765348302439655 -4.768467489107294 20
    endloop
  endfacet
  facet normal -0.2714404498650644 -0.96245523645365 0
    outer loop
      vertex -16.649831954216143 -4.791445119403486 19
      vertex -16.53647450843758 -4.8234152255572695 20
      vertex -16.649831954216143 -4.791445119403486 20
    endloop
  endfacet
  facet normal -0.619093949309831 -0.7853169308807474 0
    outer loop
      vertex -16.11832212156129 -5.036474508437578 19
      vertex -16.025827927504725 -5.109391051599953 20
      vertex -16.11832212156129 -5.036474508437578 20
    endloop
  endfacet
  facet normal -0.5555702330195998 -0.8314696123025468 0
    outer loop
      vertex -16.216252152926078 -4.971039753468862 19
      vertex -16.11832212156129 -5.036474508437578 20
      vertex -16.216252152926078 -4.971039753468862 20
    endloop
  endfacet
  facet normal -0.48862124149695735 -0.8724960070727957 0
    outer loop
      vertex -16.31901425039068 -4.9134902137174485 19
      vertex -16.216252152926078 -4.971039753468862 20
      vertex -16.31901425039068 -4.9134902137174485 20
    endloop
  endfacet
  facet normal -0.418659737537426 -0.9081431738250821 0
    outer loop
      vertex -16.425974851452366 -4.86418070123307 19
      vertex -16.31901425039068 -4.9134902137174485 20
      vertex -16.425974851452366 -4.86418070123307 20
    endloop
  endfacet
  facet normal 0.5431913203180363 0.5876210597359517 0.5997038266394051
    outer loop
      vertex -18.060660171779823 -7.310660171779821 17
      vertex -19.121320343559642 -8.371320343559642 19
      vertex -18.94834414499055 -8.531217896800094 19
    endloop
  endfacet
  facet normal 0.49541262578091483 0.6284279199167659 0.5997038266394055
    outer loop
      vertex -17.974172072495275 -7.390608948400047 17
      vertex -18.94834414499055 -8.531217896800094 19
      vertex -18.76335575687742 -8.677050983124843 19
    endloop
  endfacet
  facet normal 0.4445795476644318 0.6653603129978092 0.5997038266394058
    outer loop
      vertex -17.88167787843871 -7.463525491562422 17
      vertex -18.76335575687742 -8.677050983124843 19
      vertex -18.567495694147848 -8.807920493062277 19
    endloop
  endfacet
  facet normal 0.5876210597359487 0.5431913203180391 0.5997038266394055
    outer loop
      vertex -18.140608948400047 -7.224172072495276 17
      vertex -19.281217896800094 -8.198344144990552 19
      vertex -19.121320343559642 -8.371320343559642 19
    endloop
  endfacet
  facet normal 0.628427919916768 0.4954126257809118 0.5997038266394057
    outer loop
      vertex -18.140608948400047 -7.224172072495276 17
      vertex -19.427050983124843 -8.01335575687742 19
      vertex -19.281217896800094 -8.198344144990552 19
    endloop
  endfacet
  facet normal 0 0 -1
    outer loop
      vertex -18.567495694147848 -8.807920493062277 19
      vertex -18.42658477444273 -6.713525491562421 19
      vertex -18.36197149921864 -8.923019572565103 19
    endloop
  endfacet
  facet normal 0.3350207510724119 0.7267161871493788 0.5997038266394054
    outer loop
      vertex -17.68098574960932 -7.5865097862825515 17
      vertex -18.36197149921864 -8.923019572565103 19
      vertex -18.14805029709527 -9.02163859753386 19
    endloop
  endfacet
  facet normal 0.3910054887989003 0.6981905384944619 0.5997038266394056
    outer loop
      vertex -17.783747847073922 -7.528960246531138 17
      vertex -18.567495694147848 -8.807920493062277 19
      vertex -18.36197149921864 -8.923019572565103 19
    endloop
  endfacet
  facet normal 0.2769704990098492 0.7507613888528689 0.5997038266394056
    outer loop
      vertex -17.574025148547634 -7.63581929876693 17
      vertex -18.14805029709527 -9.02163859753386 19
      vertex -17.927050983124843 -9.103169548885461 19
    endloop
  endfacet
  facet normal 0.21721263171885 0.7701778969405869 0.5997038266394054
    outer loop
      vertex -17.46352549156242 -7.6765847744427305 17
      vertex -17.927050983124843 -9.103169548885461 19
      vertex -17.700336091567717 -9.167109761193029 19
    endloop
  endfacet
  facet normal 0.15611557632278794 0.7848460021835225 0.5997038266394055
    outer loop
      vertex -17.350168045783857 -7.708554880596514 17
      vertex -17.700336091567717 -9.167109761193029 19
      vertex -17.469303395120694 -9.213065021785413 19
    endloop
  endfacet
  facet normal 0.09405601648498971 0.7946752708352193 0.5997038266394056
    outer loop
      vertex -17.234651697560345 -7.731532510892706 17
      vertex -17.469303395120694 -9.213065021785413 19
      vertex -17.235377287183535 -9.240752001199384 19
    endloop
  endfacet
  facet normal 0.03141657002876053 0.799605102185874 0.5997038266394055
    outer loop
      vertex -17.117688643591766 -7.745376000599692 17
      vertex -17.235377287183535 -9.240752001199384 19
      vertex -17 -9.25 19
    endloop
  endfacet
  facet normal 0.39100548879890556 0.6981905384944593 0.5997038266394054
    outer loop
      vertex -17.783747847073922 -7.528960246531138 17
      vertex -18.36197149921864 -8.923019572565103 19
      vertex -17.68098574960932 -7.5865097862825515 17
    endloop
  endfacet
  facet normal 0.33502075107240714 0.7267161871493806 0.5997038266394057
    outer loop
      vertex -17.68098574960932 -7.5865097862825515 17
      vertex -18.14805029709527 -9.02163859753386 19
      vertex -17.574025148547634 -7.63581929876693 17
    endloop
  endfacet
  facet normal 0.4445795476644318 0.6653603129978092 0.5997038266394058
    outer loop
      vertex -17.783747847073922 -7.528960246531138 17
      vertex -17.88167787843871 -7.463525491562422 17
      vertex -18.567495694147848 -8.807920493062277 19
    endloop
  endfacet
  facet normal 0.54319132031803 0.587621059735957 0.5997038266394055
    outer loop
      vertex -17.974172072495275 -7.390608948400047 17
      vertex -18.060660171779823 -7.310660171779821 17
      vertex -18.94834414499055 -8.531217896800094 19
    endloop
  endfacet
  facet normal 0.4954126257809088 0.6284279199167703 0.599703826639406
    outer loop
      vertex -17.974172072495275 -7.390608948400047 17
      vertex -18.76335575687742 -8.677050983124843 19
      vertex -17.88167787843871 -7.463525491562422 17
    endloop
  endfacet
  facet normal 0.2172126317188468 0.7701778969405877 0.5997038266394056
    outer loop
      vertex -17.46352549156242 -7.6765847744427305 17
      vertex -17.700336091567717 -9.167109761193029 19
      vertex -17.350168045783857 -7.708554880596514 17
    endloop
  endfacet
  facet normal 0.2769704990098532 0.7507613888528678 0.5997038266394054
    outer loop
      vertex -17.574025148547634 -7.63581929876693 17
      vertex -17.927050983124843 -9.103169548885461 19
      vertex -17.46352549156242 -7.6765847744427305 17
    endloop
  endfacet
  facet normal 0.15611557632278794 0.7848460021835225 0.5997038266394056
    outer loop
      vertex -17.350168045783857 -7.708554880596514 17
      vertex -17.469303395120694 -9.213065021785413 19
      vertex -17.234651697560345 -7.731532510892706 17
    endloop
  endfacet
  facet normal 0.09405601648498971 0.7946752708352193 0.5997038266394056
    outer loop
      vertex -17.234651697560345 -7.731532510892706 17
      vertex -17.235377287183535 -9.240752001199384 19
      vertex -17.117688643591766 -7.745376000599692 17
    endloop
  endfacet
  facet normal -0.03141657002876053 0.799605102185874 0.5997038266394055
    outer loop
      vertex -16.882311356408234 -7.745376000599692 17
      vertex -17 -9.25 19
      vertex -16.764622712816465 -9.240752001199384 19
    endloop
  endfacet
  facet normal -0.09405601648498971 0.7946752708352193 0.5997038266394056
    outer loop
      vertex -16.765348302439655 -7.731532510892706 17
      vertex -16.764622712816465 -9.240752001199384 19
      vertex -16.530696604879306 -9.213065021785413 19
    endloop
  endfacet
  facet normal -0.15611557632278794 0.7848460021835225 0.5997038266394055
    outer loop
      vertex -16.649831954216143 -7.708554880596514 17
      vertex -16.530696604879306 -9.213065021785413 19
      vertex -16.299663908432283 -9.167109761193029 19
    endloop
  endfacet
  facet normal -0.21721263171885 0.7701778969405869 0.5997038266394054
    outer loop
      vertex -16.53647450843758 -7.6765847744427305 17
      vertex -16.299663908432283 -9.167109761193029 19
      vertex -16.072949016875157 -9.103169548885461 19
    endloop
  endfacet
  facet normal -0.27697049900985127 0.7507613888528685 0.5997038266394055
    outer loop
      vertex -16.425974851452366 -7.63581929876693 17
      vertex -16.072949016875157 -9.103169548885461 19
      vertex -15.851949702904731 -9.02163859753386 19
    endloop
  endfacet
  facet normal -0.33502075107240964 0.7267161871493799 0.5997038266394054
    outer loop
      vertex -16.31901425039068 -7.5865097862825515 17
      vertex -15.851949702904731 -9.02163859753386 19
      vertex -15.63802850078136 -8.923019572565103 19
    endloop
  endfacet
  facet normal -0.39100548879890296 0.6981905384944606 0.5997038266394055
    outer loop
      vertex -16.216252152926078 -7.528960246531138 17
      vertex -15.63802850078136 -8.923019572565103 19
      vertex -15.432504305852154 -8.807920493062277 19
    endloop
  endfacet
  facet normal 0.031416570028761005 0.7996051021858739 0.5997038266394055
    outer loop
      vertex -17.117688643591766 -7.745376000599692 17
      vertex -17 -9.25 19
      vertex -17 -7.75 17
    endloop
  endfacet
  facet normal -0.031416570028761005 0.7996051021858739 0.5997038266394055
    outer loop
      vertex -17 -7.75 17
      vertex -17 -9.25 19
      vertex -16.882311356408234 -7.745376000599692 17
    endloop
  endfacet
  facet normal -0.09405601648498971 0.7946752708352193 0.5997038266394055
    outer loop
      vertex -16.882311356408234 -7.745376000599692 17
      vertex -16.764622712816465 -9.240752001199384 19
      vertex -16.765348302439655 -7.731532510892706 17
    endloop
  endfacet
  facet normal -0.15611557632278794 0.7848460021835225 0.5997038266394055
    outer loop
      vertex -16.765348302439655 -7.731532510892706 17
      vertex -16.530696604879306 -9.213065021785413 19
      vertex -16.649831954216143 -7.708554880596514 17
    endloop
  endfacet
  facet normal -0.2172126317188468 0.7701778969405877 0.5997038266394056
    outer loop
      vertex -16.649831954216143 -7.708554880596514 17
      vertex -16.299663908432283 -9.167109761193029 19
      vertex -16.53647450843758 -7.6765847744427305 17
    endloop
  endfacet
  facet normal -0.27697049900985315 0.7507613888528677 0.5997038266394054
    outer loop
      vertex -16.53647450843758 -7.6765847744427305 17
      vertex -16.072949016875157 -9.103169548885461 19
      vertex -16.425974851452366 -7.63581929876693 17
    endloop
  endfacet
  facet normal -0.3350207510724073 0.7267161871493809 0.5997038266394056
    outer loop
      vertex -16.425974851452366 -7.63581929876693 17
      vertex -15.851949702904731 -9.02163859753386 19
      vertex -16.31901425039068 -7.5865097862825515 17
    endloop
  endfacet
  facet normal -0.39100548879890556 0.6981905384944593 0.5997038266394055
    outer loop
      vertex -16.31901425039068 -7.5865097862825515 17
      vertex -15.63802850078136 -8.923019572565103 19
      vertex -16.216252152926078 -7.528960246531138 17
    endloop
  endfacet
  facet normal -0.444579547664432 0.6653603129978094 0.5997038266394055
    outer loop
      vertex -16.216252152926078 -7.528960246531138 17
      vertex -15.432504305852154 -8.807920493062277 19
      vertex -16.11832212156129 -7.463525491562422 17
    endloop
  endfacet
  facet normal -0.4954126257809088 0.6284279199167703 0.599703826639406
    outer loop
      vertex -16.11832212156129 -7.463525491562422 17
      vertex -15.23664424312258 -8.677050983124843 19
      vertex -16.025827927504725 -7.390608948400047 17
    endloop
  endfacet
  facet normal 0 0 -1
    outer loop
      vertex -18.14805029709527 -9.02163859753386 19
      vertex -18.36197149921864 -8.923019572565103 19
      vertex -18.21352549156242 -7.13167787843871 19
    endloop
  endfacet
  facet normal 0 0 -1
    outer loop
      vertex -18.14805029709527 -9.02163859753386 19
      vertex -17.974172072495275 -7.390608948400047 19
      vertex -17.927050983124843 -9.103169548885461 19
    endloop
  endfacet
  facet normal 0 0 -1
    outer loop
      vertex -17.927050983124843 -9.103169548885461 19
      vertex -17.68098574960932 -7.5865097862825515 19
      vertex -17.700336091567717 -9.167109761193029 19
    endloop
  endfacet
  facet normal 0 0 -1
    outer loop
      vertex -17.700336091567717 -9.167109761193029 19
      vertex -17.46352549156242 -7.6765847744427305 19
      vertex -17.469303395120694 -9.213065021785413 19
    endloop
  endfacet
  facet normal 0 0 -1
    outer loop
      vertex -17.469303395120694 -9.213065021785413 19
      vertex -17.234651697560345 -7.731532510892706 19
      vertex -17.235377287183535 -9.240752001199384 19
    endloop
  endfacet
  facet normal 0 0 -1
    outer loop
      vertex -17.235377287183535 -9.240752001199384 19
      vertex -17 -7.75 19
      vertex -17 -9.25 19
    endloop
  endfacet
  facet normal 0 0 -1
    outer loop
      vertex -17.927050983124843 -9.103169548885461 19
      vertex -17.88167787843871 -7.463525491562422 19
      vertex -17.783747847073922 -7.528960246531138 19
    endloop
  endfacet
  facet normal 0 0 -1
    outer loop
      vertex -17.927050983124843 -9.103169548885461 19
      vertex -17.783747847073922 -7.528960246531138 19
      vertex -17.68098574960932 -7.5865097862825515 19
    endloop
  endfacet
  facet normal 0 0 -1
    outer loop
      vertex -18.14805029709527 -9.02163859753386 19
      vertex -18.060660171779823 -7.310660171779821 19
      vertex -17.974172072495275 -7.390608948400047 19
    endloop
  endfacet
  facet normal 0 0 -1
    outer loop
      vertex -18.14805029709527 -9.02163859753386 19
      vertex -18.140608948400047 -7.224172072495276 19
      vertex -18.060660171779823 -7.310660171779821 19
    endloop
  endfacet
  facet normal 0 0 -1
    outer loop
      vertex -18.36197149921864 -8.923019572565103 19
      vertex -18.27896024653114 -7.033747847073923 19
      vertex -18.21352549156242 -7.13167787843871 19
    endloop
  endfacet
  facet normal 0 0 -1
    outer loop
      vertex -18.14805029709527 -9.02163859753386 19
      vertex -18.21352549156242 -7.13167787843871 19
      vertex -18.140608948400047 -7.224172072495276 19
    endloop
  endfacet
  facet normal 0 0 -1
    outer loop
      vertex -17.927050983124843 -9.103169548885461 19
      vertex -17.974172072495275 -7.390608948400047 19
      vertex -17.88167787843871 -7.463525491562422 19
    endloop
  endfacet
  facet normal 0 0 -1
    outer loop
      vertex -17.469303395120694 -9.213065021785413 19
      vertex -17.46352549156242 -7.6765847744427305 19
      vertex -17.350168045783857 -7.708554880596514 19
    endloop
  endfacet
  facet normal 0 0 -1
    outer loop
      vertex -17.700336091567717 -9.167109761193029 19
      vertex -17.68098574960932 -7.5865097862825515 19
      vertex -17.574025148547634 -7.63581929876693 19
    endloop
  endfacet
  facet normal 0 0 -1
    outer loop
      vertex -17.700336091567717 -9.167109761193029 19
      vertex -17.574025148547634 -7.63581929876693 19
      vertex -17.46352549156242 -7.6765847744427305 19
    endloop
  endfacet
  facet normal 0 0 -1
    outer loop
      vertex -17.469303395120694 -9.213065021785413 19
      vertex -17.350168045783857 -7.708554880596514 19
      vertex -17.234651697560345 -7.731532510892706 19
    endloop
  endfacet
  facet normal 0 0 -1
    outer loop
      vertex -17.235377287183535 -9.240752001199384 19
      vertex -17.234651697560345 -7.731532510892706 19
      vertex -17.117688643591766 -7.745376000599692 19
    endloop
  endfacet
  facet normal 0 0 -1
    outer loop
      vertex -17.235377287183535 -9.240752001199384 19
      vertex -17.117688643591766 -7.745376000599692 19
      vertex -17 -7.75 19
    endloop
  endfacet
  facet normal 0 0 -1
    outer loop
      vertex -17 -9.25 19
      vertex -16.882311356408234 -7.745376000599692 19
      vertex -16.764622712816465 -9.240752001199384 19
    endloop
  endfacet
  facet normal 0 0 -1
    outer loop
      vertex -16.764622712816465 -9.240752001199384 19
      vertex -16.649831954216143 -7.708554880596514 19
      vertex -16.530696604879306 -9.213065021785413 19
    endloop
  endfacet
  facet normal 0 0 -1
    outer loop
      vertex -16.530696604879306 -9.213065021785413 19
      vertex -16.425974851452366 -7.63581929876693 19
      vertex -16.299663908432283 -9.167109761193029 19
    endloop
  endfacet
  facet normal 0 0 -1
    outer loop
      vertex -16.299663908432283 -9.167109761193029 19
      vertex -16.216252152926078 -7.528960246531138 19
      vertex -16.072949016875157 -9.103169548885461 19
    endloop
  endfacet
  facet normal 0 0 -1
    outer loop
      vertex -16.072949016875157 -9.103169548885461 19
      vertex -16.025827927504725 -7.390608948400047 19
      vertex -15.851949702904731 -9.02163859753386 19
    endloop
  endfacet
  facet normal 0 0 -1
    outer loop
      vertex -15.851949702904731 -9.02163859753386 19
      vertex -15.786474508437578 -7.13167787843871 19
      vertex -15.63802850078136 -8.923019572565103 19
    endloop
  endfacet
  facet normal 0 0 -1
    outer loop
      vertex -17 -9.25 19
      vertex -17 -7.75 19
      vertex -16.882311356408234 -7.745376000599692 19
    endloop
  endfacet
  facet normal 0 0 -1
    outer loop
      vertex -16.764622712816465 -9.240752001199384 19
      vertex -16.882311356408234 -7.745376000599692 19
      vertex -16.765348302439655 -7.731532510892706 19
    endloop
  endfacet
  facet normal 0 0 -1
    outer loop
      vertex -16.764622712816465 -9.240752001199384 19
      vertex -16.765348302439655 -7.731532510892706 19
      vertex -16.649831954216143 -7.708554880596514 19
    endloop
  endfacet
  facet normal 0 0 -1
    outer loop
      vertex -16.530696604879306 -9.213065021785413 19
      vertex -16.649831954216143 -7.708554880596514 19
      vertex -16.53647450843758 -7.6765847744427305 19
    endloop
  endfacet
  facet normal 0 0 -1
    outer loop
      vertex -16.530696604879306 -9.213065021785413 19
      vertex -16.53647450843758 -7.6765847744427305 19
      vertex -16.425974851452366 -7.63581929876693 19
    endloop
  endfacet
  facet normal 0 0 -1
    outer loop
      vertex -16.299663908432283 -9.167109761193029 19
      vertex -16.425974851452366 -7.63581929876693 19
      vertex -16.31901425039068 -7.5865097862825515 19
    endloop
  endfacet
  facet normal 0 0 -1
    outer loop
      vertex -16.299663908432283 -9.167109761193029 19
      vertex -16.31901425039068 -7.5865097862825515 19
      vertex -16.216252152926078 -7.528960246531138 19
    endloop
  endfacet
  facet normal 0 0 -1
    outer loop
      vertex -16.072949016875157 -9.103169548885461 19
      vertex -16.216252152926078 -7.528960246531138 19
      vertex -16.11832212156129 -7.463525491562422 19
    endloop
  endfacet
  facet normal 0 0 -1
    outer loop
      vertex -16.072949016875157 -9.103169548885461 19
      vertex -16.11832212156129 -7.463525491562422 19
      vertex -16.025827927504725 -7.390608948400047 19
    endloop
  endfacet
  facet normal 0 0 -1
    outer loop
      vertex -15.851949702904731 -9.02163859753386 19
      vertex -16.025827927504725 -7.390608948400047 19
      vertex -15.939339828220179 -7.310660171779821 19
    endloop
  endfacet
  facet normal 0 0 -1
    outer loop
      vertex -15.851949702904731 -9.02163859753386 19
      vertex -15.939339828220179 -7.310660171779821 19
      vertex -15.859391051599953 -7.224172072495276 19
    endloop
  endfacet
  facet normal 0 0 -1
    outer loop
      vertex -15.851949702904731 -9.02163859753386 19
      vertex -15.859391051599953 -7.224172072495276 19
      vertex -15.786474508437578 -7.13167787843871 19
    endloop
  endfacet
  facet normal 0.587621059735955 0.5431913203180329 0.5997038266394049
    outer loop
      vertex -18.140608948400047 -7.224172072495276 17
      vertex -19.121320343559642 -8.371320343559642 19
      vertex -18.060660171779823 -7.310660171779821 17
    endloop
  endfacet
  facet normal 0.6284279199167682 0.49541262578091183 0.5997038266394056
    outer loop
      vertex -18.140608948400047 -7.224172072495276 17
      vertex -18.21352549156242 -7.13167787843871 17
      vertex -19.427050983124843 -8.01335575687742 19
    endloop
  endfacet
  facet normal 0.6981905384944606 0.39100548879890296 0.5997038266394054
    outer loop
      vertex -18.27896024653114 -7.033747847073923 17
      vertex -18.33650978628255 -6.93098574960932 17
      vertex -19.673019572565103 -7.61197149921864 19
    endloop
  endfacet
  facet normal 0.7267161871493824 0.33502075107240475 0.5997038266394054
    outer loop
      vertex -19.771638597533858 -7.398050297095269 19
      vertex -18.33650978628255 -6.93098574960932 17
      vertex -18.38581929876693 -6.824025148547634 17
    endloop
  endfacet
  facet normal 0.6653603129978113 0.4445795476644292 0.5997038266394055
    outer loop
      vertex -18.21352549156242 -7.13167787843871 17
      vertex -18.27896024653114 -7.033747847073923 17
      vertex -19.557920493062277 -7.817495694147846 19
    endloop
  endfacet
  facet normal 0.6653603129978113 0.4445795476644292 0.5997038266394055
    outer loop
      vertex -18.21352549156242 -7.13167787843871 17
      vertex -19.557920493062277 -7.817495694147846 19
      vertex -19.427050983124843 -8.01335575687742 19
    endloop
  endfacet
  facet normal 0.6981905384944608 0.391005488798903 0.5997038266394052
    outer loop
      vertex -18.27896024653114 -7.033747847073923 17
      vertex -19.673019572565103 -7.61197149921864 19
      vertex -19.557920493062277 -7.817495694147846 19
    endloop
  endfacet
  facet normal 0.7267161871493824 0.33502075107240475 0.5997038266394054
    outer loop
      vertex -19.673019572565103 -7.61197149921864 19
      vertex -18.33650978628255 -6.93098574960932 17
      vertex -19.771638597533858 -7.398050297095269 19
    endloop
  endfacet
  facet normal 0.7507613888528669 0.2769704990098556 0.5997038266394054
    outer loop
      vertex -19.771638597533858 -7.398050297095269 19
      vertex -18.38581929876693 -6.824025148547634 17
      vertex -19.85316954888546 -7.177050983124842 19
    endloop
  endfacet
  facet normal 0.7507613888528674 0.27697049900985465 0.5997038266394052
    outer loop
      vertex -19.85316954888546 -7.177050983124842 19
      vertex -18.38581929876693 -6.824025148547634 17
      vertex -18.42658477444273 -6.713525491562421 17
    endloop
  endfacet
  facet normal 0.7701778969405838 0.2172126317188629 0.5997038266394046
    outer loop
      vertex -19.91710976119303 -6.950336091567716 19
      vertex -18.42658477444273 -6.713525491562421 17
      vertex -18.458554880596516 -6.6001680457838585 17
    endloop
  endfacet
  facet normal 0.7848460021835253 0.1561155763227704 0.5997038266394064
    outer loop
      vertex -18.458554880596516 -6.6001680457838585 17
      vertex -18.481532510892706 -6.484651697560347 17
      vertex -19.963065021785415 -6.719303395120693 19
    endloop
  endfacet
  facet normal 0.7946752708352196 0.09405601648498974 0.5997038266394052
    outer loop
      vertex -18.481532510892706 -6.484651697560347 17
      vertex -18.49537600059969 -6.367688643591768 17
      vertex -19.990752001199382 -6.4853772871835345 19
    endloop
  endfacet
  facet normal 0.7701778969405868 0.21721263171884997 0.5997038266394054
    outer loop
      vertex -19.85316954888546 -7.177050983124842 19
      vertex -18.42658477444273 -6.713525491562421 17
      vertex -19.91710976119303 -6.950336091567716 19
    endloop
  endfacet
  facet normal 0.7848460021835217 0.15611557632279383 0.599703826639405
    outer loop
      vertex -19.91710976119303 -6.950336091567716 19
      vertex -18.458554880596516 -6.6001680457838585 17
      vertex -19.963065021785415 -6.719303395120693 19
    endloop
  endfacet
  facet normal 0.7946752708352205 0.09405601648497777 0.5997038266394059
    outer loop
      vertex -18.481532510892706 -6.484651697560347 17
      vertex -19.990752001199382 -6.4853772871835345 19
      vertex -19.963065021785415 -6.719303395120693 19
    endloop
  endfacet
  facet normal 0 0 -1
    outer loop
      vertex -19.673019572565103 -7.61197149921864 19
      vertex -19.771638597533858 -7.398050297095269 19
      vertex -19.771638597533858 -5.101949702904731 19
    endloop
  endfacet
  facet normal 0 0 -1
    outer loop
      vertex -19.771638597533858 -7.398050297095269 19
      vertex -19.85316954888546 -7.177050983124842 19
      vertex -19.85316954888546 -5.322949016875158 19
    endloop
  endfacet
  facet normal 0 0 -1
    outer loop
      vertex -19.85316954888546 -7.177050983124842 19
      vertex -19.91710976119303 -6.950336091567716 19
      vertex -19.91710976119303 -5.549663908432284 19
    endloop
  endfacet
  facet normal 0 0 -1
    outer loop
      vertex -19.91710976119303 -6.950336091567716 19
      vertex -19.963065021785415 -6.719303395120693 19
      vertex -19.963065021785415 -5.780696604879307 19
    endloop
  endfacet
  facet normal 0 0 -1
    outer loop
      vertex -19.963065021785415 -6.719303395120693 19
      vertex -19.990752001199382 -6.4853772871835345 19
      vertex -19.990752001199382 -6.0146227128164655 19
    endloop
  endfacet
  facet normal 0 0 -1
    outer loop
      vertex -18.36197149921864 -8.923019572565103 19
      vertex -18.42658477444273 -6.713525491562421 19
      vertex -18.38581929876693 -6.824025148547634 19
    endloop
  endfacet
  facet normal 0 0 -1
    outer loop
      vertex -18.567495694147848 -8.807920493062277 19
      vertex -18.458554880596516 -6.6001680457838585 19
      vertex -18.42658477444273 -6.713525491562421 19
    endloop
  endfacet
  facet normal 0 0 -1
    outer loop
      vertex -18.76335575687742 -8.677050983124843 19
      vertex -18.94834414499055 -8.531217896800094 19
      vertex -18.94834414499055 -3.9687821031999073 19
    endloop
  endfacet
  facet normal 0 0 -1
    outer loop
      vertex -18.567495694147848 -8.807920493062277 19
      vertex -18.481532510892706 -6.484651697560347 19
      vertex -18.458554880596516 -6.6001680457838585 19
    endloop
  endfacet
  facet normal 0 0 -1
    outer loop
      vertex -18.567495694147848 -8.807920493062277 19
      vertex -18.49537600059969 -6.367688643591768 19
      vertex -18.481532510892706 -6.484651697560347 19
    endloop
  endfacet
  facet normal 0 0 -1
    outer loop
      vertex -18.76335575687742 -8.677050983124843 19
      vertex -18.76335575687742 -3.8229490168751576 19
      vertex -18.567495694147848 -8.807920493062277 19
    endloop
  endfacet
  facet normal 0 0 -1
    outer loop
      vertex -18.567495694147848 -8.807920493062277 19
      vertex -18.5 -6.25 19
      vertex -18.49537600059969 -6.367688643591768 19
    endloop
  endfacet
  facet normal 0 0 -1
    outer loop
      vertex -19.281217896800094 -8.198344144990552 19
      vertex -19.427050983124843 -8.01335575687742 19
      vertex -19.427050983124843 -4.486644243122581 19
    endloop
  endfacet
  facet normal 0 0 -1
    outer loop
      vertex -19.557920493062277 -7.817495694147846 19
      vertex -19.673019572565103 -7.61197149921864 19
      vertex -19.673019572565103 -4.88802850078136 19
    endloop
  endfacet
  facet normal 0 0 -1
    outer loop
      vertex -19.427050983124843 -8.01335575687742 19
      vertex -19.557920493062277 -7.817495694147846 19
      vertex -19.557920493062277 -4.682504305852154 19
    endloop
  endfacet
  facet normal 0 0 -1
    outer loop
      vertex -19.121320343559642 -8.371320343559642 19
      vertex -19.281217896800094 -8.198344144990552 19
      vertex -19.281217896800094 -4.301655855009449 19
    endloop
  endfacet
  facet normal 0 0 -1
    outer loop
      vertex -18.94834414499055 -8.531217896800094 19
      vertex -19.121320343559642 -8.371320343559642 19
      vertex -19.121320343559642 -4.128679656440357 19
    endloop
  endfacet
  facet normal 0.7996051021858738 0.031416570028766556 0.5997038266394054
    outer loop
      vertex -18.49537600059969 -6.367688643591768 17
      vertex -18.5 -6.25 17
      vertex -20 -6.25 19
    endloop
  endfacet
  facet normal 0.7996051021858738 -0.031416570028766556 0.5997038266394054
    outer loop
      vertex -18.5 -6.25 17
      vertex -18.49537600059969 -6.132311356408232 17
      vertex -20 -6.25 19
    endloop
  endfacet
  facet normal 0.7946752708352196 -0.09405601648498974 0.5997038266394054
    outer loop
      vertex -18.49537600059969 -6.132311356408232 17
      vertex -18.481532510892706 -6.015348302439653 17
      vertex -19.990752001199382 -6.0146227128164655 19
    endloop
  endfacet
  facet normal 0.7848460021835253 -0.1561155763227704 0.5997038266394064
    outer loop
      vertex -18.481532510892706 -6.015348302439653 17
      vertex -18.458554880596516 -5.8998319542161415 17
      vertex -19.963065021785415 -5.780696604879307 19
    endloop
  endfacet
  facet normal 0.7996051021858738 0.03141657002876668 0.5997038266394054
    outer loop
      vertex -18.49537600059969 -6.367688643591768 17
      vertex -20 -6.25 19
      vertex -19.990752001199382 -6.4853772871835345 19
    endloop
  endfacet
  facet normal 0.7996051021858738 -0.03141657002876668 0.5997038266394054
    outer loop
      vertex -18.49537600059969 -6.132311356408232 17
      vertex -19.990752001199382 -6.0146227128164655 19
      vertex -20 -6.25 19
    endloop
  endfacet
  facet normal 0.7946752708352205 -0.09405601648497777 0.5997038266394059
    outer loop
      vertex -18.481532510892706 -6.015348302439653 17
      vertex -19.963065021785415 -5.780696604879307 19
      vertex -19.990752001199382 -6.0146227128164655 19
    endloop
  endfacet
  facet normal 0.7701778969405838 -0.2172126317188629 0.5997038266394047
    outer loop
      vertex -18.458554880596516 -5.8998319542161415 17
      vertex -18.42658477444273 -5.786474508437579 17
      vertex -19.91710976119303 -5.549663908432284 19
    endloop
  endfacet
  facet normal 0.7507613888528673 -0.2769704990098546 0.5997038266394054
    outer loop
      vertex -18.42658477444273 -5.786474508437579 17
      vertex -18.38581929876693 -5.675974851452366 17
      vertex -19.85316954888546 -5.322949016875158 19
    endloop
  endfacet
  facet normal 0.7267161871493824 -0.33502075107240475 0.5997038266394054
    outer loop
      vertex -18.38581929876693 -5.675974851452366 17
      vertex -18.33650978628255 -5.56901425039068 17
      vertex -19.771638597533858 -5.101949702904731 19
    endloop
  endfacet
  facet normal 0.6981905384944606 -0.39100548879890296 0.5997038266394054
    outer loop
      vertex -18.33650978628255 -5.56901425039068 17
      vertex -18.27896024653114 -5.466252152926077 17
      vertex -19.673019572565103 -4.88802850078136 19
    endloop
  endfacet
  facet normal 0.6653603129978113 -0.4445795476644292 0.5997038266394055
    outer loop
      vertex -18.27896024653114 -5.466252152926077 17
      vertex -18.21352549156242 -5.36832212156129 17
      vertex -19.557920493062277 -4.682504305852154 19
    endloop
  endfacet
  facet normal 0.7848460021835216 -0.1561155763227938 0.5997038266394049
    outer loop
      vertex -18.458554880596516 -5.8998319542161415 17
      vertex -19.91710976119303 -5.549663908432284 19
      vertex -19.963065021785415 -5.780696604879307 19
    endloop
  endfacet
  facet normal 0.7701778969405869 -0.21721263171885 0.5997038266394054
    outer loop
      vertex -18.42658477444273 -5.786474508437579 17
      vertex -19.85316954888546 -5.322949016875158 19
      vertex -19.91710976119303 -5.549663908432284 19
    endloop
  endfacet
  facet normal 0.7507613888528669 -0.2769704990098556 0.5997038266394052
    outer loop
      vertex -18.38581929876693 -5.675974851452366 17
      vertex -19.771638597533858 -5.101949702904731 19
      vertex -19.85316954888546 -5.322949016875158 19
    endloop
  endfacet
  facet normal 0.7267161871493824 -0.33502075107240475 0.5997038266394054
    outer loop
      vertex -18.33650978628255 -5.56901425039068 17
      vertex -19.673019572565103 -4.88802850078136 19
      vertex -19.771638597533858 -5.101949702904731 19
    endloop
  endfacet
  facet normal 0 0 -1
    outer loop
      vertex -19.990752001199382 -6.4853772871835345 19
      vertex -20 -6.25 19
      vertex -19.990752001199382 -6.0146227128164655 19
    endloop
  endfacet
  facet normal 0 0 -1
    outer loop
      vertex -19.963065021785415 -6.719303395120693 19
      vertex -19.990752001199382 -6.0146227128164655 19
      vertex -19.963065021785415 -5.780696604879307 19
    endloop
  endfacet
  facet normal 0 0 -1
    outer loop
      vertex -19.91710976119303 -6.950336091567716 19
      vertex -19.963065021785415 -5.780696604879307 19
      vertex -19.91710976119303 -5.549663908432284 19
    endloop
  endfacet
  facet normal 0 0 -1
    outer loop
      vertex -19.85316954888546 -7.177050983124842 19
      vertex -19.91710976119303 -5.549663908432284 19
      vertex -19.85316954888546 -5.322949016875158 19
    endloop
  endfacet
  facet normal 0 0 -1
    outer loop
      vertex -19.771638597533858 -7.398050297095269 19
      vertex -19.85316954888546 -5.322949016875158 19
      vertex -19.771638597533858 -5.101949702904731 19
    endloop
  endfacet
  facet normal 0 0 -1
    outer loop
      vertex -19.673019572565103 -7.61197149921864 19
      vertex -19.771638597533858 -5.101949702904731 19
      vertex -19.673019572565103 -4.88802850078136 19
    endloop
  endfacet
  facet normal 0 0 -1
    outer loop
      vertex -19.557920493062277 -7.817495694147846 19
      vertex -19.673019572565103 -4.88802850078136 19
      vertex -19.557920493062277 -4.682504305852154 19
    endloop
  endfacet
  facet normal 0 0 -1
    outer loop
      vertex -18.567495694147848 -8.807920493062277 19
      vertex -18.567495694147848 -3.6920795069377235 19
      vertex -18.5 -6.25 19
    endloop
  endfacet
  facet normal 0 0 -1
    outer loop
      vertex -19.427050983124843 -8.01335575687742 19
      vertex -19.557920493062277 -4.682504305852154 19
      vertex -19.427050983124843 -4.486644243122581 19
    endloop
  endfacet
  facet normal 0 0 -1
    outer loop
      vertex -19.281217896800094 -8.198344144990552 19
      vertex -19.427050983124843 -4.486644243122581 19
      vertex -19.281217896800094 -4.301655855009449 19
    endloop
  endfacet
  facet normal 0 0 -1
    outer loop
      vertex -19.121320343559642 -8.371320343559642 19
      vertex -19.281217896800094 -4.301655855009449 19
      vertex -19.121320343559642 -4.128679656440357 19
    endloop
  endfacet
  facet normal 0 0 -1
    outer loop
      vertex -18.94834414499055 -8.531217896800094 19
      vertex -19.121320343559642 -4.128679656440357 19
      vertex -18.94834414499055 -3.9687821031999073 19
    endloop
  endfacet
  facet normal 0 0 -1
    outer loop
      vertex -18.76335575687742 -8.677050983124843 19
      vertex -18.94834414499055 -3.9687821031999073 19
      vertex -18.76335575687742 -3.8229490168751576 19
    endloop
  endfacet
  facet normal 0 0 -1
    outer loop
      vertex -18.567495694147848 -8.807920493062277 19
      vertex -18.76335575687742 -3.8229490168751576 19
      vertex -18.567495694147848 -3.6920795069377235 19
    endloop
  endfacet
  facet normal 0 0 -1
    outer loop
      vertex -18.5 -6.25 19
      vertex -18.567495694147848 -3.6920795069377235 19
      vertex -18.49537600059969 -6.132311356408232 19
    endloop
  endfacet
  facet normal 0 0 -1
    outer loop
      vertex -18.49537600059969 -6.132311356408232 19
      vertex -18.567495694147848 -3.6920795069377235 19
      vertex -18.481532510892706 -6.015348302439653 19
    endloop
  endfacet
  facet normal 0 0 -1
    outer loop
      vertex -18.481532510892706 -6.015348302439653 19
      vertex -18.567495694147848 -3.6920795069377235 19
      vertex -18.458554880596516 -5.8998319542161415 19
    endloop
  endfacet
  facet normal 0 0 -1
    outer loop
      vertex -18.458554880596516 -5.8998319542161415 19
      vertex -18.567495694147848 -3.6920795069377235 19
      vertex -18.42658477444273 -5.786474508437579 19
    endloop
  endfacet
  facet normal 0 0 -1
    outer loop
      vertex -18.36197149921864 -8.923019572565103 19
      vertex -18.33650978628255 -6.93098574960932 19
      vertex -18.27896024653114 -7.033747847073923 19
    endloop
  endfacet
  facet normal 0 0 -1
    outer loop
      vertex -18.36197149921864 -8.923019572565103 19
      vertex -18.38581929876693 -6.824025148547634 19
      vertex -18.33650978628255 -6.93098574960932 19
    endloop
  endfacet
  facet normal -0.543191320318036 0.5876210597359514 0.5997038266394057
    outer loop
      vertex -16.025827927504725 -7.390608948400047 17
      vertex -15.051655855009448 -8.531217896800094 19
      vertex -15.939339828220179 -7.310660171779821 17
    endloop
  endfacet
  facet normal -0.44457954766442914 0.6653603129978112 0.5997038266394057
    outer loop
      vertex -16.11832212156129 -7.463525491562422 17
      vertex -15.432504305852154 -8.807920493062277 19
      vertex -15.23664424312258 -8.677050983124843 19
    endloop
  endfacet
  facet normal -0.4954126257809118 0.628427919916768 0.5997038266394059
    outer loop
      vertex -16.025827927504725 -7.390608948400047 17
      vertex -15.23664424312258 -8.677050983124843 19
      vertex -15.051655855009448 -8.531217896800094 19
    endloop
  endfacet
  facet normal -0.5431913203180391 0.5876210597359486 0.5997038266394056
    outer loop
      vertex -15.939339828220179 -7.310660171779821 17
      vertex -15.051655855009448 -8.531217896800094 19
      vertex -14.878679656440358 -8.371320343559642 19
    endloop
  endfacet
  facet normal -0.5876210597359487 0.5431913203180391 0.5997038266394055
    outer loop
      vertex -15.859391051599953 -7.224172072495276 17
      vertex -14.878679656440358 -8.371320343559642 19
      vertex -14.718782103199906 -8.198344144990552 19
    endloop
  endfacet
  facet normal -0.628427919916768 0.4954126257809118 0.5997038266394057
    outer loop
      vertex -15.859391051599953 -7.224172072495276 17
      vertex -14.718782103199906 -8.198344144990552 19
      vertex -14.572949016875157 -8.01335575687742 19
    endloop
  endfacet
  facet normal 0 0 -1
    outer loop
      vertex -15.63802850078136 -8.923019572565103 19
      vertex -15.614180701233071 -6.824025148547634 19
      vertex -15.432504305852154 -8.807920493062277 19
    endloop
  endfacet
  facet normal 0 0 -1
    outer loop
      vertex -15.63802850078136 -8.923019572565103 19
      vertex -15.786474508437578 -7.13167787843871 19
      vertex -15.721039753468862 -7.033747847073923 19
    endloop
  endfacet
  facet normal -0.5876210597359487 0.5431913203180391 0.5997038266394055
    outer loop
      vertex -15.939339828220179 -7.310660171779821 17
      vertex -14.878679656440358 -8.371320343559642 19
      vertex -15.859391051599953 -7.224172072495276 17
    endloop
  endfacet
  facet normal -0.6284279199167682 0.49541262578091183 0.5997038266394056
    outer loop
      vertex -15.859391051599953 -7.224172072495276 17
      vertex -14.572949016875157 -8.01335575687742 19
      vertex -15.786474508437578 -7.13167787843871 17
    endloop
  endfacet
  facet normal -0.6653603129978113 0.4445795476644292 0.5997038266394055
    outer loop
      vertex -15.786474508437578 -7.13167787843871 17
      vertex -14.442079506937723 -7.817495694147846 19
      vertex -15.721039753468862 -7.033747847073923 17
    endloop
  endfacet
  facet normal -0.6981905384944606 0.39100548879890296 0.5997038266394054
    outer loop
      vertex -15.721039753468862 -7.033747847073923 17
      vertex -14.326980427434897 -7.61197149921864 19
      vertex -15.663490213717449 -6.93098574960932 17
    endloop
  endfacet
  facet normal -0.726716187149382 0.33502075107240453 0.5997038266394057
    outer loop
      vertex -15.663490213717449 -6.93098574960932 17
      vertex -14.22836140246614 -7.398050297095269 19
      vertex -15.614180701233071 -6.824025148547634 17
    endloop
  endfacet
  facet normal -0.6653603129978113 0.4445795476644292 0.5997038266394055
    outer loop
      vertex -15.786474508437578 -7.13167787843871 17
      vertex -14.572949016875157 -8.01335575687742 19
      vertex -14.442079506937723 -7.817495694147846 19
    endloop
  endfacet
  facet normal -0.6981905384944608 0.391005488798903 0.5997038266394052
    outer loop
      vertex -15.721039753468862 -7.033747847073923 17
      vertex -14.442079506937723 -7.817495694147846 19
      vertex -14.326980427434897 -7.61197149921864 19
    endloop
  endfacet
  facet normal -0.7267161871493799 0.33502075107240964 0.5997038266394054
    outer loop
      vertex -15.663490213717449 -6.93098574960932 17
      vertex -14.326980427434897 -7.61197149921864 19
      vertex -14.22836140246614 -7.398050297095269 19
    endloop
  endfacet
  facet normal -0.7507613888528687 0.2769704990098502 0.5997038266394056
    outer loop
      vertex -15.614180701233071 -6.824025148547634 17
      vertex -14.22836140246614 -7.398050297095269 19
      vertex -14.146830451114539 -7.177050983124842 19
    endloop
  endfacet
  facet normal -0.7507613888528673 0.2769704990098546 0.5997038266394054
    outer loop
      vertex -15.614180701233071 -6.824025148547634 17
      vertex -14.146830451114539 -7.177050983124842 19
      vertex -15.57341522555727 -6.713525491562421 17
    endloop
  endfacet
  facet normal -0.7701778969405866 0.2172126317188516 0.5997038266394052
    outer loop
      vertex -15.57341522555727 -6.713525491562421 17
      vertex -14.082890238806971 -6.950336091567716 19
      vertex -15.541445119403486 -6.6001680457838585 17
    endloop
  endfacet
  facet normal -0.7848460021835216 0.1561155763227938 0.5997038266394049
    outer loop
      vertex -15.541445119403486 -6.6001680457838585 17
      vertex -14.036934978214587 -6.719303395120693 19
      vertex -15.518467489107293 -6.484651697560347 17
    endloop
  endfacet
  facet normal -0.7946752708352205 0.09405601648497777 0.5997038266394059
    outer loop
      vertex -15.518467489107293 -6.484651697560347 17
      vertex -14.009247998800616 -6.4853772871835345 19
      vertex -15.504623999400309 -6.367688643591768 17
    endloop
  endfacet
  facet normal -0.7701778969405869 0.21721263171885 0.5997038266394054
    outer loop
      vertex -15.57341522555727 -6.713525491562421 17
      vertex -14.146830451114539 -7.177050983124842 19
      vertex -14.082890238806971 -6.950336091567716 19
    endloop
  endfacet
  facet normal -0.7848460021835225 0.15611557632278794 0.5997038266394052
    outer loop
      vertex -15.541445119403486 -6.6001680457838585 17
      vertex -14.082890238806971 -6.950336091567716 19
      vertex -14.036934978214587 -6.719303395120693 19
    endloop
  endfacet
  facet normal -0.7946752708352196 0.09405601648498974 0.5997038266394052
    outer loop
      vertex -15.518467489107293 -6.484651697560347 17
      vertex -14.036934978214587 -6.719303395120693 19
      vertex -14.009247998800616 -6.4853772871835345 19
    endloop
  endfacet
  facet normal 0 0 -1
    outer loop
      vertex -15.63802850078136 -8.923019572565103 19
      vertex -15.721039753468862 -7.033747847073923 19
      vertex -15.663490213717449 -6.93098574960932 19
    endloop
  endfacet
  facet normal 0 0 -1
    outer loop
      vertex -15.63802850078136 -8.923019572565103 19
      vertex -15.663490213717449 -6.93098574960932 19
      vertex -15.614180701233071 -6.824025148547634 19
    endloop
  endfacet
  facet normal 0 0 -1
    outer loop
      vertex -15.432504305852154 -8.807920493062277 19
      vertex -15.614180701233071 -6.824025148547634 19
      vertex -15.57341522555727 -6.713525491562421 19
    endloop
  endfacet
  facet normal 0 0 -1
    outer loop
      vertex -15.432504305852154 -8.807920493062277 19
      vertex -15.57341522555727 -6.713525491562421 19
      vertex -15.541445119403486 -6.6001680457838585 19
    endloop
  endfacet
  facet normal 0 0 -1
    outer loop
      vertex -15.432504305852154 -8.807920493062277 19
      vertex -15.541445119403486 -6.6001680457838585 19
      vertex -15.518467489107293 -6.484651697560347 19
    endloop
  endfacet
  facet normal 0 0 -1
    outer loop
      vertex -15.432504305852154 -8.807920493062277 19
      vertex -15.518467489107293 -6.484651697560347 19
      vertex -15.504623999400309 -6.367688643591768 19
    endloop
  endfacet
  facet normal 0 0 -1
    outer loop
      vertex -15.432504305852154 -8.807920493062277 19
      vertex -15.504623999400309 -6.367688643591768 19
      vertex -15.5 -6.25 19
    endloop
  endfacet
  facet normal 0 0 -1
    outer loop
      vertex -15.432504305852154 -8.807920493062277 19
      vertex -15.432504305852154 -3.6920795069377235 19
      vertex -15.23664424312258 -8.677050983124843 19
    endloop
  endfacet
  facet normal 0 0 -1
    outer loop
      vertex -15.23664424312258 -8.677050983124843 19
      vertex -15.23664424312258 -3.8229490168751576 19
      vertex -15.051655855009448 -8.531217896800094 19
    endloop
  endfacet
  facet normal 0 0 -1
    outer loop
      vertex -15.051655855009448 -8.531217896800094 19
      vertex -15.051655855009448 -3.9687821031999073 19
      vertex -14.878679656440358 -8.371320343559642 19
    endloop
  endfacet
  facet normal 0 0 -1
    outer loop
      vertex -14.878679656440358 -8.371320343559642 19
      vertex -14.878679656440358 -4.128679656440357 19
      vertex -14.718782103199906 -8.198344144990552 19
    endloop
  endfacet
  facet normal 0 0 -1
    outer loop
      vertex -14.718782103199906 -8.198344144990552 19
      vertex -14.718782103199906 -4.301655855009449 19
      vertex -14.572949016875157 -8.01335575687742 19
    endloop
  endfacet
  facet normal 0 0 -1
    outer loop
      vertex -14.572949016875157 -8.01335575687742 19
      vertex -14.572949016875157 -4.486644243122581 19
      vertex -14.442079506937723 -7.817495694147846 19
    endloop
  endfacet
  facet normal 0 0 -1
    outer loop
      vertex -14.442079506937723 -7.817495694147846 19
      vertex -14.442079506937723 -4.682504305852154 19
      vertex -14.326980427434897 -7.61197149921864 19
    endloop
  endfacet
  facet normal 0 0 -1
    outer loop
      vertex -14.326980427434897 -7.61197149921864 19
      vertex -14.326980427434897 -4.88802850078136 19
      vertex -14.22836140246614 -7.398050297095269 19
    endloop
  endfacet
  facet normal 0 0 -1
    outer loop
      vertex -14.22836140246614 -7.398050297095269 19
      vertex -14.22836140246614 -5.101949702904731 19
      vertex -14.146830451114539 -7.177050983124842 19
    endloop
  endfacet
  facet normal 0 0 -1
    outer loop
      vertex -14.146830451114539 -7.177050983124842 19
      vertex -14.146830451114539 -5.322949016875158 19
      vertex -14.082890238806971 -6.950336091567716 19
    endloop
  endfacet
  facet normal 0 0 -1
    outer loop
      vertex -14.082890238806971 -6.950336091567716 19
      vertex -14.082890238806971 -5.549663908432284 19
      vertex -14.036934978214587 -6.719303395120693 19
    endloop
  endfacet
  facet normal -0.7996051021858738 0.031416570028766556 0.5997038266394054
    outer loop
      vertex -15.504623999400309 -6.367688643591768 17
      vertex -14 -6.25 19
      vertex -15.5 -6.25 17
    endloop
  endfacet
  facet normal -0.7996051021858738 -0.031416570028766556 0.5997038266394054
    outer loop
      vertex -15.5 -6.25 17
      vertex -14 -6.25 19
      vertex -15.504623999400309 -6.132311356408232 17
    endloop
  endfacet
  facet normal -0.7946752708352205 -0.09405601648497777 0.5997038266394059
    outer loop
      vertex -15.504623999400309 -6.132311356408232 17
      vertex -14.009247998800616 -6.0146227128164655 19
      vertex -15.518467489107293 -6.015348302439653 17
    endloop
  endfacet
  facet normal -0.7848460021835216 -0.1561155763227938 0.5997038266394049
    outer loop
      vertex -15.518467489107293 -6.015348302439653 17
      vertex -14.036934978214587 -5.780696604879307 19
      vertex -15.541445119403486 -5.8998319542161415 17
    endloop
  endfacet
  facet normal -0.7996051021858738 0.031416570028760644 0.5997038266394057
    outer loop
      vertex -15.504623999400309 -6.367688643591768 17
      vertex -14.009247998800616 -6.4853772871835345 19
      vertex -14 -6.25 19
    endloop
  endfacet
  facet normal -0.7996051021858738 -0.031416570028760644 0.5997038266394057
    outer loop
      vertex -15.504623999400309 -6.132311356408232 17
      vertex -14 -6.25 19
      vertex -14.009247998800616 -6.0146227128164655 19
    endloop
  endfacet
  facet normal -0.7946752708352196 -0.09405601648498974 0.5997038266394052
    outer loop
      vertex -15.518467489107293 -6.015348302439653 17
      vertex -14.009247998800616 -6.0146227128164655 19
      vertex -14.036934978214587 -5.780696604879307 19
    endloop
  endfacet
  facet normal -0.7507613888528673 -0.2769704990098546 0.5997038266394054
    outer loop
      vertex -15.57341522555727 -5.786474508437579 17
      vertex -14.146830451114539 -5.322949016875158 19
      vertex -15.614180701233071 -5.675974851452366 17
    endloop
  endfacet
  facet normal -0.726716187149382 -0.33502075107240453 0.5997038266394057
    outer loop
      vertex -15.663490213717449 -5.56901425039068 17
      vertex -15.614180701233071 -5.675974851452366 17
      vertex -14.22836140246614 -5.101949702904731 19
    endloop
  endfacet
  facet normal -0.6981905384944606 -0.39100548879890296 0.5997038266394054
    outer loop
      vertex -15.663490213717449 -5.56901425039068 17
      vertex -14.326980427434897 -4.88802850078136 19
      vertex -15.721039753468862 -5.466252152926077 17
    endloop
  endfacet
  facet normal -0.6653603129978113 -0.4445795476644292 0.5997038266394055
    outer loop
      vertex -15.786474508437578 -5.36832212156129 17
      vertex -15.721039753468862 -5.466252152926077 17
      vertex -14.442079506937723 -4.682504305852154 19
    endloop
  endfacet
  facet normal -0.7701778969405866 -0.2172126317188516 0.5997038266394052
    outer loop
      vertex -15.541445119403486 -5.8998319542161415 17
      vertex -14.082890238806971 -5.549663908432284 19
      vertex -15.57341522555727 -5.786474508437579 17
    endloop
  endfacet
  facet normal -0.7848460021835225 -0.15611557632278794 0.5997038266394052
    outer loop
      vertex -15.541445119403486 -5.8998319542161415 17
      vertex -14.036934978214587 -5.780696604879307 19
      vertex -14.082890238806971 -5.549663908432284 19
    endloop
  endfacet
  facet normal -0.7701778969405869 -0.21721263171885 0.5997038266394054
    outer loop
      vertex -15.57341522555727 -5.786474508437579 17
      vertex -14.082890238806971 -5.549663908432284 19
      vertex -14.146830451114539 -5.322949016875158 19
    endloop
  endfacet
  facet normal -0.7507613888528687 -0.2769704990098502 0.5997038266394056
    outer loop
      vertex -15.614180701233071 -5.675974851452366 17
      vertex -14.146830451114539 -5.322949016875158 19
      vertex -14.22836140246614 -5.101949702904731 19
    endloop
  endfacet
  facet normal -0.7267161871493799 -0.33502075107240964 0.5997038266394054
    outer loop
      vertex -15.663490213717449 -5.56901425039068 17
      vertex -14.22836140246614 -5.101949702904731 19
      vertex -14.326980427434897 -4.88802850078136 19
    endloop
  endfacet
  facet normal 0 0 -1
    outer loop
      vertex -15.432504305852154 -8.807920493062277 19
      vertex -15.5 -6.25 19
      vertex -15.432504305852154 -3.6920795069377235 19
    endloop
  endfacet
  facet normal 0 0 -1
    outer loop
      vertex -15.5 -6.25 19
      vertex -15.504623999400309 -6.132311356408232 19
      vertex -15.432504305852154 -3.6920795069377235 19
    endloop
  endfacet
  facet normal 0 0 -1
    outer loop
      vertex -15.504623999400309 -6.132311356408232 19
      vertex -15.518467489107293 -6.015348302439653 19
      vertex -15.432504305852154 -3.6920795069377235 19
    endloop
  endfacet
  facet normal 0 0 -1
    outer loop
      vertex -15.541445119403486 -5.8998319542161415 19
      vertex -15.57341522555727 -5.786474508437579 19
      vertex -15.432504305852154 -3.6920795069377235 19
    endloop
  endfacet
  facet normal 0 0 -1
    outer loop
      vertex -15.518467489107293 -6.015348302439653 19
      vertex -15.541445119403486 -5.8998319542161415 19
      vertex -15.432504305852154 -3.6920795069377235 19
    endloop
  endfacet
  facet normal 0 0 -1
    outer loop
      vertex -15.23664424312258 -8.677050983124843 19
      vertex -15.432504305852154 -3.6920795069377235 19
      vertex -15.23664424312258 -3.8229490168751576 19
    endloop
  endfacet
  facet normal 0 0 -1
    outer loop
      vertex -15.051655855009448 -8.531217896800094 19
      vertex -15.23664424312258 -3.8229490168751576 19
      vertex -15.051655855009448 -3.9687821031999073 19
    endloop
  endfacet
  facet normal 0 0 -1
    outer loop
      vertex -14.878679656440358 -8.371320343559642 19
      vertex -15.051655855009448 -3.9687821031999073 19
      vertex -14.878679656440358 -4.128679656440357 19
    endloop
  endfacet
  facet normal 0 0 -1
    outer loop
      vertex -14.718782103199906 -8.198344144990552 19
      vertex -14.878679656440358 -4.128679656440357 19
      vertex -14.718782103199906 -4.301655855009449 19
    endloop
  endfacet
  facet normal 0 0 -1
    outer loop
      vertex -14.442079506937723 -7.817495694147846 19
      vertex -14.572949016875157 -4.486644243122581 19
      vertex -14.442079506937723 -4.682504305852154 19
    endloop
  endfacet
  facet normal 0 0 -1
    outer loop
      vertex -14.572949016875157 -8.01335575687742 19
      vertex -14.718782103199906 -4.301655855009449 19
      vertex -14.572949016875157 -4.486644243122581 19
    endloop
  endfacet
  facet normal 0 0 -1
    outer loop
      vertex -14.036934978214587 -6.719303395120693 19
      vertex -14.036934978214587 -5.780696604879307 19
      vertex -14.009247998800616 -6.4853772871835345 19
    endloop
  endfacet
  facet normal 0 0 -1
    outer loop
      vertex -14.009247998800616 -6.4853772871835345 19
      vertex -14.009247998800616 -6.0146227128164655 19
      vertex -14 -6.25 19
    endloop
  endfacet
  facet normal 0 0 -1
    outer loop
      vertex -14.009247998800616 -6.4853772871835345 19
      vertex -14.036934978214587 -5.780696604879307 19
      vertex -14.009247998800616 -6.0146227128164655 19
    endloop
  endfacet
  facet normal 0 0 -1
    outer loop
      vertex -14.146830451114539 -7.177050983124842 19
      vertex -14.22836140246614 -5.101949702904731 19
      vertex -14.146830451114539 -5.322949016875158 19
    endloop
  endfacet
  facet normal 0 0 -1
    outer loop
      vertex -14.22836140246614 -7.398050297095269 19
      vertex -14.326980427434897 -4.88802850078136 19
      vertex -14.22836140246614 -5.101949702904731 19
    endloop
  endfacet
  facet normal 0 0 -1
    outer loop
      vertex -14.036934978214587 -6.719303395120693 19
      vertex -14.082890238806971 -5.549663908432284 19
      vertex -14.036934978214587 -5.780696604879307 19
    endloop
  endfacet
  facet normal 0 0 -1
    outer loop
      vertex -14.082890238806971 -6.950336091567716 19
      vertex -14.146830451114539 -5.322949016875158 19
      vertex -14.082890238806971 -5.549663908432284 19
    endloop
  endfacet
  facet normal 0 0 -1
    outer loop
      vertex -14.326980427434897 -7.61197149921864 19
      vertex -14.442079506937723 -4.682504305852154 19
      vertex -14.326980427434897 -4.88802850078136 19
    endloop
  endfacet
  facet normal 0.6284279199167682 -0.49541262578091183 0.5997038266394055
    outer loop
      vertex -18.21352549156242 -5.36832212156129 17
      vertex -18.140608948400047 -5.275827927504724 17
      vertex -19.427050983124843 -4.486644243122581 19
    endloop
  endfacet
  facet normal 0.5876210597359549 -0.5431913203180327 0.5997038266394051
    outer loop
      vertex -18.140608948400047 -5.275827927504724 17
      vertex -18.060660171779823 -5.189339828220179 17
      vertex -19.121320343559642 -4.128679656440357 19
    endloop
  endfacet
  facet normal 0.6981905384944608 -0.391005488798903 0.5997038266394052
    outer loop
      vertex -18.27896024653114 -5.466252152926077 17
      vertex -19.557920493062277 -4.682504305852154 19
      vertex -19.673019572565103 -4.88802850078136 19
    endloop
  endfacet
  facet normal 0.6653603129978103 -0.44457954766443053 0.5997038266394054
    outer loop
      vertex -18.21352549156242 -5.36832212156129 17
      vertex -19.427050983124843 -4.486644243122581 19
      vertex -19.557920493062277 -4.682504305852154 19
    endloop
  endfacet
  facet normal 0.6284279199167683 -0.49541262578091194 0.5997038266394054
    outer loop
      vertex -18.140608948400047 -5.275827927504724 17
      vertex -19.281217896800094 -4.301655855009449 19
      vertex -19.427050983124843 -4.486644243122581 19
    endloop
  endfacet
  facet normal 0.5876210597359516 -0.5431913203180362 0.5997038266394052
    outer loop
      vertex -18.140608948400047 -5.275827927504724 17
      vertex -19.121320343559642 -4.128679656440357 19
      vertex -19.281217896800094 -4.301655855009449 19
    endloop
  endfacet
  facet normal 0.543191320318033 -0.5876210597359547 0.5997038266394052
    outer loop
      vertex -18.060660171779823 -5.189339828220179 17
      vertex -18.94834414499055 -3.9687821031999073 19
      vertex -19.121320343559642 -4.128679656440357 19
    endloop
  endfacet
  facet normal 0.49541262578091494 -0.628427919916766 0.5997038266394051
    outer loop
      vertex -17.974172072495275 -5.109391051599953 17
      vertex -18.76335575687742 -3.8229490168751576 19
      vertex -18.94834414499055 -3.9687821031999073 19
    endloop
  endfacet
  facet normal 0.4445795476644341 -0.6653603129978081 0.5997038266394057
    outer loop
      vertex -17.88167787843871 -5.036474508437578 17
      vertex -18.567495694147848 -3.6920795069377235 19
      vertex -18.76335575687742 -3.8229490168751576 19
    endloop
  endfacet
  facet normal 0 0 -1
    outer loop
      vertex -18.42658477444273 -5.786474508437579 19
      vertex -18.567495694147848 -3.6920795069377235 19
      vertex -18.38581929876693 -5.675974851452366 19
    endloop
  endfacet
  facet normal 0 0 -1
    outer loop
      vertex -18.38581929876693 -5.675974851452366 19
      vertex -18.567495694147848 -3.6920795069377235 19
      vertex -18.36197149921864 -3.576980427434896 19
    endloop
  endfacet
  facet normal 0.5431913203180301 -0.5876210597359571 0.5997038266394054
    outer loop
      vertex -18.060660171779823 -5.189339828220179 17
      vertex -17.974172072495275 -5.109391051599953 17
      vertex -18.94834414499055 -3.9687821031999073 19
    endloop
  endfacet
  facet normal 0.49541262578090883 -0.6284279199167704 0.5997038266394058
    outer loop
      vertex -17.974172072495275 -5.109391051599953 17
      vertex -17.88167787843871 -5.036474508437578 17
      vertex -18.76335575687742 -3.8229490168751576 19
    endloop
  endfacet
  facet normal 0.4445795476644318 -0.6653603129978092 0.5997038266394058
    outer loop
      vertex -17.88167787843871 -5.036474508437578 17
      vertex -17.783747847073922 -4.971039753468862 17
      vertex -18.567495694147848 -3.6920795069377235 19
    endloop
  endfacet
  facet normal 0.3910054887989055 -0.6981905384944592 0.5997038266394055
    outer loop
      vertex -17.783747847073922 -4.971039753468862 17
      vertex -17.68098574960932 -4.9134902137174485 17
      vertex -18.36197149921864 -3.576980427434896 19
    endloop
  endfacet
  facet normal 0.33502075107240714 -0.7267161871493806 0.5997038266394057
    outer loop
      vertex -17.68098574960932 -4.9134902137174485 17
      vertex -17.574025148547634 -4.86418070123307 17
      vertex -18.14805029709527 -3.47836140246614 19
    endloop
  endfacet
  facet normal 0.2769704990098532 -0.7507613888528678 0.5997038266394054
    outer loop
      vertex -17.574025148547634 -4.86418070123307 17
      vertex -17.46352549156242 -4.8234152255572695 17
      vertex -17.927050983124843 -3.3968304511145395 19
    endloop
  endfacet
  facet normal 0.21721263171884678 -0.7701778969405875 0.5997038266394058
    outer loop
      vertex -17.46352549156242 -4.8234152255572695 17
      vertex -17.350168045783857 -4.791445119403486 17
      vertex -17.700336091567717 -3.3328902388069706 19
    endloop
  endfacet
  facet normal 0.1561155763227879 -0.7848460021835223 0.5997038266394056
    outer loop
      vertex -17.350168045783857 -4.791445119403486 17
      vertex -17.234651697560345 -4.768467489107294 17
      vertex -17.469303395120694 -3.2869349782145867 19
    endloop
  endfacet
  facet normal 0.09405601648498972 -0.7946752708352195 0.5997038266394055
    outer loop
      vertex -17.234651697560345 -4.768467489107294 17
      vertex -17.117688643591766 -4.754623999400308 17
      vertex -17.235377287183535 -3.259247998800616 19
    endloop
  endfacet
  facet normal 0.3910054887989026 -0.6981905384944607 0.5997038266394057
    outer loop
      vertex -17.783747847073922 -4.971039753468862 17
      vertex -18.36197149921864 -3.576980427434896 19
      vertex -18.567495694147848 -3.6920795069377235 19
    endloop
  endfacet
  facet normal 0.3350207510724093 -0.7267161871493798 0.5997038266394056
    outer loop
      vertex -17.68098574960932 -4.9134902137174485 17
      vertex -18.14805029709527 -3.47836140246614 19
      vertex -18.36197149921864 -3.576980427434896 19
    endloop
  endfacet
  facet normal 0.27697049900984794 -0.7507613888528696 0.5997038266394055
    outer loop
      vertex -17.574025148547634 -4.86418070123307 17
      vertex -17.927050983124843 -3.3968304511145395 19
      vertex -18.14805029709527 -3.47836140246614 19
    endloop
  endfacet
  facet normal 0.21721263171885416 -0.7701778969405856 0.5997038266394054
    outer loop
      vertex -17.46352549156242 -4.8234152255572695 17
      vertex -17.700336091567717 -3.3328902388069706 19
      vertex -17.927050983124843 -3.3968304511145395 19
    endloop
  endfacet
  facet normal -0.49541262578090883 -0.6284279199167704 0.5997038266394058
    outer loop
      vertex -16.025827927504725 -5.109391051599953 17
      vertex -15.23664424312258 -3.8229490168751576 19
      vertex -16.11832212156129 -5.036474508437578 17
    endloop
  endfacet
  facet normal -0.444579547664432 -0.6653603129978094 0.5997038266394056
    outer loop
      vertex -16.11832212156129 -5.036474508437578 17
      vertex -15.432504305852154 -3.6920795069377235 19
      vertex -16.216252152926078 -4.971039753468862 17
    endloop
  endfacet
  facet normal -0.3910054887989055 -0.6981905384944592 0.5997038266394055
    outer loop
      vertex -16.31901425039068 -4.9134902137174485 17
      vertex -16.216252152926078 -4.971039753468862 17
      vertex -15.63802850078136 -3.576980427434896 19
    endloop
  endfacet
  facet normal 0.031416570028761005 -0.7996051021858739 0.5997038266394055
    outer loop
      vertex -17.117688643591766 -4.754623999400308 17
      vertex -17 -4.75 17
      vertex -17 -3.25 19
    endloop
  endfacet
  facet normal -0.031416570028761005 -0.7996051021858739 0.5997038266394055
    outer loop
      vertex -17 -4.75 17
      vertex -16.882311356408234 -4.754623999400308 17
      vertex -17 -3.25 19
    endloop
  endfacet
  facet normal -0.09405601648498972 -0.7946752708352195 0.5997038266394054
    outer loop
      vertex -16.882311356408234 -4.754623999400308 17
      vertex -16.765348302439655 -4.768467489107294 17
      vertex -16.764622712816465 -3.259247998800616 19
    endloop
  endfacet
  facet normal -0.1561155763227879 -0.7848460021835223 0.5997038266394056
    outer loop
      vertex -16.649831954216143 -4.791445119403486 17
      vertex -16.530696604879306 -3.2869349782145867 19
      vertex -16.765348302439655 -4.768467489107294 17
    endloop
  endfacet
  facet normal -0.21721263171884678 -0.7701778969405875 0.5997038266394058
    outer loop
      vertex -16.649831954216143 -4.791445119403486 17
      vertex -16.53647450843758 -4.8234152255572695 17
      vertex -16.299663908432283 -3.3328902388069706 19
    endloop
  endfacet
  facet normal -0.2769704990098532 -0.7507613888528678 0.5997038266394054
    outer loop
      vertex -16.425974851452366 -4.86418070123307 17
      vertex -16.072949016875157 -3.3968304511145395 19
      vertex -16.53647450843758 -4.8234152255572695 17
    endloop
  endfacet
  facet normal -0.3350207510724073 -0.7267161871493809 0.5997038266394056
    outer loop
      vertex -16.425974851452366 -4.86418070123307 17
      vertex -16.31901425039068 -4.9134902137174485 17
      vertex -15.851949702904731 -3.47836140246614 19
    endloop
  endfacet
  facet normal -0.21721263171885416 -0.7701778969405856 0.5997038266394054
    outer loop
      vertex -16.53647450843758 -4.8234152255572695 17
      vertex -16.072949016875157 -3.3968304511145395 19
      vertex -16.299663908432283 -3.3328902388069706 19
    endloop
  endfacet
  facet normal -0.2769704990098499 -0.7507613888528689 0.5997038266394055
    outer loop
      vertex -16.425974851452366 -4.86418070123307 17
      vertex -15.851949702904731 -3.47836140246614 19
      vertex -16.072949016875157 -3.3968304511145395 19
    endloop
  endfacet
  facet normal -0.39100548879890523 -0.6981905384944592 0.5997038266394055
    outer loop
      vertex -16.216252152926078 -4.971039753468862 17
      vertex -15.432504305852154 -3.6920795069377235 19
      vertex -15.63802850078136 -3.576980427434896 19
    endloop
  endfacet
  facet normal -0.33502075107240714 -0.726716187149381 0.5997038266394056
    outer loop
      vertex -16.31901425039068 -4.9134902137174485 17
      vertex -15.63802850078136 -3.576980427434896 19
      vertex -15.851949702904731 -3.47836140246614 19
    endloop
  endfacet
  facet normal 0 0 -1
    outer loop
      vertex -18.38581929876693 -5.675974851452366 19
      vertex -18.36197149921864 -3.576980427434896 19
      vertex -18.33650978628255 -5.56901425039068 19
    endloop
  endfacet
  facet normal 0 0 -1
    outer loop
      vertex -18.33650978628255 -5.56901425039068 19
      vertex -18.36197149921864 -3.576980427434896 19
      vertex -18.27896024653114 -5.466252152926077 19
    endloop
  endfacet
  facet normal 0 0 -1
    outer loop
      vertex -18.27896024653114 -5.466252152926077 19
      vertex -18.36197149921864 -3.576980427434896 19
      vertex -18.21352549156242 -5.36832212156129 19
    endloop
  endfacet
  facet normal 0 0 -1
    outer loop
      vertex -18.21352549156242 -5.36832212156129 19
      vertex -18.14805029709527 -3.47836140246614 19
      vertex -18.140608948400047 -5.275827927504724 19
    endloop
  endfacet
  facet normal 0 0 -1
    outer loop
      vertex -18.140608948400047 -5.275827927504724 19
      vertex -18.14805029709527 -3.47836140246614 19
      vertex -18.060660171779823 -5.189339828220179 19
    endloop
  endfacet
  facet normal 0 0 -1
    outer loop
      vertex -18.060660171779823 -5.189339828220179 19
      vertex -18.14805029709527 -3.47836140246614 19
      vertex -17.974172072495275 -5.109391051599953 19
    endloop
  endfacet
  facet normal 0 0 -1
    outer loop
      vertex -17.974172072495275 -5.109391051599953 19
      vertex -17.927050983124843 -3.3968304511145395 19
      vertex -17.88167787843871 -5.036474508437578 19
    endloop
  endfacet
  facet normal 0 0 -1
    outer loop
      vertex -17.88167787843871 -5.036474508437578 19
      vertex -17.927050983124843 -3.3968304511145395 19
      vertex -17.783747847073922 -4.971039753468862 19
    endloop
  endfacet
  facet normal 0 0 -1
    outer loop
      vertex -17.783747847073922 -4.971039753468862 19
      vertex -17.700336091567717 -3.3328902388069706 19
      vertex -17.68098574960932 -4.9134902137174485 19
    endloop
  endfacet
  facet normal 0 0 -1
    outer loop
      vertex -18.21352549156242 -5.36832212156129 19
      vertex -18.36197149921864 -3.576980427434896 19
      vertex -18.14805029709527 -3.47836140246614 19
    endloop
  endfacet
  facet normal 0 0 -1
    outer loop
      vertex -17.974172072495275 -5.109391051599953 19
      vertex -18.14805029709527 -3.47836140246614 19
      vertex -17.927050983124843 -3.3968304511145395 19
    endloop
  endfacet
  facet normal 0 0 -1
    outer loop
      vertex -17.783747847073922 -4.971039753468862 19
      vertex -17.927050983124843 -3.3968304511145395 19
      vertex -17.700336091567717 -3.3328902388069706 19
    endloop
  endfacet
  facet normal 0 0 -1
    outer loop
      vertex -17.68098574960932 -4.9134902137174485 19
      vertex -17.700336091567717 -3.3328902388069706 19
      vertex -17.574025148547634 -4.86418070123307 19
    endloop
  endfacet
  facet normal 0 0 -1
    outer loop
      vertex -17.574025148547634 -4.86418070123307 19
      vertex -17.469303395120694 -3.2869349782145867 19
      vertex -17.46352549156242 -4.8234152255572695 19
    endloop
  endfacet
  facet normal 0 0 -1
    outer loop
      vertex -17.46352549156242 -4.8234152255572695 19
      vertex -17.469303395120694 -3.2869349782145867 19
      vertex -17.350168045783857 -4.791445119403486 19
    endloop
  endfacet
  facet normal 0 0 -1
    outer loop
      vertex -17.350168045783857 -4.791445119403486 19
      vertex -17.235377287183535 -3.259247998800616 19
      vertex -17.234651697560345 -4.768467489107294 19
    endloop
  endfacet
  facet normal 0 0 -1
    outer loop
      vertex -17.234651697560345 -4.768467489107294 19
      vertex -17.235377287183535 -3.259247998800616 19
      vertex -17.117688643591766 -4.754623999400308 19
    endloop
  endfacet
  facet normal 0 0 -1
    outer loop
      vertex -15.786474508437578 -5.36832212156129 19
      vertex -15.859391051599953 -5.275827927504724 19
      vertex -15.851949702904731 -3.47836140246614 19
    endloop
  endfacet
  facet normal 0 0 -1
    outer loop
      vertex -15.859391051599953 -5.275827927504724 19
      vertex -15.939339828220179 -5.189339828220179 19
      vertex -15.851949702904731 -3.47836140246614 19
    endloop
  endfacet
  facet normal 0 0 -1
    outer loop
      vertex -15.939339828220179 -5.189339828220179 19
      vertex -16.025827927504725 -5.109391051599953 19
      vertex -15.851949702904731 -3.47836140246614 19
    endloop
  endfacet
  facet normal 0 0 -1
    outer loop
      vertex -16.025827927504725 -5.109391051599953 19
      vertex -16.11832212156129 -5.036474508437578 19
      vertex -16.072949016875157 -3.3968304511145395 19
    endloop
  endfacet
  facet normal 0 0 -1
    outer loop
      vertex -17.117688643591766 -4.754623999400308 19
      vertex -17 -3.25 19
      vertex -17 -4.75 19
    endloop
  endfacet
  facet normal 0 0 -1
    outer loop
      vertex -17 -4.75 19
      vertex -16.764622712816465 -3.259247998800616 19
      vertex -16.882311356408234 -4.754623999400308 19
    endloop
  endfacet
  facet normal 0 0 -1
    outer loop
      vertex -16.882311356408234 -4.754623999400308 19
      vertex -16.764622712816465 -3.259247998800616 19
      vertex -16.765348302439655 -4.768467489107294 19
    endloop
  endfacet
  facet normal 0 0 -1
    outer loop
      vertex -16.425974851452366 -4.86418070123307 19
      vertex -16.53647450843758 -4.8234152255572695 19
      vertex -16.299663908432283 -3.3328902388069706 19
    endloop
  endfacet
  facet normal 0 0 -1
    outer loop
      vertex -16.649831954216143 -4.791445119403486 19
      vertex -16.530696604879306 -3.2869349782145867 19
      vertex -16.53647450843758 -4.8234152255572695 19
    endloop
  endfacet
  facet normal 0 0 -1
    outer loop
      vertex -16.649831954216143 -4.791445119403486 19
      vertex -16.765348302439655 -4.768467489107294 19
      vertex -16.530696604879306 -3.2869349782145867 19
    endloop
  endfacet
  facet normal 0 0 -1
    outer loop
      vertex -16.425974851452366 -4.86418070123307 19
      vertex -16.299663908432283 -3.3328902388069706 19
      vertex -16.31901425039068 -4.9134902137174485 19
    endloop
  endfacet
  facet normal 0 0 -1
    outer loop
      vertex -16.31901425039068 -4.9134902137174485 19
      vertex -16.072949016875157 -3.3968304511145395 19
      vertex -16.216252152926078 -4.971039753468862 19
    endloop
  endfacet
  facet normal 0 0 -1
    outer loop
      vertex -16.11832212156129 -5.036474508437578 19
      vertex -16.216252152926078 -4.971039753468862 19
      vertex -16.072949016875157 -3.3968304511145395 19
    endloop
  endfacet
  facet normal 0 0 -1
    outer loop
      vertex -16.31901425039068 -4.9134902137174485 19
      vertex -16.299663908432283 -3.3328902388069706 19
      vertex -16.072949016875157 -3.3968304511145395 19
    endloop
  endfacet
  facet normal 0 0 -1
    outer loop
      vertex -15.786474508437578 -5.36832212156129 19
      vertex -15.851949702904731 -3.47836140246614 19
      vertex -15.63802850078136 -3.576980427434896 19
    endloop
  endfacet
  facet normal 0 0 -1
    outer loop
      vertex -16.025827927504725 -5.109391051599953 19
      vertex -16.072949016875157 -3.3968304511145395 19
      vertex -15.851949702904731 -3.47836140246614 19
    endloop
  endfacet
  facet normal 0.15611557632278647 -0.7848460021835226 0.5997038266394057
    outer loop
      vertex -17.350168045783857 -4.791445119403486 17
      vertex -17.469303395120694 -3.2869349782145867 19
      vertex -17.700336091567717 -3.3328902388069706 19
    endloop
  endfacet
  facet normal 0.09405601648498672 -0.7946752708352196 0.5997038266394056
    outer loop
      vertex -17.234651697560345 -4.768467489107294 17
      vertex -17.235377287183535 -3.259247998800616 19
      vertex -17.469303395120694 -3.2869349782145867 19
    endloop
  endfacet
  facet normal 0.03141657002876204 -0.799605102185874 0.5997038266394054
    outer loop
      vertex -17.117688643591766 -4.754623999400308 17
      vertex -17 -3.25 19
      vertex -17.235377287183535 -3.259247998800616 19
    endloop
  endfacet
  facet normal -0.03141657002876204 -0.799605102185874 0.5997038266394054
    outer loop
      vertex -16.882311356408234 -4.754623999400308 17
      vertex -16.764622712816465 -3.259247998800616 19
      vertex -17 -3.25 19
    endloop
  endfacet
  facet normal -0.09405601648498672 -0.7946752708352196 0.5997038266394056
    outer loop
      vertex -16.765348302439655 -4.768467489107294 17
      vertex -16.530696604879306 -3.2869349782145867 19
      vertex -16.764622712816465 -3.259247998800616 19
    endloop
  endfacet
  facet normal -0.15611557632278647 -0.7848460021835226 0.5997038266394057
    outer loop
      vertex -16.649831954216143 -4.791445119403486 17
      vertex -16.299663908432283 -3.3328902388069706 19
      vertex -16.530696604879306 -3.2869349782145867 19
    endloop
  endfacet
  facet normal 0 0 -1
    outer loop
      vertex -17.574025148547634 -4.86418070123307 19
      vertex -17.700336091567717 -3.3328902388069706 19
      vertex -17.469303395120694 -3.2869349782145867 19
    endloop
  endfacet
  facet normal 0 0 -1
    outer loop
      vertex -17.350168045783857 -4.791445119403486 19
      vertex -17.469303395120694 -3.2869349782145867 19
      vertex -17.235377287183535 -3.259247998800616 19
    endloop
  endfacet
  facet normal 0 0 -1
    outer loop
      vertex -17.117688643591766 -4.754623999400308 19
      vertex -17.235377287183535 -3.259247998800616 19
      vertex -17 -3.25 19
    endloop
  endfacet
  facet normal 0 0 -1
    outer loop
      vertex -17 -4.75 19
      vertex -17 -3.25 19
      vertex -16.764622712816465 -3.259247998800616 19
    endloop
  endfacet
  facet normal 0 0 -1
    outer loop
      vertex -16.765348302439655 -4.768467489107294 19
      vertex -16.764622712816465 -3.259247998800616 19
      vertex -16.530696604879306 -3.2869349782145867 19
    endloop
  endfacet
  facet normal 0 0 -1
    outer loop
      vertex -16.53647450843758 -4.8234152255572695 19
      vertex -16.530696604879306 -3.2869349782145867 19
      vertex -16.299663908432283 -3.3328902388069706 19
    endloop
  endfacet
  facet normal -0.5876210597359486 -0.5431913203180391 0.5997038266394056
    outer loop
      vertex -15.859391051599953 -5.275827927504724 17
      vertex -14.878679656440358 -4.128679656440357 19
      vertex -15.939339828220179 -5.189339828220179 17
    endloop
  endfacet
  facet normal -0.6284279199167682 -0.49541262578091183 0.5997038266394055
    outer loop
      vertex -15.786474508437578 -5.36832212156129 17
      vertex -14.572949016875157 -4.486644243122581 19
      vertex -15.859391051599953 -5.275827927504724 17
    endloop
  endfacet
  facet normal -0.5431913203180361 -0.5876210597359515 0.5997038266394055
    outer loop
      vertex -15.939339828220179 -5.189339828220179 17
      vertex -15.051655855009448 -3.9687821031999073 19
      vertex -16.025827927504725 -5.109391051599953 17
    endloop
  endfacet
  facet normal -0.5876210597359516 -0.5431913203180362 0.5997038266394052
    outer loop
      vertex -15.859391051599953 -5.275827927504724 17
      vertex -14.718782103199906 -4.301655855009449 19
      vertex -14.878679656440358 -4.128679656440357 19
    endloop
  endfacet
  facet normal -0.6981905384944608 -0.391005488798903 0.5997038266394052
    outer loop
      vertex -15.721039753468862 -5.466252152926077 17
      vertex -14.326980427434897 -4.88802850078136 19
      vertex -14.442079506937723 -4.682504305852154 19
    endloop
  endfacet
  facet normal -0.6653603129978103 -0.44457954766443053 0.5997038266394054
    outer loop
      vertex -15.786474508437578 -5.36832212156129 17
      vertex -14.442079506937723 -4.682504305852154 19
      vertex -14.572949016875157 -4.486644243122581 19
    endloop
  endfacet
  facet normal -0.6284279199167683 -0.49541262578091194 0.5997038266394054
    outer loop
      vertex -15.859391051599953 -5.275827927504724 17
      vertex -14.572949016875157 -4.486644243122581 19
      vertex -14.718782103199906 -4.301655855009449 19
    endloop
  endfacet
  facet normal -0.4445795476644312 -0.6653603129978098 0.5997038266394056
    outer loop
      vertex -16.11832212156129 -5.036474508437578 17
      vertex -15.23664424312258 -3.8229490168751576 19
      vertex -15.432504305852154 -3.6920795069377235 19
    endloop
  endfacet
  facet normal -0.49541262578091183 -0.6284279199167682 0.5997038266394056
    outer loop
      vertex -16.025827927504725 -5.109391051599953 17
      vertex -15.051655855009448 -3.9687821031999073 19
      vertex -15.23664424312258 -3.8229490168751576 19
    endloop
  endfacet
  facet normal -0.5431913203180359 -0.5876210597359517 0.5997038266394056
    outer loop
      vertex -15.939339828220179 -5.189339828220179 17
      vertex -14.878679656440358 -4.128679656440357 19
      vertex -15.051655855009448 -3.9687821031999073 19
    endloop
  endfacet
  facet normal 0 0 -1
    outer loop
      vertex -15.57341522555727 -5.786474508437579 19
      vertex -15.614180701233071 -5.675974851452366 19
      vertex -15.63802850078136 -3.576980427434896 19
    endloop
  endfacet
  facet normal 0 0 -1
    outer loop
      vertex -15.663490213717449 -5.56901425039068 19
      vertex -15.63802850078136 -3.576980427434896 19
      vertex -15.614180701233071 -5.675974851452366 19
    endloop
  endfacet
  facet normal 0 0 -1
    outer loop
      vertex -15.663490213717449 -5.56901425039068 19
      vertex -15.721039753468862 -5.466252152926077 19
      vertex -15.63802850078136 -3.576980427434896 19
    endloop
  endfacet
  facet normal 0 0 -1
    outer loop
      vertex -15.786474508437578 -5.36832212156129 19
      vertex -15.63802850078136 -3.576980427434896 19
      vertex -15.721039753468862 -5.466252152926077 19
    endloop
  endfacet
  facet normal 0 0 -1
    outer loop
      vertex -15.57341522555727 -5.786474508437579 19
      vertex -15.63802850078136 -3.576980427434896 19
      vertex -15.432504305852154 -3.6920795069377235 19
    endloop
  endfacet
  facet normal 0.4886212414969573 0.8724960070727956 0
    outer loop
      vertex -17.783747847073922 4.971039753468862 17
      vertex -17.68098574960932 4.9134902137174485 0
      vertex -17.783747847073922 4.971039753468862 0
    endloop
  endfacet
  facet normal 0.6190939493098309 0.7853169308807473 0
    outer loop
      vertex -17.974172072495275 5.109391051599953 17
      vertex -17.88167787843871 5.036474508437578 0
      vertex -17.974172072495275 5.109391051599953 0
    endloop
  endfacet
  facet normal 0.5555702330195998 0.8314696123025468 0
    outer loop
      vertex -17.88167787843871 5.036474508437578 17
      vertex -17.783747847073922 4.971039753468862 0
      vertex -17.88167787843871 5.036474508437578 0
    endloop
  endfacet
  facet normal 0.19509032201613216 0.9807852804032297 0
    outer loop
      vertex -17.350168045783857 4.791445119403486 17
      vertex -17.234651697560345 4.768467489107294 0
      vertex -17.350168045783857 4.791445119403486 0
    endloop
  endfacet
  facet normal 0.11753739745783998 0.993068456954926 0
    outer loop
      vertex -17.234651697560345 4.768467489107294 17
      vertex -17.117688643591766 4.754623999400308 0
      vertex -17.234651697560345 4.768467489107294 0
    endloop
  endfacet
  facet normal 0.039259815759067854 0.9992290362407228 0
    outer loop
      vertex -17.117688643591766 4.754623999400308 17
      vertex -17 4.75 0
      vertex -17.117688643591766 4.754623999400308 0
    endloop
  endfacet
  facet normal 0.4186597375374261 0.9081431738250824 0
    outer loop
      vertex -17.68098574960932 4.9134902137174485 17
      vertex -17.574025148547634 4.86418070123307 0
      vertex -17.68098574960932 4.9134902137174485 0
    endloop
  endfacet
  facet normal 0.34611705707749923 0.9381913359224818 0
    outer loop
      vertex -17.574025148547634 4.86418070123307 17
      vertex -17.46352549156242 4.8234152255572695 0
      vertex -17.574025148547634 4.86418070123307 0
    endloop
  endfacet
  facet normal 0.2714404498650644 0.96245523645365 0
    outer loop
      vertex -17.46352549156242 4.8234152255572695 17
      vertex -17.350168045783857 4.791445119403486 0
      vertex -17.46352549156242 4.8234152255572695 0
    endloop
  endfacet
  facet normal -0.039259815759067854 0.9992290362407228 0
    outer loop
      vertex -17 4.75 17
      vertex -16.882311356408234 4.754623999400308 0
      vertex -17 4.75 0
    endloop
  endfacet
  facet normal -0.11753739745783998 0.993068456954926 0
    outer loop
      vertex -16.882311356408234 4.754623999400308 17
      vertex -16.765348302439655 4.768467489107294 0
      vertex -16.882311356408234 4.754623999400308 0
    endloop
  endfacet
  facet normal -0.19509032201613216 0.9807852804032297 0
    outer loop
      vertex -16.765348302439655 4.768467489107294 17
      vertex -16.649831954216143 4.791445119403486 0
      vertex -16.765348302439655 4.768467489107294 0
    endloop
  endfacet
  facet normal -0.2714404498650644 0.96245523645365 0
    outer loop
      vertex -16.649831954216143 4.791445119403486 17
      vertex -16.53647450843758 4.8234152255572695 0
      vertex -16.649831954216143 4.791445119403486 0
    endloop
  endfacet
  facet normal -0.34611705707749923 0.9381913359224818 0
    outer loop
      vertex -16.53647450843758 4.8234152255572695 17
      vertex -16.425974851452366 4.86418070123307 0
      vertex -16.53647450843758 4.8234152255572695 0
    endloop
  endfacet
  facet normal -0.4186597375374261 0.9081431738250824 0
    outer loop
      vertex -16.425974851452366 4.86418070123307 17
      vertex -16.31901425039068 4.9134902137174485 0
      vertex -16.425974851452366 4.86418070123307 0
    endloop
  endfacet
  facet normal -0.4886212414969573 0.8724960070727956 0
    outer loop
      vertex -16.31901425039068 4.9134902137174485 17
      vertex -16.216252152926078 4.971039753468862 0
      vertex -16.31901425039068 4.9134902137174485 0
    endloop
  endfacet
  facet normal -0.5555702330195998 0.8314696123025468 0
    outer loop
      vertex -16.216252152926078 4.971039753468862 17
      vertex -16.11832212156129 5.036474508437578 0
      vertex -16.216252152926078 4.971039753468862 0
    endloop
  endfacet
  facet normal -0.6190939493098309 0.7853169308807473 0
    outer loop
      vertex -16.11832212156129 5.036474508437578 17
      vertex -16.025827927504725 5.109391051599953 0
      vertex -16.11832212156129 5.036474508437578 0
    endloop
  endfacet
  facet normal 0.9381913359224812 0.34611705707750096 0
    outer loop
      vertex -18.42658477444273 5.786474508437579 17
      vertex -18.38581929876693 5.675974851452366 0
      vertex -18.42658477444273 5.786474508437579 0
    endloop
  endfacet
  facet normal 0.9624552364536445 0.2714404498650843 0
    outer loop
      vertex -18.458554880596516 5.8998319542161415 17
      vertex -18.42658477444273 5.786474508437579 0
      vertex -18.458554880596516 5.8998319542161415 0
    endloop
  endfacet
  facet normal 0.980785280403234 0.1950903220161104 0
    outer loop
      vertex -18.481532510892706 6.015348302439653 17
      vertex -18.458554880596516 5.8998319542161415 0
      vertex -18.481532510892706 6.015348302439653 0
    endloop
  endfacet
  facet normal 0.993068456954926 0.11753739745783998 0
    outer loop
      vertex -18.49537600059969 6.132311356408232 17
      vertex -18.481532510892706 6.015348302439653 0
      vertex -18.49537600059969 6.132311356408232 0
    endloop
  endfacet
  facet normal 0.9992290362407228 0.039259815759074806 0
    outer loop
      vertex -18.5 6.25 17
      vertex -18.49537600059969 6.132311356408232 0
      vertex -18.5 6.25 0
    endloop
  endfacet
  facet normal 0.9992290362407228 -0.039259815759074806 0
    outer loop
      vertex -18.49537600059969 6.367688643591768 17
      vertex -18.5 6.25 0
      vertex -18.49537600059969 6.367688643591768 0
    endloop
  endfacet
  facet normal 0.993068456954926 -0.11753739745783998 0
    outer loop
      vertex -18.481532510892706 6.484651697560347 17
      vertex -18.49537600059969 6.367688643591768 0
      vertex -18.481532510892706 6.484651697560347 0
    endloop
  endfacet
  facet normal 0.980785280403234 -0.1950903220161104 0
    outer loop
      vertex -18.458554880596516 6.6001680457838585 17
      vertex -18.481532510892706 6.484651697560347 0
      vertex -18.458554880596516 6.6001680457838585 0
    endloop
  endfacet
  facet normal 0.9624552364536445 -0.2714404498650843 0
    outer loop
      vertex -18.42658477444273 6.713525491562421 17
      vertex -18.458554880596516 6.6001680457838585 0
      vertex -18.42658477444273 6.713525491562421 0
    endloop
  endfacet
  facet normal 0.9381913359224812 -0.34611705707750096 0
    outer loop
      vertex -18.38581929876693 6.824025148547634 17
      vertex -18.42658477444273 6.713525491562421 0
      vertex -18.38581929876693 6.824025148547634 0
    endloop
  endfacet
  facet normal 0.7343225094356876 0.6788007455329396 0
    outer loop
      vertex -18.140608948400047 5.275827927504724 17
      vertex -18.060660171779823 5.189339828220179 0
      vertex -18.140608948400047 5.275827927504724 0
    endloop
  endfacet
  facet normal 0.8314696123025492 0.5555702330195964 0
    outer loop
      vertex -18.27896024653114 5.466252152926077 17
      vertex -18.21352549156242 5.36832212156129 0
      vertex -18.27896024653114 5.466252152926077 0
    endloop
  endfacet
  facet normal 0.7853169308807445 0.6190939493098346 0
    outer loop
      vertex -18.21352549156242 5.36832212156129 17
      vertex -18.140608948400047 5.275827927504724 0
      vertex -18.21352549156242 5.36832212156129 0
    endloop
  endfacet
  facet normal 0.6788007455329365 0.7343225094356906 0
    outer loop
      vertex -18.060660171779823 5.189339828220179 17
      vertex -17.974172072495275 5.109391051599953 0
      vertex -18.060660171779823 5.189339828220179 0
    endloop
  endfacet
  facet normal 0.8724960070727976 0.48862124149695413 0
    outer loop
      vertex -18.33650978628255 5.56901425039068 17
      vertex -18.27896024653114 5.466252152926077 0
      vertex -18.33650978628255 5.56901425039068 0
    endloop
  endfacet
  facet normal 0.9081431738250839 0.41865973753742275 0
    outer loop
      vertex -18.38581929876693 5.675974851452366 17
      vertex -18.33650978628255 5.56901425039068 0
      vertex -18.38581929876693 5.675974851452366 0
    endloop
  endfacet
  facet normal -0.678800745532944 0.7343225094356836 0
    outer loop
      vertex -16.025827927504725 5.109391051599953 17
      vertex -15.939339828220179 5.189339828220179 0
      vertex -16.025827927504725 5.109391051599953 0
    endloop
  endfacet
  facet normal -0.7343225094356801 0.6788007455329478 0
    outer loop
      vertex -15.939339828220179 5.189339828220179 17
      vertex -15.859391051599953 5.275827927504724 0
      vertex -15.939339828220179 5.189339828220179 0
    endloop
  endfacet
  facet normal -0.7853169308807445 0.6190939493098346 0
    outer loop
      vertex -15.859391051599953 5.275827927504724 17
      vertex -15.786474508437578 5.36832212156129 0
      vertex -15.859391051599953 5.275827927504724 0
    endloop
  endfacet
  facet normal -0.8314696123025492 0.5555702330195964 0
    outer loop
      vertex -15.786474508437578 5.36832212156129 17
      vertex -15.721039753468862 5.466252152926077 0
      vertex -15.786474508437578 5.36832212156129 0
    endloop
  endfacet
  facet normal 0.9081431738250839 -0.41865973753742275 0
    outer loop
      vertex -18.33650978628255 6.93098574960932 17
      vertex -18.38581929876693 6.824025148547634 0
      vertex -18.33650978628255 6.93098574960932 0
    endloop
  endfacet
  facet normal 0.8724960070727976 -0.48862124149695413 0
    outer loop
      vertex -18.27896024653114 7.033747847073923 17
      vertex -18.33650978628255 6.93098574960932 0
      vertex -18.27896024653114 7.033747847073923 0
    endloop
  endfacet
  facet normal 0.8314696123025492 -0.5555702330195964 0
    outer loop
      vertex -18.21352549156242 7.13167787843871 17
      vertex -18.27896024653114 7.033747847073923 0
      vertex -18.21352549156242 7.13167787843871 0
    endloop
  endfacet
  facet normal 0.7853169308807445 -0.6190939493098346 0
    outer loop
      vertex -18.140608948400047 7.224172072495276 17
      vertex -18.21352549156242 7.13167787843871 0
      vertex -18.140608948400047 7.224172072495276 0
    endloop
  endfacet
  facet normal 0.7343225094356876 -0.6788007455329396 0
    outer loop
      vertex -18.060660171779823 7.310660171779821 17
      vertex -18.140608948400047 7.224172072495276 0
      vertex -18.060660171779823 7.310660171779821 0
    endloop
  endfacet
  facet normal 0.6788007455329365 -0.7343225094356906 0
    outer loop
      vertex -17.974172072495275 7.390608948400047 17
      vertex -18.060660171779823 7.310660171779821 0
      vertex -17.974172072495275 7.390608948400047 0
    endloop
  endfacet
  facet normal 0.6190939493098309 -0.7853169308807473 0
    outer loop
      vertex -17.88167787843871 7.463525491562422 17
      vertex -17.974172072495275 7.390608948400047 0
      vertex -17.88167787843871 7.463525491562422 0
    endloop
  endfacet
  facet normal 0.5555702330195998 -0.8314696123025468 0
    outer loop
      vertex -17.783747847073922 7.528960246531138 17
      vertex -17.88167787843871 7.463525491562422 0
      vertex -17.783747847073922 7.528960246531138 0
    endloop
  endfacet
  facet normal 0.4886212414969573 -0.8724960070727956 0
    outer loop
      vertex -17.68098574960932 7.5865097862825515 17
      vertex -17.783747847073922 7.528960246531138 0
      vertex -17.68098574960932 7.5865097862825515 0
    endloop
  endfacet
  facet normal 0.4186597375374261 -0.9081431738250824 0
    outer loop
      vertex -17.574025148547634 7.63581929876693 17
      vertex -17.68098574960932 7.5865097862825515 0
      vertex -17.574025148547634 7.63581929876693 0
    endloop
  endfacet
  facet normal 0.34611705707749923 -0.9381913359224818 0
    outer loop
      vertex -17.46352549156242 7.6765847744427305 17
      vertex -17.574025148547634 7.63581929876693 0
      vertex -17.46352549156242 7.6765847744427305 0
    endloop
  endfacet
  facet normal -0.2714404498650644 -0.96245523645365 0
    outer loop
      vertex -16.53647450843758 7.6765847744427305 17
      vertex -16.649831954216143 7.708554880596514 0
      vertex -16.53647450843758 7.6765847744427305 0
    endloop
  endfacet
  facet normal -0.34611705707749923 -0.9381913359224818 0
    outer loop
      vertex -16.425974851452366 7.63581929876693 17
      vertex -16.53647450843758 7.6765847744427305 0
      vertex -16.425974851452366 7.63581929876693 0
    endloop
  endfacet
  facet normal -0.7853169308807445 -0.6190939493098346 0
    outer loop
      vertex -15.786474508437578 7.13167787843871 17
      vertex -15.859391051599953 7.224172072495276 0
      vertex -15.786474508437578 7.13167787843871 0
    endloop
  endfacet
  facet normal -0.678800745532944 -0.7343225094356836 0
    outer loop
      vertex -15.939339828220179 7.310660171779821 17
      vertex -16.025827927504725 7.390608948400047 0
      vertex -15.939339828220179 7.310660171779821 0
    endloop
  endfacet
  facet normal -0.7343225094356801 -0.6788007455329478 0
    outer loop
      vertex -15.859391051599953 7.224172072495276 17
      vertex -15.939339828220179 7.310660171779821 0
      vertex -15.859391051599953 7.224172072495276 0
    endloop
  endfacet
  facet normal -0.5555702330195998 -0.8314696123025468 0
    outer loop
      vertex -16.11832212156129 7.463525491562422 17
      vertex -16.216252152926078 7.528960246531138 0
      vertex -16.11832212156129 7.463525491562422 0
    endloop
  endfacet
  facet normal -0.4186597375374261 -0.9081431738250824 0
    outer loop
      vertex -16.31901425039068 7.5865097862825515 17
      vertex -16.425974851452366 7.63581929876693 0
      vertex -16.31901425039068 7.5865097862825515 0
    endloop
  endfacet
  facet normal -0.4886212414969573 -0.8724960070727956 0
    outer loop
      vertex -16.216252152926078 7.528960246531138 17
      vertex -16.31901425039068 7.5865097862825515 0
      vertex -16.216252152926078 7.528960246531138 0
    endloop
  endfacet
  facet normal -0.6190939493098309 -0.7853169308807473 0
    outer loop
      vertex -16.025827927504725 7.390608948400047 17
      vertex -16.11832212156129 7.463525491562422 0
      vertex -16.025827927504725 7.390608948400047 0
    endloop
  endfacet
  facet normal 0.2714404498650644 -0.96245523645365 0
    outer loop
      vertex -17.350168045783857 7.708554880596514 17
      vertex -17.46352549156242 7.6765847744427305 0
      vertex -17.350168045783857 7.708554880596514 0
    endloop
  endfacet
  facet normal 0.19509032201613216 -0.9807852804032297 0
    outer loop
      vertex -17.234651697560345 7.731532510892706 17
      vertex -17.350168045783857 7.708554880596514 0
      vertex -17.234651697560345 7.731532510892706 0
    endloop
  endfacet
  facet normal 0.11753739745783998 -0.993068456954926 0
    outer loop
      vertex -17.117688643591766 7.745376000599692 17
      vertex -17.234651697560345 7.731532510892706 0
      vertex -17.117688643591766 7.745376000599692 0
    endloop
  endfacet
  facet normal 0.039259815759067854 -0.9992290362407228 0
    outer loop
      vertex -17 7.75 17
      vertex -17.117688643591766 7.745376000599692 0
      vertex -17 7.75 0
    endloop
  endfacet
  facet normal -0.039259815759067854 -0.9992290362407228 0
    outer loop
      vertex -16.882311356408234 7.745376000599692 17
      vertex -17 7.75 0
      vertex -16.882311356408234 7.745376000599692 0
    endloop
  endfacet
  facet normal -0.11753739745783998 -0.993068456954926 0
    outer loop
      vertex -16.765348302439655 7.731532510892706 17
      vertex -16.882311356408234 7.745376000599692 0
      vertex -16.765348302439655 7.731532510892706 0
    endloop
  endfacet
  facet normal -0.19509032201613216 -0.9807852804032297 0
    outer loop
      vertex -16.649831954216143 7.708554880596514 17
      vertex -16.765348302439655 7.731532510892706 0
      vertex -16.649831954216143 7.708554880596514 0
    endloop
  endfacet
  facet normal -0.8724960070727976 0.48862124149695413 0
    outer loop
      vertex -15.721039753468862 5.466252152926077 17
      vertex -15.663490213717449 5.56901425039068 0
      vertex -15.721039753468862 5.466252152926077 0
    endloop
  endfacet
  facet normal -0.9081431738250839 0.41865973753742275 0
    outer loop
      vertex -15.663490213717449 5.56901425039068 17
      vertex -15.614180701233071 5.675974851452366 0
      vertex -15.663490213717449 5.56901425039068 0
    endloop
  endfacet
  facet normal -0.9381913359224812 0.34611705707750096 0
    outer loop
      vertex -15.614180701233071 5.675974851452366 17
      vertex -15.57341522555727 5.786474508437579 0
      vertex -15.614180701233071 5.675974851452366 0
    endloop
  endfacet
  facet normal -0.9624552364536483 0.27144044986507027 0
    outer loop
      vertex -15.57341522555727 5.786474508437579 17
      vertex -15.541445119403486 5.8998319542161415 0
      vertex -15.57341522555727 5.786474508437579 0
    endloop
  endfacet
  facet normal -0.9807852804032283 0.19509032201613946 0
    outer loop
      vertex -15.541445119403486 5.8998319542161415 17
      vertex -15.518467489107293 6.015348302439653 0
      vertex -15.541445119403486 5.8998319542161415 0
    endloop
  endfacet
  facet normal -0.9930684569549277 0.11753739745782511 0
    outer loop
      vertex -15.518467489107293 6.015348302439653 17
      vertex -15.504623999400309 6.132311356408232 0
      vertex -15.518467489107293 6.015348302439653 0
    endloop
  endfacet
  facet normal -0.9992290362407228 0.039259815759074806 0
    outer loop
      vertex -15.504623999400309 6.132311356408232 17
      vertex -15.5 6.25 0
      vertex -15.504623999400309 6.132311356408232 0
    endloop
  endfacet
  facet normal -0.9992290362407228 -0.039259815759074806 0
    outer loop
      vertex -15.5 6.25 17
      vertex -15.504623999400309 6.367688643591768 0
      vertex -15.5 6.25 0
    endloop
  endfacet
  facet normal -0.9930684569549277 -0.11753739745782511 0
    outer loop
      vertex -15.504623999400309 6.367688643591768 17
      vertex -15.518467489107293 6.484651697560347 0
      vertex -15.504623999400309 6.367688643591768 0
    endloop
  endfacet
  facet normal -0.9807852804032283 -0.19509032201613946 0
    outer loop
      vertex -15.518467489107293 6.484651697560347 17
      vertex -15.541445119403486 6.6001680457838585 0
      vertex -15.518467489107293 6.484651697560347 0
    endloop
  endfacet
  facet normal -0.9624552364536483 -0.27144044986507027 0
    outer loop
      vertex -15.541445119403486 6.6001680457838585 17
      vertex -15.57341522555727 6.713525491562421 0
      vertex -15.541445119403486 6.6001680457838585 0
    endloop
  endfacet
  facet normal -0.9381913359224812 -0.34611705707750096 0
    outer loop
      vertex -15.57341522555727 6.713525491562421 17
      vertex -15.614180701233071 6.824025148547634 0
      vertex -15.57341522555727 6.713525491562421 0
    endloop
  endfacet
  facet normal -0.9081431738250839 -0.41865973753742275 0
    outer loop
      vertex -15.614180701233071 6.824025148547634 17
      vertex -15.663490213717449 6.93098574960932 0
      vertex -15.614180701233071 6.824025148547634 0
    endloop
  endfacet
  facet normal -0.8724960070727976 -0.48862124149695413 0
    outer loop
      vertex -15.663490213717449 6.93098574960932 17
      vertex -15.721039753468862 7.033747847073923 0
      vertex -15.663490213717449 6.93098574960932 0
    endloop
  endfacet
  facet normal -0.8314696123025492 -0.5555702330195964 0
    outer loop
      vertex -15.721039753468862 7.033747847073923 17
      vertex -15.786474508437578 7.13167787843871 0
      vertex -15.721039753468862 7.033747847073923 0
    endloop
  endfacet
  facet normal 0.6190939493098309 0.7853169308807473 0
    outer loop
      vertex -17.88167787843871 5.036474508437578 17
      vertex -17.88167787843871 5.036474508437578 0
      vertex -17.974172072495275 5.109391051599953 17
    endloop
  endfacet
  facet normal 0.5555702330195998 0.8314696123025468 0
    outer loop
      vertex -17.88167787843871 5.036474508437578 17
      vertex -17.783747847073922 4.971039753468862 17
      vertex -17.783747847073922 4.971039753468862 0
    endloop
  endfacet
  facet normal 0.2714404498650644 0.96245523645365 0
    outer loop
      vertex -17.46352549156242 4.8234152255572695 17
      vertex -17.350168045783857 4.791445119403486 17
      vertex -17.350168045783857 4.791445119403486 0
    endloop
  endfacet
  facet normal 0.19509032201613216 0.9807852804032297 0
    outer loop
      vertex -17.234651697560345 4.768467489107294 17
      vertex -17.234651697560345 4.768467489107294 0
      vertex -17.350168045783857 4.791445119403486 17
    endloop
  endfacet
  facet normal 0.11753739745783998 0.993068456954926 0
    outer loop
      vertex -17.234651697560345 4.768467489107294 17
      vertex -17.117688643591766 4.754623999400308 17
      vertex -17.117688643591766 4.754623999400308 0
    endloop
  endfacet
  facet normal 0.4186597375374261 0.9081431738250824 0
    outer loop
      vertex -17.68098574960932 4.9134902137174485 17
      vertex -17.574025148547634 4.86418070123307 17
      vertex -17.574025148547634 4.86418070123307 0
    endloop
  endfacet
  facet normal 0.4886212414969573 0.8724960070727956 0
    outer loop
      vertex -17.68098574960932 4.9134902137174485 17
      vertex -17.68098574960932 4.9134902137174485 0
      vertex -17.783747847073922 4.971039753468862 17
    endloop
  endfacet
  facet normal 0.34611705707749923 0.9381913359224818 0
    outer loop
      vertex -17.574025148547634 4.86418070123307 17
      vertex -17.46352549156242 4.8234152255572695 17
      vertex -17.46352549156242 4.8234152255572695 0
    endloop
  endfacet
  facet normal 0.039259815759067854 0.9992290362407228 0
    outer loop
      vertex -17.117688643591766 4.754623999400308 17
      vertex -17 4.75 17
      vertex -17 4.75 0
    endloop
  endfacet
  facet normal -0.039259815759067854 0.9992290362407228 0
    outer loop
      vertex -17 4.75 17
      vertex -16.882311356408234 4.754623999400308 17
      vertex -16.882311356408234 4.754623999400308 0
    endloop
  endfacet
  facet normal -0.11753739745783998 0.993068456954926 0
    outer loop
      vertex -16.882311356408234 4.754623999400308 17
      vertex -16.765348302439655 4.768467489107294 17
      vertex -16.765348302439655 4.768467489107294 0
    endloop
  endfacet
  facet normal -0.19509032201613216 0.9807852804032297 0
    outer loop
      vertex -16.765348302439655 4.768467489107294 17
      vertex -16.649831954216143 4.791445119403486 17
      vertex -16.649831954216143 4.791445119403486 0
    endloop
  endfacet
  facet normal -0.2714404498650644 0.96245523645365 0
    outer loop
      vertex -16.649831954216143 4.791445119403486 17
      vertex -16.53647450843758 4.8234152255572695 17
      vertex -16.53647450843758 4.8234152255572695 0
    endloop
  endfacet
  facet normal -0.34611705707749923 0.9381913359224818 0
    outer loop
      vertex -16.53647450843758 4.8234152255572695 17
      vertex -16.425974851452366 4.86418070123307 17
      vertex -16.425974851452366 4.86418070123307 0
    endloop
  endfacet
  facet normal -0.4186597375374261 0.9081431738250824 0
    outer loop
      vertex -16.425974851452366 4.86418070123307 17
      vertex -16.31901425039068 4.9134902137174485 17
      vertex -16.31901425039068 4.9134902137174485 0
    endloop
  endfacet
  facet normal -0.4886212414969573 0.8724960070727956 0
    outer loop
      vertex -16.31901425039068 4.9134902137174485 17
      vertex -16.216252152926078 4.971039753468862 17
      vertex -16.216252152926078 4.971039753468862 0
    endloop
  endfacet
  facet normal -0.5555702330195998 0.8314696123025468 0
    outer loop
      vertex -16.216252152926078 4.971039753468862 17
      vertex -16.11832212156129 5.036474508437578 17
      vertex -16.11832212156129 5.036474508437578 0
    endloop
  endfacet
  facet normal -0.6190939493098309 0.7853169308807473 0
    outer loop
      vertex -16.11832212156129 5.036474508437578 17
      vertex -16.025827927504725 5.109391051599953 17
      vertex -16.025827927504725 5.109391051599953 0
    endloop
  endfacet
  facet normal 0.48862124149695735 0.8724960070727957 0
    outer loop
      vertex -17.68098574960932 4.9134902137174485 19
      vertex -17.783747847073922 4.971039753468862 19
      vertex -17.783747847073922 4.971039753468862 20
    endloop
  endfacet
  facet normal 0.619093949309831 0.7853169308807474 0
    outer loop
      vertex -17.88167787843871 5.036474508437578 19
      vertex -17.974172072495275 5.109391051599953 19
      vertex -17.974172072495275 5.109391051599953 20
    endloop
  endfacet
  facet normal 0.5555702330195998 0.8314696123025468 0
    outer loop
      vertex -17.88167787843871 5.036474508437578 19
      vertex -17.88167787843871 5.036474508437578 20
      vertex -17.783747847073922 4.971039753468862 19
    endloop
  endfacet
  facet normal 0.1950903220161322 0.9807852804032298 0
    outer loop
      vertex -17.234651697560345 4.768467489107294 19
      vertex -17.350168045783857 4.791445119403486 19
      vertex -17.350168045783857 4.791445119403486 20
    endloop
  endfacet
  facet normal 0.11753739745783998 0.993068456954926 0
    outer loop
      vertex -17.234651697560345 4.768467489107294 19
      vertex -17.234651697560345 4.768467489107294 20
      vertex -17.117688643591766 4.754623999400308 19
    endloop
  endfacet
  facet normal 0.03925981575906786 0.999229036240723 0
    outer loop
      vertex -17.117688643591766 4.754623999400308 19
      vertex -17.117688643591766 4.754623999400308 20
      vertex -17 4.75 19
    endloop
  endfacet
  facet normal 0.418659737537426 0.9081431738250821 0
    outer loop
      vertex -17.68098574960932 4.9134902137174485 19
      vertex -17.68098574960932 4.9134902137174485 20
      vertex -17.574025148547634 4.86418070123307 19
    endloop
  endfacet
  facet normal 0.34611705707749923 0.9381913359224818 0
    outer loop
      vertex -17.574025148547634 4.86418070123307 19
      vertex -17.574025148547634 4.86418070123307 20
      vertex -17.46352549156242 4.8234152255572695 19
    endloop
  endfacet
  facet normal 0.2714404498650644 0.96245523645365 0
    outer loop
      vertex -17.46352549156242 4.8234152255572695 19
      vertex -17.46352549156242 4.8234152255572695 20
      vertex -17.350168045783857 4.791445119403486 19
    endloop
  endfacet
  facet normal 0.619093949309831 0.7853169308807474 0
    outer loop
      vertex -17.88167787843871 5.036474508437578 19
      vertex -17.974172072495275 5.109391051599953 20
      vertex -17.88167787843871 5.036474508437578 20
    endloop
  endfacet
  facet normal 0.5555702330195998 0.8314696123025468 0
    outer loop
      vertex -17.783747847073922 4.971039753468862 19
      vertex -17.88167787843871 5.036474508437578 20
      vertex -17.783747847073922 4.971039753468862 20
    endloop
  endfacet
  facet normal 0.2714404498650644 0.96245523645365 0
    outer loop
      vertex -17.350168045783857 4.791445119403486 19
      vertex -17.46352549156242 4.8234152255572695 20
      vertex -17.350168045783857 4.791445119403486 20
    endloop
  endfacet
  facet normal 0.1950903220161322 0.9807852804032298 0
    outer loop
      vertex -17.234651697560345 4.768467489107294 19
      vertex -17.350168045783857 4.791445119403486 20
      vertex -17.234651697560345 4.768467489107294 20
    endloop
  endfacet
  facet normal 0.11753739745783998 0.993068456954926 0
    outer loop
      vertex -17.117688643591766 4.754623999400308 19
      vertex -17.234651697560345 4.768467489107294 20
      vertex -17.117688643591766 4.754623999400308 20
    endloop
  endfacet
  facet normal 0.418659737537426 0.9081431738250821 0
    outer loop
      vertex -17.574025148547634 4.86418070123307 19
      vertex -17.68098574960932 4.9134902137174485 20
      vertex -17.574025148547634 4.86418070123307 20
    endloop
  endfacet
  facet normal 0.48862124149695735 0.8724960070727957 0
    outer loop
      vertex -17.68098574960932 4.9134902137174485 19
      vertex -17.783747847073922 4.971039753468862 20
      vertex -17.68098574960932 4.9134902137174485 20
    endloop
  endfacet
  facet normal 0.34611705707749923 0.9381913359224818 0
    outer loop
      vertex -17.46352549156242 4.8234152255572695 19
      vertex -17.574025148547634 4.86418070123307 20
      vertex -17.46352549156242 4.8234152255572695 20
    endloop
  endfacet
  facet normal -0.03925981575906786 0.999229036240723 0
    outer loop
      vertex -17 4.75 19
      vertex -17 4.75 20
      vertex -16.882311356408234 4.754623999400308 19
    endloop
  endfacet
  facet normal -0.11753739745783998 0.993068456954926 0
    outer loop
      vertex -16.882311356408234 4.754623999400308 19
      vertex -16.882311356408234 4.754623999400308 20
      vertex -16.765348302439655 4.768467489107294 19
    endloop
  endfacet
  facet normal -0.1950903220161322 0.9807852804032298 0
    outer loop
      vertex -16.765348302439655 4.768467489107294 19
      vertex -16.765348302439655 4.768467489107294 20
      vertex -16.649831954216143 4.791445119403486 19
    endloop
  endfacet
  facet normal -0.2714404498650644 0.96245523645365 0
    outer loop
      vertex -16.649831954216143 4.791445119403486 19
      vertex -16.649831954216143 4.791445119403486 20
      vertex -16.53647450843758 4.8234152255572695 19
    endloop
  endfacet
  facet normal -0.34611705707749923 0.9381913359224818 0
    outer loop
      vertex -16.53647450843758 4.8234152255572695 19
      vertex -16.53647450843758 4.8234152255572695 20
      vertex -16.425974851452366 4.86418070123307 19
    endloop
  endfacet
  facet normal -0.418659737537426 0.9081431738250821 0
    outer loop
      vertex -16.425974851452366 4.86418070123307 19
      vertex -16.425974851452366 4.86418070123307 20
      vertex -16.31901425039068 4.9134902137174485 19
    endloop
  endfacet
  facet normal -0.48862124149695735 0.8724960070727957 0
    outer loop
      vertex -16.31901425039068 4.9134902137174485 19
      vertex -16.31901425039068 4.9134902137174485 20
      vertex -16.216252152926078 4.971039753468862 19
    endloop
  endfacet
  facet normal -0.5555702330195998 0.8314696123025468 0
    outer loop
      vertex -16.216252152926078 4.971039753468862 19
      vertex -16.216252152926078 4.971039753468862 20
      vertex -16.11832212156129 5.036474508437578 19
    endloop
  endfacet
  facet normal -0.619093949309831 0.7853169308807474 0
    outer loop
      vertex -16.11832212156129 5.036474508437578 19
      vertex -16.11832212156129 5.036474508437578 20
      vertex -16.025827927504725 5.109391051599953 19
    endloop
  endfacet
  facet normal 0.03925981575906786 0.999229036240723 0
    outer loop
      vertex -17 4.75 19
      vertex -17.117688643591766 4.754623999400308 20
      vertex -17 4.75 20
    endloop
  endfacet
  facet normal -0.03925981575906786 0.999229036240723 0
    outer loop
      vertex -16.882311356408234 4.754623999400308 19
      vertex -17 4.75 20
      vertex -16.882311356408234 4.754623999400308 20
    endloop
  endfacet
  facet normal -0.11753739745783998 0.993068456954926 0
    outer loop
      vertex -16.765348302439655 4.768467489107294 19
      vertex -16.882311356408234 4.754623999400308 20
      vertex -16.765348302439655 4.768467489107294 20
    endloop
  endfacet
  facet normal -0.1950903220161322 0.9807852804032298 0
    outer loop
      vertex -16.649831954216143 4.791445119403486 19
      vertex -16.765348302439655 4.768467489107294 20
      vertex -16.649831954216143 4.791445119403486 20
    endloop
  endfacet
  facet normal -0.2714404498650644 0.96245523645365 0
    outer loop
      vertex -16.53647450843758 4.8234152255572695 19
      vertex -16.649831954216143 4.791445119403486 20
      vertex -16.53647450843758 4.8234152255572695 20
    endloop
  endfacet
  facet normal -0.34611705707749923 0.9381913359224818 0
    outer loop
      vertex -16.425974851452366 4.86418070123307 19
      vertex -16.53647450843758 4.8234152255572695 20
      vertex -16.425974851452366 4.86418070123307 20
    endloop
  endfacet
  facet normal -0.418659737537426 0.9081431738250821 0
    outer loop
      vertex -16.31901425039068 4.9134902137174485 19
      vertex -16.425974851452366 4.86418070123307 20
      vertex -16.31901425039068 4.9134902137174485 20
    endloop
  endfacet
  facet normal -0.48862124149695735 0.8724960070727957 0
    outer loop
      vertex -16.216252152926078 4.971039753468862 19
      vertex -16.31901425039068 4.9134902137174485 20
      vertex -16.216252152926078 4.971039753468862 20
    endloop
  endfacet
  facet normal -0.5555702330195998 0.8314696123025468 0
    outer loop
      vertex -16.11832212156129 5.036474508437578 19
      vertex -16.216252152926078 4.971039753468862 20
      vertex -16.11832212156129 5.036474508437578 20
    endloop
  endfacet
  facet normal -0.619093949309831 0.7853169308807474 0
    outer loop
      vertex -16.025827927504725 5.109391051599953 19
      vertex -16.11832212156129 5.036474508437578 20
      vertex -16.025827927504725 5.109391051599953 20
    endloop
  endfacet
  facet normal 0.9381913359224812 0.34611705707750096 0
    outer loop
      vertex -18.38581929876693 5.675974851452366 17
      vertex -18.38581929876693 5.675974851452366 0
      vertex -18.42658477444273 5.786474508437579 17
    endloop
  endfacet
  facet normal 0.9624552364536445 0.2714404498650843 0
    outer loop
      vertex -18.458554880596516 5.8998319542161415 17
      vertex -18.42658477444273 5.786474508437579 17
      vertex -18.42658477444273 5.786474508437579 0
    endloop
  endfacet
  facet normal 0.980785280403234 0.1950903220161104 0
    outer loop
      vertex -18.458554880596516 5.8998319542161415 17
      vertex -18.458554880596516 5.8998319542161415 0
      vertex -18.481532510892706 6.015348302439653 17
    endloop
  endfacet
  facet normal 0.993068456954926 0.11753739745783998 0
    outer loop
      vertex -18.481532510892706 6.015348302439653 17
      vertex -18.481532510892706 6.015348302439653 0
      vertex -18.49537600059969 6.132311356408232 17
    endloop
  endfacet
  facet normal 0.9992290362407228 0.039259815759074806 0
    outer loop
      vertex -18.49537600059969 6.132311356408232 17
      vertex -18.49537600059969 6.132311356408232 0
      vertex -18.5 6.25 17
    endloop
  endfacet
  facet normal 0.9992290362407228 -0.039259815759074806 0
    outer loop
      vertex -18.5 6.25 17
      vertex -18.5 6.25 0
      vertex -18.49537600059969 6.367688643591768 17
    endloop
  endfacet
  facet normal 0.993068456954926 -0.11753739745783998 0
    outer loop
      vertex -18.49537600059969 6.367688643591768 17
      vertex -18.49537600059969 6.367688643591768 0
      vertex -18.481532510892706 6.484651697560347 17
    endloop
  endfacet
  facet normal 0.980785280403234 -0.1950903220161104 0
    outer loop
      vertex -18.481532510892706 6.484651697560347 17
      vertex -18.481532510892706 6.484651697560347 0
      vertex -18.458554880596516 6.6001680457838585 17
    endloop
  endfacet
  facet normal 0.9624552364536445 -0.2714404498650843 0
    outer loop
      vertex -18.458554880596516 6.6001680457838585 17
      vertex -18.458554880596516 6.6001680457838585 0
      vertex -18.42658477444273 6.713525491562421 17
    endloop
  endfacet
  facet normal 0.9381913359224812 -0.34611705707750096 0
    outer loop
      vertex -18.42658477444273 6.713525491562421 17
      vertex -18.42658477444273 6.713525491562421 0
      vertex -18.38581929876693 6.824025148547634 17
    endloop
  endfacet
  facet normal 0.7343225094356876 0.6788007455329396 0
    outer loop
      vertex -18.060660171779823 5.189339828220179 17
      vertex -18.060660171779823 5.189339828220179 0
      vertex -18.140608948400047 5.275827927504724 17
    endloop
  endfacet
  facet normal 0.8314696123025492 0.5555702330195964 0
    outer loop
      vertex -18.21352549156242 5.36832212156129 17
      vertex -18.21352549156242 5.36832212156129 0
      vertex -18.27896024653114 5.466252152926077 17
    endloop
  endfacet
  facet normal 0.7853169308807445 0.6190939493098346 0
    outer loop
      vertex -18.140608948400047 5.275827927504724 17
      vertex -18.140608948400047 5.275827927504724 0
      vertex -18.21352549156242 5.36832212156129 17
    endloop
  endfacet
  facet normal 0.6788007455329365 0.7343225094356906 0
    outer loop
      vertex -17.974172072495275 5.109391051599953 17
      vertex -17.974172072495275 5.109391051599953 0
      vertex -18.060660171779823 5.189339828220179 17
    endloop
  endfacet
  facet normal 0.8724960070727976 0.48862124149695413 0
    outer loop
      vertex -18.27896024653114 5.466252152926077 17
      vertex -18.27896024653114 5.466252152926077 0
      vertex -18.33650978628255 5.56901425039068 17
    endloop
  endfacet
  facet normal 0.9081431738250839 0.41865973753742275 0
    outer loop
      vertex -18.33650978628255 5.56901425039068 17
      vertex -18.33650978628255 5.56901425039068 0
      vertex -18.38581929876693 5.675974851452366 17
    endloop
  endfacet
  facet normal -0.678800745532944 0.7343225094356836 0
    outer loop
      vertex -16.025827927504725 5.109391051599953 17
      vertex -15.939339828220179 5.189339828220179 17
      vertex -15.939339828220179 5.189339828220179 0
    endloop
  endfacet
  facet normal -0.7343225094356801 0.6788007455329478 0
    outer loop
      vertex -15.939339828220179 5.189339828220179 17
      vertex -15.859391051599953 5.275827927504724 17
      vertex -15.859391051599953 5.275827927504724 0
    endloop
  endfacet
  facet normal -0.7853169308807445 0.6190939493098346 0
    outer loop
      vertex -15.859391051599953 5.275827927504724 17
      vertex -15.786474508437578 5.36832212156129 17
      vertex -15.786474508437578 5.36832212156129 0
    endloop
  endfacet
  facet normal 0.9081431738250839 -0.41865973753742275 0
    outer loop
      vertex -18.38581929876693 6.824025148547634 17
      vertex -18.38581929876693 6.824025148547634 0
      vertex -18.33650978628255 6.93098574960932 17
    endloop
  endfacet
  facet normal 0.8724960070727976 -0.48862124149695413 0
    outer loop
      vertex -18.33650978628255 6.93098574960932 17
      vertex -18.33650978628255 6.93098574960932 0
      vertex -18.27896024653114 7.033747847073923 17
    endloop
  endfacet
  facet normal 0.8314696123025492 -0.5555702330195964 0
    outer loop
      vertex -18.27896024653114 7.033747847073923 17
      vertex -18.27896024653114 7.033747847073923 0
      vertex -18.21352549156242 7.13167787843871 17
    endloop
  endfacet
  facet normal 0.7853169308807445 -0.6190939493098346 0
    outer loop
      vertex -18.21352549156242 7.13167787843871 17
      vertex -18.21352549156242 7.13167787843871 0
      vertex -18.140608948400047 7.224172072495276 17
    endloop
  endfacet
  facet normal 0.7343225094356876 -0.6788007455329396 0
    outer loop
      vertex -18.140608948400047 7.224172072495276 17
      vertex -18.140608948400047 7.224172072495276 0
      vertex -18.060660171779823 7.310660171779821 17
    endloop
  endfacet
  facet normal 0.6788007455329365 -0.7343225094356906 0
    outer loop
      vertex -18.060660171779823 7.310660171779821 17
      vertex -18.060660171779823 7.310660171779821 0
      vertex -17.974172072495275 7.390608948400047 17
    endloop
  endfacet
  facet normal 0.6190939493098309 -0.7853169308807473 0
    outer loop
      vertex -17.974172072495275 7.390608948400047 17
      vertex -17.974172072495275 7.390608948400047 0
      vertex -17.88167787843871 7.463525491562422 17
    endloop
  endfacet
  facet normal 0.5555702330195998 -0.8314696123025468 0
    outer loop
      vertex -17.88167787843871 7.463525491562422 17
      vertex -17.88167787843871 7.463525491562422 0
      vertex -17.783747847073922 7.528960246531138 17
    endloop
  endfacet
  facet normal 0.4886212414969573 -0.8724960070727956 0
    outer loop
      vertex -17.783747847073922 7.528960246531138 17
      vertex -17.783747847073922 7.528960246531138 0
      vertex -17.68098574960932 7.5865097862825515 17
    endloop
  endfacet
  facet normal 0.4186597375374261 -0.9081431738250824 0
    outer loop
      vertex -17.68098574960932 7.5865097862825515 17
      vertex -17.68098574960932 7.5865097862825515 0
      vertex -17.574025148547634 7.63581929876693 17
    endloop
  endfacet
  facet normal 0.34611705707749923 -0.9381913359224818 0
    outer loop
      vertex -17.574025148547634 7.63581929876693 17
      vertex -17.574025148547634 7.63581929876693 0
      vertex -17.46352549156242 7.6765847744427305 17
    endloop
  endfacet
  facet normal 0.2714404498650644 -0.96245523645365 0
    outer loop
      vertex -17.46352549156242 7.6765847744427305 17
      vertex -17.46352549156242 7.6765847744427305 0
      vertex -17.350168045783857 7.708554880596514 17
    endloop
  endfacet
  facet normal -0.34611705707749923 -0.9381913359224818 0
    outer loop
      vertex -16.425974851452366 7.63581929876693 17
      vertex -16.53647450843758 7.6765847744427305 17
      vertex -16.53647450843758 7.6765847744427305 0
    endloop
  endfacet
  facet normal -0.8314696123025492 -0.5555702330195964 0
    outer loop
      vertex -15.721039753468862 7.033747847073923 17
      vertex -15.786474508437578 7.13167787843871 17
      vertex -15.786474508437578 7.13167787843871 0
    endloop
  endfacet
  facet normal -0.7853169308807445 -0.6190939493098346 0
    outer loop
      vertex -15.786474508437578 7.13167787843871 17
      vertex -15.859391051599953 7.224172072495276 17
      vertex -15.859391051599953 7.224172072495276 0
    endloop
  endfacet
  facet normal -0.678800745532944 -0.7343225094356836 0
    outer loop
      vertex -15.939339828220179 7.310660171779821 17
      vertex -16.025827927504725 7.390608948400047 17
      vertex -16.025827927504725 7.390608948400047 0
    endloop
  endfacet
  facet normal -0.7343225094356801 -0.6788007455329478 0
    outer loop
      vertex -15.859391051599953 7.224172072495276 17
      vertex -15.939339828220179 7.310660171779821 17
      vertex -15.939339828220179 7.310660171779821 0
    endloop
  endfacet
  facet normal -0.6190939493098309 -0.7853169308807473 0
    outer loop
      vertex -16.11832212156129 7.463525491562422 17
      vertex -16.11832212156129 7.463525491562422 0
      vertex -16.025827927504725 7.390608948400047 17
    endloop
  endfacet
  facet normal -0.5555702330195998 -0.8314696123025468 0
    outer loop
      vertex -16.11832212156129 7.463525491562422 17
      vertex -16.216252152926078 7.528960246531138 17
      vertex -16.216252152926078 7.528960246531138 0
    endloop
  endfacet
  facet normal -0.4886212414969573 -0.8724960070727956 0
    outer loop
      vertex -16.31901425039068 7.5865097862825515 17
      vertex -16.31901425039068 7.5865097862825515 0
      vertex -16.216252152926078 7.528960246531138 17
    endloop
  endfacet
  facet normal -0.4186597375374261 -0.9081431738250824 0
    outer loop
      vertex -16.425974851452366 7.63581929876693 17
      vertex -16.425974851452366 7.63581929876693 0
      vertex -16.31901425039068 7.5865097862825515 17
    endloop
  endfacet
  facet normal 0.19509032201613216 -0.9807852804032297 0
    outer loop
      vertex -17.350168045783857 7.708554880596514 17
      vertex -17.350168045783857 7.708554880596514 0
      vertex -17.234651697560345 7.731532510892706 17
    endloop
  endfacet
  facet normal 0.11753739745783998 -0.993068456954926 0
    outer loop
      vertex -17.234651697560345 7.731532510892706 17
      vertex -17.234651697560345 7.731532510892706 0
      vertex -17.117688643591766 7.745376000599692 17
    endloop
  endfacet
  facet normal 0.039259815759067854 -0.9992290362407228 0
    outer loop
      vertex -17.117688643591766 7.745376000599692 17
      vertex -17.117688643591766 7.745376000599692 0
      vertex -17 7.75 17
    endloop
  endfacet
  facet normal -0.039259815759067854 -0.9992290362407228 0
    outer loop
      vertex -17 7.75 17
      vertex -17 7.75 0
      vertex -16.882311356408234 7.745376000599692 17
    endloop
  endfacet
  facet normal -0.11753739745783998 -0.993068456954926 0
    outer loop
      vertex -16.882311356408234 7.745376000599692 17
      vertex -16.882311356408234 7.745376000599692 0
      vertex -16.765348302439655 7.731532510892706 17
    endloop
  endfacet
  facet normal -0.19509032201613216 -0.9807852804032297 0
    outer loop
      vertex -16.765348302439655 7.731532510892706 17
      vertex -16.765348302439655 7.731532510892706 0
      vertex -16.649831954216143 7.708554880596514 17
    endloop
  endfacet
  facet normal -0.2714404498650644 -0.96245523645365 0
    outer loop
      vertex -16.649831954216143 7.708554880596514 17
      vertex -16.649831954216143 7.708554880596514 0
      vertex -16.53647450843758 7.6765847744427305 17
    endloop
  endfacet
  facet normal -0.8314696123025492 0.5555702330195964 0
    outer loop
      vertex -15.786474508437578 5.36832212156129 17
      vertex -15.721039753468862 5.466252152926077 17
      vertex -15.721039753468862 5.466252152926077 0
    endloop
  endfacet
  facet normal -0.8724960070727976 0.48862124149695413 0
    outer loop
      vertex -15.721039753468862 5.466252152926077 17
      vertex -15.663490213717449 5.56901425039068 17
      vertex -15.663490213717449 5.56901425039068 0
    endloop
  endfacet
  facet normal -0.9081431738250839 0.41865973753742275 0
    outer loop
      vertex -15.663490213717449 5.56901425039068 17
      vertex -15.614180701233071 5.675974851452366 17
      vertex -15.614180701233071 5.675974851452366 0
    endloop
  endfacet
  facet normal -0.9381913359224812 0.34611705707750096 0
    outer loop
      vertex -15.614180701233071 5.675974851452366 17
      vertex -15.57341522555727 5.786474508437579 17
      vertex -15.57341522555727 5.786474508437579 0
    endloop
  endfacet
  facet normal -0.9624552364536483 0.27144044986507027 0
    outer loop
      vertex -15.57341522555727 5.786474508437579 17
      vertex -15.541445119403486 5.8998319542161415 17
      vertex -15.541445119403486 5.8998319542161415 0
    endloop
  endfacet
  facet normal -0.9807852804032283 0.19509032201613946 0
    outer loop
      vertex -15.541445119403486 5.8998319542161415 17
      vertex -15.518467489107293 6.015348302439653 17
      vertex -15.518467489107293 6.015348302439653 0
    endloop
  endfacet
  facet normal -0.9930684569549277 0.11753739745782511 0
    outer loop
      vertex -15.518467489107293 6.015348302439653 17
      vertex -15.504623999400309 6.132311356408232 17
      vertex -15.504623999400309 6.132311356408232 0
    endloop
  endfacet
  facet normal -0.9992290362407228 0.039259815759074806 0
    outer loop
      vertex -15.504623999400309 6.132311356408232 17
      vertex -15.5 6.25 17
      vertex -15.5 6.25 0
    endloop
  endfacet
  facet normal -0.9992290362407228 -0.039259815759074806 0
    outer loop
      vertex -15.5 6.25 17
      vertex -15.504623999400309 6.367688643591768 17
      vertex -15.504623999400309 6.367688643591768 0
    endloop
  endfacet
  facet normal -0.9930684569549277 -0.11753739745782511 0
    outer loop
      vertex -15.504623999400309 6.367688643591768 17
      vertex -15.518467489107293 6.484651697560347 17
      vertex -15.518467489107293 6.484651697560347 0
    endloop
  endfacet
  facet normal -0.9807852804032283 -0.19509032201613946 0
    outer loop
      vertex -15.518467489107293 6.484651697560347 17
      vertex -15.541445119403486 6.6001680457838585 17
      vertex -15.541445119403486 6.6001680457838585 0
    endloop
  endfacet
  facet normal -0.9624552364536483 -0.27144044986507027 0
    outer loop
      vertex -15.541445119403486 6.6001680457838585 17
      vertex -15.57341522555727 6.713525491562421 17
      vertex -15.57341522555727 6.713525491562421 0
    endloop
  endfacet
  facet normal -0.9381913359224812 -0.34611705707750096 0
    outer loop
      vertex -15.57341522555727 6.713525491562421 17
      vertex -15.614180701233071 6.824025148547634 17
      vertex -15.614180701233071 6.824025148547634 0
    endloop
  endfacet
  facet normal -0.9081431738250839 -0.41865973753742275 0
    outer loop
      vertex -15.663490213717449 6.93098574960932 17
      vertex -15.663490213717449 6.93098574960932 0
      vertex -15.614180701233071 6.824025148547634 17
    endloop
  endfacet
  facet normal -0.8724960070727976 -0.48862124149695413 0
    outer loop
      vertex -15.663490213717449 6.93098574960932 17
      vertex -15.721039753468862 7.033747847073923 17
      vertex -15.721039753468862 7.033747847073923 0
    endloop
  endfacet
  facet normal 0.9381913359224812 0.34611705707750096 0
    outer loop
      vertex -18.38581929876693 5.675974851452366 19
      vertex -18.42658477444273 5.786474508437579 19
      vertex -18.42658477444273 5.786474508437579 20
    endloop
  endfacet
  facet normal 0.9381913359224812 0.34611705707750096 0
    outer loop
      vertex -18.38581929876693 5.675974851452366 19
      vertex -18.42658477444273 5.786474508437579 20
      vertex -18.38581929876693 5.675974851452366 20
    endloop
  endfacet
  facet normal 0.9624552364536445 0.2714404498650843 0
    outer loop
      vertex -18.458554880596516 5.8998319542161415 19
      vertex -18.458554880596516 5.8998319542161415 20
      vertex -18.42658477444273 5.786474508437579 19
    endloop
  endfacet
  facet normal 0.980785280403234 0.19509032201611043 0
    outer loop
      vertex -18.458554880596516 5.8998319542161415 19
      vertex -18.481532510892706 6.015348302439653 19
      vertex -18.481532510892706 6.015348302439653 20
    endloop
  endfacet
  facet normal 0.993068456954926 0.11753739745783998 0
    outer loop
      vertex -18.481532510892706 6.015348302439653 19
      vertex -18.49537600059969 6.132311356408232 19
      vertex -18.49537600059969 6.132311356408232 20
    endloop
  endfacet
  facet normal 0.9992290362407228 0.0392598157590748 0
    outer loop
      vertex -18.49537600059969 6.132311356408232 19
      vertex -18.5 6.25 19
      vertex -18.5 6.25 20
    endloop
  endfacet
  facet normal 0.9992290362407228 -0.0392598157590748 0
    outer loop
      vertex -18.5 6.25 19
      vertex -18.49537600059969 6.367688643591768 19
      vertex -18.49537600059969 6.367688643591768 20
    endloop
  endfacet
  facet normal 0.9624552364536445 0.2714404498650843 0
    outer loop
      vertex -18.42658477444273 5.786474508437579 19
      vertex -18.458554880596516 5.8998319542161415 20
      vertex -18.42658477444273 5.786474508437579 20
    endloop
  endfacet
  facet normal 0.980785280403234 0.19509032201611043 0
    outer loop
      vertex -18.458554880596516 5.8998319542161415 19
      vertex -18.481532510892706 6.015348302439653 20
      vertex -18.458554880596516 5.8998319542161415 20
    endloop
  endfacet
  facet normal 0.993068456954926 0.11753739745783998 0
    outer loop
      vertex -18.481532510892706 6.015348302439653 19
      vertex -18.49537600059969 6.132311356408232 20
      vertex -18.481532510892706 6.015348302439653 20
    endloop
  endfacet
  facet normal 0.9992290362407228 0.0392598157590748 0
    outer loop
      vertex -18.49537600059969 6.132311356408232 19
      vertex -18.5 6.25 20
      vertex -18.49537600059969 6.132311356408232 20
    endloop
  endfacet
  facet normal 0.9992290362407228 -0.0392598157590748 0
    outer loop
      vertex -18.5 6.25 19
      vertex -18.49537600059969 6.367688643591768 20
      vertex -18.5 6.25 20
    endloop
  endfacet
  facet normal 0.993068456954926 -0.11753739745783998 0
    outer loop
      vertex -18.49537600059969 6.367688643591768 19
      vertex -18.481532510892706 6.484651697560347 19
      vertex -18.481532510892706 6.484651697560347 20
    endloop
  endfacet
  facet normal 0.980785280403234 -0.19509032201611043 0
    outer loop
      vertex -18.481532510892706 6.484651697560347 19
      vertex -18.458554880596516 6.6001680457838585 19
      vertex -18.458554880596516 6.6001680457838585 20
    endloop
  endfacet
  facet normal 0.9624552364536445 -0.2714404498650843 0
    outer loop
      vertex -18.458554880596516 6.6001680457838585 19
      vertex -18.42658477444273 6.713525491562421 19
      vertex -18.42658477444273 6.713525491562421 20
    endloop
  endfacet
  facet normal 0.9381913359224812 -0.34611705707750096 0
    outer loop
      vertex -18.42658477444273 6.713525491562421 19
      vertex -18.38581929876693 6.824025148547634 19
      vertex -18.38581929876693 6.824025148547634 20
    endloop
  endfacet
  facet normal 0.993068456954926 -0.11753739745783998 0
    outer loop
      vertex -18.49537600059969 6.367688643591768 19
      vertex -18.481532510892706 6.484651697560347 20
      vertex -18.49537600059969 6.367688643591768 20
    endloop
  endfacet
  facet normal 0.980785280403234 -0.19509032201611043 0
    outer loop
      vertex -18.481532510892706 6.484651697560347 19
      vertex -18.458554880596516 6.6001680457838585 20
      vertex -18.481532510892706 6.484651697560347 20
    endloop
  endfacet
  facet normal 0.9624552364536445 -0.2714404498650843 0
    outer loop
      vertex -18.458554880596516 6.6001680457838585 19
      vertex -18.42658477444273 6.713525491562421 20
      vertex -18.458554880596516 6.6001680457838585 20
    endloop
  endfacet
  facet normal 0.9381913359224812 -0.34611705707750096 0
    outer loop
      vertex -18.42658477444273 6.713525491562421 19
      vertex -18.38581929876693 6.824025148547634 20
      vertex -18.42658477444273 6.713525491562421 20
    endloop
  endfacet
  facet normal 0.7343225094356876 0.6788007455329396 0
    outer loop
      vertex -18.060660171779823 5.189339828220179 19
      vertex -18.140608948400047 5.275827927504724 19
      vertex -18.140608948400047 5.275827927504724 20
    endloop
  endfacet
  facet normal 0.8314696123025491 0.5555702330195964 0
    outer loop
      vertex -18.21352549156242 5.36832212156129 19
      vertex -18.27896024653114 5.466252152926077 19
      vertex -18.27896024653114 5.466252152926077 20
    endloop
  endfacet
  facet normal 0.7853169308807444 0.6190939493098345 0
    outer loop
      vertex -18.140608948400047 5.275827927504724 19
      vertex -18.21352549156242 5.36832212156129 19
      vertex -18.21352549156242 5.36832212156129 20
    endloop
  endfacet
  facet normal 0.6788007455329365 0.7343225094356906 0
    outer loop
      vertex -17.974172072495275 5.109391051599953 19
      vertex -18.060660171779823 5.189339828220179 19
      vertex -18.060660171779823 5.189339828220179 20
    endloop
  endfacet
  facet normal 0.8724960070727975 0.48862124149695413 0
    outer loop
      vertex -18.27896024653114 5.466252152926077 19
      vertex -18.33650978628255 5.56901425039068 19
      vertex -18.33650978628255 5.56901425039068 20
    endloop
  endfacet
  facet normal 0.9081431738250838 0.4186597375374227 0
    outer loop
      vertex -18.33650978628255 5.56901425039068 19
      vertex -18.38581929876693 5.675974851452366 19
      vertex -18.38581929876693 5.675974851452366 20
    endloop
  endfacet
  facet normal 0.7343225094356876 0.6788007455329396 0
    outer loop
      vertex -18.060660171779823 5.189339828220179 19
      vertex -18.140608948400047 5.275827927504724 20
      vertex -18.060660171779823 5.189339828220179 20
    endloop
  endfacet
  facet normal 0.8314696123025491 0.5555702330195964 0
    outer loop
      vertex -18.21352549156242 5.36832212156129 19
      vertex -18.27896024653114 5.466252152926077 20
      vertex -18.21352549156242 5.36832212156129 20
    endloop
  endfacet
  facet normal 0.7853169308807444 0.6190939493098345 0
    outer loop
      vertex -18.140608948400047 5.275827927504724 19
      vertex -18.21352549156242 5.36832212156129 20
      vertex -18.140608948400047 5.275827927504724 20
    endloop
  endfacet
  facet normal 0.6788007455329365 0.7343225094356906 0
    outer loop
      vertex -17.974172072495275 5.109391051599953 19
      vertex -18.060660171779823 5.189339828220179 20
      vertex -17.974172072495275 5.109391051599953 20
    endloop
  endfacet
  facet normal 0.8724960070727975 0.48862124149695413 0
    outer loop
      vertex -18.27896024653114 5.466252152926077 19
      vertex -18.33650978628255 5.56901425039068 20
      vertex -18.27896024653114 5.466252152926077 20
    endloop
  endfacet
  facet normal 0.9081431738250838 0.4186597375374227 0
    outer loop
      vertex -18.33650978628255 5.56901425039068 19
      vertex -18.38581929876693 5.675974851452366 20
      vertex -18.33650978628255 5.56901425039068 20
    endloop
  endfacet
  facet normal -0.6788007455329439 0.7343225094356834 0
    outer loop
      vertex -16.025827927504725 5.109391051599953 19
      vertex -16.025827927504725 5.109391051599953 20
      vertex -15.939339828220179 5.189339828220179 19
    endloop
  endfacet
  facet normal -0.7343225094356801 0.6788007455329478 0
    outer loop
      vertex -15.939339828220179 5.189339828220179 19
      vertex -15.939339828220179 5.189339828220179 20
      vertex -15.859391051599953 5.275827927504724 19
    endloop
  endfacet
  facet normal -0.7853169308807444 0.6190939493098345 0
    outer loop
      vertex -15.859391051599953 5.275827927504724 19
      vertex -15.859391051599953 5.275827927504724 20
      vertex -15.786474508437578 5.36832212156129 19
    endloop
  endfacet
  facet normal -0.8314696123025491 0.5555702330195964 0
    outer loop
      vertex -15.786474508437578 5.36832212156129 19
      vertex -15.786474508437578 5.36832212156129 20
      vertex -15.721039753468862 5.466252152926077 19
    endloop
  endfacet
  facet normal -0.6788007455329439 0.7343225094356834 0
    outer loop
      vertex -15.939339828220179 5.189339828220179 19
      vertex -16.025827927504725 5.109391051599953 20
      vertex -15.939339828220179 5.189339828220179 20
    endloop
  endfacet
  facet normal -0.7343225094356801 0.6788007455329478 0
    outer loop
      vertex -15.859391051599953 5.275827927504724 19
      vertex -15.939339828220179 5.189339828220179 20
      vertex -15.859391051599953 5.275827927504724 20
    endloop
  endfacet
  facet normal -0.7853169308807444 0.6190939493098345 0
    outer loop
      vertex -15.786474508437578 5.36832212156129 19
      vertex -15.859391051599953 5.275827927504724 20
      vertex -15.786474508437578 5.36832212156129 20
    endloop
  endfacet
  facet normal 0.9081431738250838 -0.4186597375374227 0
    outer loop
      vertex -18.38581929876693 6.824025148547634 19
      vertex -18.33650978628255 6.93098574960932 19
      vertex -18.33650978628255 6.93098574960932 20
    endloop
  endfacet
  facet normal 0.8724960070727975 -0.48862124149695413 0
    outer loop
      vertex -18.33650978628255 6.93098574960932 19
      vertex -18.27896024653114 7.033747847073923 19
      vertex -18.27896024653114 7.033747847073923 20
    endloop
  endfacet
  facet normal 0.9081431738250838 -0.4186597375374227 0
    outer loop
      vertex -18.38581929876693 6.824025148547634 19
      vertex -18.33650978628255 6.93098574960932 20
      vertex -18.38581929876693 6.824025148547634 20
    endloop
  endfacet
  facet normal 0.8724960070727975 -0.48862124149695413 0
    outer loop
      vertex -18.33650978628255 6.93098574960932 19
      vertex -18.27896024653114 7.033747847073923 20
      vertex -18.33650978628255 6.93098574960932 20
    endloop
  endfacet
  facet normal 0.8314696123025491 -0.5555702330195964 0
    outer loop
      vertex -18.27896024653114 7.033747847073923 19
      vertex -18.21352549156242 7.13167787843871 19
      vertex -18.21352549156242 7.13167787843871 20
    endloop
  endfacet
  facet normal 0.7853169308807444 -0.6190939493098345 0
    outer loop
      vertex -18.21352549156242 7.13167787843871 19
      vertex -18.140608948400047 7.224172072495276 19
      vertex -18.140608948400047 7.224172072495276 20
    endloop
  endfacet
  facet normal 0.7343225094356876 -0.6788007455329396 0
    outer loop
      vertex -18.140608948400047 7.224172072495276 19
      vertex -18.060660171779823 7.310660171779821 19
      vertex -18.060660171779823 7.310660171779821 20
    endloop
  endfacet
  facet normal 0.6788007455329365 -0.7343225094356906 0
    outer loop
      vertex -18.060660171779823 7.310660171779821 19
      vertex -17.974172072495275 7.390608948400047 19
      vertex -17.974172072495275 7.390608948400047 20
    endloop
  endfacet
  facet normal 0.619093949309831 -0.7853169308807474 0
    outer loop
      vertex -17.974172072495275 7.390608948400047 19
      vertex -17.88167787843871 7.463525491562422 19
      vertex -17.88167787843871 7.463525491562422 20
    endloop
  endfacet
  facet normal 0.5555702330195998 -0.8314696123025468 0
    outer loop
      vertex -17.88167787843871 7.463525491562422 19
      vertex -17.783747847073922 7.528960246531138 19
      vertex -17.783747847073922 7.528960246531138 20
    endloop
  endfacet
  facet normal 0.48862124149695735 -0.8724960070727957 0
    outer loop
      vertex -17.783747847073922 7.528960246531138 19
      vertex -17.68098574960932 7.5865097862825515 19
      vertex -17.68098574960932 7.5865097862825515 20
    endloop
  endfacet
  facet normal 0.418659737537426 -0.9081431738250821 0
    outer loop
      vertex -17.68098574960932 7.5865097862825515 19
      vertex -17.574025148547634 7.63581929876693 19
      vertex -17.574025148547634 7.63581929876693 20
    endloop
  endfacet
  facet normal 0.34611705707749923 -0.9381913359224818 0
    outer loop
      vertex -17.574025148547634 7.63581929876693 19
      vertex -17.46352549156242 7.6765847744427305 19
      vertex -17.46352549156242 7.6765847744427305 20
    endloop
  endfacet
  facet normal 0.8314696123025491 -0.5555702330195964 0
    outer loop
      vertex -18.27896024653114 7.033747847073923 19
      vertex -18.21352549156242 7.13167787843871 20
      vertex -18.27896024653114 7.033747847073923 20
    endloop
  endfacet
  facet normal 0.7853169308807444 -0.6190939493098345 0
    outer loop
      vertex -18.21352549156242 7.13167787843871 19
      vertex -18.140608948400047 7.224172072495276 20
      vertex -18.21352549156242 7.13167787843871 20
    endloop
  endfacet
  facet normal 0.7343225094356876 -0.6788007455329396 0
    outer loop
      vertex -18.140608948400047 7.224172072495276 19
      vertex -18.060660171779823 7.310660171779821 20
      vertex -18.140608948400047 7.224172072495276 20
    endloop
  endfacet
  facet normal 0.6788007455329365 -0.7343225094356906 0
    outer loop
      vertex -18.060660171779823 7.310660171779821 19
      vertex -17.974172072495275 7.390608948400047 20
      vertex -18.060660171779823 7.310660171779821 20
    endloop
  endfacet
  facet normal 0.619093949309831 -0.7853169308807474 0
    outer loop
      vertex -17.974172072495275 7.390608948400047 19
      vertex -17.88167787843871 7.463525491562422 20
      vertex -17.974172072495275 7.390608948400047 20
    endloop
  endfacet
  facet normal 0.5555702330195998 -0.8314696123025468 0
    outer loop
      vertex -17.88167787843871 7.463525491562422 19
      vertex -17.783747847073922 7.528960246531138 20
      vertex -17.88167787843871 7.463525491562422 20
    endloop
  endfacet
  facet normal 0.48862124149695735 -0.8724960070727957 0
    outer loop
      vertex -17.783747847073922 7.528960246531138 19
      vertex -17.68098574960932 7.5865097862825515 20
      vertex -17.783747847073922 7.528960246531138 20
    endloop
  endfacet
  facet normal 0.418659737537426 -0.9081431738250821 0
    outer loop
      vertex -17.68098574960932 7.5865097862825515 19
      vertex -17.574025148547634 7.63581929876693 20
      vertex -17.68098574960932 7.5865097862825515 20
    endloop
  endfacet
  facet normal 0.34611705707749923 -0.9381913359224818 0
    outer loop
      vertex -17.574025148547634 7.63581929876693 19
      vertex -17.46352549156242 7.6765847744427305 20
      vertex -17.574025148547634 7.63581929876693 20
    endloop
  endfacet
  facet normal 0.2714404498650644 -0.96245523645365 0
    outer loop
      vertex -17.46352549156242 7.6765847744427305 19
      vertex -17.350168045783857 7.708554880596514 20
      vertex -17.46352549156242 7.6765847744427305 20
    endloop
  endfacet
  facet normal -0.2714404498650644 -0.96245523645365 0
    outer loop
      vertex -16.649831954216143 7.708554880596514 19
      vertex -16.53647450843758 7.6765847744427305 19
      vertex -16.53647450843758 7.6765847744427305 20
    endloop
  endfacet
  facet normal -0.34611705707749923 -0.9381913359224818 0
    outer loop
      vertex -16.425974851452366 7.63581929876693 19
      vertex -16.425974851452366 7.63581929876693 20
      vertex -16.53647450843758 7.6765847744427305 19
    endloop
  endfacet
  facet normal -0.7853169308807444 -0.6190939493098345 0
    outer loop
      vertex -15.786474508437578 7.13167787843871 19
      vertex -15.786474508437578 7.13167787843871 20
      vertex -15.859391051599953 7.224172072495276 19
    endloop
  endfacet
  facet normal -0.6788007455329439 -0.7343225094356834 0
    outer loop
      vertex -15.939339828220179 7.310660171779821 19
      vertex -15.939339828220179 7.310660171779821 20
      vertex -16.025827927504725 7.390608948400047 19
    endloop
  endfacet
  facet normal -0.7343225094356801 -0.6788007455329478 0
    outer loop
      vertex -15.859391051599953 7.224172072495276 19
      vertex -15.859391051599953 7.224172072495276 20
      vertex -15.939339828220179 7.310660171779821 19
    endloop
  endfacet
  facet normal -0.5555702330195998 -0.8314696123025468 0
    outer loop
      vertex -16.11832212156129 7.463525491562422 19
      vertex -16.11832212156129 7.463525491562422 20
      vertex -16.216252152926078 7.528960246531138 19
    endloop
  endfacet
  facet normal -0.418659737537426 -0.9081431738250821 0
    outer loop
      vertex -16.425974851452366 7.63581929876693 19
      vertex -16.31901425039068 7.5865097862825515 19
      vertex -16.31901425039068 7.5865097862825515 20
    endloop
  endfacet
  facet normal -0.48862124149695735 -0.8724960070727957 0
    outer loop
      vertex -16.31901425039068 7.5865097862825515 19
      vertex -16.216252152926078 7.528960246531138 19
      vertex -16.216252152926078 7.528960246531138 20
    endloop
  endfacet
  facet normal -0.619093949309831 -0.7853169308807474 0
    outer loop
      vertex -16.11832212156129 7.463525491562422 19
      vertex -16.025827927504725 7.390608948400047 19
      vertex -16.025827927504725 7.390608948400047 20
    endloop
  endfacet
  facet normal -0.34611705707749923 -0.9381913359224818 0
    outer loop
      vertex -16.53647450843758 7.6765847744427305 19
      vertex -16.425974851452366 7.63581929876693 20
      vertex -16.53647450843758 7.6765847744427305 20
    endloop
  endfacet
  facet normal -0.8314696123025491 -0.5555702330195964 0
    outer loop
      vertex -15.786474508437578 7.13167787843871 19
      vertex -15.721039753468862 7.033747847073923 20
      vertex -15.786474508437578 7.13167787843871 20
    endloop
  endfacet
  facet normal -0.7853169308807444 -0.6190939493098345 0
    outer loop
      vertex -15.859391051599953 7.224172072495276 19
      vertex -15.786474508437578 7.13167787843871 20
      vertex -15.859391051599953 7.224172072495276 20
    endloop
  endfacet
  facet normal -0.6788007455329439 -0.7343225094356834 0
    outer loop
      vertex -16.025827927504725 7.390608948400047 19
      vertex -15.939339828220179 7.310660171779821 20
      vertex -16.025827927504725 7.390608948400047 20
    endloop
  endfacet
  facet normal -0.7343225094356801 -0.6788007455329478 0
    outer loop
      vertex -15.939339828220179 7.310660171779821 19
      vertex -15.859391051599953 7.224172072495276 20
      vertex -15.939339828220179 7.310660171779821 20
    endloop
  endfacet
  facet normal -0.619093949309831 -0.7853169308807474 0
    outer loop
      vertex -16.11832212156129 7.463525491562422 19
      vertex -16.025827927504725 7.390608948400047 20
      vertex -16.11832212156129 7.463525491562422 20
    endloop
  endfacet
  facet normal -0.5555702330195998 -0.8314696123025468 0
    outer loop
      vertex -16.216252152926078 7.528960246531138 19
      vertex -16.11832212156129 7.463525491562422 20
      vertex -16.216252152926078 7.528960246531138 20
    endloop
  endfacet
  facet normal -0.48862124149695735 -0.8724960070727957 0
    outer loop
      vertex -16.31901425039068 7.5865097862825515 19
      vertex -16.216252152926078 7.528960246531138 20
      vertex -16.31901425039068 7.5865097862825515 20
    endloop
  endfacet
  facet normal -0.418659737537426 -0.9081431738250821 0
    outer loop
      vertex -16.425974851452366 7.63581929876693 19
      vertex -16.31901425039068 7.5865097862825515 20
      vertex -16.425974851452366 7.63581929876693 20
    endloop
  endfacet
  facet normal 0.2714404498650644 -0.96245523645365 0
    outer loop
      vertex -17.46352549156242 7.6765847744427305 19
      vertex -17.350168045783857 7.708554880596514 19
      vertex -17.350168045783857 7.708554880596514 20
    endloop
  endfacet
  facet normal 0.1950903220161322 -0.9807852804032298 0
    outer loop
      vertex -17.350168045783857 7.708554880596514 19
      vertex -17.234651697560345 7.731532510892706 19
      vertex -17.234651697560345 7.731532510892706 20
    endloop
  endfacet
  facet normal 0.11753739745783998 -0.993068456954926 0
    outer loop
      vertex -17.234651697560345 7.731532510892706 19
      vertex -17.117688643591766 7.745376000599692 19
      vertex -17.117688643591766 7.745376000599692 20
    endloop
  endfacet
  facet normal 0.1950903220161322 -0.9807852804032298 0
    outer loop
      vertex -17.350168045783857 7.708554880596514 19
      vertex -17.234651697560345 7.731532510892706 20
      vertex -17.350168045783857 7.708554880596514 20
    endloop
  endfacet
  facet normal 0.11753739745783998 -0.993068456954926 0
    outer loop
      vertex -17.234651697560345 7.731532510892706 19
      vertex -17.117688643591766 7.745376000599692 20
      vertex -17.234651697560345 7.731532510892706 20
    endloop
  endfacet
  facet normal 0.03925981575906786 -0.999229036240723 0
    outer loop
      vertex -17.117688643591766 7.745376000599692 19
      vertex -17 7.75 20
      vertex -17.117688643591766 7.745376000599692 20
    endloop
  endfacet
  facet normal 0.03925981575906786 -0.999229036240723 0
    outer loop
      vertex -17.117688643591766 7.745376000599692 19
      vertex -17 7.75 19
      vertex -17 7.75 20
    endloop
  endfacet
  facet normal -0.03925981575906786 -0.999229036240723 0
    outer loop
      vertex -17 7.75 19
      vertex -16.882311356408234 7.745376000599692 19
      vertex -16.882311356408234 7.745376000599692 20
    endloop
  endfacet
  facet normal -0.11753739745783998 -0.993068456954926 0
    outer loop
      vertex -16.882311356408234 7.745376000599692 19
      vertex -16.765348302439655 7.731532510892706 19
      vertex -16.765348302439655 7.731532510892706 20
    endloop
  endfacet
  facet normal -0.1950903220161322 -0.9807852804032298 0
    outer loop
      vertex -16.765348302439655 7.731532510892706 19
      vertex -16.649831954216143 7.708554880596514 19
      vertex -16.649831954216143 7.708554880596514 20
    endloop
  endfacet
  facet normal -0.03925981575906786 -0.999229036240723 0
    outer loop
      vertex -17 7.75 19
      vertex -16.882311356408234 7.745376000599692 20
      vertex -17 7.75 20
    endloop
  endfacet
  facet normal -0.11753739745783998 -0.993068456954926 0
    outer loop
      vertex -16.882311356408234 7.745376000599692 19
      vertex -16.765348302439655 7.731532510892706 20
      vertex -16.882311356408234 7.745376000599692 20
    endloop
  endfacet
  facet normal -0.1950903220161322 -0.9807852804032298 0
    outer loop
      vertex -16.765348302439655 7.731532510892706 19
      vertex -16.649831954216143 7.708554880596514 20
      vertex -16.765348302439655 7.731532510892706 20
    endloop
  endfacet
  facet normal -0.2714404498650644 -0.96245523645365 0
    outer loop
      vertex -16.649831954216143 7.708554880596514 19
      vertex -16.53647450843758 7.6765847744427305 20
      vertex -16.649831954216143 7.708554880596514 20
    endloop
  endfacet
  facet normal -0.8724960070727975 0.48862124149695413 0
    outer loop
      vertex -15.721039753468862 5.466252152926077 19
      vertex -15.721039753468862 5.466252152926077 20
      vertex -15.663490213717449 5.56901425039068 19
    endloop
  endfacet
  facet normal -0.9081431738250838 0.4186597375374227 0
    outer loop
      vertex -15.663490213717449 5.56901425039068 19
      vertex -15.663490213717449 5.56901425039068 20
      vertex -15.614180701233071 5.675974851452366 19
    endloop
  endfacet
  facet normal -0.9381913359224812 0.34611705707750096 0
    outer loop
      vertex -15.614180701233071 5.675974851452366 19
      vertex -15.614180701233071 5.675974851452366 20
      vertex -15.57341522555727 5.786474508437579 19
    endloop
  endfacet
  facet normal -0.8314696123025491 0.5555702330195964 0
    outer loop
      vertex -15.721039753468862 5.466252152926077 19
      vertex -15.786474508437578 5.36832212156129 20
      vertex -15.721039753468862 5.466252152926077 20
    endloop
  endfacet
  facet normal -0.8724960070727975 0.48862124149695413 0
    outer loop
      vertex -15.663490213717449 5.56901425039068 19
      vertex -15.721039753468862 5.466252152926077 20
      vertex -15.663490213717449 5.56901425039068 20
    endloop
  endfacet
  facet normal -0.9081431738250838 0.4186597375374227 0
    outer loop
      vertex -15.614180701233071 5.675974851452366 19
      vertex -15.663490213717449 5.56901425039068 20
      vertex -15.614180701233071 5.675974851452366 20
    endloop
  endfacet
  facet normal -0.9381913359224812 0.34611705707750096 0
    outer loop
      vertex -15.57341522555727 5.786474508437579 19
      vertex -15.614180701233071 5.675974851452366 20
      vertex -15.57341522555727 5.786474508437579 20
    endloop
  endfacet
  facet normal -0.9624552364536483 0.27144044986507027 0
    outer loop
      vertex -15.57341522555727 5.786474508437579 19
      vertex -15.57341522555727 5.786474508437579 20
      vertex -15.541445119403486 5.8998319542161415 19
    endloop
  endfacet
  facet normal -0.9807852804032282 0.19509032201613943 0
    outer loop
      vertex -15.541445119403486 5.8998319542161415 19
      vertex -15.541445119403486 5.8998319542161415 20
      vertex -15.518467489107293 6.015348302439653 19
    endloop
  endfacet
  facet normal -0.9930684569549278 0.11753739745782511 0
    outer loop
      vertex -15.518467489107293 6.015348302439653 19
      vertex -15.518467489107293 6.015348302439653 20
      vertex -15.504623999400309 6.132311356408232 19
    endloop
  endfacet
  facet normal -0.9992290362407228 0.0392598157590748 0
    outer loop
      vertex -15.504623999400309 6.132311356408232 19
      vertex -15.504623999400309 6.132311356408232 20
      vertex -15.5 6.25 19
    endloop
  endfacet
  facet normal -0.9992290362407228 -0.0392598157590748 0
    outer loop
      vertex -15.5 6.25 19
      vertex -15.5 6.25 20
      vertex -15.504623999400309 6.367688643591768 19
    endloop
  endfacet
  facet normal -0.9624552364536483 0.27144044986507027 0
    outer loop
      vertex -15.541445119403486 5.8998319542161415 19
      vertex -15.57341522555727 5.786474508437579 20
      vertex -15.541445119403486 5.8998319542161415 20
    endloop
  endfacet
  facet normal -0.9807852804032282 0.19509032201613943 0
    outer loop
      vertex -15.518467489107293 6.015348302439653 19
      vertex -15.541445119403486 5.8998319542161415 20
      vertex -15.518467489107293 6.015348302439653 20
    endloop
  endfacet
  facet normal -0.9930684569549278 0.11753739745782511 0
    outer loop
      vertex -15.504623999400309 6.132311356408232 19
      vertex -15.518467489107293 6.015348302439653 20
      vertex -15.504623999400309 6.132311356408232 20
    endloop
  endfacet
  facet normal -0.9992290362407228 0.0392598157590748 0
    outer loop
      vertex -15.5 6.25 19
      vertex -15.504623999400309 6.132311356408232 20
      vertex -15.5 6.25 20
    endloop
  endfacet
  facet normal -0.9992290362407228 -0.0392598157590748 0
    outer loop
      vertex -15.504623999400309 6.367688643591768 19
      vertex -15.5 6.25 20
      vertex -15.504623999400309 6.367688643591768 20
    endloop
  endfacet
  facet normal -0.9930684569549278 -0.11753739745782511 0
    outer loop
      vertex -15.504623999400309 6.367688643591768 19
      vertex -15.518467489107293 6.484651697560347 20
      vertex -15.518467489107293 6.484651697560347 19
    endloop
  endfacet
  facet normal -0.9807852804032282 -0.19509032201613943 0
    outer loop
      vertex -15.518467489107293 6.484651697560347 19
      vertex -15.518467489107293 6.484651697560347 20
      vertex -15.541445119403486 6.6001680457838585 19
    endloop
  endfacet
  facet normal -0.9624552364536483 -0.27144044986507027 0
    outer loop
      vertex -15.541445119403486 6.6001680457838585 19
      vertex -15.541445119403486 6.6001680457838585 20
      vertex -15.57341522555727 6.713525491562421 19
    endloop
  endfacet
  facet normal -0.9381913359224812 -0.34611705707750096 0
    outer loop
      vertex -15.57341522555727 6.713525491562421 19
      vertex -15.57341522555727 6.713525491562421 20
      vertex -15.614180701233071 6.824025148547634 19
    endloop
  endfacet
  facet normal -0.9081431738250838 -0.4186597375374227 0
    outer loop
      vertex -15.663490213717449 6.93098574960932 19
      vertex -15.614180701233071 6.824025148547634 19
      vertex -15.614180701233071 6.824025148547634 20
    endloop
  endfacet
  facet normal -0.8724960070727975 -0.48862124149695413 0
    outer loop
      vertex -15.663490213717449 6.93098574960932 19
      vertex -15.663490213717449 6.93098574960932 20
      vertex -15.721039753468862 7.033747847073923 19
    endloop
  endfacet
  facet normal -0.9930684569549278 -0.11753739745782511 0
    outer loop
      vertex -15.504623999400309 6.367688643591768 19
      vertex -15.504623999400309 6.367688643591768 20
      vertex -15.518467489107293 6.484651697560347 20
    endloop
  endfacet
  facet normal -0.9807852804032282 -0.19509032201613943 0
    outer loop
      vertex -15.541445119403486 6.6001680457838585 19
      vertex -15.518467489107293 6.484651697560347 20
      vertex -15.541445119403486 6.6001680457838585 20
    endloop
  endfacet
  facet normal -0.9624552364536483 -0.27144044986507027 0
    outer loop
      vertex -15.57341522555727 6.713525491562421 19
      vertex -15.541445119403486 6.6001680457838585 20
      vertex -15.57341522555727 6.713525491562421 20
    endloop
  endfacet
  facet normal -0.9381913359224812 -0.34611705707750096 0
    outer loop
      vertex -15.614180701233071 6.824025148547634 19
      vertex -15.57341522555727 6.713525491562421 20
      vertex -15.614180701233071 6.824025148547634 20
    endloop
  endfacet
  facet normal -0.9081431738250838 -0.4186597375374227 0
    outer loop
      vertex -15.663490213717449 6.93098574960932 19
      vertex -15.614180701233071 6.824025148547634 20
      vertex -15.663490213717449 6.93098574960932 20
    endloop
  endfacet
  facet normal -0.8724960070727975 -0.48862124149695413 0
    outer loop
      vertex -15.721039753468862 7.033747847073923 19
      vertex -15.663490213717449 6.93098574960932 20
      vertex -15.721039753468862 7.033747847073923 20
    endloop
  endfacet
  facet normal -0.8314696123025491 -0.5555702330195964 0
    outer loop
      vertex -15.721039753468862 7.033747847073923 19
      vertex -15.721039753468862 7.033747847073923 20
      vertex -15.786474508437578 7.13167787843871 19
    endloop
  endfacet
  facet normal 0.543191320318033 0.5876210597359547 0.5997038266394052
    outer loop
      vertex -18.94834414499055 3.9687821031999073 19
      vertex -18.060660171779823 5.189339828220179 17
      vertex -19.121320343559642 4.128679656440357 19
    endloop
  endfacet
  facet normal 0.49541262578091494 0.628427919916766 0.5997038266394054
    outer loop
      vertex -18.76335575687742 3.8229490168751576 19
      vertex -17.974172072495275 5.109391051599953 17
      vertex -18.94834414499055 3.9687821031999073 19
    endloop
  endfacet
  facet normal 0.44457954766443397 0.665360312997808 0.5997038266394057
    outer loop
      vertex -18.76335575687742 3.8229490168751576 19
      vertex -18.567495694147848 3.6920795069377235 19
      vertex -17.88167787843871 5.036474508437578 17
    endloop
  endfacet
  facet normal 0.587621059735955 0.5431913203180329 0.5997038266394049
    outer loop
      vertex -19.121320343559642 4.128679656440357 19
      vertex -18.060660171779823 5.189339828220179 17
      vertex -18.140608948400047 5.275827927504724 17
    endloop
  endfacet
  facet normal 0.6284279199167682 0.49541262578091183 0.5997038266394056
    outer loop
      vertex -19.427050983124843 4.486644243122581 19
      vertex -18.140608948400047 5.275827927504724 17
      vertex -18.21352549156242 5.36832212156129 17
    endloop
  endfacet
  facet normal 0.6653603129978104 0.44457954766443064 0.5997038266394054
    outer loop
      vertex -19.427050983124843 4.486644243122581 19
      vertex -18.21352549156242 5.36832212156129 17
      vertex -19.557920493062277 4.682504305852154 19
    endloop
  endfacet
  facet normal 0.6981905384944608 0.391005488798903 0.5997038266394052
    outer loop
      vertex -18.27896024653114 5.466252152926077 17
      vertex -19.673019572565103 4.88802850078136 19
      vertex -19.557920493062277 4.682504305852154 19
    endloop
  endfacet
  facet normal 0.5876210597359515 0.5431913203180361 0.5997038266394054
    outer loop
      vertex -19.121320343559642 4.128679656440357 19
      vertex -18.140608948400047 5.275827927504724 17
      vertex -19.281217896800094 4.301655855009449 19
    endloop
  endfacet
  facet normal 0.6284279199167683 0.49541262578091194 0.5997038266394055
    outer loop
      vertex -19.427050983124843 4.486644243122581 19
      vertex -19.281217896800094 4.301655855009449 19
      vertex -18.140608948400047 5.275827927504724 17
    endloop
  endfacet
  facet normal 0 0 -1
    outer loop
      vertex -18.567495694147848 3.6920795069377235 19
      vertex -18.42658477444273 5.786474508437579 19
      vertex -18.36197149921864 3.576980427434896 19
    endloop
  endfacet
  facet normal 0 0 -1
    outer loop
      vertex -18.36197149921864 3.576980427434896 19
      vertex -18.42658477444273 5.786474508437579 19
      vertex -18.38581929876693 5.675974851452366 19
    endloop
  endfacet
  facet normal 0.15611557632278644 0.7848460021835225 0.5997038266394057
    outer loop
      vertex -17.700336091567717 3.3328902388069706 19
      vertex -17.469303395120694 3.2869349782145867 19
      vertex -17.350168045783857 4.791445119403486 17
    endloop
  endfacet
  facet normal 0.09405601648498672 0.7946752708352196 0.5997038266394055
    outer loop
      vertex -17.469303395120694 3.2869349782145867 19
      vertex -17.235377287183535 3.259247998800616 19
      vertex -17.234651697560345 4.768467489107294 17
    endloop
  endfacet
  facet normal 0.03141657002876204 0.799605102185874 0.5997038266394054
    outer loop
      vertex -17.235377287183535 3.259247998800616 19
      vertex -17 3.25 19
      vertex -17.117688643591766 4.754623999400308 17
    endloop
  endfacet
  facet normal -0.03141657002876204 0.799605102185874 0.5997038266394054
    outer loop
      vertex -17 3.25 19
      vertex -16.764622712816465 3.259247998800616 19
      vertex -16.882311356408234 4.754623999400308 17
    endloop
  endfacet
  facet normal -0.09405601648498672 0.7946752708352196 0.5997038266394056
    outer loop
      vertex -16.764622712816465 3.259247998800616 19
      vertex -16.530696604879306 3.2869349782145867 19
      vertex -16.765348302439655 4.768467489107294 17
    endloop
  endfacet
  facet normal -0.15611557632278644 0.7848460021835225 0.5997038266394057
    outer loop
      vertex -16.530696604879306 3.2869349782145867 19
      vertex -16.299663908432283 3.3328902388069706 19
      vertex -16.649831954216143 4.791445119403486 17
    endloop
  endfacet
  facet normal 0 0 -1
    outer loop
      vertex -17.700336091567717 3.3328902388069706 19
      vertex -17.46352549156242 4.8234152255572695 19
      vertex -17.469303395120694 3.2869349782145867 19
    endloop
  endfacet
  facet normal 0 0 -1
    outer loop
      vertex -17.469303395120694 3.2869349782145867 19
      vertex -17.234651697560345 4.768467489107294 19
      vertex -17.235377287183535 3.259247998800616 19
    endloop
  endfacet
  facet normal 0 0 -1
    outer loop
      vertex -17.235377287183535 3.259247998800616 19
      vertex -17 4.75 19
      vertex -17 3.25 19
    endloop
  endfacet
  facet normal 0 0 -1
    outer loop
      vertex -17 3.25 19
      vertex -16.882311356408234 4.754623999400308 19
      vertex -16.764622712816465 3.259247998800616 19
    endloop
  endfacet
  facet normal 0 0 -1
    outer loop
      vertex -16.764622712816465 3.259247998800616 19
      vertex -16.649831954216143 4.791445119403486 19
      vertex -16.530696604879306 3.2869349782145867 19
    endloop
  endfacet
  facet normal 0 0 -1
    outer loop
      vertex -16.530696604879306 3.2869349782145867 19
      vertex -16.425974851452366 4.86418070123307 19
      vertex -16.299663908432283 3.3328902388069706 19
    endloop
  endfacet
  facet normal 0.33502075107240714 0.7267161871493806 0.5997038266394057
    outer loop
      vertex -18.14805029709527 3.47836140246614 19
      vertex -17.574025148547634 4.86418070123307 17
      vertex -17.68098574960932 4.9134902137174485 17
    endloop
  endfacet
  facet normal 0.21721263171884672 0.7701778969405874 0.5997038266394059
    outer loop
      vertex -17.700336091567717 3.3328902388069706 19
      vertex -17.350168045783857 4.791445119403486 17
      vertex -17.46352549156242 4.8234152255572695 17
    endloop
  endfacet
  facet normal 0.2769704990098532 0.7507613888528678 0.5997038266394054
    outer loop
      vertex -17.927050983124843 3.3968304511145395 19
      vertex -17.46352549156242 4.8234152255572695 17
      vertex -17.574025148547634 4.86418070123307 17
    endloop
  endfacet
  facet normal 0.1561155763227879 0.7848460021835223 0.5997038266394056
    outer loop
      vertex -17.469303395120694 3.2869349782145867 19
      vertex -17.234651697560345 4.768467489107294 17
      vertex -17.350168045783857 4.791445119403486 17
    endloop
  endfacet
  facet normal 0.09405601648498972 0.7946752708352195 0.5997038266394055
    outer loop
      vertex -17.235377287183535 3.259247998800616 19
      vertex -17.117688643591766 4.754623999400308 17
      vertex -17.234651697560345 4.768467489107294 17
    endloop
  endfacet
  facet normal 0.3350207510724093 0.7267161871493798 0.5997038266394056
    outer loop
      vertex -18.36197149921864 3.576980427434896 19
      vertex -18.14805029709527 3.47836140246614 19
      vertex -17.68098574960932 4.9134902137174485 17
    endloop
  endfacet
  facet normal 0.39100548879890257 0.6981905384944606 0.5997038266394057
    outer loop
      vertex -18.567495694147848 3.6920795069377235 19
      vertex -18.36197149921864 3.576980427434896 19
      vertex -17.783747847073922 4.971039753468862 17
    endloop
  endfacet
  facet normal 0.27697049900984794 0.7507613888528696 0.5997038266394056
    outer loop
      vertex -17.927050983124843 3.3968304511145395 19
      vertex -17.574025148547634 4.86418070123307 17
      vertex -18.14805029709527 3.47836140246614 19
    endloop
  endfacet
  facet normal 0.21721263171885416 0.7701778969405856 0.5997038266394054
    outer loop
      vertex -17.927050983124843 3.3968304511145395 19
      vertex -17.700336091567717 3.3328902388069706 19
      vertex -17.46352549156242 4.8234152255572695 17
    endloop
  endfacet
  facet normal 0.4445795476644318 0.6653603129978092 0.5997038266394059
    outer loop
      vertex -18.567495694147848 3.6920795069377235 19
      vertex -17.783747847073922 4.971039753468862 17
      vertex -17.88167787843871 5.036474508437578 17
    endloop
  endfacet
  facet normal 0.5431913203180302 0.5876210597359572 0.5997038266394052
    outer loop
      vertex -18.94834414499055 3.9687821031999073 19
      vertex -17.974172072495275 5.109391051599953 17
      vertex -18.060660171779823 5.189339828220179 17
    endloop
  endfacet
  facet normal 0.49541262578090894 0.6284279199167705 0.5997038266394055
    outer loop
      vertex -18.76335575687742 3.8229490168751576 19
      vertex -17.88167787843871 5.036474508437578 17
      vertex -17.974172072495275 5.109391051599953 17
    endloop
  endfacet
  facet normal 0.39100548879890556 0.6981905384944593 0.5997038266394055
    outer loop
      vertex -18.36197149921864 3.576980427434896 19
      vertex -17.68098574960932 4.9134902137174485 17
      vertex -17.783747847073922 4.971039753468862 17
    endloop
  endfacet
  facet normal 0.031416570028761005 0.7996051021858739 0.5997038266394055
    outer loop
      vertex -17 3.25 19
      vertex -17 4.75 17
      vertex -17.117688643591766 4.754623999400308 17
    endloop
  endfacet
  facet normal -0.031416570028761005 0.7996051021858739 0.5997038266394055
    outer loop
      vertex -17 3.25 19
      vertex -16.882311356408234 4.754623999400308 17
      vertex -17 4.75 17
    endloop
  endfacet
  facet normal -0.09405601648498972 0.7946752708352195 0.5997038266394055
    outer loop
      vertex -16.764622712816465 3.259247998800616 19
      vertex -16.765348302439655 4.768467489107294 17
      vertex -16.882311356408234 4.754623999400308 17
    endloop
  endfacet
  facet normal -0.1561155763227879 0.7848460021835223 0.5997038266394056
    outer loop
      vertex -16.530696604879306 3.2869349782145867 19
      vertex -16.649831954216143 4.791445119403486 17
      vertex -16.765348302439655 4.768467489107294 17
    endloop
  endfacet
  facet normal -0.21721263171884672 0.7701778969405874 0.5997038266394059
    outer loop
      vertex -16.299663908432283 3.3328902388069706 19
      vertex -16.53647450843758 4.8234152255572695 17
      vertex -16.649831954216143 4.791445119403486 17
    endloop
  endfacet
  facet normal -0.2769704990098532 0.7507613888528678 0.5997038266394054
    outer loop
      vertex -16.072949016875157 3.3968304511145395 19
      vertex -16.425974851452366 4.86418070123307 17
      vertex -16.53647450843758 4.8234152255572695 17
    endloop
  endfacet
  facet normal -0.3350207510724073 0.7267161871493809 0.5997038266394056
    outer loop
      vertex -15.851949702904731 3.47836140246614 19
      vertex -16.31901425039068 4.9134902137174485 17
      vertex -16.425974851452366 4.86418070123307 17
    endloop
  endfacet
  facet normal -0.21721263171885416 0.7701778969405856 0.5997038266394054
    outer loop
      vertex -16.299663908432283 3.3328902388069706 19
      vertex -16.072949016875157 3.3968304511145395 19
      vertex -16.53647450843758 4.8234152255572695 17
    endloop
  endfacet
  facet normal -0.2769704990098499 0.7507613888528689 0.5997038266394056
    outer loop
      vertex -16.072949016875157 3.3968304511145395 19
      vertex -15.851949702904731 3.47836140246614 19
      vertex -16.425974851452366 4.86418070123307 17
    endloop
  endfacet
  facet normal -0.33502075107240703 0.7267161871493809 0.5997038266394055
    outer loop
      vertex -15.851949702904731 3.47836140246614 19
      vertex -15.63802850078136 3.576980427434896 19
      vertex -16.31901425039068 4.9134902137174485 17
    endloop
  endfacet
  facet normal -0.39100548879890523 0.6981905384944592 0.5997038266394055
    outer loop
      vertex -15.63802850078136 3.576980427434896 19
      vertex -15.432504305852154 3.6920795069377235 19
      vertex -16.216252152926078 4.971039753468862 17
    endloop
  endfacet
  facet normal -0.39100548879890556 0.6981905384944593 0.5997038266394055
    outer loop
      vertex -15.63802850078136 3.576980427434896 19
      vertex -16.216252152926078 4.971039753468862 17
      vertex -16.31901425039068 4.9134902137174485 17
    endloop
  endfacet
  facet normal -0.444579547664432 0.6653603129978094 0.5997038266394055
    outer loop
      vertex -15.432504305852154 3.6920795069377235 19
      vertex -16.11832212156129 5.036474508437578 17
      vertex -16.216252152926078 4.971039753468862 17
    endloop
  endfacet
  facet normal -0.49541262578090894 0.6284279199167705 0.5997038266394055
    outer loop
      vertex -15.23664424312258 3.8229490168751576 19
      vertex -16.025827927504725 5.109391051599953 17
      vertex -16.11832212156129 5.036474508437578 17
    endloop
  endfacet
  facet normal 0 0 -1
    outer loop
      vertex -18.36197149921864 3.576980427434896 19
      vertex -18.21352549156242 5.36832212156129 19
      vertex -18.14805029709527 3.47836140246614 19
    endloop
  endfacet
  facet normal 0 0 -1
    outer loop
      vertex -17.927050983124843 3.3968304511145395 19
      vertex -18.14805029709527 3.47836140246614 19
      vertex -17.974172072495275 5.109391051599953 19
    endloop
  endfacet
  facet normal 0 0 -1
    outer loop
      vertex -17.927050983124843 3.3968304511145395 19
      vertex -17.68098574960932 4.9134902137174485 19
      vertex -17.700336091567717 3.3328902388069706 19
    endloop
  endfacet
  facet normal 0 0 -1
    outer loop
      vertex -17.927050983124843 3.3968304511145395 19
      vertex -17.88167787843871 5.036474508437578 19
      vertex -17.783747847073922 4.971039753468862 19
    endloop
  endfacet
  facet normal 0 0 -1
    outer loop
      vertex -17.927050983124843 3.3968304511145395 19
      vertex -17.783747847073922 4.971039753468862 19
      vertex -17.68098574960932 4.9134902137174485 19
    endloop
  endfacet
  facet normal 0 0 -1
    outer loop
      vertex -17.469303395120694 3.2869349782145867 19
      vertex -17.46352549156242 4.8234152255572695 19
      vertex -17.350168045783857 4.791445119403486 19
    endloop
  endfacet
  facet normal 0 0 -1
    outer loop
      vertex -17.700336091567717 3.3328902388069706 19
      vertex -17.68098574960932 4.9134902137174485 19
      vertex -17.574025148547634 4.86418070123307 19
    endloop
  endfacet
  facet normal 0 0 -1
    outer loop
      vertex -17.700336091567717 3.3328902388069706 19
      vertex -17.574025148547634 4.86418070123307 19
      vertex -17.46352549156242 4.8234152255572695 19
    endloop
  endfacet
  facet normal 0 0 -1
    outer loop
      vertex -17.469303395120694 3.2869349782145867 19
      vertex -17.350168045783857 4.791445119403486 19
      vertex -17.234651697560345 4.768467489107294 19
    endloop
  endfacet
  facet normal 0 0 -1
    outer loop
      vertex -17.235377287183535 3.259247998800616 19
      vertex -17.234651697560345 4.768467489107294 19
      vertex -17.117688643591766 4.754623999400308 19
    endloop
  endfacet
  facet normal 0 0 -1
    outer loop
      vertex -17.235377287183535 3.259247998800616 19
      vertex -17.117688643591766 4.754623999400308 19
      vertex -17 4.75 19
    endloop
  endfacet
  facet normal 0 0 -1
    outer loop
      vertex -18.14805029709527 3.47836140246614 19
      vertex -18.060660171779823 5.189339828220179 19
      vertex -17.974172072495275 5.109391051599953 19
    endloop
  endfacet
  facet normal 0 0 -1
    outer loop
      vertex -18.36197149921864 3.576980427434896 19
      vertex -18.27896024653114 5.466252152926077 19
      vertex -18.21352549156242 5.36832212156129 19
    endloop
  endfacet
  facet normal 0 0 -1
    outer loop
      vertex -18.14805029709527 3.47836140246614 19
      vertex -18.21352549156242 5.36832212156129 19
      vertex -18.140608948400047 5.275827927504724 19
    endloop
  endfacet
  facet normal 0 0 -1
    outer loop
      vertex -18.14805029709527 3.47836140246614 19
      vertex -18.140608948400047 5.275827927504724 19
      vertex -18.060660171779823 5.189339828220179 19
    endloop
  endfacet
  facet normal 0 0 -1
    outer loop
      vertex -17.927050983124843 3.3968304511145395 19
      vertex -17.974172072495275 5.109391051599953 19
      vertex -17.88167787843871 5.036474508437578 19
    endloop
  endfacet
  facet normal 0 0 -1
    outer loop
      vertex -18.36197149921864 3.576980427434896 19
      vertex -18.33650978628255 5.56901425039068 19
      vertex -18.27896024653114 5.466252152926077 19
    endloop
  endfacet
  facet normal 0 0 -1
    outer loop
      vertex -18.36197149921864 3.576980427434896 19
      vertex -18.38581929876693 5.675974851452366 19
      vertex -18.33650978628255 5.56901425039068 19
    endloop
  endfacet
  facet normal 0 0 -1
    outer loop
      vertex -17 3.25 19
      vertex -17 4.75 19
      vertex -16.882311356408234 4.754623999400308 19
    endloop
  endfacet
  facet normal 0 0 -1
    outer loop
      vertex -16.764622712816465 3.259247998800616 19
      vertex -16.882311356408234 4.754623999400308 19
      vertex -16.765348302439655 4.768467489107294 19
    endloop
  endfacet
  facet normal 0 0 -1
    outer loop
      vertex -16.764622712816465 3.259247998800616 19
      vertex -16.765348302439655 4.768467489107294 19
      vertex -16.649831954216143 4.791445119403486 19
    endloop
  endfacet
  facet normal 0 0 -1
    outer loop
      vertex -16.530696604879306 3.2869349782145867 19
      vertex -16.649831954216143 4.791445119403486 19
      vertex -16.53647450843758 4.8234152255572695 19
    endloop
  endfacet
  facet normal 0 0 -1
    outer loop
      vertex -16.530696604879306 3.2869349782145867 19
      vertex -16.53647450843758 4.8234152255572695 19
      vertex -16.425974851452366 4.86418070123307 19
    endloop
  endfacet
  facet normal 0 0 -1
    outer loop
      vertex -16.299663908432283 3.3328902388069706 19
      vertex -16.216252152926078 4.971039753468862 19
      vertex -16.072949016875157 3.3968304511145395 19
    endloop
  endfacet
  facet normal 0 0 -1
    outer loop
      vertex -16.072949016875157 3.3968304511145395 19
      vertex -16.025827927504725 5.109391051599953 19
      vertex -15.851949702904731 3.47836140246614 19
    endloop
  endfacet
  facet normal 0 0 -1
    outer loop
      vertex -15.851949702904731 3.47836140246614 19
      vertex -15.786474508437578 5.36832212156129 19
      vertex -15.63802850078136 3.576980427434896 19
    endloop
  endfacet
  facet normal 0 0 -1
    outer loop
      vertex -16.299663908432283 3.3328902388069706 19
      vertex -16.425974851452366 4.86418070123307 19
      vertex -16.31901425039068 4.9134902137174485 19
    endloop
  endfacet
  facet normal 0 0 -1
    outer loop
      vertex -16.299663908432283 3.3328902388069706 19
      vertex -16.31901425039068 4.9134902137174485 19
      vertex -16.216252152926078 4.971039753468862 19
    endloop
  endfacet
  facet normal 0 0 -1
    outer loop
      vertex -16.072949016875157 3.3968304511145395 19
      vertex -16.216252152926078 4.971039753468862 19
      vertex -16.11832212156129 5.036474508437578 19
    endloop
  endfacet
  facet normal 0 0 -1
    outer loop
      vertex -16.072949016875157 3.3968304511145395 19
      vertex -16.11832212156129 5.036474508437578 19
      vertex -16.025827927504725 5.109391051599953 19
    endloop
  endfacet
  facet normal 0 0 -1
    outer loop
      vertex -15.851949702904731 3.47836140246614 19
      vertex -16.025827927504725 5.109391051599953 19
      vertex -15.939339828220179 5.189339828220179 19
    endloop
  endfacet
  facet normal 0 0 -1
    outer loop
      vertex -15.851949702904731 3.47836140246614 19
      vertex -15.939339828220179 5.189339828220179 19
      vertex -15.859391051599953 5.275827927504724 19
    endloop
  endfacet
  facet normal 0 0 -1
    outer loop
      vertex -15.851949702904731 3.47836140246614 19
      vertex -15.859391051599953 5.275827927504724 19
      vertex -15.786474508437578 5.36832212156129 19
    endloop
  endfacet
  facet normal -0.4445795476644312 0.6653603129978098 0.5997038266394056
    outer loop
      vertex -15.432504305852154 3.6920795069377235 19
      vertex -15.23664424312258 3.8229490168751576 19
      vertex -16.11832212156129 5.036474508437578 17
    endloop
  endfacet
  facet normal -0.49541262578091183 0.6284279199167682 0.5997038266394055
    outer loop
      vertex -15.23664424312258 3.8229490168751576 19
      vertex -15.051655855009448 3.9687821031999073 19
      vertex -16.025827927504725 5.109391051599953 17
    endloop
  endfacet
  facet normal -0.5431913203180359 0.5876210597359517 0.5997038266394056
    outer loop
      vertex -15.051655855009448 3.9687821031999073 19
      vertex -14.878679656440358 4.128679656440357 19
      vertex -15.939339828220179 5.189339828220179 17
    endloop
  endfacet
  facet normal -0.543191320318036 0.5876210597359514 0.5997038266394056
    outer loop
      vertex -15.051655855009448 3.9687821031999073 19
      vertex -15.939339828220179 5.189339828220179 17
      vertex -16.025827927504725 5.109391051599953 17
    endloop
  endfacet
  facet normal -0.5876210597359485 0.543191320318039 0.5997038266394058
    outer loop
      vertex -14.878679656440358 4.128679656440357 19
      vertex -15.859391051599953 5.275827927504724 17
      vertex -15.939339828220179 5.189339828220179 17
    endloop
  endfacet
  facet normal -0.6284279199167682 0.49541262578091183 0.5997038266394056
    outer loop
      vertex -14.572949016875157 4.486644243122581 19
      vertex -15.786474508437578 5.36832212156129 17
      vertex -15.859391051599953 5.275827927504724 17
    endloop
  endfacet
  facet normal -0.5876210597359515 0.5431913203180361 0.5997038266394054
    outer loop
      vertex -14.878679656440358 4.128679656440357 19
      vertex -14.718782103199906 4.301655855009449 19
      vertex -15.859391051599953 5.275827927504724 17
    endloop
  endfacet
  facet normal -0.6284279199167682 0.49541262578091183 0.5997038266394055
    outer loop
      vertex -14.718782103199906 4.301655855009449 19
      vertex -14.572949016875157 4.486644243122581 19
      vertex -15.859391051599953 5.275827927504724 17
    endloop
  endfacet
  facet normal -0.6653603129978104 0.44457954766443064 0.5997038266394054
    outer loop
      vertex -14.572949016875157 4.486644243122581 19
      vertex -14.442079506937723 4.682504305852154 19
      vertex -15.786474508437578 5.36832212156129 17
    endloop
  endfacet
  facet normal -0.6981905384944608 0.391005488798903 0.5997038266394052
    outer loop
      vertex -15.721039753468862 5.466252152926077 17
      vertex -14.442079506937723 4.682504305852154 19
      vertex -14.326980427434897 4.88802850078136 19
    endloop
  endfacet
  facet normal 0 0 -1
    outer loop
      vertex -15.63802850078136 3.576980427434896 19
      vertex -15.614180701233071 5.675974851452366 19
      vertex -15.432504305852154 3.6920795069377235 19
    endloop
  endfacet
  facet normal 0 0 -1
    outer loop
      vertex -15.63802850078136 3.576980427434896 19
      vertex -15.786474508437578 5.36832212156129 19
      vertex -15.721039753468862 5.466252152926077 19
    endloop
  endfacet
  facet normal 0 0 -1
    outer loop
      vertex -15.63802850078136 3.576980427434896 19
      vertex -15.721039753468862 5.466252152926077 19
      vertex -15.663490213717449 5.56901425039068 19
    endloop
  endfacet
  facet normal 0 0 -1
    outer loop
      vertex -15.63802850078136 3.576980427434896 19
      vertex -15.663490213717449 5.56901425039068 19
      vertex -15.614180701233071 5.675974851452366 19
    endloop
  endfacet
  facet normal 0 0 -1
    outer loop
      vertex -15.432504305852154 3.6920795069377235 19
      vertex -15.614180701233071 5.675974851452366 19
      vertex -15.57341522555727 5.786474508437579 19
    endloop
  endfacet
  facet normal 0.6981905384944606 0.39100548879890296 0.5997038266394054
    outer loop
      vertex -18.27896024653114 5.466252152926077 17
      vertex -18.33650978628255 5.56901425039068 17
      vertex -19.673019572565103 4.88802850078136 19
    endloop
  endfacet
  facet normal 0.6653603129978113 0.4445795476644292 0.5997038266394055
    outer loop
      vertex -18.21352549156242 5.36832212156129 17
      vertex -18.27896024653114 5.466252152926077 17
      vertex -19.557920493062277 4.682504305852154 19
    endloop
  endfacet
  facet normal 0.7507613888528673 0.2769704990098546 0.5997038266394054
    outer loop
      vertex -18.38581929876693 5.675974851452366 17
      vertex -18.42658477444273 5.786474508437579 17
      vertex -19.85316954888546 5.322949016875158 19
    endloop
  endfacet
  facet normal 0.7267161871493824 0.33502075107240475 0.5997038266394054
    outer loop
      vertex -18.33650978628255 5.56901425039068 17
      vertex -18.38581929876693 5.675974851452366 17
      vertex -19.771638597533858 5.101949702904731 19
    endloop
  endfacet
  facet normal 0.7701778969405838 0.2172126317188629 0.5997038266394047
    outer loop
      vertex -18.458554880596516 5.8998319542161415 17
      vertex -19.91710976119303 5.549663908432284 19
      vertex -18.42658477444273 5.786474508437579 17
    endloop
  endfacet
  facet normal 0.7267161871493824 0.33502075107240475 0.5997038266394054
    outer loop
      vertex -18.33650978628255 5.56901425039068 17
      vertex -19.771638597533858 5.101949702904731 19
      vertex -19.673019572565103 4.88802850078136 19
    endloop
  endfacet
  facet normal 0.7507613888528669 0.2769704990098556 0.5997038266394052
    outer loop
      vertex -18.38581929876693 5.675974851452366 17
      vertex -19.85316954888546 5.322949016875158 19
      vertex -19.771638597533858 5.101949702904731 19
    endloop
  endfacet
  facet normal 0.7701778969405869 0.21721263171885 0.5997038266394054
    outer loop
      vertex -18.42658477444273 5.786474508437579 17
      vertex -19.91710976119303 5.549663908432284 19
      vertex -19.85316954888546 5.322949016875158 19
    endloop
  endfacet
  facet normal 0.7848460021835216 0.1561155763227938 0.5997038266394049
    outer loop
      vertex -18.458554880596516 5.8998319542161415 17
      vertex -19.963065021785415 5.780696604879307 19
      vertex -19.91710976119303 5.549663908432284 19
    endloop
  endfacet
  facet normal 0.7848460021835253 0.1561155763227704 0.5997038266394064
    outer loop
      vertex -18.458554880596516 5.8998319542161415 17
      vertex -18.481532510892706 6.015348302439653 17
      vertex -19.963065021785415 5.780696604879307 19
    endloop
  endfacet
  facet normal 0.7946752708352196 0.09405601648498974 0.5997038266394052
    outer loop
      vertex -18.481532510892706 6.015348302439653 17
      vertex -18.49537600059969 6.132311356408232 17
      vertex -19.990752001199382 6.0146227128164655 19
    endloop
  endfacet
  facet normal 0.7996051021858738 0.031416570028766556 0.5997038266394054
    outer loop
      vertex -18.49537600059969 6.132311356408232 17
      vertex -18.5 6.25 17
      vertex -20 6.25 19
    endloop
  endfacet
  facet normal 0.7996051021858738 -0.031416570028766556 0.5997038266394054
    outer loop
      vertex -18.5 6.25 17
      vertex -18.49537600059969 6.367688643591768 17
      vertex -20 6.25 19
    endloop
  endfacet
  facet normal 0.7946752708352205 0.09405601648497777 0.5997038266394059
    outer loop
      vertex -18.481532510892706 6.015348302439653 17
      vertex -19.990752001199382 6.0146227128164655 19
      vertex -19.963065021785415 5.780696604879307 19
    endloop
  endfacet
  facet normal 0.7996051021858738 0.03141657002876668 0.5997038266394054
    outer loop
      vertex -18.49537600059969 6.132311356408232 17
      vertex -20 6.25 19
      vertex -19.990752001199382 6.0146227128164655 19
    endloop
  endfacet
  facet normal 0.7996051021858738 -0.03141657002876668 0.5997038266394054
    outer loop
      vertex -18.49537600059969 6.367688643591768 17
      vertex -19.990752001199382 6.4853772871835345 19
      vertex -20 6.25 19
    endloop
  endfacet
  facet normal 0 0 -1
    outer loop
      vertex -19.673019572565103 4.88802850078136 19
      vertex -19.771638597533858 5.101949702904731 19
      vertex -19.771638597533858 7.398050297095269 19
    endloop
  endfacet
  facet normal 0 0 -1
    outer loop
      vertex -19.771638597533858 5.101949702904731 19
      vertex -19.85316954888546 5.322949016875158 19
      vertex -19.85316954888546 7.177050983124842 19
    endloop
  endfacet
  facet normal 0 0 -1
    outer loop
      vertex -19.85316954888546 5.322949016875158 19
      vertex -19.91710976119303 5.549663908432284 19
      vertex -19.91710976119303 6.950336091567716 19
    endloop
  endfacet
  facet normal 0 0 -1
    outer loop
      vertex -19.91710976119303 5.549663908432284 19
      vertex -19.963065021785415 5.780696604879307 19
      vertex -19.963065021785415 6.719303395120693 19
    endloop
  endfacet
  facet normal 0 0 -1
    outer loop
      vertex -19.963065021785415 5.780696604879307 19
      vertex -19.990752001199382 6.0146227128164655 19
      vertex -19.990752001199382 6.4853772871835345 19
    endloop
  endfacet
  facet normal 0 0 -1
    outer loop
      vertex -19.990752001199382 6.0146227128164655 19
      vertex -20 6.25 19
      vertex -19.990752001199382 6.4853772871835345 19
    endloop
  endfacet
  facet normal 0 0 -1
    outer loop
      vertex -19.963065021785415 5.780696604879307 19
      vertex -19.990752001199382 6.4853772871835345 19
      vertex -19.963065021785415 6.719303395120693 19
    endloop
  endfacet
  facet normal 0 0 -1
    outer loop
      vertex -19.427050983124843 4.486644243122581 19
      vertex -19.427050983124843 8.01335575687742 19
      vertex -19.281217896800094 4.301655855009449 19
    endloop
  endfacet
  facet normal 0 0 -1
    outer loop
      vertex -19.557920493062277 4.682504305852154 19
      vertex -19.673019572565103 4.88802850078136 19
      vertex -19.673019572565103 7.61197149921864 19
    endloop
  endfacet
  facet normal 0 0 -1
    outer loop
      vertex -19.427050983124843 4.486644243122581 19
      vertex -19.557920493062277 4.682504305852154 19
      vertex -19.557920493062277 7.817495694147846 19
    endloop
  endfacet
  facet normal 0 0 -1
    outer loop
      vertex -19.121320343559642 4.128679656440357 19
      vertex -19.281217896800094 4.301655855009449 19
      vertex -19.281217896800094 8.198344144990552 19
    endloop
  endfacet
  facet normal 0 0 -1
    outer loop
      vertex -18.94834414499055 3.9687821031999073 19
      vertex -19.121320343559642 4.128679656440357 19
      vertex -19.121320343559642 8.371320343559642 19
    endloop
  endfacet
  facet normal 0 0 -1
    outer loop
      vertex -18.76335575687742 3.8229490168751576 19
      vertex -18.94834414499055 3.9687821031999073 19
      vertex -18.94834414499055 8.531217896800094 19
    endloop
  endfacet
  facet normal 0 0 -1
    outer loop
      vertex -18.567495694147848 3.6920795069377235 19
      vertex -18.458554880596516 5.8998319542161415 19
      vertex -18.42658477444273 5.786474508437579 19
    endloop
  endfacet
  facet normal 0 0 -1
    outer loop
      vertex -18.567495694147848 3.6920795069377235 19
      vertex -18.481532510892706 6.015348302439653 19
      vertex -18.458554880596516 5.8998319542161415 19
    endloop
  endfacet
  facet normal 0 0 -1
    outer loop
      vertex -18.567495694147848 3.6920795069377235 19
      vertex -18.49537600059969 6.132311356408232 19
      vertex -18.481532510892706 6.015348302439653 19
    endloop
  endfacet
  facet normal 0 0 -1
    outer loop
      vertex -18.76335575687742 3.8229490168751576 19
      vertex -18.76335575687742 8.677050983124843 19
      vertex -18.567495694147848 3.6920795069377235 19
    endloop
  endfacet
  facet normal 0 0 -1
    outer loop
      vertex -18.567495694147848 3.6920795069377235 19
      vertex -18.5 6.25 19
      vertex -18.49537600059969 6.132311356408232 19
    endloop
  endfacet
  facet normal 0 0 -1
    outer loop
      vertex -18.567495694147848 3.6920795069377235 19
      vertex -18.567495694147848 8.807920493062277 19
      vertex -18.5 6.25 19
    endloop
  endfacet
  facet normal 0.7946752708352196 -0.09405601648498974 0.5997038266394054
    outer loop
      vertex -18.49537600059969 6.367688643591768 17
      vertex -18.481532510892706 6.484651697560347 17
      vertex -19.990752001199382 6.4853772871835345 19
    endloop
  endfacet
  facet normal 0.7848460021835253 -0.1561155763227704 0.5997038266394064
    outer loop
      vertex -18.481532510892706 6.484651697560347 17
      vertex -18.458554880596516 6.6001680457838585 17
      vertex -19.963065021785415 6.719303395120693 19
    endloop
  endfacet
  facet normal 0.7701778969405838 -0.2172126317188629 0.5997038266394047
    outer loop
      vertex -18.458554880596516 6.6001680457838585 17
      vertex -18.42658477444273 6.713525491562421 17
      vertex -19.91710976119303 6.950336091567716 19
    endloop
  endfacet
  facet normal 0.7507613888528673 -0.2769704990098546 0.5997038266394054
    outer loop
      vertex -18.42658477444273 6.713525491562421 17
      vertex -18.38581929876693 6.824025148547634 17
      vertex -19.85316954888546 7.177050983124842 19
    endloop
  endfacet
  facet normal 0.7946752708352205 -0.09405601648497777 0.5997038266394059
    outer loop
      vertex -18.481532510892706 6.484651697560347 17
      vertex -19.963065021785415 6.719303395120693 19
      vertex -19.990752001199382 6.4853772871835345 19
    endloop
  endfacet
  facet normal 0.7848460021835216 -0.1561155763227938 0.5997038266394049
    outer loop
      vertex -18.458554880596516 6.6001680457838585 17
      vertex -19.91710976119303 6.950336091567716 19
      vertex -19.963065021785415 6.719303395120693 19
    endloop
  endfacet
  facet normal 0.7701778969405869 -0.21721263171885 0.5997038266394054
    outer loop
      vertex -18.42658477444273 6.713525491562421 17
      vertex -19.85316954888546 7.177050983124842 19
      vertex -19.91710976119303 6.950336091567716 19
    endloop
  endfacet
  facet normal 0.7267161871493824 -0.33502075107240475 0.5997038266394054
    outer loop
      vertex -18.38581929876693 6.824025148547634 17
      vertex -18.33650978628255 6.93098574960932 17
      vertex -19.771638597533858 7.398050297095269 19
    endloop
  endfacet
  facet normal 0.6981905384944606 -0.39100548879890296 0.5997038266394054
    outer loop
      vertex -18.33650978628255 6.93098574960932 17
      vertex -18.27896024653114 7.033747847073923 17
      vertex -19.673019572565103 7.61197149921864 19
    endloop
  endfacet
  facet normal 0.6653603129978113 -0.4445795476644292 0.5997038266394055
    outer loop
      vertex -18.27896024653114 7.033747847073923 17
      vertex -18.21352549156242 7.13167787843871 17
      vertex -19.557920493062277 7.817495694147846 19
    endloop
  endfacet
  facet normal 0.6284279199167682 -0.49541262578091183 0.5997038266394056
    outer loop
      vertex -18.21352549156242 7.13167787843871 17
      vertex -18.140608948400047 7.224172072495276 17
      vertex -19.427050983124843 8.01335575687742 19
    endloop
  endfacet
  facet normal 0.587621059735955 -0.5431913203180329 0.5997038266394049
    outer loop
      vertex -18.140608948400047 7.224172072495276 17
      vertex -18.060660171779823 7.310660171779821 17
      vertex -19.121320343559642 8.371320343559642 19
    endloop
  endfacet
  facet normal 0.7507613888528669 -0.2769704990098556 0.5997038266394052
    outer loop
      vertex -18.38581929876693 6.824025148547634 17
      vertex -19.771638597533858 7.398050297095269 19
      vertex -19.85316954888546 7.177050983124842 19
    endloop
  endfacet
  facet normal 0.7267161871493824 -0.33502075107240475 0.5997038266394054
    outer loop
      vertex -18.33650978628255 6.93098574960932 17
      vertex -19.673019572565103 7.61197149921864 19
      vertex -19.771638597533858 7.398050297095269 19
    endloop
  endfacet
  facet normal 0.6981905384944608 -0.391005488798903 0.5997038266394052
    outer loop
      vertex -18.27896024653114 7.033747847073923 17
      vertex -19.557920493062277 7.817495694147846 19
      vertex -19.673019572565103 7.61197149921864 19
    endloop
  endfacet
  facet normal 0.6653603129978113 -0.4445795476644292 0.5997038266394055
    outer loop
      vertex -18.21352549156242 7.13167787843871 17
      vertex -19.427050983124843 8.01335575687742 19
      vertex -19.557920493062277 7.817495694147846 19
    endloop
  endfacet
  facet normal 0 0 -1
    outer loop
      vertex -19.91710976119303 5.549663908432284 19
      vertex -19.963065021785415 6.719303395120693 19
      vertex -19.91710976119303 6.950336091567716 19
    endloop
  endfacet
  facet normal 0 0 -1
    outer loop
      vertex -19.85316954888546 5.322949016875158 19
      vertex -19.91710976119303 6.950336091567716 19
      vertex -19.85316954888546 7.177050983124842 19
    endloop
  endfacet
  facet normal 0 0 -1
    outer loop
      vertex -19.771638597533858 5.101949702904731 19
      vertex -19.85316954888546 7.177050983124842 19
      vertex -19.771638597533858 7.398050297095269 19
    endloop
  endfacet
  facet normal 0 0 -1
    outer loop
      vertex -19.673019572565103 4.88802850078136 19
      vertex -19.771638597533858 7.398050297095269 19
      vertex -19.673019572565103 7.61197149921864 19
    endloop
  endfacet
  facet normal 0 0 -1
    outer loop
      vertex -19.557920493062277 4.682504305852154 19
      vertex -19.673019572565103 7.61197149921864 19
      vertex -19.557920493062277 7.817495694147846 19
    endloop
  endfacet
  facet normal 0 0 -1
    outer loop
      vertex -19.427050983124843 4.486644243122581 19
      vertex -19.557920493062277 7.817495694147846 19
      vertex -19.427050983124843 8.01335575687742 19
    endloop
  endfacet
  facet normal 0 0 -1
    outer loop
      vertex -19.281217896800094 4.301655855009449 19
      vertex -19.427050983124843 8.01335575687742 19
      vertex -19.281217896800094 8.198344144990552 19
    endloop
  endfacet
  facet normal 0 0 -1
    outer loop
      vertex -19.121320343559642 4.128679656440357 19
      vertex -19.281217896800094 8.198344144990552 19
      vertex -19.121320343559642 8.371320343559642 19
    endloop
  endfacet
  facet normal 0 0 -1
    outer loop
      vertex -18.94834414499055 3.9687821031999073 19
      vertex -19.121320343559642 8.371320343559642 19
      vertex -18.94834414499055 8.531217896800094 19
    endloop
  endfacet
  facet normal 0 0 -1
    outer loop
      vertex -18.76335575687742 3.8229490168751576 19
      vertex -18.94834414499055 8.531217896800094 19
      vertex -18.76335575687742 8.677050983124843 19
    endloop
  endfacet
  facet normal 0 0 -1
    outer loop
      vertex -18.567495694147848 3.6920795069377235 19
      vertex -18.76335575687742 8.677050983124843 19
      vertex -18.567495694147848 8.807920493062277 19
    endloop
  endfacet
  facet normal 0 0 -1
    outer loop
      vertex -18.5 6.25 19
      vertex -18.567495694147848 8.807920493062277 19
      vertex -18.49537600059969 6.367688643591768 19
    endloop
  endfacet
  facet normal 0 0 -1
    outer loop
      vertex -18.49537600059969 6.367688643591768 19
      vertex -18.567495694147848 8.807920493062277 19
      vertex -18.481532510892706 6.484651697560347 19
    endloop
  endfacet
  facet normal 0 0 -1
    outer loop
      vertex -18.481532510892706 6.484651697560347 19
      vertex -18.567495694147848 8.807920493062277 19
      vertex -18.458554880596516 6.6001680457838585 19
    endloop
  endfacet
  facet normal 0 0 -1
    outer loop
      vertex -18.458554880596516 6.6001680457838585 19
      vertex -18.567495694147848 8.807920493062277 19
      vertex -18.42658477444273 6.713525491562421 19
    endloop
  endfacet
  facet normal 0 0 -1
    outer loop
      vertex -18.42658477444273 6.713525491562421 19
      vertex -18.567495694147848 8.807920493062277 19
      vertex -18.38581929876693 6.824025148547634 19
    endloop
  endfacet
  facet normal 0 0 -1
    outer loop
      vertex -18.38581929876693 6.824025148547634 19
      vertex -18.36197149921864 8.923019572565103 19
      vertex -18.33650978628255 6.93098574960932 19
    endloop
  endfacet
  facet normal 0 0 -1
    outer loop
      vertex -18.33650978628255 6.93098574960932 19
      vertex -18.36197149921864 8.923019572565103 19
      vertex -18.27896024653114 7.033747847073923 19
    endloop
  endfacet
  facet normal 0.628427919916768 -0.4954126257809118 0.5997038266394057
    outer loop
      vertex -18.140608948400047 7.224172072495276 17
      vertex -19.281217896800094 8.198344144990552 19
      vertex -19.427050983124843 8.01335575687742 19
    endloop
  endfacet
  facet normal 0.5876210597359487 -0.5431913203180391 0.5997038266394055
    outer loop
      vertex -18.140608948400047 7.224172072495276 17
      vertex -19.121320343559642 8.371320343559642 19
      vertex -19.281217896800094 8.198344144990552 19
    endloop
  endfacet
  facet normal 0.5431913203180363 -0.5876210597359517 0.5997038266394051
    outer loop
      vertex -18.060660171779823 7.310660171779821 17
      vertex -18.94834414499055 8.531217896800094 19
      vertex -19.121320343559642 8.371320343559642 19
    endloop
  endfacet
  facet normal 0.49541262578091483 -0.6284279199167659 0.5997038266394055
    outer loop
      vertex -17.974172072495275 7.390608948400047 17
      vertex -18.76335575687742 8.677050983124843 19
      vertex -18.94834414499055 8.531217896800094 19
    endloop
  endfacet
  facet normal 0.4445795476644318 -0.6653603129978092 0.5997038266394058
    outer loop
      vertex -17.88167787843871 7.463525491562422 17
      vertex -18.567495694147848 8.807920493062277 19
      vertex -18.76335575687742 8.677050983124843 19
    endloop
  endfacet
  facet normal 0 0 -1
    outer loop
      vertex -18.38581929876693 6.824025148547634 19
      vertex -18.567495694147848 8.807920493062277 19
      vertex -18.36197149921864 8.923019572565103 19
    endloop
  endfacet
  facet normal 0.54319132031803 -0.587621059735957 0.5997038266394055
    outer loop
      vertex -18.060660171779823 7.310660171779821 17
      vertex -17.974172072495275 7.390608948400047 17
      vertex -18.94834414499055 8.531217896800094 19
    endloop
  endfacet
  facet normal 0.4954126257809088 -0.6284279199167703 0.599703826639406
    outer loop
      vertex -17.974172072495275 7.390608948400047 17
      vertex -17.88167787843871 7.463525491562422 17
      vertex -18.76335575687742 8.677050983124843 19
    endloop
  endfacet
  facet normal 0.4445795476644318 -0.6653603129978092 0.5997038266394058
    outer loop
      vertex -17.88167787843871 7.463525491562422 17
      vertex -17.783747847073922 7.528960246531138 17
      vertex -18.567495694147848 8.807920493062277 19
    endloop
  endfacet
  facet normal 0.39100548879890556 -0.6981905384944593 0.5997038266394054
    outer loop
      vertex -17.783747847073922 7.528960246531138 17
      vertex -17.68098574960932 7.5865097862825515 17
      vertex -18.36197149921864 8.923019572565103 19
    endloop
  endfacet
  facet normal 0.33502075107240714 -0.7267161871493806 0.5997038266394057
    outer loop
      vertex -17.68098574960932 7.5865097862825515 17
      vertex -17.574025148547634 7.63581929876693 17
      vertex -18.14805029709527 9.02163859753386 19
    endloop
  endfacet
  facet normal 0.2769704990098532 -0.7507613888528678 0.5997038266394054
    outer loop
      vertex -17.574025148547634 7.63581929876693 17
      vertex -17.46352549156242 7.6765847744427305 17
      vertex -17.927050983124843 9.103169548885461 19
    endloop
  endfacet
  facet normal 0.2172126317188468 -0.7701778969405877 0.5997038266394056
    outer loop
      vertex -17.46352549156242 7.6765847744427305 17
      vertex -17.350168045783857 7.708554880596514 17
      vertex -17.700336091567717 9.167109761193029 19
    endloop
  endfacet
  facet normal 0.15611557632278794 -0.7848460021835225 0.5997038266394056
    outer loop
      vertex -17.350168045783857 7.708554880596514 17
      vertex -17.234651697560345 7.731532510892706 17
      vertex -17.469303395120694 9.213065021785413 19
    endloop
  endfacet
  facet normal 0.09405601648498971 -0.7946752708352193 0.5997038266394056
    outer loop
      vertex -17.234651697560345 7.731532510892706 17
      vertex -17.117688643591766 7.745376000599692 17
      vertex -17.235377287183535 9.240752001199384 19
    endloop
  endfacet
  facet normal 0.3910054887989003 -0.6981905384944619 0.5997038266394056
    outer loop
      vertex -17.783747847073922 7.528960246531138 17
      vertex -18.36197149921864 8.923019572565103 19
      vertex -18.567495694147848 8.807920493062277 19
    endloop
  endfacet
  facet normal 0.3350207510724119 -0.7267161871493788 0.5997038266394054
    outer loop
      vertex -17.68098574960932 7.5865097862825515 17
      vertex -18.14805029709527 9.02163859753386 19
      vertex -18.36197149921864 8.923019572565103 19
    endloop
  endfacet
  facet normal 0.2769704990098492 -0.7507613888528689 0.5997038266394056
    outer loop
      vertex -17.574025148547634 7.63581929876693 17
      vertex -17.927050983124843 9.103169548885461 19
      vertex -18.14805029709527 9.02163859753386 19
    endloop
  endfacet
  facet normal 0.21721263171885 -0.7701778969405869 0.5997038266394054
    outer loop
      vertex -17.46352549156242 7.6765847744427305 17
      vertex -17.700336091567717 9.167109761193029 19
      vertex -17.927050983124843 9.103169548885461 19
    endloop
  endfacet
  facet normal 0.15611557632278794 -0.7848460021835225 0.5997038266394055
    outer loop
      vertex -17.350168045783857 7.708554880596514 17
      vertex -17.469303395120694 9.213065021785413 19
      vertex -17.700336091567717 9.167109761193029 19
    endloop
  endfacet
  facet normal 0.09405601648498971 -0.7946752708352193 0.5997038266394056
    outer loop
      vertex -17.234651697560345 7.731532510892706 17
      vertex -17.235377287183535 9.240752001199384 19
      vertex -17.469303395120694 9.213065021785413 19
    endloop
  endfacet
  facet normal 0.03141657002876053 -0.799605102185874 0.5997038266394055
    outer loop
      vertex -17.117688643591766 7.745376000599692 17
      vertex -17 9.25 19
      vertex -17.235377287183535 9.240752001199384 19
    endloop
  endfacet
  facet normal 0.031416570028761005 -0.7996051021858739 0.5997038266394055
    outer loop
      vertex -17.117688643591766 7.745376000599692 17
      vertex -17 7.75 17
      vertex -17 9.25 19
    endloop
  endfacet
  facet normal -0.031416570028761005 -0.7996051021858739 0.5997038266394055
    outer loop
      vertex -17 7.75 17
      vertex -16.882311356408234 7.745376000599692 17
      vertex -17 9.25 19
    endloop
  endfacet
  facet normal -0.09405601648498971 -0.7946752708352193 0.5997038266394055
    outer loop
      vertex -16.882311356408234 7.745376000599692 17
      vertex -16.765348302439655 7.731532510892706 17
      vertex -16.764622712816465 9.240752001199384 19
    endloop
  endfacet
  facet normal -0.15611557632278794 -0.7848460021835225 0.5997038266394055
    outer loop
      vertex -16.765348302439655 7.731532510892706 17
      vertex -16.649831954216143 7.708554880596514 17
      vertex -16.530696604879306 9.213065021785413 19
    endloop
  endfacet
  facet normal -0.2172126317188468 -0.7701778969405877 0.5997038266394056
    outer loop
      vertex -16.649831954216143 7.708554880596514 17
      vertex -16.53647450843758 7.6765847744427305 17
      vertex -16.299663908432283 9.167109761193029 19
    endloop
  endfacet
  facet normal -0.4954126257809088 -0.6284279199167703 0.599703826639406
    outer loop
      vertex -16.11832212156129 7.463525491562422 17
      vertex -16.025827927504725 7.390608948400047 17
      vertex -15.23664424312258 8.677050983124843 19
    endloop
  endfacet
  facet normal -0.444579547664432 -0.6653603129978094 0.5997038266394056
    outer loop
      vertex -16.11832212156129 7.463525491562422 17
      vertex -15.432504305852154 8.807920493062277 19
      vertex -16.216252152926078 7.528960246531138 17
    endloop
  endfacet
  facet normal -0.2769704990098532 -0.7507613888528678 0.5997038266394054
    outer loop
      vertex -16.425974851452366 7.63581929876693 17
      vertex -16.072949016875157 9.103169548885461 19
      vertex -16.53647450843758 7.6765847744427305 17
    endloop
  endfacet
  facet normal -0.3350207510724073 -0.7267161871493809 0.5997038266394056
    outer loop
      vertex -16.425974851452366 7.63581929876693 17
      vertex -16.31901425039068 7.5865097862825515 17
      vertex -15.851949702904731 9.02163859753386 19
    endloop
  endfacet
  facet normal -0.39100548879890556 -0.6981905384944593 0.5997038266394055
    outer loop
      vertex -16.31901425039068 7.5865097862825515 17
      vertex -16.216252152926078 7.528960246531138 17
      vertex -15.63802850078136 8.923019572565103 19
    endloop
  endfacet
  facet normal -0.03141657002876053 -0.799605102185874 0.5997038266394055
    outer loop
      vertex -16.882311356408234 7.745376000599692 17
      vertex -16.764622712816465 9.240752001199384 19
      vertex -17 9.25 19
    endloop
  endfacet
  facet normal -0.09405601648498971 -0.7946752708352193 0.5997038266394056
    outer loop
      vertex -16.765348302439655 7.731532510892706 17
      vertex -16.530696604879306 9.213065021785413 19
      vertex -16.764622712816465 9.240752001199384 19
    endloop
  endfacet
  facet normal -0.15611557632278794 -0.7848460021835225 0.5997038266394055
    outer loop
      vertex -16.649831954216143 7.708554880596514 17
      vertex -16.299663908432283 9.167109761193029 19
      vertex -16.530696604879306 9.213065021785413 19
    endloop
  endfacet
  facet normal -0.27697049900985127 -0.7507613888528685 0.5997038266394055
    outer loop
      vertex -16.425974851452366 7.63581929876693 17
      vertex -15.851949702904731 9.02163859753386 19
      vertex -16.072949016875157 9.103169548885461 19
    endloop
  endfacet
  facet normal -0.39100548879890296 -0.6981905384944606 0.5997038266394055
    outer loop
      vertex -16.216252152926078 7.528960246531138 17
      vertex -15.432504305852154 8.807920493062277 19
      vertex -15.63802850078136 8.923019572565103 19
    endloop
  endfacet
  facet normal -0.33502075107240964 -0.7267161871493799 0.5997038266394054
    outer loop
      vertex -16.31901425039068 7.5865097862825515 17
      vertex -15.63802850078136 8.923019572565103 19
      vertex -15.851949702904731 9.02163859753386 19
    endloop
  endfacet
  facet normal -0.21721263171885 -0.7701778969405869 0.5997038266394054
    outer loop
      vertex -16.53647450843758 7.6765847744427305 17
      vertex -16.072949016875157 9.103169548885461 19
      vertex -16.299663908432283 9.167109761193029 19
    endloop
  endfacet
  facet normal 0 0 -1
    outer loop
      vertex -18.27896024653114 7.033747847073923 19
      vertex -18.36197149921864 8.923019572565103 19
      vertex -18.21352549156242 7.13167787843871 19
    endloop
  endfacet
  facet normal 0 0 -1
    outer loop
      vertex -18.21352549156242 7.13167787843871 19
      vertex -18.14805029709527 9.02163859753386 19
      vertex -18.140608948400047 7.224172072495276 19
    endloop
  endfacet
  facet normal 0 0 -1
    outer loop
      vertex -18.140608948400047 7.224172072495276 19
      vertex -18.14805029709527 9.02163859753386 19
      vertex -18.060660171779823 7.310660171779821 19
    endloop
  endfacet
  facet normal 0 0 -1
    outer loop
      vertex -18.060660171779823 7.310660171779821 19
      vertex -18.14805029709527 9.02163859753386 19
      vertex -17.974172072495275 7.390608948400047 19
    endloop
  endfacet
  facet normal 0 0 -1
    outer loop
      vertex -17.974172072495275 7.390608948400047 19
      vertex -17.927050983124843 9.103169548885461 19
      vertex -17.88167787843871 7.463525491562422 19
    endloop
  endfacet
  facet normal 0 0 -1
    outer loop
      vertex -17.88167787843871 7.463525491562422 19
      vertex -17.927050983124843 9.103169548885461 19
      vertex -17.783747847073922 7.528960246531138 19
    endloop
  endfacet
  facet normal 0 0 -1
    outer loop
      vertex -17.783747847073922 7.528960246531138 19
      vertex -17.700336091567717 9.167109761193029 19
      vertex -17.68098574960932 7.5865097862825515 19
    endloop
  endfacet
  facet normal 0 0 -1
    outer loop
      vertex -17.68098574960932 7.5865097862825515 19
      vertex -17.700336091567717 9.167109761193029 19
      vertex -17.574025148547634 7.63581929876693 19
    endloop
  endfacet
  facet normal 0 0 -1
    outer loop
      vertex -17.574025148547634 7.63581929876693 19
      vertex -17.469303395120694 9.213065021785413 19
      vertex -17.46352549156242 7.6765847744427305 19
    endloop
  endfacet
  facet normal 0 0 -1
    outer loop
      vertex -17.46352549156242 7.6765847744427305 19
      vertex -17.469303395120694 9.213065021785413 19
      vertex -17.350168045783857 7.708554880596514 19
    endloop
  endfacet
  facet normal 0 0 -1
    outer loop
      vertex -17.350168045783857 7.708554880596514 19
      vertex -17.235377287183535 9.240752001199384 19
      vertex -17.234651697560345 7.731532510892706 19
    endloop
  endfacet
  facet normal 0 0 -1
    outer loop
      vertex -17.234651697560345 7.731532510892706 19
      vertex -17.235377287183535 9.240752001199384 19
      vertex -17.117688643591766 7.745376000599692 19
    endloop
  endfacet
  facet normal 0 0 -1
    outer loop
      vertex -18.21352549156242 7.13167787843871 19
      vertex -18.36197149921864 8.923019572565103 19
      vertex -18.14805029709527 9.02163859753386 19
    endloop
  endfacet
  facet normal 0 0 -1
    outer loop
      vertex -17.974172072495275 7.390608948400047 19
      vertex -18.14805029709527 9.02163859753386 19
      vertex -17.927050983124843 9.103169548885461 19
    endloop
  endfacet
  facet normal 0 0 -1
    outer loop
      vertex -17.783747847073922 7.528960246531138 19
      vertex -17.927050983124843 9.103169548885461 19
      vertex -17.700336091567717 9.167109761193029 19
    endloop
  endfacet
  facet normal 0 0 -1
    outer loop
      vertex -17.574025148547634 7.63581929876693 19
      vertex -17.700336091567717 9.167109761193029 19
      vertex -17.469303395120694 9.213065021785413 19
    endloop
  endfacet
  facet normal 0 0 -1
    outer loop
      vertex -17.350168045783857 7.708554880596514 19
      vertex -17.469303395120694 9.213065021785413 19
      vertex -17.235377287183535 9.240752001199384 19
    endloop
  endfacet
  facet normal 0 0 -1
    outer loop
      vertex -17.117688643591766 7.745376000599692 19
      vertex -17.235377287183535 9.240752001199384 19
      vertex -17 9.25 19
    endloop
  endfacet
  facet normal 0 0 -1
    outer loop
      vertex -17.117688643591766 7.745376000599692 19
      vertex -17 9.25 19
      vertex -17 7.75 19
    endloop
  endfacet
  facet normal 0 0 -1
    outer loop
      vertex -17 7.75 19
      vertex -16.764622712816465 9.240752001199384 19
      vertex -16.882311356408234 7.745376000599692 19
    endloop
  endfacet
  facet normal 0 0 -1
    outer loop
      vertex -16.882311356408234 7.745376000599692 19
      vertex -16.764622712816465 9.240752001199384 19
      vertex -16.765348302439655 7.731532510892706 19
    endloop
  endfacet
  facet normal 0 0 -1
    outer loop
      vertex -16.425974851452366 7.63581929876693 19
      vertex -16.53647450843758 7.6765847744427305 19
      vertex -16.299663908432283 9.167109761193029 19
    endloop
  endfacet
  facet normal 0 0 -1
    outer loop
      vertex -16.649831954216143 7.708554880596514 19
      vertex -16.530696604879306 9.213065021785413 19
      vertex -16.53647450843758 7.6765847744427305 19
    endloop
  endfacet
  facet normal 0 0 -1
    outer loop
      vertex -16.765348302439655 7.731532510892706 19
      vertex -16.530696604879306 9.213065021785413 19
      vertex -16.649831954216143 7.708554880596514 19
    endloop
  endfacet
  facet normal 0 0 -1
    outer loop
      vertex -15.786474508437578 7.13167787843871 19
      vertex -15.859391051599953 7.224172072495276 19
      vertex -15.851949702904731 9.02163859753386 19
    endloop
  endfacet
  facet normal 0 0 -1
    outer loop
      vertex -15.939339828220179 7.310660171779821 19
      vertex -16.025827927504725 7.390608948400047 19
      vertex -15.851949702904731 9.02163859753386 19
    endloop
  endfacet
  facet normal 0 0 -1
    outer loop
      vertex -16.11832212156129 7.463525491562422 19
      vertex -16.072949016875157 9.103169548885461 19
      vertex -16.025827927504725 7.390608948400047 19
    endloop
  endfacet
  facet normal 0 0 -1
    outer loop
      vertex -15.859391051599953 7.224172072495276 19
      vertex -15.939339828220179 7.310660171779821 19
      vertex -15.851949702904731 9.02163859753386 19
    endloop
  endfacet
  facet normal 0 0 -1
    outer loop
      vertex -16.425974851452366 7.63581929876693 19
      vertex -16.299663908432283 9.167109761193029 19
      vertex -16.31901425039068 7.5865097862825515 19
    endloop
  endfacet
  facet normal 0 0 -1
    outer loop
      vertex -16.31901425039068 7.5865097862825515 19
      vertex -16.072949016875157 9.103169548885461 19
      vertex -16.216252152926078 7.528960246531138 19
    endloop
  endfacet
  facet normal 0 0 -1
    outer loop
      vertex -16.11832212156129 7.463525491562422 19
      vertex -16.216252152926078 7.528960246531138 19
      vertex -16.072949016875157 9.103169548885461 19
    endloop
  endfacet
  facet normal 0 0 -1
    outer loop
      vertex -17 7.75 19
      vertex -17 9.25 19
      vertex -16.764622712816465 9.240752001199384 19
    endloop
  endfacet
  facet normal 0 0 -1
    outer loop
      vertex -16.765348302439655 7.731532510892706 19
      vertex -16.764622712816465 9.240752001199384 19
      vertex -16.530696604879306 9.213065021785413 19
    endloop
  endfacet
  facet normal 0 0 -1
    outer loop
      vertex -16.53647450843758 7.6765847744427305 19
      vertex -16.530696604879306 9.213065021785413 19
      vertex -16.299663908432283 9.167109761193029 19
    endloop
  endfacet
  facet normal 0 0 -1
    outer loop
      vertex -16.31901425039068 7.5865097862825515 19
      vertex -16.299663908432283 9.167109761193029 19
      vertex -16.072949016875157 9.103169548885461 19
    endloop
  endfacet
  facet normal 0 0 -1
    outer loop
      vertex -15.786474508437578 7.13167787843871 19
      vertex -15.851949702904731 9.02163859753386 19
      vertex -15.63802850078136 8.923019572565103 19
    endloop
  endfacet
  facet normal 0 0 -1
    outer loop
      vertex -16.025827927504725 7.390608948400047 19
      vertex -16.072949016875157 9.103169548885461 19
      vertex -15.851949702904731 9.02163859753386 19
    endloop
  endfacet
  facet normal -0.6653603129978113 0.4445795476644292 0.5997038266394055
    outer loop
      vertex -15.786474508437578 5.36832212156129 17
      vertex -14.442079506937723 4.682504305852154 19
      vertex -15.721039753468862 5.466252152926077 17
    endloop
  endfacet
  facet normal -0.6981905384944606 0.39100548879890296 0.5997038266394054
    outer loop
      vertex -15.721039753468862 5.466252152926077 17
      vertex -14.326980427434897 4.88802850078136 19
      vertex -15.663490213717449 5.56901425039068 17
    endloop
  endfacet
  facet normal -0.726716187149382 0.33502075107240453 0.5997038266394057
    outer loop
      vertex -15.663490213717449 5.56901425039068 17
      vertex -14.22836140246614 5.101949702904731 19
      vertex -15.614180701233071 5.675974851452366 17
    endloop
  endfacet
  facet normal -0.7507613888528673 0.2769704990098546 0.5997038266394054
    outer loop
      vertex -15.614180701233071 5.675974851452366 17
      vertex -14.146830451114539 5.322949016875158 19
      vertex -15.57341522555727 5.786474508437579 17
    endloop
  endfacet
  facet normal -0.7701778969405866 0.2172126317188516 0.5997038266394052
    outer loop
      vertex -15.57341522555727 5.786474508437579 17
      vertex -14.082890238806971 5.549663908432284 19
      vertex -15.541445119403486 5.8998319542161415 17
    endloop
  endfacet
  facet normal -0.7267161871493799 0.33502075107240964 0.5997038266394054
    outer loop
      vertex -15.663490213717449 5.56901425039068 17
      vertex -14.326980427434897 4.88802850078136 19
      vertex -14.22836140246614 5.101949702904731 19
    endloop
  endfacet
  facet normal -0.7507613888528687 0.2769704990098502 0.5997038266394056
    outer loop
      vertex -15.614180701233071 5.675974851452366 17
      vertex -14.22836140246614 5.101949702904731 19
      vertex -14.146830451114539 5.322949016875158 19
    endloop
  endfacet
  facet normal -0.7701778969405869 0.21721263171885 0.5997038266394054
    outer loop
      vertex -15.57341522555727 5.786474508437579 17
      vertex -14.146830451114539 5.322949016875158 19
      vertex -14.082890238806971 5.549663908432284 19
    endloop
  endfacet
  facet normal -0.7848460021835225 0.15611557632278794 0.5997038266394052
    outer loop
      vertex -15.541445119403486 5.8998319542161415 17
      vertex -14.082890238806971 5.549663908432284 19
      vertex -14.036934978214587 5.780696604879307 19
    endloop
  endfacet
  facet normal -0.7848460021835216 0.1561155763227938 0.5997038266394049
    outer loop
      vertex -15.541445119403486 5.8998319542161415 17
      vertex -14.036934978214587 5.780696604879307 19
      vertex -15.518467489107293 6.015348302439653 17
    endloop
  endfacet
  facet normal -0.7946752708352205 0.09405601648497777 0.5997038266394059
    outer loop
      vertex -15.518467489107293 6.015348302439653 17
      vertex -14.009247998800616 6.0146227128164655 19
      vertex -15.504623999400309 6.132311356408232 17
    endloop
  endfacet
  facet normal -0.7996051021858738 0.031416570028766556 0.5997038266394054
    outer loop
      vertex -15.504623999400309 6.132311356408232 17
      vertex -14 6.25 19
      vertex -15.5 6.25 17
    endloop
  endfacet
  facet normal -0.7996051021858738 -0.031416570028766556 0.5997038266394054
    outer loop
      vertex -15.5 6.25 17
      vertex -14 6.25 19
      vertex -15.504623999400309 6.367688643591768 17
    endloop
  endfacet
  facet normal -0.7946752708352196 0.09405601648498974 0.5997038266394052
    outer loop
      vertex -15.518467489107293 6.015348302439653 17
      vertex -14.036934978214587 5.780696604879307 19
      vertex -14.009247998800616 6.0146227128164655 19
    endloop
  endfacet
  facet normal -0.7996051021858738 0.031416570028760644 0.5997038266394057
    outer loop
      vertex -15.504623999400309 6.132311356408232 17
      vertex -14.009247998800616 6.0146227128164655 19
      vertex -14 6.25 19
    endloop
  endfacet
  facet normal -0.7996051021858738 -0.031416570028760644 0.5997038266394057
    outer loop
      vertex -15.504623999400309 6.367688643591768 17
      vertex -14 6.25 19
      vertex -14.009247998800616 6.4853772871835345 19
    endloop
  endfacet
  facet normal 0 0 -1
    outer loop
      vertex -15.432504305852154 3.6920795069377235 19
      vertex -15.57341522555727 5.786474508437579 19
      vertex -15.541445119403486 5.8998319542161415 19
    endloop
  endfacet
  facet normal 0 0 -1
    outer loop
      vertex -15.432504305852154 3.6920795069377235 19
      vertex -15.541445119403486 5.8998319542161415 19
      vertex -15.518467489107293 6.015348302439653 19
    endloop
  endfacet
  facet normal 0 0 -1
    outer loop
      vertex -15.432504305852154 3.6920795069377235 19
      vertex -15.518467489107293 6.015348302439653 19
      vertex -15.504623999400309 6.132311356408232 19
    endloop
  endfacet
  facet normal 0 0 -1
    outer loop
      vertex -15.432504305852154 3.6920795069377235 19
      vertex -15.504623999400309 6.132311356408232 19
      vertex -15.5 6.25 19
    endloop
  endfacet
  facet normal 0 0 -1
    outer loop
      vertex -15.432504305852154 3.6920795069377235 19
      vertex -15.432504305852154 8.807920493062277 19
      vertex -15.23664424312258 3.8229490168751576 19
    endloop
  endfacet
  facet normal 0 0 -1
    outer loop
      vertex -15.23664424312258 3.8229490168751576 19
      vertex -15.23664424312258 8.677050983124843 19
      vertex -15.051655855009448 3.9687821031999073 19
    endloop
  endfacet
  facet normal 0 0 -1
    outer loop
      vertex -15.051655855009448 3.9687821031999073 19
      vertex -15.051655855009448 8.531217896800094 19
      vertex -14.878679656440358 4.128679656440357 19
    endloop
  endfacet
  facet normal 0 0 -1
    outer loop
      vertex -14.878679656440358 4.128679656440357 19
      vertex -14.878679656440358 8.371320343559642 19
      vertex -14.718782103199906 4.301655855009449 19
    endloop
  endfacet
  facet normal 0 0 -1
    outer loop
      vertex -14.718782103199906 4.301655855009449 19
      vertex -14.718782103199906 8.198344144990552 19
      vertex -14.572949016875157 4.486644243122581 19
    endloop
  endfacet
  facet normal 0 0 -1
    outer loop
      vertex -14.572949016875157 4.486644243122581 19
      vertex -14.572949016875157 8.01335575687742 19
      vertex -14.442079506937723 4.682504305852154 19
    endloop
  endfacet
  facet normal 0 0 -1
    outer loop
      vertex -15.432504305852154 3.6920795069377235 19
      vertex -15.5 6.25 19
      vertex -15.432504305852154 8.807920493062277 19
    endloop
  endfacet
  facet normal 0 0 -1
    outer loop
      vertex -14.442079506937723 4.682504305852154 19
      vertex -14.442079506937723 7.817495694147846 19
      vertex -14.326980427434897 4.88802850078136 19
    endloop
  endfacet
  facet normal 0 0 -1
    outer loop
      vertex -14.326980427434897 4.88802850078136 19
      vertex -14.326980427434897 7.61197149921864 19
      vertex -14.22836140246614 5.101949702904731 19
    endloop
  endfacet
  facet normal 0 0 -1
    outer loop
      vertex -14.22836140246614 5.101949702904731 19
      vertex -14.22836140246614 7.398050297095269 19
      vertex -14.146830451114539 5.322949016875158 19
    endloop
  endfacet
  facet normal 0 0 -1
    outer loop
      vertex -14.146830451114539 5.322949016875158 19
      vertex -14.146830451114539 7.177050983124842 19
      vertex -14.082890238806971 5.549663908432284 19
    endloop
  endfacet
  facet normal 0 0 -1
    outer loop
      vertex -14.082890238806971 5.549663908432284 19
      vertex -14.082890238806971 6.950336091567716 19
      vertex -14.036934978214587 5.780696604879307 19
    endloop
  endfacet
  facet normal 0 0 -1
    outer loop
      vertex -14.036934978214587 5.780696604879307 19
      vertex -14.036934978214587 6.719303395120693 19
      vertex -14.009247998800616 6.0146227128164655 19
    endloop
  endfacet
  facet normal 0 0 -1
    outer loop
      vertex -14.009247998800616 6.0146227128164655 19
      vertex -14.009247998800616 6.4853772871835345 19
      vertex -14 6.25 19
    endloop
  endfacet
  facet normal -0.7507613888528673 -0.2769704990098546 0.5997038266394054
    outer loop
      vertex -15.57341522555727 6.713525491562421 17
      vertex -14.146830451114539 7.177050983124842 19
      vertex -15.614180701233071 6.824025148547634 17
    endloop
  endfacet
  facet normal -0.7946752708352205 -0.09405601648497777 0.5997038266394059
    outer loop
      vertex -15.504623999400309 6.367688643591768 17
      vertex -14.009247998800616 6.4853772871835345 19
      vertex -15.518467489107293 6.484651697560347 17
    endloop
  endfacet
  facet normal -0.7848460021835216 -0.1561155763227938 0.5997038266394049
    outer loop
      vertex -15.518467489107293 6.484651697560347 17
      vertex -14.036934978214587 6.719303395120693 19
      vertex -15.541445119403486 6.6001680457838585 17
    endloop
  endfacet
  facet normal -0.7701778969405866 -0.2172126317188516 0.5997038266394052
    outer loop
      vertex -15.541445119403486 6.6001680457838585 17
      vertex -14.082890238806971 6.950336091567716 19
      vertex -15.57341522555727 6.713525491562421 17
    endloop
  endfacet
  facet normal -0.7946752708352196 -0.09405601648498974 0.5997038266394052
    outer loop
      vertex -15.518467489107293 6.484651697560347 17
      vertex -14.009247998800616 6.4853772871835345 19
      vertex -14.036934978214587 6.719303395120693 19
    endloop
  endfacet
  facet normal -0.7848460021835225 -0.15611557632278794 0.5997038266394052
    outer loop
      vertex -15.541445119403486 6.6001680457838585 17
      vertex -14.036934978214587 6.719303395120693 19
      vertex -14.082890238806971 6.950336091567716 19
    endloop
  endfacet
  facet normal -0.7701778969405869 -0.21721263171885 0.5997038266394054
    outer loop
      vertex -15.57341522555727 6.713525491562421 17
      vertex -14.082890238806971 6.950336091567716 19
      vertex -14.146830451114539 7.177050983124842 19
    endloop
  endfacet
  facet normal -0.726716187149382 -0.33502075107240453 0.5997038266394057
    outer loop
      vertex -15.663490213717449 6.93098574960932 17
      vertex -15.614180701233071 6.824025148547634 17
      vertex -14.22836140246614 7.398050297095269 19
    endloop
  endfacet
  facet normal -0.6981905384944606 -0.39100548879890296 0.5997038266394054
    outer loop
      vertex -15.663490213717449 6.93098574960932 17
      vertex -14.326980427434897 7.61197149921864 19
      vertex -15.721039753468862 7.033747847073923 17
    endloop
  endfacet
  facet normal -0.6653603129978113 -0.4445795476644292 0.5997038266394055
    outer loop
      vertex -15.721039753468862 7.033747847073923 17
      vertex -14.442079506937723 7.817495694147846 19
      vertex -15.786474508437578 7.13167787843871 17
    endloop
  endfacet
  facet normal -0.5876210597359487 -0.5431913203180391 0.5997038266394055
    outer loop
      vertex -15.859391051599953 7.224172072495276 17
      vertex -14.878679656440358 8.371320343559642 19
      vertex -15.939339828220179 7.310660171779821 17
    endloop
  endfacet
  facet normal -0.6284279199167682 -0.49541262578091183 0.5997038266394056
    outer loop
      vertex -15.786474508437578 7.13167787843871 17
      vertex -14.572949016875157 8.01335575687742 19
      vertex -15.859391051599953 7.224172072495276 17
    endloop
  endfacet
  facet normal -0.7507613888528687 -0.2769704990098502 0.5997038266394056
    outer loop
      vertex -15.614180701233071 6.824025148547634 17
      vertex -14.146830451114539 7.177050983124842 19
      vertex -14.22836140246614 7.398050297095269 19
    endloop
  endfacet
  facet normal -0.7267161871493799 -0.33502075107240964 0.5997038266394054
    outer loop
      vertex -15.663490213717449 6.93098574960932 17
      vertex -14.22836140246614 7.398050297095269 19
      vertex -14.326980427434897 7.61197149921864 19
    endloop
  endfacet
  facet normal -0.6981905384944608 -0.391005488798903 0.5997038266394052
    outer loop
      vertex -15.721039753468862 7.033747847073923 17
      vertex -14.326980427434897 7.61197149921864 19
      vertex -14.442079506937723 7.817495694147846 19
    endloop
  endfacet
  facet normal -0.6653603129978113 -0.4445795476644292 0.5997038266394055
    outer loop
      vertex -15.786474508437578 7.13167787843871 17
      vertex -14.442079506937723 7.817495694147846 19
      vertex -14.572949016875157 8.01335575687742 19
    endloop
  endfacet
  facet normal 0 0 -1
    outer loop
      vertex -14.878679656440358 4.128679656440357 19
      vertex -15.051655855009448 8.531217896800094 19
      vertex -14.878679656440358 8.371320343559642 19
    endloop
  endfacet
  facet normal 0 0 -1
    outer loop
      vertex -14.718782103199906 4.301655855009449 19
      vertex -14.878679656440358 8.371320343559642 19
      vertex -14.718782103199906 8.198344144990552 19
    endloop
  endfacet
  facet normal 0 0 -1
    outer loop
      vertex -14.442079506937723 4.682504305852154 19
      vertex -14.572949016875157 8.01335575687742 19
      vertex -14.442079506937723 7.817495694147846 19
    endloop
  endfacet
  facet normal 0 0 -1
    outer loop
      vertex -14.572949016875157 4.486644243122581 19
      vertex -14.718782103199906 8.198344144990552 19
      vertex -14.572949016875157 8.01335575687742 19
    endloop
  endfacet
  facet normal 0 0 -1
    outer loop
      vertex -15.5 6.25 19
      vertex -15.504623999400309 6.367688643591768 19
      vertex -15.432504305852154 8.807920493062277 19
    endloop
  endfacet
  facet normal 0 0 -1
    outer loop
      vertex -15.504623999400309 6.367688643591768 19
      vertex -15.518467489107293 6.484651697560347 19
      vertex -15.432504305852154 8.807920493062277 19
    endloop
  endfacet
  facet normal 0 0 -1
    outer loop
      vertex -15.518467489107293 6.484651697560347 19
      vertex -15.541445119403486 6.6001680457838585 19
      vertex -15.432504305852154 8.807920493062277 19
    endloop
  endfacet
  facet normal 0 0 -1
    outer loop
      vertex -15.23664424312258 3.8229490168751576 19
      vertex -15.432504305852154 8.807920493062277 19
      vertex -15.23664424312258 8.677050983124843 19
    endloop
  endfacet
  facet normal 0 0 -1
    outer loop
      vertex -15.051655855009448 3.9687821031999073 19
      vertex -15.23664424312258 8.677050983124843 19
      vertex -15.051655855009448 8.531217896800094 19
    endloop
  endfacet
  facet normal 0 0 -1
    outer loop
      vertex -15.57341522555727 6.713525491562421 19
      vertex -15.614180701233071 6.824025148547634 19
      vertex -15.63802850078136 8.923019572565103 19
    endloop
  endfacet
  facet normal 0 0 -1
    outer loop
      vertex -15.541445119403486 6.6001680457838585 19
      vertex -15.57341522555727 6.713525491562421 19
      vertex -15.432504305852154 8.807920493062277 19
    endloop
  endfacet
  facet normal 0 0 -1
    outer loop
      vertex -15.663490213717449 6.93098574960932 19
      vertex -15.63802850078136 8.923019572565103 19
      vertex -15.614180701233071 6.824025148547634 19
    endloop
  endfacet
  facet normal 0 0 -1
    outer loop
      vertex -15.663490213717449 6.93098574960932 19
      vertex -15.721039753468862 7.033747847073923 19
      vertex -15.63802850078136 8.923019572565103 19
    endloop
  endfacet
  facet normal 0 0 -1
    outer loop
      vertex -14.146830451114539 5.322949016875158 19
      vertex -14.22836140246614 7.398050297095269 19
      vertex -14.146830451114539 7.177050983124842 19
    endloop
  endfacet
  facet normal 0 0 -1
    outer loop
      vertex -14.22836140246614 5.101949702904731 19
      vertex -14.326980427434897 7.61197149921864 19
      vertex -14.22836140246614 7.398050297095269 19
    endloop
  endfacet
  facet normal 0 0 -1
    outer loop
      vertex -14.036934978214587 5.780696604879307 19
      vertex -14.082890238806971 6.950336091567716 19
      vertex -14.036934978214587 6.719303395120693 19
    endloop
  endfacet
  facet normal 0 0 -1
    outer loop
      vertex -14.009247998800616 6.0146227128164655 19
      vertex -14.036934978214587 6.719303395120693 19
      vertex -14.009247998800616 6.4853772871835345 19
    endloop
  endfacet
  facet normal 0 0 -1
    outer loop
      vertex -14.082890238806971 5.549663908432284 19
      vertex -14.146830451114539 7.177050983124842 19
      vertex -14.082890238806971 6.950336091567716 19
    endloop
  endfacet
  facet normal 0 0 -1
    outer loop
      vertex -14.326980427434897 4.88802850078136 19
      vertex -14.442079506937723 7.817495694147846 19
      vertex -14.326980427434897 7.61197149921864 19
    endloop
  endfacet
  facet normal -0.543191320318036 -0.5876210597359514 0.5997038266394057
    outer loop
      vertex -15.939339828220179 7.310660171779821 17
      vertex -15.051655855009448 8.531217896800094 19
      vertex -16.025827927504725 7.390608948400047 17
    endloop
  endfacet
  facet normal -0.5876210597359487 -0.5431913203180391 0.5997038266394055
    outer loop
      vertex -15.859391051599953 7.224172072495276 17
      vertex -14.718782103199906 8.198344144990552 19
      vertex -14.878679656440358 8.371320343559642 19
    endloop
  endfacet
  facet normal -0.44457954766442914 -0.6653603129978112 0.5997038266394057
    outer loop
      vertex -16.11832212156129 7.463525491562422 17
      vertex -15.23664424312258 8.677050983124843 19
      vertex -15.432504305852154 8.807920493062277 19
    endloop
  endfacet
  facet normal -0.4954126257809118 -0.628427919916768 0.5997038266394059
    outer loop
      vertex -16.025827927504725 7.390608948400047 17
      vertex -15.051655855009448 8.531217896800094 19
      vertex -15.23664424312258 8.677050983124843 19
    endloop
  endfacet
  facet normal -0.5431913203180391 -0.5876210597359486 0.5997038266394056
    outer loop
      vertex -15.939339828220179 7.310660171779821 17
      vertex -14.878679656440358 8.371320343559642 19
      vertex -15.051655855009448 8.531217896800094 19
    endloop
  endfacet
  facet normal -0.628427919916768 -0.4954126257809118 0.5997038266394057
    outer loop
      vertex -15.859391051599953 7.224172072495276 17
      vertex -14.572949016875157 8.01335575687742 19
      vertex -14.718782103199906 8.198344144990552 19
    endloop
  endfacet
  facet normal 0 0 -1
    outer loop
      vertex -15.721039753468862 7.033747847073923 19
      vertex -15.786474508437578 7.13167787843871 19
      vertex -15.63802850078136 8.923019572565103 19
    endloop
  endfacet
  facet normal 0 0 -1
    outer loop
      vertex -15.57341522555727 6.713525491562421 19
      vertex -15.63802850078136 8.923019572565103 19
      vertex -15.432504305852154 8.807920493062277 19
    endloop
  endfacet
  facet normal 0.8314696123025492 0.5555702330195964 0
    outer loop
      vertex 15.721039753468862 -7.033747847073923 17
      vertex 15.786474508437578 -7.13167787843871 0
      vertex 15.721039753468862 -7.033747847073923 0
    endloop
  endfacet
  facet normal 0.8724960070727976 0.48862124149695413 0
    outer loop
      vertex 15.663490213717449 -6.93098574960932 17
      vertex 15.721039753468862 -7.033747847073923 0
      vertex 15.663490213717449 -6.93098574960932 0
    endloop
  endfacet
  facet normal 0.9081431738250839 0.41865973753742275 0
    outer loop
      vertex 15.614180701233071 -6.824025148547634 17
      vertex 15.663490213717449 -6.93098574960932 0
      vertex 15.614180701233071 -6.824025148547634 0
    endloop
  endfacet
  facet normal 0.9381913359224812 0.34611705707750096 0
    outer loop
      vertex 15.57341522555727 -6.713525491562421 17
      vertex 15.614180701233071 -6.824025148547634 0
      vertex 15.57341522555727 -6.713525491562421 0
    endloop
  endfacet
  facet normal 0.9624552364536483 0.27144044986507027 0
    outer loop
      vertex 15.541445119403486 -6.6001680457838585 17
      vertex 15.57341522555727 -6.713525491562421 0
      vertex 15.541445119403486 -6.6001680457838585 0
    endloop
  endfacet
  facet normal 0.9807852804032283 0.19509032201613946 0
    outer loop
      vertex 15.518467489107293 -6.484651697560347 17
      vertex 15.541445119403486 -6.6001680457838585 0
      vertex 15.518467489107293 -6.484651697560347 0
    endloop
  endfacet
  facet normal 0.9930684569549277 0.11753739745782511 0
    outer loop
      vertex 15.504623999400309 -6.367688643591768 17
      vertex 15.518467489107293 -6.484651697560347 0
      vertex 15.504623999400309 -6.367688643591768 0
    endloop
  endfacet
  facet normal 0.9992290362407228 0.039259815759074806 0
    outer loop
      vertex 15.5 -6.25 17
      vertex 15.504623999400309 -6.367688643591768 0
      vertex 15.5 -6.25 0
    endloop
  endfacet
  facet normal 0.9992290362407228 -0.039259815759074806 0
    outer loop
      vertex 15.504623999400309 -6.132311356408232 17
      vertex 15.5 -6.25 0
      vertex 15.504623999400309 -6.132311356408232 0
    endloop
  endfacet
  facet normal 0.9930684569549277 -0.11753739745782511 0
    outer loop
      vertex 15.518467489107293 -6.015348302439653 17
      vertex 15.504623999400309 -6.132311356408232 0
      vertex 15.518467489107293 -6.015348302439653 0
    endloop
  endfacet
  facet normal 0.9807852804032283 -0.19509032201613946 0
    outer loop
      vertex 15.541445119403486 -5.8998319542161415 17
      vertex 15.518467489107293 -6.015348302439653 0
      vertex 15.541445119403486 -5.8998319542161415 0
    endloop
  endfacet
  facet normal 0.9624552364536483 -0.27144044986507027 0
    outer loop
      vertex 15.57341522555727 -5.786474508437579 17
      vertex 15.541445119403486 -5.8998319542161415 0
      vertex 15.57341522555727 -5.786474508437579 0
    endloop
  endfacet
  facet normal 0.9381913359224812 -0.34611705707750096 0
    outer loop
      vertex 15.614180701233071 -5.675974851452366 17
      vertex 15.57341522555727 -5.786474508437579 0
      vertex 15.614180701233071 -5.675974851452366 0
    endloop
  endfacet
  facet normal 0.9081431738250839 -0.41865973753742275 0
    outer loop
      vertex 15.663490213717449 -5.56901425039068 17
      vertex 15.614180701233071 -5.675974851452366 0
      vertex 15.663490213717449 -5.56901425039068 0
    endloop
  endfacet
  facet normal 0.8724960070727976 -0.48862124149695413 0
    outer loop
      vertex 15.721039753468862 -5.466252152926077 17
      vertex 15.663490213717449 -5.56901425039068 0
      vertex 15.721039753468862 -5.466252152926077 0
    endloop
  endfacet
  facet normal 0.19509032201613216 0.9807852804032297 0
    outer loop
      vertex 16.649831954216143 -7.708554880596514 17
      vertex 16.765348302439655 -7.731532510892706 0
      vertex 16.649831954216143 -7.708554880596514 0
    endloop
  endfacet
  facet normal 0.11753739745783998 0.993068456954926 0
    outer loop
      vertex 16.765348302439655 -7.731532510892706 17
      vertex 16.882311356408234 -7.745376000599692 0
      vertex 16.765348302439655 -7.731532510892706 0
    endloop
  endfacet
  facet normal 0.039259815759067854 0.9992290362407228 0
    outer loop
      vertex 16.882311356408234 -7.745376000599692 17
      vertex 17 -7.75 0
      vertex 16.882311356408234 -7.745376000599692 0
    endloop
  endfacet
  facet normal -0.039259815759067854 0.9992290362407228 0
    outer loop
      vertex 17 -7.75 17
      vertex 17.117688643591766 -7.745376000599692 0
      vertex 17 -7.75 0
    endloop
  endfacet
  facet normal -0.11753739745783998 0.993068456954926 0
    outer loop
      vertex 17.117688643591766 -7.745376000599692 17
      vertex 17.234651697560345 -7.731532510892706 0
      vertex 17.117688643591766 -7.745376000599692 0
    endloop
  endfacet
  facet normal -0.19509032201613216 0.9807852804032297 0
    outer loop
      vertex 17.234651697560345 -7.731532510892706 17
      vertex 17.350168045783857 -7.708554880596514 0
      vertex 17.234651697560345 -7.731532510892706 0
    endloop
  endfacet
  facet normal -0.2714404498650644 0.96245523645365 0
    outer loop
      vertex 17.350168045783857 -7.708554880596514 17
      vertex 17.46352549156242 -7.6765847744427305 0
      vertex 17.350168045783857 -7.708554880596514 0
    endloop
  endfacet
  facet normal 0.6190939493098309 0.7853169308807473 0
    outer loop
      vertex 16.025827927504725 -7.390608948400047 17
      vertex 16.11832212156129 -7.463525491562422 0
      vertex 16.025827927504725 -7.390608948400047 0
    endloop
  endfacet
  facet normal 0.4886212414969573 0.8724960070727956 0
    outer loop
      vertex 16.216252152926078 -7.528960246531138 17
      vertex 16.31901425039068 -7.5865097862825515 0
      vertex 16.216252152926078 -7.528960246531138 0
    endloop
  endfacet
  facet normal 0.4186597375374261 0.9081431738250824 0
    outer loop
      vertex 16.31901425039068 -7.5865097862825515 17
      vertex 16.425974851452366 -7.63581929876693 0
      vertex 16.31901425039068 -7.5865097862825515 0
    endloop
  endfacet
  facet normal 0.5555702330195998 0.8314696123025468 0
    outer loop
      vertex 16.11832212156129 -7.463525491562422 17
      vertex 16.216252152926078 -7.528960246531138 0
      vertex 16.11832212156129 -7.463525491562422 0
    endloop
  endfacet
  facet normal 0.7343225094356801 0.6788007455329478 0
    outer loop
      vertex 15.859391051599953 -7.224172072495276 17
      vertex 15.939339828220179 -7.310660171779821 0
      vertex 15.859391051599953 -7.224172072495276 0
    endloop
  endfacet
  facet normal 0.678800745532944 0.7343225094356836 0
    outer loop
      vertex 15.939339828220179 -7.310660171779821 17
      vertex 16.025827927504725 -7.390608948400047 0
      vertex 15.939339828220179 -7.310660171779821 0
    endloop
  endfacet
  facet normal 0.7853169308807445 0.6190939493098346 0
    outer loop
      vertex 15.786474508437578 -7.13167787843871 17
      vertex 15.859391051599953 -7.224172072495276 0
      vertex 15.786474508437578 -7.13167787843871 0
    endloop
  endfacet
  facet normal 0.34611705707749923 0.9381913359224818 0
    outer loop
      vertex 16.425974851452366 -7.63581929876693 17
      vertex 16.53647450843758 -7.6765847744427305 0
      vertex 16.425974851452366 -7.63581929876693 0
    endloop
  endfacet
  facet normal 0.2714404498650644 0.96245523645365 0
    outer loop
      vertex 16.53647450843758 -7.6765847744427305 17
      vertex 16.649831954216143 -7.708554880596514 0
      vertex 16.53647450843758 -7.6765847744427305 0
    endloop
  endfacet
  facet normal -0.34611705707749923 0.9381913359224818 0
    outer loop
      vertex 17.46352549156242 -7.6765847744427305 17
      vertex 17.574025148547634 -7.63581929876693 0
      vertex 17.46352549156242 -7.6765847744427305 0
    endloop
  endfacet
  facet normal -0.4186597375374261 0.9081431738250824 0
    outer loop
      vertex 17.574025148547634 -7.63581929876693 17
      vertex 17.68098574960932 -7.5865097862825515 0
      vertex 17.574025148547634 -7.63581929876693 0
    endloop
  endfacet
  facet normal -0.4886212414969573 0.8724960070727956 0
    outer loop
      vertex 17.68098574960932 -7.5865097862825515 17
      vertex 17.783747847073922 -7.528960246531138 0
      vertex 17.68098574960932 -7.5865097862825515 0
    endloop
  endfacet
  facet normal -0.5555702330195998 0.8314696123025468 0
    outer loop
      vertex 17.783747847073922 -7.528960246531138 17
      vertex 17.88167787843871 -7.463525491562422 0
      vertex 17.783747847073922 -7.528960246531138 0
    endloop
  endfacet
  facet normal -0.6190939493098309 0.7853169308807473 0
    outer loop
      vertex 17.88167787843871 -7.463525491562422 17
      vertex 17.974172072495275 -7.390608948400047 0
      vertex 17.88167787843871 -7.463525491562422 0
    endloop
  endfacet
  facet normal -0.6788007455329365 0.7343225094356906 0
    outer loop
      vertex 17.974172072495275 -7.390608948400047 17
      vertex 18.060660171779823 -7.310660171779821 0
      vertex 17.974172072495275 -7.390608948400047 0
    endloop
  endfacet
  facet normal -0.7343225094356876 0.6788007455329396 0
    outer loop
      vertex 18.060660171779823 -7.310660171779821 17
      vertex 18.140608948400047 -7.224172072495276 0
      vertex 18.060660171779823 -7.310660171779821 0
    endloop
  endfacet
  facet normal -0.7853169308807445 0.6190939493098346 0
    outer loop
      vertex 18.140608948400047 -7.224172072495276 17
      vertex 18.21352549156242 -7.13167787843871 0
      vertex 18.140608948400047 -7.224172072495276 0
    endloop
  endfacet
  facet normal -0.8314696123025492 0.5555702330195964 0
    outer loop
      vertex 18.21352549156242 -7.13167787843871 17
      vertex 18.27896024653114 -7.033747847073923 0
      vertex 18.21352549156242 -7.13167787843871 0
    endloop
  endfacet
  facet normal -0.8724960070727976 0.48862124149695413 0
    outer loop
      vertex 18.27896024653114 -7.033747847073923 17
      vertex 18.33650978628255 -6.93098574960932 0
      vertex 18.27896024653114 -7.033747847073923 0
    endloop
  endfacet
  facet normal -0.9081431738250839 0.41865973753742275 0
    outer loop
      vertex 18.33650978628255 -6.93098574960932 17
      vertex 18.38581929876693 -6.824025148547634 0
      vertex 18.33650978628255 -6.93098574960932 0
    endloop
  endfacet
  facet normal 0.8314696123025492 -0.5555702330195964 0
    outer loop
      vertex 15.786474508437578 -5.36832212156129 17
      vertex 15.721039753468862 -5.466252152926077 0
      vertex 15.786474508437578 -5.36832212156129 0
    endloop
  endfacet
  facet normal 0.7853169308807445 -0.6190939493098346 0
    outer loop
      vertex 15.859391051599953 -5.275827927504724 17
      vertex 15.786474508437578 -5.36832212156129 0
      vertex 15.859391051599953 -5.275827927504724 0
    endloop
  endfacet
  facet normal 0.7343225094356801 -0.6788007455329478 0
    outer loop
      vertex 15.939339828220179 -5.189339828220179 17
      vertex 15.859391051599953 -5.275827927504724 0
      vertex 15.939339828220179 -5.189339828220179 0
    endloop
  endfacet
  facet normal 0.678800745532944 -0.7343225094356836 0
    outer loop
      vertex 16.025827927504725 -5.109391051599953 17
      vertex 15.939339828220179 -5.189339828220179 0
      vertex 16.025827927504725 -5.109391051599953 0
    endloop
  endfacet
  facet normal -0.9081431738250839 -0.41865973753742275 0
    outer loop
      vertex 18.38581929876693 -5.675974851452366 17
      vertex 18.33650978628255 -5.56901425039068 0
      vertex 18.38581929876693 -5.675974851452366 0
    endloop
  endfacet
  facet normal -0.8724960070727976 -0.48862124149695413 0
    outer loop
      vertex 18.33650978628255 -5.56901425039068 17
      vertex 18.27896024653114 -5.466252152926077 0
      vertex 18.33650978628255 -5.56901425039068 0
    endloop
  endfacet
  facet normal -0.6788007455329365 -0.7343225094356906 0
    outer loop
      vertex 18.060660171779823 -5.189339828220179 17
      vertex 17.974172072495275 -5.109391051599953 0
      vertex 18.060660171779823 -5.189339828220179 0
    endloop
  endfacet
  facet normal -0.7853169308807445 -0.6190939493098346 0
    outer loop
      vertex 18.21352549156242 -5.36832212156129 17
      vertex 18.140608948400047 -5.275827927504724 0
      vertex 18.21352549156242 -5.36832212156129 0
    endloop
  endfacet
  facet normal -0.8314696123025492 -0.5555702330195964 0
    outer loop
      vertex 18.27896024653114 -5.466252152926077 17
      vertex 18.21352549156242 -5.36832212156129 0
      vertex 18.27896024653114 -5.466252152926077 0
    endloop
  endfacet
  facet normal -0.7343225094356876 -0.6788007455329396 0
    outer loop
      vertex 18.140608948400047 -5.275827927504724 17
      vertex 18.060660171779823 -5.189339828220179 0
      vertex 18.140608948400047 -5.275827927504724 0
    endloop
  endfacet
  facet normal -0.9381913359224812 0.34611705707750096 0
    outer loop
      vertex 18.38581929876693 -6.824025148547634 17
      vertex 18.42658477444273 -6.713525491562421 0
      vertex 18.38581929876693 -6.824025148547634 0
    endloop
  endfacet
  facet normal -0.9624552364536445 0.2714404498650843 0
    outer loop
      vertex 18.42658477444273 -6.713525491562421 17
      vertex 18.458554880596516 -6.6001680457838585 0
      vertex 18.42658477444273 -6.713525491562421 0
    endloop
  endfacet
  facet normal -0.980785280403234 0.1950903220161104 0
    outer loop
      vertex 18.458554880596516 -6.6001680457838585 17
      vertex 18.481532510892706 -6.484651697560347 0
      vertex 18.458554880596516 -6.6001680457838585 0
    endloop
  endfacet
  facet normal -0.993068456954926 0.11753739745783998 0
    outer loop
      vertex 18.481532510892706 -6.484651697560347 17
      vertex 18.49537600059969 -6.367688643591768 0
      vertex 18.481532510892706 -6.484651697560347 0
    endloop
  endfacet
  facet normal -0.9992290362407228 0.039259815759074806 0
    outer loop
      vertex 18.49537600059969 -6.367688643591768 17
      vertex 18.5 -6.25 0
      vertex 18.49537600059969 -6.367688643591768 0
    endloop
  endfacet
  facet normal -0.9992290362407228 -0.039259815759074806 0
    outer loop
      vertex 18.5 -6.25 17
      vertex 18.49537600059969 -6.132311356408232 0
      vertex 18.5 -6.25 0
    endloop
  endfacet
  facet normal -0.993068456954926 -0.11753739745783998 0
    outer loop
      vertex 18.49537600059969 -6.132311356408232 17
      vertex 18.481532510892706 -6.015348302439653 0
      vertex 18.49537600059969 -6.132311356408232 0
    endloop
  endfacet
  facet normal -0.980785280403234 -0.1950903220161104 0
    outer loop
      vertex 18.481532510892706 -6.015348302439653 17
      vertex 18.458554880596516 -5.8998319542161415 0
      vertex 18.481532510892706 -6.015348302439653 0
    endloop
  endfacet
  facet normal -0.9624552364536445 -0.2714404498650843 0
    outer loop
      vertex 18.458554880596516 -5.8998319542161415 17
      vertex 18.42658477444273 -5.786474508437579 0
      vertex 18.458554880596516 -5.8998319542161415 0
    endloop
  endfacet
  facet normal -0.9381913359224812 -0.34611705707750096 0
    outer loop
      vertex 18.42658477444273 -5.786474508437579 17
      vertex 18.38581929876693 -5.675974851452366 0
      vertex 18.42658477444273 -5.786474508437579 0
    endloop
  endfacet
  facet normal 0.6190939493098309 -0.7853169308807473 0
    outer loop
      vertex 16.11832212156129 -5.036474508437578 17
      vertex 16.025827927504725 -5.109391051599953 0
      vertex 16.11832212156129 -5.036474508437578 0
    endloop
  endfacet
  facet normal 0.5555702330195998 -0.8314696123025468 0
    outer loop
      vertex 16.216252152926078 -4.971039753468862 17
      vertex 16.11832212156129 -5.036474508437578 0
      vertex 16.216252152926078 -4.971039753468862 0
    endloop
  endfacet
  facet normal 0.4886212414969573 -0.8724960070727956 0
    outer loop
      vertex 16.31901425039068 -4.9134902137174485 17
      vertex 16.216252152926078 -4.971039753468862 0
      vertex 16.31901425039068 -4.9134902137174485 0
    endloop
  endfacet
  facet normal 0.4186597375374261 -0.9081431738250824 0
    outer loop
      vertex 16.425974851452366 -4.86418070123307 17
      vertex 16.31901425039068 -4.9134902137174485 0
      vertex 16.425974851452366 -4.86418070123307 0
    endloop
  endfacet
  facet normal 0.34611705707749923 -0.9381913359224818 0
    outer loop
      vertex 16.53647450843758 -4.8234152255572695 17
      vertex 16.425974851452366 -4.86418070123307 0
      vertex 16.53647450843758 -4.8234152255572695 0
    endloop
  endfacet
  facet normal 0.2714404498650644 -0.96245523645365 0
    outer loop
      vertex 16.649831954216143 -4.791445119403486 17
      vertex 16.53647450843758 -4.8234152255572695 0
      vertex 16.649831954216143 -4.791445119403486 0
    endloop
  endfacet
  facet normal 0.19509032201613216 -0.9807852804032297 0
    outer loop
      vertex 16.765348302439655 -4.768467489107294 17
      vertex 16.649831954216143 -4.791445119403486 0
      vertex 16.765348302439655 -4.768467489107294 0
    endloop
  endfacet
  facet normal 0.11753739745783998 -0.993068456954926 0
    outer loop
      vertex 16.882311356408234 -4.754623999400308 17
      vertex 16.765348302439655 -4.768467489107294 0
      vertex 16.882311356408234 -4.754623999400308 0
    endloop
  endfacet
  facet normal 0.039259815759067854 -0.9992290362407228 0
    outer loop
      vertex 17 -4.75 17
      vertex 16.882311356408234 -4.754623999400308 0
      vertex 17 -4.75 0
    endloop
  endfacet
  facet normal -0.2714404498650644 -0.96245523645365 0
    outer loop
      vertex 17.46352549156242 -4.8234152255572695 17
      vertex 17.350168045783857 -4.791445119403486 0
      vertex 17.46352549156242 -4.8234152255572695 0
    endloop
  endfacet
  facet normal -0.34611705707749923 -0.9381913359224818 0
    outer loop
      vertex 17.574025148547634 -4.86418070123307 17
      vertex 17.46352549156242 -4.8234152255572695 0
      vertex 17.574025148547634 -4.86418070123307 0
    endloop
  endfacet
  facet normal -0.4186597375374261 -0.9081431738250824 0
    outer loop
      vertex 17.68098574960932 -4.9134902137174485 17
      vertex 17.574025148547634 -4.86418070123307 0
      vertex 17.68098574960932 -4.9134902137174485 0
    endloop
  endfacet
  facet normal -0.039259815759067854 -0.9992290362407228 0
    outer loop
      vertex 17.117688643591766 -4.754623999400308 17
      vertex 17 -4.75 0
      vertex 17.117688643591766 -4.754623999400308 0
    endloop
  endfacet
  facet normal -0.11753739745783998 -0.993068456954926 0
    outer loop
      vertex 17.234651697560345 -4.768467489107294 17
      vertex 17.117688643591766 -4.754623999400308 0
      vertex 17.234651697560345 -4.768467489107294 0
    endloop
  endfacet
  facet normal -0.19509032201613216 -0.9807852804032297 0
    outer loop
      vertex 17.350168045783857 -4.791445119403486 17
      vertex 17.234651697560345 -4.768467489107294 0
      vertex 17.350168045783857 -4.791445119403486 0
    endloop
  endfacet
  facet normal -0.5555702330195998 -0.8314696123025468 0
    outer loop
      vertex 17.88167787843871 -5.036474508437578 17
      vertex 17.783747847073922 -4.971039753468862 0
      vertex 17.88167787843871 -5.036474508437578 0
    endloop
  endfacet
  facet normal -0.6190939493098309 -0.7853169308807473 0
    outer loop
      vertex 17.974172072495275 -5.109391051599953 17
      vertex 17.88167787843871 -5.036474508437578 0
      vertex 17.974172072495275 -5.109391051599953 0
    endloop
  endfacet
  facet normal -0.4886212414969573 -0.8724960070727956 0
    outer loop
      vertex 17.783747847073922 -4.971039753468862 17
      vertex 17.68098574960932 -4.9134902137174485 0
      vertex 17.783747847073922 -4.971039753468862 0
    endloop
  endfacet
  facet normal 0.8724960070727976 0.48862124149695413 0
    outer loop
      vertex 15.721039753468862 -7.033747847073923 17
      vertex 15.721039753468862 -7.033747847073923 0
      vertex 15.663490213717449 -6.93098574960932 17
    endloop
  endfacet
  facet normal 0.9081431738250839 0.41865973753742275 0
    outer loop
      vertex 15.614180701233071 -6.824025148547634 17
      vertex 15.663490213717449 -6.93098574960932 17
      vertex 15.663490213717449 -6.93098574960932 0
    endloop
  endfacet
  facet normal 0.9381913359224812 0.34611705707750096 0
    outer loop
      vertex 15.614180701233071 -6.824025148547634 17
      vertex 15.614180701233071 -6.824025148547634 0
      vertex 15.57341522555727 -6.713525491562421 17
    endloop
  endfacet
  facet normal 0.9624552364536483 0.27144044986507027 0
    outer loop
      vertex 15.57341522555727 -6.713525491562421 17
      vertex 15.57341522555727 -6.713525491562421 0
      vertex 15.541445119403486 -6.6001680457838585 17
    endloop
  endfacet
  facet normal 0.9807852804032283 0.19509032201613946 0
    outer loop
      vertex 15.541445119403486 -6.6001680457838585 17
      vertex 15.541445119403486 -6.6001680457838585 0
      vertex 15.518467489107293 -6.484651697560347 17
    endloop
  endfacet
  facet normal 0.9930684569549277 0.11753739745782511 0
    outer loop
      vertex 15.518467489107293 -6.484651697560347 17
      vertex 15.518467489107293 -6.484651697560347 0
      vertex 15.504623999400309 -6.367688643591768 17
    endloop
  endfacet
  facet normal 0.9992290362407228 0.039259815759074806 0
    outer loop
      vertex 15.504623999400309 -6.367688643591768 17
      vertex 15.504623999400309 -6.367688643591768 0
      vertex 15.5 -6.25 17
    endloop
  endfacet
  facet normal 0.9992290362407228 -0.039259815759074806 0
    outer loop
      vertex 15.5 -6.25 17
      vertex 15.5 -6.25 0
      vertex 15.504623999400309 -6.132311356408232 17
    endloop
  endfacet
  facet normal 0.9930684569549277 -0.11753739745782511 0
    outer loop
      vertex 15.504623999400309 -6.132311356408232 17
      vertex 15.504623999400309 -6.132311356408232 0
      vertex 15.518467489107293 -6.015348302439653 17
    endloop
  endfacet
  facet normal 0.9807852804032283 -0.19509032201613946 0
    outer loop
      vertex 15.518467489107293 -6.015348302439653 17
      vertex 15.518467489107293 -6.015348302439653 0
      vertex 15.541445119403486 -5.8998319542161415 17
    endloop
  endfacet
  facet normal 0.9624552364536483 -0.27144044986507027 0
    outer loop
      vertex 15.541445119403486 -5.8998319542161415 17
      vertex 15.541445119403486 -5.8998319542161415 0
      vertex 15.57341522555727 -5.786474508437579 17
    endloop
  endfacet
  facet normal 0.9381913359224812 -0.34611705707750096 0
    outer loop
      vertex 15.57341522555727 -5.786474508437579 17
      vertex 15.57341522555727 -5.786474508437579 0
      vertex 15.614180701233071 -5.675974851452366 17
    endloop
  endfacet
  facet normal 0.9081431738250839 -0.41865973753742275 0
    outer loop
      vertex 15.614180701233071 -5.675974851452366 17
      vertex 15.614180701233071 -5.675974851452366 0
      vertex 15.663490213717449 -5.56901425039068 17
    endloop
  endfacet
  facet normal 0.8724960070727976 -0.48862124149695413 0
    outer loop
      vertex 15.663490213717449 -5.56901425039068 17
      vertex 15.663490213717449 -5.56901425039068 0
      vertex 15.721039753468862 -5.466252152926077 17
    endloop
  endfacet
  facet normal 0.8314696123025492 -0.5555702330195964 0
    outer loop
      vertex 15.721039753468862 -5.466252152926077 17
      vertex 15.721039753468862 -5.466252152926077 0
      vertex 15.786474508437578 -5.36832212156129 17
    endloop
  endfacet
  facet normal 0.2714404498650644 0.96245523645365 0
    outer loop
      vertex 16.53647450843758 -7.6765847744427305 17
      vertex 16.649831954216143 -7.708554880596514 17
      vertex 16.649831954216143 -7.708554880596514 0
    endloop
  endfacet
  facet normal 0.19509032201613216 0.9807852804032297 0
    outer loop
      vertex 16.649831954216143 -7.708554880596514 17
      vertex 16.765348302439655 -7.731532510892706 17
      vertex 16.765348302439655 -7.731532510892706 0
    endloop
  endfacet
  facet normal 0.11753739745783998 0.993068456954926 0
    outer loop
      vertex 16.765348302439655 -7.731532510892706 17
      vertex 16.882311356408234 -7.745376000599692 17
      vertex 16.882311356408234 -7.745376000599692 0
    endloop
  endfacet
  facet normal 0.039259815759067854 0.9992290362407228 0
    outer loop
      vertex 16.882311356408234 -7.745376000599692 17
      vertex 17 -7.75 17
      vertex 17 -7.75 0
    endloop
  endfacet
  facet normal -0.039259815759067854 0.9992290362407228 0
    outer loop
      vertex 17 -7.75 17
      vertex 17.117688643591766 -7.745376000599692 17
      vertex 17.117688643591766 -7.745376000599692 0
    endloop
  endfacet
  facet normal -0.11753739745783998 0.993068456954926 0
    outer loop
      vertex 17.117688643591766 -7.745376000599692 17
      vertex 17.234651697560345 -7.731532510892706 17
      vertex 17.234651697560345 -7.731532510892706 0
    endloop
  endfacet
  facet normal -0.19509032201613216 0.9807852804032297 0
    outer loop
      vertex 17.234651697560345 -7.731532510892706 17
      vertex 17.350168045783857 -7.708554880596514 17
      vertex 17.350168045783857 -7.708554880596514 0
    endloop
  endfacet
  facet normal 0.4186597375374261 0.9081431738250824 0
    outer loop
      vertex 16.31901425039068 -7.5865097862825515 17
      vertex 16.425974851452366 -7.63581929876693 17
      vertex 16.425974851452366 -7.63581929876693 0
    endloop
  endfacet
  facet normal 0.4886212414969573 0.8724960070727956 0
    outer loop
      vertex 16.216252152926078 -7.528960246531138 17
      vertex 16.31901425039068 -7.5865097862825515 17
      vertex 16.31901425039068 -7.5865097862825515 0
    endloop
  endfacet
  facet normal 0.5555702330195998 0.8314696123025468 0
    outer loop
      vertex 16.216252152926078 -7.528960246531138 17
      vertex 16.216252152926078 -7.528960246531138 0
      vertex 16.11832212156129 -7.463525491562422 17
    endloop
  endfacet
  facet normal 0.6190939493098309 0.7853169308807473 0
    outer loop
      vertex 16.025827927504725 -7.390608948400047 17
      vertex 16.11832212156129 -7.463525491562422 17
      vertex 16.11832212156129 -7.463525491562422 0
    endloop
  endfacet
  facet normal 0.7343225094356801 0.6788007455329478 0
    outer loop
      vertex 15.939339828220179 -7.310660171779821 17
      vertex 15.939339828220179 -7.310660171779821 0
      vertex 15.859391051599953 -7.224172072495276 17
    endloop
  endfacet
  facet normal 0.678800745532944 0.7343225094356836 0
    outer loop
      vertex 16.025827927504725 -7.390608948400047 17
      vertex 16.025827927504725 -7.390608948400047 0
      vertex 15.939339828220179 -7.310660171779821 17
    endloop
  endfacet
  facet normal 0.7853169308807445 0.6190939493098346 0
    outer loop
      vertex 15.859391051599953 -7.224172072495276 17
      vertex 15.859391051599953 -7.224172072495276 0
      vertex 15.786474508437578 -7.13167787843871 17
    endloop
  endfacet
  facet normal 0.8314696123025492 0.5555702330195964 0
    outer loop
      vertex 15.786474508437578 -7.13167787843871 17
      vertex 15.786474508437578 -7.13167787843871 0
      vertex 15.721039753468862 -7.033747847073923 17
    endloop
  endfacet
  facet normal 0.34611705707749923 0.9381913359224818 0
    outer loop
      vertex 16.53647450843758 -7.6765847744427305 17
      vertex 16.53647450843758 -7.6765847744427305 0
      vertex 16.425974851452366 -7.63581929876693 17
    endloop
  endfacet
  facet normal -0.2714404498650644 0.96245523645365 0
    outer loop
      vertex 17.350168045783857 -7.708554880596514 17
      vertex 17.46352549156242 -7.6765847744427305 17
      vertex 17.46352549156242 -7.6765847744427305 0
    endloop
  endfacet
  facet normal -0.34611705707749923 0.9381913359224818 0
    outer loop
      vertex 17.46352549156242 -7.6765847744427305 17
      vertex 17.574025148547634 -7.63581929876693 17
      vertex 17.574025148547634 -7.63581929876693 0
    endloop
  endfacet
  facet normal -0.4186597375374261 0.9081431738250824 0
    outer loop
      vertex 17.574025148547634 -7.63581929876693 17
      vertex 17.68098574960932 -7.5865097862825515 17
      vertex 17.68098574960932 -7.5865097862825515 0
    endloop
  endfacet
  facet normal -0.4886212414969573 0.8724960070727956 0
    outer loop
      vertex 17.68098574960932 -7.5865097862825515 17
      vertex 17.783747847073922 -7.528960246531138 17
      vertex 17.783747847073922 -7.528960246531138 0
    endloop
  endfacet
  facet normal -0.5555702330195998 0.8314696123025468 0
    outer loop
      vertex 17.783747847073922 -7.528960246531138 17
      vertex 17.88167787843871 -7.463525491562422 17
      vertex 17.88167787843871 -7.463525491562422 0
    endloop
  endfacet
  facet normal -0.6190939493098309 0.7853169308807473 0
    outer loop
      vertex 17.88167787843871 -7.463525491562422 17
      vertex 17.974172072495275 -7.390608948400047 17
      vertex 17.974172072495275 -7.390608948400047 0
    endloop
  endfacet
  facet normal -0.6788007455329365 0.7343225094356906 0
    outer loop
      vertex 17.974172072495275 -7.390608948400047 17
      vertex 18.060660171779823 -7.310660171779821 17
      vertex 18.060660171779823 -7.310660171779821 0
    endloop
  endfacet
  facet normal -0.7343225094356876 0.6788007455329396 0
    outer loop
      vertex 18.060660171779823 -7.310660171779821 17
      vertex 18.140608948400047 -7.224172072495276 17
      vertex 18.140608948400047 -7.224172072495276 0
    endloop
  endfacet
  facet normal -0.7853169308807445 0.6190939493098346 0
    outer loop
      vertex 18.140608948400047 -7.224172072495276 17
      vertex 18.21352549156242 -7.13167787843871 17
      vertex 18.21352549156242 -7.13167787843871 0
    endloop
  endfacet
  facet normal -0.8314696123025492 0.5555702330195964 0
    outer loop
      vertex 18.21352549156242 -7.13167787843871 17
      vertex 18.27896024653114 -7.033747847073923 17
      vertex 18.27896024653114 -7.033747847073923 0
    endloop
  endfacet
  facet normal -0.8724960070727976 0.48862124149695413 0
    outer loop
      vertex 18.27896024653114 -7.033747847073923 17
      vertex 18.33650978628255 -6.93098574960932 17
      vertex 18.33650978628255 -6.93098574960932 0
    endloop
  endfacet
  facet normal -0.9081431738250839 0.41865973753742275 0
    outer loop
      vertex 18.33650978628255 -6.93098574960932 17
      vertex 18.38581929876693 -6.824025148547634 17
      vertex 18.38581929876693 -6.824025148547634 0
    endloop
  endfacet
  facet normal 0.7853169308807445 -0.6190939493098346 0
    outer loop
      vertex 15.786474508437578 -5.36832212156129 17
      vertex 15.786474508437578 -5.36832212156129 0
      vertex 15.859391051599953 -5.275827927504724 17
    endloop
  endfacet
  facet normal 0.7343225094356801 -0.6788007455329478 0
    outer loop
      vertex 15.859391051599953 -5.275827927504724 17
      vertex 15.859391051599953 -5.275827927504724 0
      vertex 15.939339828220179 -5.189339828220179 17
    endloop
  endfacet
  facet normal 0.678800745532944 -0.7343225094356836 0
    outer loop
      vertex 15.939339828220179 -5.189339828220179 17
      vertex 15.939339828220179 -5.189339828220179 0
      vertex 16.025827927504725 -5.109391051599953 17
    endloop
  endfacet
  facet normal -0.9081431738250839 -0.41865973753742275 0
    outer loop
      vertex 18.38581929876693 -5.675974851452366 17
      vertex 18.33650978628255 -5.56901425039068 17
      vertex 18.33650978628255 -5.56901425039068 0
    endloop
  endfacet
  facet normal -0.8724960070727976 -0.48862124149695413 0
    outer loop
      vertex 18.33650978628255 -5.56901425039068 17
      vertex 18.27896024653114 -5.466252152926077 17
      vertex 18.27896024653114 -5.466252152926077 0
    endloop
  endfacet
  facet normal -0.6788007455329365 -0.7343225094356906 0
    outer loop
      vertex 18.060660171779823 -5.189339828220179 17
      vertex 17.974172072495275 -5.109391051599953 17
      vertex 17.974172072495275 -5.109391051599953 0
    endloop
  endfacet
  facet normal -0.7853169308807445 -0.6190939493098346 0
    outer loop
      vertex 18.21352549156242 -5.36832212156129 17
      vertex 18.140608948400047 -5.275827927504724 17
      vertex 18.140608948400047 -5.275827927504724 0
    endloop
  endfacet
  facet normal -0.8314696123025492 -0.5555702330195964 0
    outer loop
      vertex 18.27896024653114 -5.466252152926077 17
      vertex 18.21352549156242 -5.36832212156129 17
      vertex 18.21352549156242 -5.36832212156129 0
    endloop
  endfacet
  facet normal -0.7343225094356876 -0.6788007455329396 0
    outer loop
      vertex 18.140608948400047 -5.275827927504724 17
      vertex 18.060660171779823 -5.189339828220179 17
      vertex 18.060660171779823 -5.189339828220179 0
    endloop
  endfacet
  facet normal -0.9381913359224812 0.34611705707750096 0
    outer loop
      vertex 18.38581929876693 -6.824025148547634 17
      vertex 18.42658477444273 -6.713525491562421 17
      vertex 18.42658477444273 -6.713525491562421 0
    endloop
  endfacet
  facet normal -0.9624552364536445 0.2714404498650843 0
    outer loop
      vertex 18.42658477444273 -6.713525491562421 17
      vertex 18.458554880596516 -6.6001680457838585 17
      vertex 18.458554880596516 -6.6001680457838585 0
    endloop
  endfacet
  facet normal -0.980785280403234 0.1950903220161104 0
    outer loop
      vertex 18.458554880596516 -6.6001680457838585 17
      vertex 18.481532510892706 -6.484651697560347 17
      vertex 18.481532510892706 -6.484651697560347 0
    endloop
  endfacet
  facet normal -0.993068456954926 0.11753739745783998 0
    outer loop
      vertex 18.481532510892706 -6.484651697560347 17
      vertex 18.49537600059969 -6.367688643591768 17
      vertex 18.49537600059969 -6.367688643591768 0
    endloop
  endfacet
  facet normal -0.9992290362407228 0.039259815759074806 0
    outer loop
      vertex 18.49537600059969 -6.367688643591768 17
      vertex 18.5 -6.25 17
      vertex 18.5 -6.25 0
    endloop
  endfacet
  facet normal -0.9992290362407228 -0.039259815759074806 0
    outer loop
      vertex 18.5 -6.25 17
      vertex 18.49537600059969 -6.132311356408232 17
      vertex 18.49537600059969 -6.132311356408232 0
    endloop
  endfacet
  facet normal -0.993068456954926 -0.11753739745783998 0
    outer loop
      vertex 18.49537600059969 -6.132311356408232 17
      vertex 18.481532510892706 -6.015348302439653 17
      vertex 18.481532510892706 -6.015348302439653 0
    endloop
  endfacet
  facet normal -0.980785280403234 -0.1950903220161104 0
    outer loop
      vertex 18.481532510892706 -6.015348302439653 17
      vertex 18.458554880596516 -5.8998319542161415 17
      vertex 18.458554880596516 -5.8998319542161415 0
    endloop
  endfacet
  facet normal -0.9624552364536445 -0.2714404498650843 0
    outer loop
      vertex 18.42658477444273 -5.786474508437579 17
      vertex 18.42658477444273 -5.786474508437579 0
      vertex 18.458554880596516 -5.8998319542161415 17
    endloop
  endfacet
  facet normal -0.9381913359224812 -0.34611705707750096 0
    outer loop
      vertex 18.42658477444273 -5.786474508437579 17
      vertex 18.38581929876693 -5.675974851452366 17
      vertex 18.38581929876693 -5.675974851452366 0
    endloop
  endfacet
  facet normal 0.8314696123025491 0.5555702330195964 0
    outer loop
      vertex 15.786474508437578 -7.13167787843871 19
      vertex 15.721039753468862 -7.033747847073923 19
      vertex 15.721039753468862 -7.033747847073923 20
    endloop
  endfacet
  facet normal 0.8724960070727975 0.48862124149695413 0
    outer loop
      vertex 15.721039753468862 -7.033747847073923 19
      vertex 15.663490213717449 -6.93098574960932 19
      vertex 15.663490213717449 -6.93098574960932 20
    endloop
  endfacet
  facet normal 0.9081431738250838 0.4186597375374227 0
    outer loop
      vertex 15.614180701233071 -6.824025148547634 19
      vertex 15.614180701233071 -6.824025148547634 20
      vertex 15.663490213717449 -6.93098574960932 19
    endloop
  endfacet
  facet normal 0.9381913359224812 0.34611705707750096 0
    outer loop
      vertex 15.614180701233071 -6.824025148547634 19
      vertex 15.57341522555727 -6.713525491562421 19
      vertex 15.57341522555727 -6.713525491562421 20
    endloop
  endfacet
  facet normal 0.9624552364536483 0.27144044986507027 0
    outer loop
      vertex 15.57341522555727 -6.713525491562421 19
      vertex 15.541445119403486 -6.6001680457838585 19
      vertex 15.541445119403486 -6.6001680457838585 20
    endloop
  endfacet
  facet normal 0.9807852804032282 0.19509032201613943 0
    outer loop
      vertex 15.541445119403486 -6.6001680457838585 19
      vertex 15.518467489107293 -6.484651697560347 19
      vertex 15.518467489107293 -6.484651697560347 20
    endloop
  endfacet
  facet normal 0.9930684569549278 0.11753739745782511 0
    outer loop
      vertex 15.518467489107293 -6.484651697560347 19
      vertex 15.504623999400309 -6.367688643591768 19
      vertex 15.504623999400309 -6.367688643591768 20
    endloop
  endfacet
  facet normal 0.8724960070727975 0.48862124149695413 0
    outer loop
      vertex 15.721039753468862 -7.033747847073923 19
      vertex 15.663490213717449 -6.93098574960932 20
      vertex 15.721039753468862 -7.033747847073923 20
    endloop
  endfacet
  facet normal 0.9081431738250838 0.4186597375374227 0
    outer loop
      vertex 15.663490213717449 -6.93098574960932 19
      vertex 15.614180701233071 -6.824025148547634 20
      vertex 15.663490213717449 -6.93098574960932 20
    endloop
  endfacet
  facet normal 0.9381913359224812 0.34611705707750096 0
    outer loop
      vertex 15.614180701233071 -6.824025148547634 19
      vertex 15.57341522555727 -6.713525491562421 20
      vertex 15.614180701233071 -6.824025148547634 20
    endloop
  endfacet
  facet normal 0.9624552364536483 0.27144044986507027 0
    outer loop
      vertex 15.57341522555727 -6.713525491562421 19
      vertex 15.541445119403486 -6.6001680457838585 20
      vertex 15.57341522555727 -6.713525491562421 20
    endloop
  endfacet
  facet normal 0.9807852804032282 0.19509032201613943 0
    outer loop
      vertex 15.541445119403486 -6.6001680457838585 19
      vertex 15.518467489107293 -6.484651697560347 20
      vertex 15.541445119403486 -6.6001680457838585 20
    endloop
  endfacet
  facet normal 0.9930684569549278 0.11753739745782511 0
    outer loop
      vertex 15.518467489107293 -6.484651697560347 19
      vertex 15.504623999400309 -6.367688643591768 20
      vertex 15.518467489107293 -6.484651697560347 20
    endloop
  endfacet
  facet normal 0.9992290362407228 0.0392598157590748 0
    outer loop
      vertex 15.504623999400309 -6.367688643591768 19
      vertex 15.5 -6.25 19
      vertex 15.5 -6.25 20
    endloop
  endfacet
  facet normal 0.9992290362407228 -0.0392598157590748 0
    outer loop
      vertex 15.5 -6.25 19
      vertex 15.504623999400309 -6.132311356408232 19
      vertex 15.504623999400309 -6.132311356408232 20
    endloop
  endfacet
  facet normal 0.9930684569549278 -0.11753739745782511 0
    outer loop
      vertex 15.504623999400309 -6.132311356408232 19
      vertex 15.518467489107293 -6.015348302439653 19
      vertex 15.518467489107293 -6.015348302439653 20
    endloop
  endfacet
  facet normal 0.9807852804032282 -0.19509032201613943 0
    outer loop
      vertex 15.518467489107293 -6.015348302439653 19
      vertex 15.541445119403486 -5.8998319542161415 19
      vertex 15.518467489107293 -6.015348302439653 20
    endloop
  endfacet
  facet normal 0.9624552364536483 -0.27144044986507027 0
    outer loop
      vertex 15.541445119403486 -5.8998319542161415 19
      vertex 15.57341522555727 -5.786474508437579 19
      vertex 15.57341522555727 -5.786474508437579 20
    endloop
  endfacet
  facet normal 0.9992290362407228 0.0392598157590748 0
    outer loop
      vertex 15.504623999400309 -6.367688643591768 19
      vertex 15.5 -6.25 20
      vertex 15.504623999400309 -6.367688643591768 20
    endloop
  endfacet
  facet normal 0.9992290362407228 -0.0392598157590748 0
    outer loop
      vertex 15.5 -6.25 19
      vertex 15.504623999400309 -6.132311356408232 20
      vertex 15.5 -6.25 20
    endloop
  endfacet
  facet normal 0.9930684569549278 -0.11753739745782511 0
    outer loop
      vertex 15.504623999400309 -6.132311356408232 19
      vertex 15.518467489107293 -6.015348302439653 20
      vertex 15.504623999400309 -6.132311356408232 20
    endloop
  endfacet
  facet normal 0.9807852804032282 -0.19509032201613943 0
    outer loop
      vertex 15.541445119403486 -5.8998319542161415 19
      vertex 15.541445119403486 -5.8998319542161415 20
      vertex 15.518467489107293 -6.015348302439653 20
    endloop
  endfacet
  facet normal 0.9624552364536483 -0.27144044986507027 0
    outer loop
      vertex 15.541445119403486 -5.8998319542161415 19
      vertex 15.57341522555727 -5.786474508437579 20
      vertex 15.541445119403486 -5.8998319542161415 20
    endloop
  endfacet
  facet normal 0.9381913359224812 -0.34611705707750096 0
    outer loop
      vertex 15.57341522555727 -5.786474508437579 19
      vertex 15.614180701233071 -5.675974851452366 19
      vertex 15.614180701233071 -5.675974851452366 20
    endloop
  endfacet
  facet normal 0.9081431738250838 -0.4186597375374227 0
    outer loop
      vertex 15.614180701233071 -5.675974851452366 19
      vertex 15.663490213717449 -5.56901425039068 19
      vertex 15.663490213717449 -5.56901425039068 20
    endloop
  endfacet
  facet normal 0.8724960070727975 -0.48862124149695413 0
    outer loop
      vertex 15.663490213717449 -5.56901425039068 19
      vertex 15.721039753468862 -5.466252152926077 19
      vertex 15.721039753468862 -5.466252152926077 20
    endloop
  endfacet
  facet normal 0.9381913359224812 -0.34611705707750096 0
    outer loop
      vertex 15.57341522555727 -5.786474508437579 19
      vertex 15.614180701233071 -5.675974851452366 20
      vertex 15.57341522555727 -5.786474508437579 20
    endloop
  endfacet
  facet normal 0.9081431738250838 -0.4186597375374227 0
    outer loop
      vertex 15.614180701233071 -5.675974851452366 19
      vertex 15.663490213717449 -5.56901425039068 20
      vertex 15.614180701233071 -5.675974851452366 20
    endloop
  endfacet
  facet normal 0.8724960070727975 -0.48862124149695413 0
    outer loop
      vertex 15.663490213717449 -5.56901425039068 19
      vertex 15.721039753468862 -5.466252152926077 20
      vertex 15.663490213717449 -5.56901425039068 20
    endloop
  endfacet
  facet normal 0.8314696123025491 -0.5555702330195964 0
    outer loop
      vertex 15.721039753468862 -5.466252152926077 19
      vertex 15.786474508437578 -5.36832212156129 20
      vertex 15.721039753468862 -5.466252152926077 20
    endloop
  endfacet
  facet normal 0.1950903220161322 0.9807852804032298 0
    outer loop
      vertex 16.649831954216143 -7.708554880596514 19
      vertex 16.649831954216143 -7.708554880596514 20
      vertex 16.765348302439655 -7.731532510892706 19
    endloop
  endfacet
  facet normal 0.11753739745783998 0.993068456954926 0
    outer loop
      vertex 16.765348302439655 -7.731532510892706 19
      vertex 16.765348302439655 -7.731532510892706 20
      vertex 16.882311356408234 -7.745376000599692 19
    endloop
  endfacet
  facet normal 0.03925981575906786 0.999229036240723 0
    outer loop
      vertex 16.882311356408234 -7.745376000599692 19
      vertex 16.882311356408234 -7.745376000599692 20
      vertex 17 -7.75 19
    endloop
  endfacet
  facet normal -0.03925981575906786 0.999229036240723 0
    outer loop
      vertex 17 -7.75 19
      vertex 17 -7.75 20
      vertex 17.117688643591766 -7.745376000599692 19
    endloop
  endfacet
  facet normal 0.2714404498650644 0.96245523645365 0
    outer loop
      vertex 16.649831954216143 -7.708554880596514 19
      vertex 16.53647450843758 -7.6765847744427305 20
      vertex 16.649831954216143 -7.708554880596514 20
    endloop
  endfacet
  facet normal 0.1950903220161322 0.9807852804032298 0
    outer loop
      vertex 16.765348302439655 -7.731532510892706 19
      vertex 16.649831954216143 -7.708554880596514 20
      vertex 16.765348302439655 -7.731532510892706 20
    endloop
  endfacet
  facet normal 0.11753739745783998 0.993068456954926 0
    outer loop
      vertex 16.882311356408234 -7.745376000599692 19
      vertex 16.765348302439655 -7.731532510892706 20
      vertex 16.882311356408234 -7.745376000599692 20
    endloop
  endfacet
  facet normal 0.03925981575906786 0.999229036240723 0
    outer loop
      vertex 17 -7.75 19
      vertex 16.882311356408234 -7.745376000599692 20
      vertex 17 -7.75 20
    endloop
  endfacet
  facet normal -0.11753739745783998 0.993068456954926 0
    outer loop
      vertex 17.117688643591766 -7.745376000599692 19
      vertex 17.117688643591766 -7.745376000599692 20
      vertex 17.234651697560345 -7.731532510892706 19
    endloop
  endfacet
  facet normal -0.1950903220161322 0.9807852804032298 0
    outer loop
      vertex 17.234651697560345 -7.731532510892706 19
      vertex 17.234651697560345 -7.731532510892706 20
      vertex 17.350168045783857 -7.708554880596514 19
    endloop
  endfacet
  facet normal -0.2714404498650644 0.96245523645365 0
    outer loop
      vertex 17.350168045783857 -7.708554880596514 19
      vertex 17.350168045783857 -7.708554880596514 20
      vertex 17.46352549156242 -7.6765847744427305 19
    endloop
  endfacet
  facet normal -0.03925981575906786 0.999229036240723 0
    outer loop
      vertex 17.117688643591766 -7.745376000599692 19
      vertex 17 -7.75 20
      vertex 17.117688643591766 -7.745376000599692 20
    endloop
  endfacet
  facet normal -0.11753739745783998 0.993068456954926 0
    outer loop
      vertex 17.234651697560345 -7.731532510892706 19
      vertex 17.117688643591766 -7.745376000599692 20
      vertex 17.234651697560345 -7.731532510892706 20
    endloop
  endfacet
  facet normal -0.1950903220161322 0.9807852804032298 0
    outer loop
      vertex 17.350168045783857 -7.708554880596514 19
      vertex 17.234651697560345 -7.731532510892706 20
      vertex 17.350168045783857 -7.708554880596514 20
    endloop
  endfacet
  facet normal 0.619093949309831 0.7853169308807474 0
    outer loop
      vertex 16.025827927504725 -7.390608948400047 19
      vertex 16.025827927504725 -7.390608948400047 20
      vertex 16.11832212156129 -7.463525491562422 19
    endloop
  endfacet
  facet normal 0.48862124149695735 0.8724960070727957 0
    outer loop
      vertex 16.216252152926078 -7.528960246531138 19
      vertex 16.216252152926078 -7.528960246531138 20
      vertex 16.31901425039068 -7.5865097862825515 19
    endloop
  endfacet
  facet normal 0.418659737537426 0.9081431738250821 0
    outer loop
      vertex 16.31901425039068 -7.5865097862825515 19
      vertex 16.31901425039068 -7.5865097862825515 20
      vertex 16.425974851452366 -7.63581929876693 19
    endloop
  endfacet
  facet normal 0.5555702330195998 0.8314696123025468 0
    outer loop
      vertex 16.216252152926078 -7.528960246531138 19
      vertex 16.11832212156129 -7.463525491562422 19
      vertex 16.11832212156129 -7.463525491562422 20
    endloop
  endfacet
  facet normal 0.7343225094356801 0.6788007455329478 0
    outer loop
      vertex 15.939339828220179 -7.310660171779821 19
      vertex 15.859391051599953 -7.224172072495276 19
      vertex 15.859391051599953 -7.224172072495276 20
    endloop
  endfacet
  facet normal 0.6788007455329439 0.7343225094356834 0
    outer loop
      vertex 16.025827927504725 -7.390608948400047 19
      vertex 15.939339828220179 -7.310660171779821 19
      vertex 15.939339828220179 -7.310660171779821 20
    endloop
  endfacet
  facet normal 0.7853169308807444 0.6190939493098345 0
    outer loop
      vertex 15.859391051599953 -7.224172072495276 19
      vertex 15.786474508437578 -7.13167787843871 19
      vertex 15.786474508437578 -7.13167787843871 20
    endloop
  endfacet
  facet normal 0.34611705707749923 0.9381913359224818 0
    outer loop
      vertex 16.53647450843758 -7.6765847744427305 19
      vertex 16.425974851452366 -7.63581929876693 19
      vertex 16.425974851452366 -7.63581929876693 20
    endloop
  endfacet
  facet normal 0.2714404498650644 0.96245523645365 0
    outer loop
      vertex 16.53647450843758 -7.6765847744427305 19
      vertex 16.53647450843758 -7.6765847744427305 20
      vertex 16.649831954216143 -7.708554880596514 19
    endloop
  endfacet
  facet normal 0.418659737537426 0.9081431738250821 0
    outer loop
      vertex 16.425974851452366 -7.63581929876693 19
      vertex 16.31901425039068 -7.5865097862825515 20
      vertex 16.425974851452366 -7.63581929876693 20
    endloop
  endfacet
  facet normal 0.48862124149695735 0.8724960070727957 0
    outer loop
      vertex 16.31901425039068 -7.5865097862825515 19
      vertex 16.216252152926078 -7.528960246531138 20
      vertex 16.31901425039068 -7.5865097862825515 20
    endloop
  endfacet
  facet normal 0.5555702330195998 0.8314696123025468 0
    outer loop
      vertex 16.216252152926078 -7.528960246531138 19
      vertex 16.11832212156129 -7.463525491562422 20
      vertex 16.216252152926078 -7.528960246531138 20
    endloop
  endfacet
  facet normal 0.619093949309831 0.7853169308807474 0
    outer loop
      vertex 16.11832212156129 -7.463525491562422 19
      vertex 16.025827927504725 -7.390608948400047 20
      vertex 16.11832212156129 -7.463525491562422 20
    endloop
  endfacet
  facet normal 0.7343225094356801 0.6788007455329478 0
    outer loop
      vertex 15.939339828220179 -7.310660171779821 19
      vertex 15.859391051599953 -7.224172072495276 20
      vertex 15.939339828220179 -7.310660171779821 20
    endloop
  endfacet
  facet normal 0.6788007455329439 0.7343225094356834 0
    outer loop
      vertex 16.025827927504725 -7.390608948400047 19
      vertex 15.939339828220179 -7.310660171779821 20
      vertex 16.025827927504725 -7.390608948400047 20
    endloop
  endfacet
  facet normal 0.7853169308807444 0.6190939493098345 0
    outer loop
      vertex 15.859391051599953 -7.224172072495276 19
      vertex 15.786474508437578 -7.13167787843871 20
      vertex 15.859391051599953 -7.224172072495276 20
    endloop
  endfacet
  facet normal 0.8314696123025491 0.5555702330195964 0
    outer loop
      vertex 15.786474508437578 -7.13167787843871 19
      vertex 15.721039753468862 -7.033747847073923 20
      vertex 15.786474508437578 -7.13167787843871 20
    endloop
  endfacet
  facet normal 0.34611705707749923 0.9381913359224818 0
    outer loop
      vertex 16.53647450843758 -7.6765847744427305 19
      vertex 16.425974851452366 -7.63581929876693 20
      vertex 16.53647450843758 -7.6765847744427305 20
    endloop
  endfacet
  facet normal -0.34611705707749923 0.9381913359224818 0
    outer loop
      vertex 17.46352549156242 -7.6765847744427305 19
      vertex 17.46352549156242 -7.6765847744427305 20
      vertex 17.574025148547634 -7.63581929876693 19
    endloop
  endfacet
  facet normal -0.418659737537426 0.9081431738250821 0
    outer loop
      vertex 17.574025148547634 -7.63581929876693 19
      vertex 17.574025148547634 -7.63581929876693 20
      vertex 17.68098574960932 -7.5865097862825515 19
    endloop
  endfacet
  facet normal -0.48862124149695735 0.8724960070727957 0
    outer loop
      vertex 17.68098574960932 -7.5865097862825515 19
      vertex 17.68098574960932 -7.5865097862825515 20
      vertex 17.783747847073922 -7.528960246531138 19
    endloop
  endfacet
  facet normal -0.5555702330195998 0.8314696123025468 0
    outer loop
      vertex 17.783747847073922 -7.528960246531138 19
      vertex 17.783747847073922 -7.528960246531138 20
      vertex 17.88167787843871 -7.463525491562422 19
    endloop
  endfacet
  facet normal -0.619093949309831 0.7853169308807474 0
    outer loop
      vertex 17.88167787843871 -7.463525491562422 19
      vertex 17.88167787843871 -7.463525491562422 20
      vertex 17.974172072495275 -7.390608948400047 19
    endloop
  endfacet
  facet normal -0.6788007455329365 0.7343225094356906 0
    outer loop
      vertex 17.974172072495275 -7.390608948400047 19
      vertex 17.974172072495275 -7.390608948400047 20
      vertex 18.060660171779823 -7.310660171779821 19
    endloop
  endfacet
  facet normal -0.7343225094356876 0.6788007455329396 0
    outer loop
      vertex 18.060660171779823 -7.310660171779821 19
      vertex 18.060660171779823 -7.310660171779821 20
      vertex 18.140608948400047 -7.224172072495276 19
    endloop
  endfacet
  facet normal -0.7853169308807444 0.6190939493098345 0
    outer loop
      vertex 18.140608948400047 -7.224172072495276 19
      vertex 18.140608948400047 -7.224172072495276 20
      vertex 18.21352549156242 -7.13167787843871 19
    endloop
  endfacet
  facet normal -0.8314696123025491 0.5555702330195964 0
    outer loop
      vertex 18.21352549156242 -7.13167787843871 19
      vertex 18.21352549156242 -7.13167787843871 20
      vertex 18.27896024653114 -7.033747847073923 19
    endloop
  endfacet
  facet normal -0.2714404498650644 0.96245523645365 0
    outer loop
      vertex 17.46352549156242 -7.6765847744427305 19
      vertex 17.350168045783857 -7.708554880596514 20
      vertex 17.46352549156242 -7.6765847744427305 20
    endloop
  endfacet
  facet normal -0.34611705707749923 0.9381913359224818 0
    outer loop
      vertex 17.574025148547634 -7.63581929876693 19
      vertex 17.46352549156242 -7.6765847744427305 20
      vertex 17.574025148547634 -7.63581929876693 20
    endloop
  endfacet
  facet normal -0.418659737537426 0.9081431738250821 0
    outer loop
      vertex 17.68098574960932 -7.5865097862825515 19
      vertex 17.574025148547634 -7.63581929876693 20
      vertex 17.68098574960932 -7.5865097862825515 20
    endloop
  endfacet
  facet normal -0.48862124149695735 0.8724960070727957 0
    outer loop
      vertex 17.783747847073922 -7.528960246531138 19
      vertex 17.68098574960932 -7.5865097862825515 20
      vertex 17.783747847073922 -7.528960246531138 20
    endloop
  endfacet
  facet normal -0.5555702330195998 0.8314696123025468 0
    outer loop
      vertex 17.88167787843871 -7.463525491562422 19
      vertex 17.783747847073922 -7.528960246531138 20
      vertex 17.88167787843871 -7.463525491562422 20
    endloop
  endfacet
  facet normal -0.619093949309831 0.7853169308807474 0
    outer loop
      vertex 17.974172072495275 -7.390608948400047 19
      vertex 17.88167787843871 -7.463525491562422 20
      vertex 17.974172072495275 -7.390608948400047 20
    endloop
  endfacet
  facet normal -0.6788007455329365 0.7343225094356906 0
    outer loop
      vertex 18.060660171779823 -7.310660171779821 19
      vertex 17.974172072495275 -7.390608948400047 20
      vertex 18.060660171779823 -7.310660171779821 20
    endloop
  endfacet
  facet normal -0.7343225094356876 0.6788007455329396 0
    outer loop
      vertex 18.140608948400047 -7.224172072495276 19
      vertex 18.060660171779823 -7.310660171779821 20
      vertex 18.140608948400047 -7.224172072495276 20
    endloop
  endfacet
  facet normal -0.7853169308807444 0.6190939493098345 0
    outer loop
      vertex 18.21352549156242 -7.13167787843871 19
      vertex 18.140608948400047 -7.224172072495276 20
      vertex 18.21352549156242 -7.13167787843871 20
    endloop
  endfacet
  facet normal -0.8314696123025491 0.5555702330195964 0
    outer loop
      vertex 18.27896024653114 -7.033747847073923 19
      vertex 18.21352549156242 -7.13167787843871 20
      vertex 18.27896024653114 -7.033747847073923 20
    endloop
  endfacet
  facet normal -0.8724960070727975 0.48862124149695413 0
    outer loop
      vertex 18.27896024653114 -7.033747847073923 19
      vertex 18.27896024653114 -7.033747847073923 20
      vertex 18.33650978628255 -6.93098574960932 19
    endloop
  endfacet
  facet normal -0.9081431738250838 0.4186597375374227 0
    outer loop
      vertex 18.33650978628255 -6.93098574960932 19
      vertex 18.33650978628255 -6.93098574960932 20
      vertex 18.38581929876693 -6.824025148547634 19
    endloop
  endfacet
  facet normal -0.8724960070727975 0.48862124149695413 0
    outer loop
      vertex 18.33650978628255 -6.93098574960932 19
      vertex 18.27896024653114 -7.033747847073923 20
      vertex 18.33650978628255 -6.93098574960932 20
    endloop
  endfacet
  facet normal -0.9081431738250838 0.4186597375374227 0
    outer loop
      vertex 18.38581929876693 -6.824025148547634 19
      vertex 18.33650978628255 -6.93098574960932 20
      vertex 18.38581929876693 -6.824025148547634 20
    endloop
  endfacet
  facet normal 0.8314696123025491 -0.5555702330195964 0
    outer loop
      vertex 15.721039753468862 -5.466252152926077 19
      vertex 15.786474508437578 -5.36832212156129 19
      vertex 15.786474508437578 -5.36832212156129 20
    endloop
  endfacet
  facet normal 0.7853169308807444 -0.6190939493098345 0
    outer loop
      vertex 15.786474508437578 -5.36832212156129 19
      vertex 15.859391051599953 -5.275827927504724 19
      vertex 15.859391051599953 -5.275827927504724 20
    endloop
  endfacet
  facet normal 0.7343225094356801 -0.6788007455329478 0
    outer loop
      vertex 15.859391051599953 -5.275827927504724 19
      vertex 15.939339828220179 -5.189339828220179 19
      vertex 15.939339828220179 -5.189339828220179 20
    endloop
  endfacet
  facet normal 0.6788007455329439 -0.7343225094356834 0
    outer loop
      vertex 15.939339828220179 -5.189339828220179 19
      vertex 16.025827927504725 -5.109391051599953 19
      vertex 16.025827927504725 -5.109391051599953 20
    endloop
  endfacet
  facet normal 0.7853169308807444 -0.6190939493098345 0
    outer loop
      vertex 15.786474508437578 -5.36832212156129 19
      vertex 15.859391051599953 -5.275827927504724 20
      vertex 15.786474508437578 -5.36832212156129 20
    endloop
  endfacet
  facet normal 0.7343225094356801 -0.6788007455329478 0
    outer loop
      vertex 15.859391051599953 -5.275827927504724 19
      vertex 15.939339828220179 -5.189339828220179 20
      vertex 15.859391051599953 -5.275827927504724 20
    endloop
  endfacet
  facet normal 0.6788007455329439 -0.7343225094356834 0
    outer loop
      vertex 15.939339828220179 -5.189339828220179 19
      vertex 16.025827927504725 -5.109391051599953 20
      vertex 15.939339828220179 -5.189339828220179 20
    endloop
  endfacet
  facet normal -0.9081431738250838 -0.4186597375374227 0
    outer loop
      vertex 18.38581929876693 -5.675974851452366 19
      vertex 18.38581929876693 -5.675974851452366 20
      vertex 18.33650978628255 -5.56901425039068 19
    endloop
  endfacet
  facet normal -0.8724960070727975 -0.48862124149695413 0
    outer loop
      vertex 18.33650978628255 -5.56901425039068 19
      vertex 18.33650978628255 -5.56901425039068 20
      vertex 18.27896024653114 -5.466252152926077 19
    endloop
  endfacet
  facet normal -0.6788007455329365 -0.7343225094356906 0
    outer loop
      vertex 18.060660171779823 -5.189339828220179 19
      vertex 18.060660171779823 -5.189339828220179 20
      vertex 17.974172072495275 -5.109391051599953 19
    endloop
  endfacet
  facet normal -0.7853169308807444 -0.6190939493098345 0
    outer loop
      vertex 18.21352549156242 -5.36832212156129 19
      vertex 18.21352549156242 -5.36832212156129 20
      vertex 18.140608948400047 -5.275827927504724 19
    endloop
  endfacet
  facet normal -0.8314696123025491 -0.5555702330195964 0
    outer loop
      vertex 18.27896024653114 -5.466252152926077 19
      vertex 18.27896024653114 -5.466252152926077 20
      vertex 18.21352549156242 -5.36832212156129 19
    endloop
  endfacet
  facet normal -0.7343225094356876 -0.6788007455329396 0
    outer loop
      vertex 18.140608948400047 -5.275827927504724 19
      vertex 18.140608948400047 -5.275827927504724 20
      vertex 18.060660171779823 -5.189339828220179 19
    endloop
  endfacet
  facet normal -0.9081431738250838 -0.4186597375374227 0
    outer loop
      vertex 18.33650978628255 -5.56901425039068 19
      vertex 18.38581929876693 -5.675974851452366 20
      vertex 18.33650978628255 -5.56901425039068 20
    endloop
  endfacet
  facet normal -0.8724960070727975 -0.48862124149695413 0
    outer loop
      vertex 18.27896024653114 -5.466252152926077 19
      vertex 18.33650978628255 -5.56901425039068 20
      vertex 18.27896024653114 -5.466252152926077 20
    endloop
  endfacet
  facet normal -0.6788007455329365 -0.7343225094356906 0
    outer loop
      vertex 17.974172072495275 -5.109391051599953 19
      vertex 18.060660171779823 -5.189339828220179 20
      vertex 17.974172072495275 -5.109391051599953 20
    endloop
  endfacet
  facet normal -0.7853169308807444 -0.6190939493098345 0
    outer loop
      vertex 18.140608948400047 -5.275827927504724 19
      vertex 18.21352549156242 -5.36832212156129 20
      vertex 18.140608948400047 -5.275827927504724 20
    endloop
  endfacet
  facet normal -0.8314696123025491 -0.5555702330195964 0
    outer loop
      vertex 18.21352549156242 -5.36832212156129 19
      vertex 18.27896024653114 -5.466252152926077 20
      vertex 18.21352549156242 -5.36832212156129 20
    endloop
  endfacet
  facet normal -0.7343225094356876 -0.6788007455329396 0
    outer loop
      vertex 18.060660171779823 -5.189339828220179 19
      vertex 18.140608948400047 -5.275827927504724 20
      vertex 18.060660171779823 -5.189339828220179 20
    endloop
  endfacet
  facet normal -0.9381913359224812 0.34611705707750096 0
    outer loop
      vertex 18.38581929876693 -6.824025148547634 19
      vertex 18.38581929876693 -6.824025148547634 20
      vertex 18.42658477444273 -6.713525491562421 19
    endloop
  endfacet
  facet normal -0.9624552364536445 0.2714404498650843 0
    outer loop
      vertex 18.42658477444273 -6.713525491562421 19
      vertex 18.42658477444273 -6.713525491562421 20
      vertex 18.458554880596516 -6.6001680457838585 19
    endloop
  endfacet
  facet normal -0.980785280403234 0.19509032201611043 0
    outer loop
      vertex 18.458554880596516 -6.6001680457838585 19
      vertex 18.458554880596516 -6.6001680457838585 20
      vertex 18.481532510892706 -6.484651697560347 19
    endloop
  endfacet
  facet normal -0.993068456954926 0.11753739745783998 0
    outer loop
      vertex 18.481532510892706 -6.484651697560347 19
      vertex 18.481532510892706 -6.484651697560347 20
      vertex 18.49537600059969 -6.367688643591768 19
    endloop
  endfacet
  facet normal -0.9381913359224812 0.34611705707750096 0
    outer loop
      vertex 18.42658477444273 -6.713525491562421 19
      vertex 18.38581929876693 -6.824025148547634 20
      vertex 18.42658477444273 -6.713525491562421 20
    endloop
  endfacet
  facet normal -0.9624552364536445 0.2714404498650843 0
    outer loop
      vertex 18.458554880596516 -6.6001680457838585 19
      vertex 18.42658477444273 -6.713525491562421 20
      vertex 18.458554880596516 -6.6001680457838585 20
    endloop
  endfacet
  facet normal -0.980785280403234 0.19509032201611043 0
    outer loop
      vertex 18.481532510892706 -6.484651697560347 19
      vertex 18.458554880596516 -6.6001680457838585 20
      vertex 18.481532510892706 -6.484651697560347 20
    endloop
  endfacet
  facet normal -0.993068456954926 0.11753739745783998 0
    outer loop
      vertex 18.49537600059969 -6.367688643591768 19
      vertex 18.481532510892706 -6.484651697560347 20
      vertex 18.49537600059969 -6.367688643591768 20
    endloop
  endfacet
  facet normal -0.9992290362407228 0.0392598157590748 0
    outer loop
      vertex 18.49537600059969 -6.367688643591768 19
      vertex 18.49537600059969 -6.367688643591768 20
      vertex 18.5 -6.25 19
    endloop
  endfacet
  facet normal -0.9992290362407228 -0.0392598157590748 0
    outer loop
      vertex 18.5 -6.25 19
      vertex 18.5 -6.25 20
      vertex 18.49537600059969 -6.132311356408232 19
    endloop
  endfacet
  facet normal -0.993068456954926 -0.11753739745783998 0
    outer loop
      vertex 18.49537600059969 -6.132311356408232 19
      vertex 18.49537600059969 -6.132311356408232 20
      vertex 18.481532510892706 -6.015348302439653 19
    endloop
  endfacet
  facet normal -0.980785280403234 -0.19509032201611043 0
    outer loop
      vertex 18.481532510892706 -6.015348302439653 19
      vertex 18.481532510892706 -6.015348302439653 20
      vertex 18.458554880596516 -5.8998319542161415 19
    endloop
  endfacet
  facet normal -0.9624552364536445 -0.2714404498650843 0
    outer loop
      vertex 18.42658477444273 -5.786474508437579 19
      vertex 18.458554880596516 -5.8998319542161415 19
      vertex 18.458554880596516 -5.8998319542161415 20
    endloop
  endfacet
  facet normal -0.9992290362407228 0.0392598157590748 0
    outer loop
      vertex 18.5 -6.25 19
      vertex 18.49537600059969 -6.367688643591768 20
      vertex 18.5 -6.25 20
    endloop
  endfacet
  facet normal -0.9992290362407228 -0.0392598157590748 0
    outer loop
      vertex 18.49537600059969 -6.132311356408232 19
      vertex 18.5 -6.25 20
      vertex 18.49537600059969 -6.132311356408232 20
    endloop
  endfacet
  facet normal -0.993068456954926 -0.11753739745783998 0
    outer loop
      vertex 18.481532510892706 -6.015348302439653 19
      vertex 18.49537600059969 -6.132311356408232 20
      vertex 18.481532510892706 -6.015348302439653 20
    endloop
  endfacet
  facet normal -0.980785280403234 -0.19509032201611043 0
    outer loop
      vertex 18.458554880596516 -5.8998319542161415 19
      vertex 18.481532510892706 -6.015348302439653 20
      vertex 18.458554880596516 -5.8998319542161415 20
    endloop
  endfacet
  facet normal -0.9624552364536445 -0.2714404498650843 0
    outer loop
      vertex 18.42658477444273 -5.786474508437579 19
      vertex 18.458554880596516 -5.8998319542161415 20
      vertex 18.42658477444273 -5.786474508437579 20
    endloop
  endfacet
  facet normal -0.9381913359224812 -0.34611705707750096 0
    outer loop
      vertex 18.42658477444273 -5.786474508437579 19
      vertex 18.42658477444273 -5.786474508437579 20
      vertex 18.38581929876693 -5.675974851452366 19
    endloop
  endfacet
  facet normal -0.9381913359224812 -0.34611705707750096 0
    outer loop
      vertex 18.38581929876693 -5.675974851452366 19
      vertex 18.42658477444273 -5.786474508437579 20
      vertex 18.38581929876693 -5.675974851452366 20
    endloop
  endfacet
  facet normal 0.6190939493098309 -0.7853169308807473 0
    outer loop
      vertex 16.025827927504725 -5.109391051599953 17
      vertex 16.025827927504725 -5.109391051599953 0
      vertex 16.11832212156129 -5.036474508437578 17
    endloop
  endfacet
  facet normal 0.5555702330195998 -0.8314696123025468 0
    outer loop
      vertex 16.11832212156129 -5.036474508437578 17
      vertex 16.11832212156129 -5.036474508437578 0
      vertex 16.216252152926078 -4.971039753468862 17
    endloop
  endfacet
  facet normal 0.4886212414969573 -0.8724960070727956 0
    outer loop
      vertex 16.216252152926078 -4.971039753468862 17
      vertex 16.216252152926078 -4.971039753468862 0
      vertex 16.31901425039068 -4.9134902137174485 17
    endloop
  endfacet
  facet normal 0.4186597375374261 -0.9081431738250824 0
    outer loop
      vertex 16.31901425039068 -4.9134902137174485 17
      vertex 16.31901425039068 -4.9134902137174485 0
      vertex 16.425974851452366 -4.86418070123307 17
    endloop
  endfacet
  facet normal 0.34611705707749923 -0.9381913359224818 0
    outer loop
      vertex 16.425974851452366 -4.86418070123307 17
      vertex 16.425974851452366 -4.86418070123307 0
      vertex 16.53647450843758 -4.8234152255572695 17
    endloop
  endfacet
  facet normal 0.2714404498650644 -0.96245523645365 0
    outer loop
      vertex 16.53647450843758 -4.8234152255572695 17
      vertex 16.53647450843758 -4.8234152255572695 0
      vertex 16.649831954216143 -4.791445119403486 17
    endloop
  endfacet
  facet normal 0.19509032201613216 -0.9807852804032297 0
    outer loop
      vertex 16.649831954216143 -4.791445119403486 17
      vertex 16.649831954216143 -4.791445119403486 0
      vertex 16.765348302439655 -4.768467489107294 17
    endloop
  endfacet
  facet normal 0.11753739745783998 -0.993068456954926 0
    outer loop
      vertex 16.765348302439655 -4.768467489107294 17
      vertex 16.765348302439655 -4.768467489107294 0
      vertex 16.882311356408234 -4.754623999400308 17
    endloop
  endfacet
  facet normal 0.039259815759067854 -0.9992290362407228 0
    outer loop
      vertex 16.882311356408234 -4.754623999400308 17
      vertex 16.882311356408234 -4.754623999400308 0
      vertex 17 -4.75 17
    endloop
  endfacet
  facet normal -0.039259815759067854 -0.9992290362407228 0
    outer loop
      vertex 17 -4.75 17
      vertex 17 -4.75 0
      vertex 17.117688643591766 -4.754623999400308 17
    endloop
  endfacet
  facet normal -0.34611705707749923 -0.9381913359224818 0
    outer loop
      vertex 17.46352549156242 -4.8234152255572695 17
      vertex 17.46352549156242 -4.8234152255572695 0
      vertex 17.574025148547634 -4.86418070123307 17
    endloop
  endfacet
  facet normal -0.4886212414969573 -0.8724960070727956 0
    outer loop
      vertex 17.783747847073922 -4.971039753468862 17
      vertex 17.68098574960932 -4.9134902137174485 17
      vertex 17.68098574960932 -4.9134902137174485 0
    endloop
  endfacet
  facet normal -0.4186597375374261 -0.9081431738250824 0
    outer loop
      vertex 17.574025148547634 -4.86418070123307 17
      vertex 17.574025148547634 -4.86418070123307 0
      vertex 17.68098574960932 -4.9134902137174485 17
    endloop
  endfacet
  facet normal -0.11753739745783998 -0.993068456954926 0
    outer loop
      vertex 17.117688643591766 -4.754623999400308 17
      vertex 17.117688643591766 -4.754623999400308 0
      vertex 17.234651697560345 -4.768467489107294 17
    endloop
  endfacet
  facet normal -0.19509032201613216 -0.9807852804032297 0
    outer loop
      vertex 17.350168045783857 -4.791445119403486 17
      vertex 17.234651697560345 -4.768467489107294 17
      vertex 17.234651697560345 -4.768467489107294 0
    endloop
  endfacet
  facet normal -0.2714404498650644 -0.96245523645365 0
    outer loop
      vertex 17.350168045783857 -4.791445119403486 17
      vertex 17.350168045783857 -4.791445119403486 0
      vertex 17.46352549156242 -4.8234152255572695 17
    endloop
  endfacet
  facet normal -0.5555702330195998 -0.8314696123025468 0
    outer loop
      vertex 17.783747847073922 -4.971039753468862 17
      vertex 17.783747847073922 -4.971039753468862 0
      vertex 17.88167787843871 -5.036474508437578 17
    endloop
  endfacet
  facet normal -0.6190939493098309 -0.7853169308807473 0
    outer loop
      vertex 17.974172072495275 -5.109391051599953 17
      vertex 17.88167787843871 -5.036474508437578 17
      vertex 17.88167787843871 -5.036474508437578 0
    endloop
  endfacet
  facet normal 0.619093949309831 -0.7853169308807474 0
    outer loop
      vertex 16.025827927504725 -5.109391051599953 19
      vertex 16.11832212156129 -5.036474508437578 19
      vertex 16.11832212156129 -5.036474508437578 20
    endloop
  endfacet
  facet normal 0.5555702330195998 -0.8314696123025468 0
    outer loop
      vertex 16.11832212156129 -5.036474508437578 19
      vertex 16.216252152926078 -4.971039753468862 19
      vertex 16.216252152926078 -4.971039753468862 20
    endloop
  endfacet
  facet normal 0.48862124149695735 -0.8724960070727957 0
    outer loop
      vertex 16.216252152926078 -4.971039753468862 19
      vertex 16.31901425039068 -4.9134902137174485 19
      vertex 16.31901425039068 -4.9134902137174485 20
    endloop
  endfacet
  facet normal 0.418659737537426 -0.9081431738250821 0
    outer loop
      vertex 16.31901425039068 -4.9134902137174485 19
      vertex 16.425974851452366 -4.86418070123307 19
      vertex 16.425974851452366 -4.86418070123307 20
    endloop
  endfacet
  facet normal 0.34611705707749923 -0.9381913359224818 0
    outer loop
      vertex 16.425974851452366 -4.86418070123307 19
      vertex 16.53647450843758 -4.8234152255572695 19
      vertex 16.53647450843758 -4.8234152255572695 20
    endloop
  endfacet
  facet normal 0.2714404498650644 -0.96245523645365 0
    outer loop
      vertex 16.53647450843758 -4.8234152255572695 19
      vertex 16.649831954216143 -4.791445119403486 19
      vertex 16.649831954216143 -4.791445119403486 20
    endloop
  endfacet
  facet normal 0.1950903220161322 -0.9807852804032298 0
    outer loop
      vertex 16.649831954216143 -4.791445119403486 19
      vertex 16.765348302439655 -4.768467489107294 19
      vertex 16.765348302439655 -4.768467489107294 20
    endloop
  endfacet
  facet normal 0.11753739745783998 -0.993068456954926 0
    outer loop
      vertex 16.765348302439655 -4.768467489107294 19
      vertex 16.882311356408234 -4.754623999400308 19
      vertex 16.882311356408234 -4.754623999400308 20
    endloop
  endfacet
  facet normal 0.03925981575906786 -0.999229036240723 0
    outer loop
      vertex 16.882311356408234 -4.754623999400308 19
      vertex 17 -4.75 19
      vertex 17 -4.75 20
    endloop
  endfacet
  facet normal 0.619093949309831 -0.7853169308807474 0
    outer loop
      vertex 16.025827927504725 -5.109391051599953 19
      vertex 16.11832212156129 -5.036474508437578 20
      vertex 16.025827927504725 -5.109391051599953 20
    endloop
  endfacet
  facet normal 0.5555702330195998 -0.8314696123025468 0
    outer loop
      vertex 16.11832212156129 -5.036474508437578 19
      vertex 16.216252152926078 -4.971039753468862 20
      vertex 16.11832212156129 -5.036474508437578 20
    endloop
  endfacet
  facet normal 0.48862124149695735 -0.8724960070727957 0
    outer loop
      vertex 16.216252152926078 -4.971039753468862 19
      vertex 16.31901425039068 -4.9134902137174485 20
      vertex 16.216252152926078 -4.971039753468862 20
    endloop
  endfacet
  facet normal 0.418659737537426 -0.9081431738250821 0
    outer loop
      vertex 16.31901425039068 -4.9134902137174485 19
      vertex 16.425974851452366 -4.86418070123307 20
      vertex 16.31901425039068 -4.9134902137174485 20
    endloop
  endfacet
  facet normal 0.34611705707749923 -0.9381913359224818 0
    outer loop
      vertex 16.425974851452366 -4.86418070123307 19
      vertex 16.53647450843758 -4.8234152255572695 20
      vertex 16.425974851452366 -4.86418070123307 20
    endloop
  endfacet
  facet normal 0.2714404498650644 -0.96245523645365 0
    outer loop
      vertex 16.53647450843758 -4.8234152255572695 19
      vertex 16.649831954216143 -4.791445119403486 20
      vertex 16.53647450843758 -4.8234152255572695 20
    endloop
  endfacet
  facet normal 0.1950903220161322 -0.9807852804032298 0
    outer loop
      vertex 16.649831954216143 -4.791445119403486 19
      vertex 16.765348302439655 -4.768467489107294 20
      vertex 16.649831954216143 -4.791445119403486 20
    endloop
  endfacet
  facet normal 0.11753739745783998 -0.993068456954926 0
    outer loop
      vertex 16.765348302439655 -4.768467489107294 19
      vertex 16.882311356408234 -4.754623999400308 20
      vertex 16.765348302439655 -4.768467489107294 20
    endloop
  endfacet
  facet normal 0.03925981575906786 -0.999229036240723 0
    outer loop
      vertex 16.882311356408234 -4.754623999400308 19
      vertex 17 -4.75 20
      vertex 16.882311356408234 -4.754623999400308 20
    endloop
  endfacet
  facet normal -0.03925981575906786 -0.999229036240723 0
    outer loop
      vertex 17 -4.75 19
      vertex 17.117688643591766 -4.754623999400308 20
      vertex 17 -4.75 20
    endloop
  endfacet
  facet normal -0.2714404498650644 -0.96245523645365 0
    outer loop
      vertex 17.350168045783857 -4.791445119403486 19
      vertex 17.46352549156242 -4.8234152255572695 19
      vertex 17.46352549156242 -4.8234152255572695 20
    endloop
  endfacet
  facet normal -0.34611705707749923 -0.9381913359224818 0
    outer loop
      vertex 17.46352549156242 -4.8234152255572695 19
      vertex 17.574025148547634 -4.86418070123307 19
      vertex 17.574025148547634 -4.86418070123307 20
    endloop
  endfacet
  facet normal -0.418659737537426 -0.9081431738250821 0
    outer loop
      vertex 17.574025148547634 -4.86418070123307 19
      vertex 17.68098574960932 -4.9134902137174485 19
      vertex 17.68098574960932 -4.9134902137174485 20
    endloop
  endfacet
  facet normal -0.03925981575906786 -0.999229036240723 0
    outer loop
      vertex 17 -4.75 19
      vertex 17.117688643591766 -4.754623999400308 19
      vertex 17.117688643591766 -4.754623999400308 20
    endloop
  endfacet
  facet normal -0.11753739745783998 -0.993068456954926 0
    outer loop
      vertex 17.117688643591766 -4.754623999400308 19
      vertex 17.234651697560345 -4.768467489107294 19
      vertex 17.234651697560345 -4.768467489107294 20
    endloop
  endfacet
  facet normal -0.1950903220161322 -0.9807852804032298 0
    outer loop
      vertex 17.350168045783857 -4.791445119403486 19
      vertex 17.350168045783857 -4.791445119403486 20
      vertex 17.234651697560345 -4.768467489107294 19
    endloop
  endfacet
  facet normal -0.5555702330195998 -0.8314696123025468 0
    outer loop
      vertex 17.783747847073922 -4.971039753468862 19
      vertex 17.88167787843871 -5.036474508437578 19
      vertex 17.88167787843871 -5.036474508437578 20
    endloop
  endfacet
  facet normal -0.619093949309831 -0.7853169308807474 0
    outer loop
      vertex 17.974172072495275 -5.109391051599953 19
      vertex 17.974172072495275 -5.109391051599953 20
      vertex 17.88167787843871 -5.036474508437578 19
    endloop
  endfacet
  facet normal -0.48862124149695735 -0.8724960070727957 0
    outer loop
      vertex 17.783747847073922 -4.971039753468862 19
      vertex 17.783747847073922 -4.971039753468862 20
      vertex 17.68098574960932 -4.9134902137174485 19
    endloop
  endfacet
  facet normal -0.34611705707749923 -0.9381913359224818 0
    outer loop
      vertex 17.46352549156242 -4.8234152255572695 19
      vertex 17.574025148547634 -4.86418070123307 20
      vertex 17.46352549156242 -4.8234152255572695 20
    endloop
  endfacet
  facet normal -0.48862124149695735 -0.8724960070727957 0
    outer loop
      vertex 17.68098574960932 -4.9134902137174485 19
      vertex 17.783747847073922 -4.971039753468862 20
      vertex 17.68098574960932 -4.9134902137174485 20
    endloop
  endfacet
  facet normal -0.418659737537426 -0.9081431738250821 0
    outer loop
      vertex 17.574025148547634 -4.86418070123307 19
      vertex 17.68098574960932 -4.9134902137174485 20
      vertex 17.574025148547634 -4.86418070123307 20
    endloop
  endfacet
  facet normal -0.11753739745783998 -0.993068456954926 0
    outer loop
      vertex 17.117688643591766 -4.754623999400308 19
      vertex 17.234651697560345 -4.768467489107294 20
      vertex 17.117688643591766 -4.754623999400308 20
    endloop
  endfacet
  facet normal -0.1950903220161322 -0.9807852804032298 0
    outer loop
      vertex 17.234651697560345 -4.768467489107294 19
      vertex 17.350168045783857 -4.791445119403486 20
      vertex 17.234651697560345 -4.768467489107294 20
    endloop
  endfacet
  facet normal -0.2714404498650644 -0.96245523645365 0
    outer loop
      vertex 17.350168045783857 -4.791445119403486 19
      vertex 17.46352549156242 -4.8234152255572695 20
      vertex 17.350168045783857 -4.791445119403486 20
    endloop
  endfacet
  facet normal -0.5555702330195998 -0.8314696123025468 0
    outer loop
      vertex 17.783747847073922 -4.971039753468862 19
      vertex 17.88167787843871 -5.036474508437578 20
      vertex 17.783747847073922 -4.971039753468862 20
    endloop
  endfacet
  facet normal -0.619093949309831 -0.7853169308807474 0
    outer loop
      vertex 17.88167787843871 -5.036474508437578 19
      vertex 17.974172072495275 -5.109391051599953 20
      vertex 17.88167787843871 -5.036474508437578 20
    endloop
  endfacet
  facet normal 0.543191320318036 0.5876210597359514 0.5997038266394057
    outer loop
      vertex 16.025827927504725 -7.390608948400047 17
      vertex 15.939339828220179 -7.310660171779821 17
      vertex 15.051655855009448 -8.531217896800094 19
    endloop
  endfacet
  facet normal 0.6284279199167682 0.49541262578091183 0.5997038266394056
    outer loop
      vertex 14.718782103199906 -8.198344144990552 19
      vertex 15.859391051599953 -7.224172072495276 17
      vertex 14.572949016875157 -8.01335575687742 19
    endloop
  endfacet
  facet normal 0.5431913203180391 0.5876210597359487 0.5997038266394055
    outer loop
      vertex 14.878679656440358 -8.371320343559642 19
      vertex 15.051655855009448 -8.531217896800094 19
      vertex 15.939339828220179 -7.310660171779821 17
    endloop
  endfacet
  facet normal 0.4954126257809118 0.628427919916768 0.5997038266394059
    outer loop
      vertex 16.025827927504725 -7.390608948400047 17
      vertex 15.051655855009448 -8.531217896800094 19
      vertex 15.23664424312258 -8.677050983124843 19
    endloop
  endfacet
  facet normal 0.44457954766442914 0.6653603129978112 0.5997038266394057
    outer loop
      vertex 16.11832212156129 -7.463525491562422 17
      vertex 15.23664424312258 -8.677050983124843 19
      vertex 15.432504305852154 -8.807920493062277 19
    endloop
  endfacet
  facet normal 0.5876210597359487 0.5431913203180391 0.5997038266394055
    outer loop
      vertex 14.878679656440358 -8.371320343559642 19
      vertex 15.859391051599953 -7.224172072495276 17
      vertex 14.718782103199906 -8.198344144990552 19
    endloop
  endfacet
  facet normal 0 0 -1
    outer loop
      vertex 15.432504305852154 -8.807920493062277 19
      vertex 15.57341522555727 -6.713525491562421 19
      vertex 15.63802850078136 -8.923019572565103 19
    endloop
  endfacet
  facet normal 0 0 -1
    outer loop
      vertex 15.63802850078136 -8.923019572565103 19
      vertex 15.721039753468862 -7.033747847073923 19
      vertex 15.786474508437578 -7.13167787843871 19
    endloop
  endfacet
  facet normal 0.628427919916768 0.4954126257809118 0.5997038266394059
    outer loop
      vertex 14.572949016875157 -8.01335575687742 19
      vertex 15.859391051599953 -7.224172072495276 17
      vertex 15.786474508437578 -7.13167787843871 17
    endloop
  endfacet
  facet normal 0.5876210597359488 0.5431913203180392 0.5997038266394055
    outer loop
      vertex 14.878679656440358 -8.371320343559642 19
      vertex 15.939339828220179 -7.310660171779821 17
      vertex 15.859391051599953 -7.224172072495276 17
    endloop
  endfacet
  facet normal 0.6653603129978113 0.4445795476644292 0.5997038266394055
    outer loop
      vertex 14.442079506937723 -7.817495694147846 19
      vertex 15.786474508437578 -7.13167787843871 17
      vertex 15.721039753468862 -7.033747847073923 17
    endloop
  endfacet
  facet normal 0.6981905384944606 0.39100548879890296 0.5997038266394055
    outer loop
      vertex 14.326980427434897 -7.61197149921864 19
      vertex 15.721039753468862 -7.033747847073923 17
      vertex 15.663490213717449 -6.93098574960932 17
    endloop
  endfacet
  facet normal 0.7267161871493821 0.3350207510724046 0.5997038266394055
    outer loop
      vertex 14.22836140246614 -7.398050297095269 19
      vertex 15.663490213717449 -6.93098574960932 17
      vertex 15.614180701233071 -6.824025148547634 17
    endloop
  endfacet
  facet normal 0.6653603129978113 0.4445795476644292 0.5997038266394055
    outer loop
      vertex 14.572949016875157 -8.01335575687742 19
      vertex 15.786474508437578 -7.13167787843871 17
      vertex 14.442079506937723 -7.817495694147846 19
    endloop
  endfacet
  facet normal 0.6981905384944606 0.39100548879890296 0.5997038266394054
    outer loop
      vertex 14.326980427434897 -7.61197149921864 19
      vertex 14.442079506937723 -7.817495694147846 19
      vertex 15.721039753468862 -7.033747847073923 17
    endloop
  endfacet
  facet normal 0.7267161871493799 0.33502075107240964 0.5997038266394054
    outer loop
      vertex 14.326980427434897 -7.61197149921864 19
      vertex 15.663490213717449 -6.93098574960932 17
      vertex 14.22836140246614 -7.398050297095269 19
    endloop
  endfacet
  facet normal 0.7507613888528687 0.2769704990098502 0.5997038266394056
    outer loop
      vertex 14.22836140246614 -7.398050297095269 19
      vertex 15.614180701233071 -6.824025148547634 17
      vertex 14.146830451114539 -7.177050983124842 19
    endloop
  endfacet
  facet normal 0.7701778969405864 0.21721263171885155 0.5997038266394052
    outer loop
      vertex 14.082890238806971 -6.950336091567716 19
      vertex 15.57341522555727 -6.713525491562421 17
      vertex 15.541445119403486 -6.6001680457838585 17
    endloop
  endfacet
  facet normal 0.7848460021835216 0.1561155763227938 0.5997038266394049
    outer loop
      vertex 14.036934978214587 -6.719303395120693 19
      vertex 15.541445119403486 -6.6001680457838585 17
      vertex 15.518467489107293 -6.484651697560347 17
    endloop
  endfacet
  facet normal 0.7946752708352205 0.09405601648497777 0.5997038266394059
    outer loop
      vertex 14.009247998800616 -6.4853772871835345 19
      vertex 15.518467489107293 -6.484651697560347 17
      vertex 15.504623999400309 -6.367688643591768 17
    endloop
  endfacet
  facet normal 0.7507613888528674 0.27697049900985465 0.5997038266394052
    outer loop
      vertex 14.146830451114539 -7.177050983124842 19
      vertex 15.614180701233071 -6.824025148547634 17
      vertex 15.57341522555727 -6.713525491562421 17
    endloop
  endfacet
  facet normal 0.7701778969405868 0.21721263171884997 0.5997038266394054
    outer loop
      vertex 14.146830451114539 -7.177050983124842 19
      vertex 15.57341522555727 -6.713525491562421 17
      vertex 14.082890238806971 -6.950336091567716 19
    endloop
  endfacet
  facet normal 0.7848460021835225 0.15611557632278794 0.5997038266394052
    outer loop
      vertex 14.082890238806971 -6.950336091567716 19
      vertex 15.541445119403486 -6.6001680457838585 17
      vertex 14.036934978214587 -6.719303395120693 19
    endloop
  endfacet
  facet normal 0.7946752708352196 0.09405601648498974 0.5997038266394052
    outer loop
      vertex 14.036934978214587 -6.719303395120693 19
      vertex 15.518467489107293 -6.484651697560347 17
      vertex 14.009247998800616 -6.4853772871835345 19
    endloop
  endfacet
  facet normal 0 0 -1
    outer loop
      vertex 14.326980427434897 -7.61197149921864 19
      vertex 14.326980427434897 -4.88802850078136 19
      vertex 14.442079506937723 -7.817495694147846 19
    endloop
  endfacet
  facet normal 0 0 -1
    outer loop
      vertex 14.146830451114539 -7.177050983124842 19
      vertex 14.082890238806971 -6.950336091567716 19
      vertex 14.082890238806971 -5.549663908432284 19
    endloop
  endfacet
  facet normal 0 0 -1
    outer loop
      vertex 14.036934978214587 -6.719303395120693 19
      vertex 14.009247998800616 -6.4853772871835345 19
      vertex 14.009247998800616 -6.0146227128164655 19
    endloop
  endfacet
  facet normal 0 0 -1
    outer loop
      vertex 14.082890238806971 -6.950336091567716 19
      vertex 14.036934978214587 -6.719303395120693 19
      vertex 14.036934978214587 -5.780696604879307 19
    endloop
  endfacet
  facet normal 0 0 -1
    outer loop
      vertex 14.326980427434897 -7.61197149921864 19
      vertex 14.22836140246614 -7.398050297095269 19
      vertex 14.22836140246614 -5.101949702904731 19
    endloop
  endfacet
  facet normal 0 0 -1
    outer loop
      vertex 14.22836140246614 -7.398050297095269 19
      vertex 14.146830451114539 -7.177050983124842 19
      vertex 14.146830451114539 -5.322949016875158 19
    endloop
  endfacet
  facet normal 0 0 -1
    outer loop
      vertex 15.63802850078136 -8.923019572565103 19
      vertex 15.663490213717449 -6.93098574960932 19
      vertex 15.721039753468862 -7.033747847073923 19
    endloop
  endfacet
  facet normal 0 0 -1
    outer loop
      vertex 15.63802850078136 -8.923019572565103 19
      vertex 15.614180701233071 -6.824025148547634 19
      vertex 15.663490213717449 -6.93098574960932 19
    endloop
  endfacet
  facet normal 0 0 -1
    outer loop
      vertex 15.432504305852154 -8.807920493062277 19
      vertex 15.541445119403486 -6.6001680457838585 19
      vertex 15.57341522555727 -6.713525491562421 19
    endloop
  endfacet
  facet normal 0 0 -1
    outer loop
      vertex 15.63802850078136 -8.923019572565103 19
      vertex 15.57341522555727 -6.713525491562421 19
      vertex 15.614180701233071 -6.824025148547634 19
    endloop
  endfacet
  facet normal 0 0 -1
    outer loop
      vertex 15.23664424312258 -8.677050983124843 19
      vertex 15.051655855009448 -8.531217896800094 19
      vertex 15.051655855009448 -3.9687821031999073 19
    endloop
  endfacet
  facet normal 0 0 -1
    outer loop
      vertex 15.23664424312258 -8.677050983124843 19
      vertex 15.23664424312258 -3.8229490168751576 19
      vertex 15.432504305852154 -8.807920493062277 19
    endloop
  endfacet
  facet normal 0 0 -1
    outer loop
      vertex 15.432504305852154 -8.807920493062277 19
      vertex 15.518467489107293 -6.484651697560347 19
      vertex 15.541445119403486 -6.6001680457838585 19
    endloop
  endfacet
  facet normal 0 0 -1
    outer loop
      vertex 15.432504305852154 -8.807920493062277 19
      vertex 15.504623999400309 -6.367688643591768 19
      vertex 15.518467489107293 -6.484651697560347 19
    endloop
  endfacet
  facet normal 0 0 -1
    outer loop
      vertex 15.432504305852154 -8.807920493062277 19
      vertex 15.5 -6.25 19
      vertex 15.504623999400309 -6.367688643591768 19
    endloop
  endfacet
  facet normal 0 0 -1
    outer loop
      vertex 14.718782103199906 -8.198344144990552 19
      vertex 14.572949016875157 -8.01335575687742 19
      vertex 14.572949016875157 -4.486644243122581 19
    endloop
  endfacet
  facet normal 0 0 -1
    outer loop
      vertex 14.572949016875157 -8.01335575687742 19
      vertex 14.442079506937723 -7.817495694147846 19
      vertex 14.442079506937723 -4.682504305852154 19
    endloop
  endfacet
  facet normal 0 0 -1
    outer loop
      vertex 14.878679656440358 -8.371320343559642 19
      vertex 14.718782103199906 -8.198344144990552 19
      vertex 14.718782103199906 -4.301655855009449 19
    endloop
  endfacet
  facet normal 0 0 -1
    outer loop
      vertex 14.878679656440358 -8.371320343559642 19
      vertex 14.878679656440358 -4.128679656440357 19
      vertex 15.051655855009448 -8.531217896800094 19
    endloop
  endfacet
  facet normal 0.7996051021858738 0.031416570028766556 0.5997038266394054
    outer loop
      vertex 14 -6.25 19
      vertex 15.504623999400309 -6.367688643591768 17
      vertex 15.5 -6.25 17
    endloop
  endfacet
  facet normal 0.7996051021858738 -0.031416570028766556 0.5997038266394054
    outer loop
      vertex 14 -6.25 19
      vertex 15.5 -6.25 17
      vertex 15.504623999400309 -6.132311356408232 17
    endloop
  endfacet
  facet normal 0.7946752708352205 -0.09405601648497777 0.5997038266394059
    outer loop
      vertex 14.009247998800616 -6.0146227128164655 19
      vertex 15.504623999400309 -6.132311356408232 17
      vertex 15.518467489107293 -6.015348302439653 17
    endloop
  endfacet
  facet normal 0.7848460021835216 -0.1561155763227938 0.5997038266394049
    outer loop
      vertex 14.036934978214587 -5.780696604879307 19
      vertex 15.518467489107293 -6.015348302439653 17
      vertex 15.541445119403486 -5.8998319542161415 17
    endloop
  endfacet
  facet normal 0.7996051021858738 0.031416570028760644 0.5997038266394057
    outer loop
      vertex 14.009247998800616 -6.4853772871835345 19
      vertex 15.504623999400309 -6.367688643591768 17
      vertex 14 -6.25 19
    endloop
  endfacet
  facet normal 0.7996051021858738 -0.031416570028760644 0.5997038266394057
    outer loop
      vertex 14 -6.25 19
      vertex 15.504623999400309 -6.132311356408232 17
      vertex 14.009247998800616 -6.0146227128164655 19
    endloop
  endfacet
  facet normal 0.7946752708352196 -0.09405601648498974 0.5997038266394052
    outer loop
      vertex 14.009247998800616 -6.0146227128164655 19
      vertex 15.518467489107293 -6.015348302439653 17
      vertex 14.036934978214587 -5.780696604879307 19
    endloop
  endfacet
  facet normal 0.7701778969405864 -0.21721263171885155 0.5997038266394052
    outer loop
      vertex 14.082890238806971 -5.549663908432284 19
      vertex 15.541445119403486 -5.8998319542161415 17
      vertex 15.57341522555727 -5.786474508437579 17
    endloop
  endfacet
  facet normal 0.7507613888528674 -0.27697049900985465 0.5997038266394052
    outer loop
      vertex 14.146830451114539 -5.322949016875158 19
      vertex 15.57341522555727 -5.786474508437579 17
      vertex 15.614180701233071 -5.675974851452366 17
    endloop
  endfacet
  facet normal 0.7267161871493821 -0.3350207510724046 0.5997038266394055
    outer loop
      vertex 14.22836140246614 -5.101949702904731 19
      vertex 15.614180701233071 -5.675974851452366 17
      vertex 15.663490213717449 -5.56901425039068 17
    endloop
  endfacet
  facet normal 0.6981905384944606 -0.39100548879890296 0.5997038266394055
    outer loop
      vertex 14.326980427434897 -4.88802850078136 19
      vertex 15.663490213717449 -5.56901425039068 17
      vertex 15.721039753468862 -5.466252152926077 17
    endloop
  endfacet
  facet normal 0.6653603129978113 -0.4445795476644292 0.5997038266394055
    outer loop
      vertex 14.442079506937723 -4.682504305852154 19
      vertex 15.721039753468862 -5.466252152926077 17
      vertex 15.786474508437578 -5.36832212156129 17
    endloop
  endfacet
  facet normal 0.7848460021835225 -0.15611557632278794 0.5997038266394052
    outer loop
      vertex 14.036934978214587 -5.780696604879307 19
      vertex 15.541445119403486 -5.8998319542161415 17
      vertex 14.082890238806971 -5.549663908432284 19
    endloop
  endfacet
  facet normal 0.7701778969405869 -0.21721263171885 0.5997038266394054
    outer loop
      vertex 14.082890238806971 -5.549663908432284 19
      vertex 15.57341522555727 -5.786474508437579 17
      vertex 14.146830451114539 -5.322949016875158 19
    endloop
  endfacet
  facet normal 0.7507613888528687 -0.2769704990098502 0.5997038266394056
    outer loop
      vertex 14.146830451114539 -5.322949016875158 19
      vertex 15.614180701233071 -5.675974851452366 17
      vertex 14.22836140246614 -5.101949702904731 19
    endloop
  endfacet
  facet normal 0.7267161871493799 -0.33502075107240964 0.5997038266394054
    outer loop
      vertex 14.22836140246614 -5.101949702904731 19
      vertex 15.663490213717449 -5.56901425039068 17
      vertex 14.326980427434897 -4.88802850078136 19
    endloop
  endfacet
  facet normal 0 0 -1
    outer loop
      vertex 14.009247998800616 -6.4853772871835345 19
      vertex 14 -6.25 19
      vertex 14.009247998800616 -6.0146227128164655 19
    endloop
  endfacet
  facet normal 0 0 -1
    outer loop
      vertex 14.036934978214587 -6.719303395120693 19
      vertex 14.009247998800616 -6.0146227128164655 19
      vertex 14.036934978214587 -5.780696604879307 19
    endloop
  endfacet
  facet normal 0 0 -1
    outer loop
      vertex 14.082890238806971 -6.950336091567716 19
      vertex 14.036934978214587 -5.780696604879307 19
      vertex 14.082890238806971 -5.549663908432284 19
    endloop
  endfacet
  facet normal 0 0 -1
    outer loop
      vertex 14.146830451114539 -7.177050983124842 19
      vertex 14.082890238806971 -5.549663908432284 19
      vertex 14.146830451114539 -5.322949016875158 19
    endloop
  endfacet
  facet normal 0 0 -1
    outer loop
      vertex 14.22836140246614 -7.398050297095269 19
      vertex 14.146830451114539 -5.322949016875158 19
      vertex 14.22836140246614 -5.101949702904731 19
    endloop
  endfacet
  facet normal 0 0 -1
    outer loop
      vertex 14.326980427434897 -7.61197149921864 19
      vertex 14.22836140246614 -5.101949702904731 19
      vertex 14.326980427434897 -4.88802850078136 19
    endloop
  endfacet
  facet normal 0 0 -1
    outer loop
      vertex 14.442079506937723 -7.817495694147846 19
      vertex 14.326980427434897 -4.88802850078136 19
      vertex 14.442079506937723 -4.682504305852154 19
    endloop
  endfacet
  facet normal 0 0 -1
    outer loop
      vertex 15.432504305852154 -8.807920493062277 19
      vertex 15.432504305852154 -3.6920795069377235 19
      vertex 15.5 -6.25 19
    endloop
  endfacet
  facet normal 0 0 -1
    outer loop
      vertex 14.572949016875157 -8.01335575687742 19
      vertex 14.442079506937723 -4.682504305852154 19
      vertex 14.572949016875157 -4.486644243122581 19
    endloop
  endfacet
  facet normal 0 0 -1
    outer loop
      vertex 14.718782103199906 -8.198344144990552 19
      vertex 14.572949016875157 -4.486644243122581 19
      vertex 14.718782103199906 -4.301655855009449 19
    endloop
  endfacet
  facet normal 0 0 -1
    outer loop
      vertex 14.878679656440358 -8.371320343559642 19
      vertex 14.718782103199906 -4.301655855009449 19
      vertex 14.878679656440358 -4.128679656440357 19
    endloop
  endfacet
  facet normal 0 0 -1
    outer loop
      vertex 15.051655855009448 -8.531217896800094 19
      vertex 14.878679656440358 -4.128679656440357 19
      vertex 15.051655855009448 -3.9687821031999073 19
    endloop
  endfacet
  facet normal 0 0 -1
    outer loop
      vertex 15.23664424312258 -8.677050983124843 19
      vertex 15.051655855009448 -3.9687821031999073 19
      vertex 15.23664424312258 -3.8229490168751576 19
    endloop
  endfacet
  facet normal 0 0 -1
    outer loop
      vertex 15.432504305852154 -8.807920493062277 19
      vertex 15.23664424312258 -3.8229490168751576 19
      vertex 15.432504305852154 -3.6920795069377235 19
    endloop
  endfacet
  facet normal 0 0 -1
    outer loop
      vertex 15.5 -6.25 19
      vertex 15.432504305852154 -3.6920795069377235 19
      vertex 15.504623999400309 -6.132311356408232 19
    endloop
  endfacet
  facet normal 0 0 -1
    outer loop
      vertex 15.504623999400309 -6.132311356408232 19
      vertex 15.432504305852154 -3.6920795069377235 19
      vertex 15.518467489107293 -6.015348302439653 19
    endloop
  endfacet
  facet normal 0 0 -1
    outer loop
      vertex 15.518467489107293 -6.015348302439653 19
      vertex 15.432504305852154 -3.6920795069377235 19
      vertex 15.541445119403486 -5.8998319542161415 19
    endloop
  endfacet
  facet normal 0 0 -1
    outer loop
      vertex 15.541445119403486 -5.8998319542161415 19
      vertex 15.432504305852154 -3.6920795069377235 19
      vertex 15.57341522555727 -5.786474508437579 19
    endloop
  endfacet
  facet normal 0.21721263171885 0.7701778969405869 0.5997038266394054
    outer loop
      vertex 16.53647450843758 -7.6765847744427305 17
      vertex 16.072949016875157 -9.103169548885461 19
      vertex 16.299663908432283 -9.167109761193029 19
    endloop
  endfacet
  facet normal 0.33502075107240964 0.7267161871493799 0.5997038266394054
    outer loop
      vertex 16.31901425039068 -7.5865097862825515 17
      vertex 15.63802850078136 -8.923019572565103 19
      vertex 15.851949702904731 -9.02163859753386 19
    endloop
  endfacet
  facet normal 0.39100548879890296 0.6981905384944606 0.5997038266394055
    outer loop
      vertex 16.216252152926078 -7.528960246531138 17
      vertex 15.432504305852154 -8.807920493062277 19
      vertex 15.63802850078136 -8.923019572565103 19
    endloop
  endfacet
  facet normal 0.27697049900985127 0.7507613888528685 0.5997038266394055
    outer loop
      vertex 16.425974851452366 -7.63581929876693 17
      vertex 15.851949702904731 -9.02163859753386 19
      vertex 16.072949016875157 -9.103169548885461 19
    endloop
  endfacet
  facet normal 0.15611557632278794 0.7848460021835225 0.5997038266394055
    outer loop
      vertex 16.649831954216143 -7.708554880596514 17
      vertex 16.299663908432283 -9.167109761193029 19
      vertex 16.530696604879306 -9.213065021785413 19
    endloop
  endfacet
  facet normal 0.09405601648498971 0.7946752708352193 0.5997038266394056
    outer loop
      vertex 16.765348302439655 -7.731532510892706 17
      vertex 16.530696604879306 -9.213065021785413 19
      vertex 16.764622712816465 -9.240752001199384 19
    endloop
  endfacet
  facet normal 0.03141657002876053 0.799605102185874 0.5997038266394055
    outer loop
      vertex 16.882311356408234 -7.745376000599692 17
      vertex 16.764622712816465 -9.240752001199384 19
      vertex 17 -9.25 19
    endloop
  endfacet
  facet normal 0.39100548879890556 0.6981905384944593 0.5997038266394054
    outer loop
      vertex 16.216252152926078 -7.528960246531138 17
      vertex 15.63802850078136 -8.923019572565103 19
      vertex 16.31901425039068 -7.5865097862825515 17
    endloop
  endfacet
  facet normal 0.3350207510724073 0.7267161871493809 0.5997038266394056
    outer loop
      vertex 16.31901425039068 -7.5865097862825515 17
      vertex 15.851949702904731 -9.02163859753386 19
      vertex 16.425974851452366 -7.63581929876693 17
    endloop
  endfacet
  facet normal 0.27697049900985315 0.7507613888528677 0.5997038266394054
    outer loop
      vertex 16.53647450843758 -7.6765847744427305 17
      vertex 16.425974851452366 -7.63581929876693 17
      vertex 16.072949016875157 -9.103169548885461 19
    endloop
  endfacet
  facet normal 0.444579547664432 0.6653603129978094 0.5997038266394055
    outer loop
      vertex 16.216252152926078 -7.528960246531138 17
      vertex 16.11832212156129 -7.463525491562422 17
      vertex 15.432504305852154 -8.807920493062277 19
    endloop
  endfacet
  facet normal 0.4954126257809088 0.6284279199167703 0.599703826639406
    outer loop
      vertex 16.025827927504725 -7.390608948400047 17
      vertex 15.23664424312258 -8.677050983124843 19
      vertex 16.11832212156129 -7.463525491562422 17
    endloop
  endfacet
  facet normal 0.2172126317188468 0.7701778969405877 0.5997038266394056
    outer loop
      vertex 16.53647450843758 -7.6765847744427305 17
      vertex 16.299663908432283 -9.167109761193029 19
      vertex 16.649831954216143 -7.708554880596514 17
    endloop
  endfacet
  facet normal 0.15611557632278794 0.7848460021835225 0.5997038266394056
    outer loop
      vertex 16.649831954216143 -7.708554880596514 17
      vertex 16.530696604879306 -9.213065021785413 19
      vertex 16.765348302439655 -7.731532510892706 17
    endloop
  endfacet
  facet normal 0.09405601648498971 0.7946752708352193 0.5997038266394056
    outer loop
      vertex 16.765348302439655 -7.731532510892706 17
      vertex 16.764622712816465 -9.240752001199384 19
      vertex 16.882311356408234 -7.745376000599692 17
    endloop
  endfacet
  facet normal 0.031416570028761005 0.7996051021858739 0.5997038266394055
    outer loop
      vertex 16.882311356408234 -7.745376000599692 17
      vertex 17 -9.25 19
      vertex 17 -7.75 17
    endloop
  endfacet
  facet normal -0.031416570028761005 0.7996051021858739 0.5997038266394055
    outer loop
      vertex 17 -7.75 17
      vertex 17 -9.25 19
      vertex 17.117688643591766 -7.745376000599692 17
    endloop
  endfacet
  facet normal -0.03141657002876053 0.799605102185874 0.5997038266394055
    outer loop
      vertex 17.117688643591766 -7.745376000599692 17
      vertex 17 -9.25 19
      vertex 17.235377287183535 -9.240752001199384 19
    endloop
  endfacet
  facet normal -0.09405601648498971 0.7946752708352193 0.5997038266394056
    outer loop
      vertex 17.234651697560345 -7.731532510892706 17
      vertex 17.235377287183535 -9.240752001199384 19
      vertex 17.469303395120694 -9.213065021785413 19
    endloop
  endfacet
  facet normal -0.15611557632278794 0.7848460021835225 0.5997038266394055
    outer loop
      vertex 17.350168045783857 -7.708554880596514 17
      vertex 17.469303395120694 -9.213065021785413 19
      vertex 17.700336091567717 -9.167109761193029 19
    endloop
  endfacet
  facet normal -0.21721263171885 0.7701778969405869 0.5997038266394054
    outer loop
      vertex 17.46352549156242 -7.6765847744427305 17
      vertex 17.700336091567717 -9.167109761193029 19
      vertex 17.927050983124843 -9.103169548885461 19
    endloop
  endfacet
  facet normal -0.2769704990098492 0.7507613888528689 0.5997038266394056
    outer loop
      vertex 17.574025148547634 -7.63581929876693 17
      vertex 17.927050983124843 -9.103169548885461 19
      vertex 18.14805029709527 -9.02163859753386 19
    endloop
  endfacet
  facet normal -0.3350207510724119 0.7267161871493788 0.5997038266394054
    outer loop
      vertex 17.68098574960932 -7.5865097862825515 17
      vertex 18.14805029709527 -9.02163859753386 19
      vertex 18.36197149921864 -8.923019572565103 19
    endloop
  endfacet
  facet normal -0.3910054887989003 0.6981905384944619 0.5997038266394056
    outer loop
      vertex 17.783747847073922 -7.528960246531138 17
      vertex 18.36197149921864 -8.923019572565103 19
      vertex 18.567495694147848 -8.807920493062277 19
    endloop
  endfacet
  facet normal -0.09405601648498971 0.7946752708352193 0.5997038266394055
    outer loop
      vertex 17.117688643591766 -7.745376000599692 17
      vertex 17.235377287183535 -9.240752001199384 19
      vertex 17.234651697560345 -7.731532510892706 17
    endloop
  endfacet
  facet normal -0.15611557632278794 0.7848460021835225 0.5997038266394055
    outer loop
      vertex 17.234651697560345 -7.731532510892706 17
      vertex 17.469303395120694 -9.213065021785413 19
      vertex 17.350168045783857 -7.708554880596514 17
    endloop
  endfacet
  facet normal -0.2172126317188468 0.7701778969405877 0.5997038266394056
    outer loop
      vertex 17.350168045783857 -7.708554880596514 17
      vertex 17.700336091567717 -9.167109761193029 19
      vertex 17.46352549156242 -7.6765847744427305 17
    endloop
  endfacet
  facet normal -0.27697049900985315 0.7507613888528677 0.5997038266394054
    outer loop
      vertex 17.46352549156242 -7.6765847744427305 17
      vertex 17.927050983124843 -9.103169548885461 19
      vertex 17.574025148547634 -7.63581929876693 17
    endloop
  endfacet
  facet normal -0.33502075107240725 0.7267161871493808 0.5997038266394057
    outer loop
      vertex 17.574025148547634 -7.63581929876693 17
      vertex 18.14805029709527 -9.02163859753386 19
      vertex 17.68098574960932 -7.5865097862825515 17
    endloop
  endfacet
  facet normal -0.39100548879890556 0.6981905384944593 0.5997038266394055
    outer loop
      vertex 17.68098574960932 -7.5865097862825515 17
      vertex 18.36197149921864 -8.923019572565103 19
      vertex 17.783747847073922 -7.528960246531138 17
    endloop
  endfacet
  facet normal -0.4445795476644318 0.6653603129978092 0.5997038266394058
    outer loop
      vertex 17.783747847073922 -7.528960246531138 17
      vertex 18.567495694147848 -8.807920493062277 19
      vertex 17.88167787843871 -7.463525491562422 17
    endloop
  endfacet
  facet normal -0.4954126257809088 0.6284279199167703 0.599703826639406
    outer loop
      vertex 17.88167787843871 -7.463525491562422 17
      vertex 18.76335575687742 -8.677050983124843 19
      vertex 17.974172072495275 -7.390608948400047 17
    endloop
  endfacet
  facet normal -0.54319132031803 0.587621059735957 0.5997038266394055
    outer loop
      vertex 17.974172072495275 -7.390608948400047 17
      vertex 18.94834414499055 -8.531217896800094 19
      vertex 18.060660171779823 -7.310660171779821 17
    endloop
  endfacet
  facet normal 0 0 -1
    outer loop
      vertex 15.851949702904731 -9.02163859753386 19
      vertex 16.025827927504725 -7.390608948400047 19
      vertex 16.072949016875157 -9.103169548885461 19
    endloop
  endfacet
  facet normal 0 0 -1
    outer loop
      vertex 15.851949702904731 -9.02163859753386 19
      vertex 15.63802850078136 -8.923019572565103 19
      vertex 15.786474508437578 -7.13167787843871 19
    endloop
  endfacet
  facet normal 0 0 -1
    outer loop
      vertex 16.072949016875157 -9.103169548885461 19
      vertex 16.31901425039068 -7.5865097862825515 19
      vertex 16.299663908432283 -9.167109761193029 19
    endloop
  endfacet
  facet normal 0 0 -1
    outer loop
      vertex 16.299663908432283 -9.167109761193029 19
      vertex 16.53647450843758 -7.6765847744427305 19
      vertex 16.530696604879306 -9.213065021785413 19
    endloop
  endfacet
  facet normal 0 0 -1
    outer loop
      vertex 16.530696604879306 -9.213065021785413 19
      vertex 16.765348302439655 -7.731532510892706 19
      vertex 16.764622712816465 -9.240752001199384 19
    endloop
  endfacet
  facet normal 0 0 -1
    outer loop
      vertex 16.764622712816465 -9.240752001199384 19
      vertex 17 -7.75 19
      vertex 17 -9.25 19
    endloop
  endfacet
  facet normal 0 0 -1
    outer loop
      vertex 16.072949016875157 -9.103169548885461 19
      vertex 16.11832212156129 -7.463525491562422 19
      vertex 16.216252152926078 -7.528960246531138 19
    endloop
  endfacet
  facet normal 0 0 -1
    outer loop
      vertex 16.072949016875157 -9.103169548885461 19
      vertex 16.216252152926078 -7.528960246531138 19
      vertex 16.31901425039068 -7.5865097862825515 19
    endloop
  endfacet
  facet normal 0 0 -1
    outer loop
      vertex 16.299663908432283 -9.167109761193029 19
      vertex 16.31901425039068 -7.5865097862825515 19
      vertex 16.425974851452366 -7.63581929876693 19
    endloop
  endfacet
  facet normal 0 0 -1
    outer loop
      vertex 15.851949702904731 -9.02163859753386 19
      vertex 15.859391051599953 -7.224172072495276 19
      vertex 15.939339828220179 -7.310660171779821 19
    endloop
  endfacet
  facet normal 0 0 -1
    outer loop
      vertex 16.072949016875157 -9.103169548885461 19
      vertex 16.025827927504725 -7.390608948400047 19
      vertex 16.11832212156129 -7.463525491562422 19
    endloop
  endfacet
  facet normal 0 0 -1
    outer loop
      vertex 15.851949702904731 -9.02163859753386 19
      vertex 15.939339828220179 -7.310660171779821 19
      vertex 16.025827927504725 -7.390608948400047 19
    endloop
  endfacet
  facet normal 0 0 -1
    outer loop
      vertex 15.851949702904731 -9.02163859753386 19
      vertex 15.786474508437578 -7.13167787843871 19
      vertex 15.859391051599953 -7.224172072495276 19
    endloop
  endfacet
  facet normal 0 0 -1
    outer loop
      vertex 16.530696604879306 -9.213065021785413 19
      vertex 16.649831954216143 -7.708554880596514 19
      vertex 16.765348302439655 -7.731532510892706 19
    endloop
  endfacet
  facet normal 0 0 -1
    outer loop
      vertex 16.530696604879306 -9.213065021785413 19
      vertex 16.53647450843758 -7.6765847744427305 19
      vertex 16.649831954216143 -7.708554880596514 19
    endloop
  endfacet
  facet normal 0 0 -1
    outer loop
      vertex 16.299663908432283 -9.167109761193029 19
      vertex 16.425974851452366 -7.63581929876693 19
      vertex 16.53647450843758 -7.6765847744427305 19
    endloop
  endfacet
  facet normal 0 0 -1
    outer loop
      vertex 16.764622712816465 -9.240752001199384 19
      vertex 16.765348302439655 -7.731532510892706 19
      vertex 16.882311356408234 -7.745376000599692 19
    endloop
  endfacet
  facet normal 0 0 -1
    outer loop
      vertex 16.764622712816465 -9.240752001199384 19
      vertex 16.882311356408234 -7.745376000599692 19
      vertex 17 -7.75 19
    endloop
  endfacet
  facet normal 0 0 -1
    outer loop
      vertex 17 -9.25 19
      vertex 17 -7.75 19
      vertex 17.117688643591766 -7.745376000599692 19
    endloop
  endfacet
  facet normal 0 0 -1
    outer loop
      vertex 17 -9.25 19
      vertex 17.117688643591766 -7.745376000599692 19
      vertex 17.235377287183535 -9.240752001199384 19
    endloop
  endfacet
  facet normal 0 0 -1
    outer loop
      vertex 17.235377287183535 -9.240752001199384 19
      vertex 17.350168045783857 -7.708554880596514 19
      vertex 17.469303395120694 -9.213065021785413 19
    endloop
  endfacet
  facet normal 0 0 -1
    outer loop
      vertex 17.469303395120694 -9.213065021785413 19
      vertex 17.574025148547634 -7.63581929876693 19
      vertex 17.700336091567717 -9.167109761193029 19
    endloop
  endfacet
  facet normal 0 0 -1
    outer loop
      vertex 17.700336091567717 -9.167109761193029 19
      vertex 17.783747847073922 -7.528960246531138 19
      vertex 17.927050983124843 -9.103169548885461 19
    endloop
  endfacet
  facet normal 0 0 -1
    outer loop
      vertex 17.927050983124843 -9.103169548885461 19
      vertex 17.974172072495275 -7.390608948400047 19
      vertex 18.14805029709527 -9.02163859753386 19
    endloop
  endfacet
  facet normal 0 0 -1
    outer loop
      vertex 18.14805029709527 -9.02163859753386 19
      vertex 18.21352549156242 -7.13167787843871 19
      vertex 18.36197149921864 -8.923019572565103 19
    endloop
  endfacet
  facet normal 0 0 -1
    outer loop
      vertex 17.235377287183535 -9.240752001199384 19
      vertex 17.117688643591766 -7.745376000599692 19
      vertex 17.234651697560345 -7.731532510892706 19
    endloop
  endfacet
  facet normal 0 0 -1
    outer loop
      vertex 17.235377287183535 -9.240752001199384 19
      vertex 17.234651697560345 -7.731532510892706 19
      vertex 17.350168045783857 -7.708554880596514 19
    endloop
  endfacet
  facet normal 0 0 -1
    outer loop
      vertex 17.469303395120694 -9.213065021785413 19
      vertex 17.350168045783857 -7.708554880596514 19
      vertex 17.46352549156242 -7.6765847744427305 19
    endloop
  endfacet
  facet normal 0 0 -1
    outer loop
      vertex 17.469303395120694 -9.213065021785413 19
      vertex 17.46352549156242 -7.6765847744427305 19
      vertex 17.574025148547634 -7.63581929876693 19
    endloop
  endfacet
  facet normal 0 0 -1
    outer loop
      vertex 17.700336091567717 -9.167109761193029 19
      vertex 17.574025148547634 -7.63581929876693 19
      vertex 17.68098574960932 -7.5865097862825515 19
    endloop
  endfacet
  facet normal 0 0 -1
    outer loop
      vertex 17.700336091567717 -9.167109761193029 19
      vertex 17.68098574960932 -7.5865097862825515 19
      vertex 17.783747847073922 -7.528960246531138 19
    endloop
  endfacet
  facet normal 0 0 -1
    outer loop
      vertex 17.927050983124843 -9.103169548885461 19
      vertex 17.783747847073922 -7.528960246531138 19
      vertex 17.88167787843871 -7.463525491562422 19
    endloop
  endfacet
  facet normal 0 0 -1
    outer loop
      vertex 17.927050983124843 -9.103169548885461 19
      vertex 17.88167787843871 -7.463525491562422 19
      vertex 17.974172072495275 -7.390608948400047 19
    endloop
  endfacet
  facet normal 0 0 -1
    outer loop
      vertex 18.14805029709527 -9.02163859753386 19
      vertex 17.974172072495275 -7.390608948400047 19
      vertex 18.060660171779823 -7.310660171779821 19
    endloop
  endfacet
  facet normal 0 0 -1
    outer loop
      vertex 18.14805029709527 -9.02163859753386 19
      vertex 18.060660171779823 -7.310660171779821 19
      vertex 18.140608948400047 -7.224172072495276 19
    endloop
  endfacet
  facet normal 0 0 -1
    outer loop
      vertex 18.14805029709527 -9.02163859753386 19
      vertex 18.140608948400047 -7.224172072495276 19
      vertex 18.21352549156242 -7.13167787843871 19
    endloop
  endfacet
  facet normal 0 0 -1
    outer loop
      vertex 18.36197149921864 -8.923019572565103 19
      vertex 18.21352549156242 -7.13167787843871 19
      vertex 18.27896024653114 -7.033747847073923 19
    endloop
  endfacet
  facet normal -0.4445795476644318 0.6653603129978092 0.5997038266394058
    outer loop
      vertex 17.88167787843871 -7.463525491562422 17
      vertex 18.567495694147848 -8.807920493062277 19
      vertex 18.76335575687742 -8.677050983124843 19
    endloop
  endfacet
  facet normal -0.49541262578091483 0.6284279199167659 0.5997038266394055
    outer loop
      vertex 17.974172072495275 -7.390608948400047 17
      vertex 18.76335575687742 -8.677050983124843 19
      vertex 18.94834414499055 -8.531217896800094 19
    endloop
  endfacet
  facet normal -0.5431913203180363 0.5876210597359517 0.5997038266394051
    outer loop
      vertex 18.060660171779823 -7.310660171779821 17
      vertex 18.94834414499055 -8.531217896800094 19
      vertex 19.121320343559642 -8.371320343559642 19
    endloop
  endfacet
  facet normal -0.5876210597359487 0.5431913203180391 0.5997038266394055
    outer loop
      vertex 18.140608948400047 -7.224172072495276 17
      vertex 19.121320343559642 -8.371320343559642 19
      vertex 19.281217896800094 -8.198344144990552 19
    endloop
  endfacet
  facet normal -0.628427919916768 0.4954126257809118 0.5997038266394057
    outer loop
      vertex 18.140608948400047 -7.224172072495276 17
      vertex 19.281217896800094 -8.198344144990552 19
      vertex 19.427050983124843 -8.01335575687742 19
    endloop
  endfacet
  facet normal 0 0 -1
    outer loop
      vertex 18.36197149921864 -8.923019572565103 19
      vertex 18.38581929876693 -6.824025148547634 19
      vertex 18.567495694147848 -8.807920493062277 19
    endloop
  endfacet
  facet normal 0 0 -1
    outer loop
      vertex 18.36197149921864 -8.923019572565103 19
      vertex 18.27896024653114 -7.033747847073923 19
      vertex 18.33650978628255 -6.93098574960932 19
    endloop
  endfacet
  facet normal 0 0 -1
    outer loop
      vertex 18.36197149921864 -8.923019572565103 19
      vertex 18.33650978628255 -6.93098574960932 19
      vertex 18.38581929876693 -6.824025148547634 19
    endloop
  endfacet
  facet normal -0.587621059735955 0.5431913203180329 0.5997038266394049
    outer loop
      vertex 18.060660171779823 -7.310660171779821 17
      vertex 19.121320343559642 -8.371320343559642 19
      vertex 18.140608948400047 -7.224172072495276 17
    endloop
  endfacet
  facet normal -0.6284279199167682 0.49541262578091183 0.5997038266394056
    outer loop
      vertex 18.140608948400047 -7.224172072495276 17
      vertex 19.427050983124843 -8.01335575687742 19
      vertex 18.21352549156242 -7.13167787843871 17
    endloop
  endfacet
  facet normal -0.6653603129978113 0.4445795476644292 0.5997038266394055
    outer loop
      vertex 18.21352549156242 -7.13167787843871 17
      vertex 19.557920493062277 -7.817495694147846 19
      vertex 18.27896024653114 -7.033747847073923 17
    endloop
  endfacet
  facet normal -0.6981905384944606 0.39100548879890296 0.5997038266394054
    outer loop
      vertex 18.27896024653114 -7.033747847073923 17
      vertex 19.673019572565103 -7.61197149921864 19
      vertex 18.33650978628255 -6.93098574960932 17
    endloop
  endfacet
  facet normal -0.7267161871493824 0.33502075107240475 0.5997038266394054
    outer loop
      vertex 19.771638597533858 -7.398050297095269 19
      vertex 18.38581929876693 -6.824025148547634 17
      vertex 18.33650978628255 -6.93098574960932 17
    endloop
  endfacet
  facet normal -0.6653603129978113 0.4445795476644292 0.5997038266394055
    outer loop
      vertex 18.21352549156242 -7.13167787843871 17
      vertex 19.427050983124843 -8.01335575687742 19
      vertex 19.557920493062277 -7.817495694147846 19
    endloop
  endfacet
  facet normal -0.6981905384944608 0.391005488798903 0.5997038266394052
    outer loop
      vertex 18.27896024653114 -7.033747847073923 17
      vertex 19.557920493062277 -7.817495694147846 19
      vertex 19.673019572565103 -7.61197149921864 19
    endloop
  endfacet
  facet normal -0.7267161871493824 0.33502075107240475 0.5997038266394054
    outer loop
      vertex 19.673019572565103 -7.61197149921864 19
      vertex 19.771638597533858 -7.398050297095269 19
      vertex 18.33650978628255 -6.93098574960932 17
    endloop
  endfacet
  facet normal -0.7507613888528669 0.2769704990098556 0.5997038266394054
    outer loop
      vertex 19.771638597533858 -7.398050297095269 19
      vertex 19.85316954888546 -7.177050983124842 19
      vertex 18.38581929876693 -6.824025148547634 17
    endloop
  endfacet
  facet normal -0.7507613888528674 0.27697049900985465 0.5997038266394052
    outer loop
      vertex 19.85316954888546 -7.177050983124842 19
      vertex 18.42658477444273 -6.713525491562421 17
      vertex 18.38581929876693 -6.824025148547634 17
    endloop
  endfacet
  facet normal -0.7701778969405838 0.2172126317188629 0.5997038266394046
    outer loop
      vertex 19.91710976119303 -6.950336091567716 19
      vertex 18.458554880596516 -6.6001680457838585 17
      vertex 18.42658477444273 -6.713525491562421 17
    endloop
  endfacet
  facet normal -0.7848460021835253 0.1561155763227704 0.5997038266394064
    outer loop
      vertex 18.458554880596516 -6.6001680457838585 17
      vertex 19.963065021785415 -6.719303395120693 19
      vertex 18.481532510892706 -6.484651697560347 17
    endloop
  endfacet
  facet normal -0.7946752708352196 0.09405601648498974 0.5997038266394052
    outer loop
      vertex 18.481532510892706 -6.484651697560347 17
      vertex 19.990752001199382 -6.4853772871835345 19
      vertex 18.49537600059969 -6.367688643591768 17
    endloop
  endfacet
  facet normal -0.7701778969405868 0.21721263171884997 0.5997038266394054
    outer loop
      vertex 19.85316954888546 -7.177050983124842 19
      vertex 19.91710976119303 -6.950336091567716 19
      vertex 18.42658477444273 -6.713525491562421 17
    endloop
  endfacet
  facet normal -0.7848460021835217 0.15611557632279383 0.599703826639405
    outer loop
      vertex 19.91710976119303 -6.950336091567716 19
      vertex 19.963065021785415 -6.719303395120693 19
      vertex 18.458554880596516 -6.6001680457838585 17
    endloop
  endfacet
  facet normal -0.7946752708352205 0.09405601648497777 0.5997038266394059
    outer loop
      vertex 18.481532510892706 -6.484651697560347 17
      vertex 19.963065021785415 -6.719303395120693 19
      vertex 19.990752001199382 -6.4853772871835345 19
    endloop
  endfacet
  facet normal 0 0 -1
    outer loop
      vertex 18.567495694147848 -8.807920493062277 19
      vertex 18.38581929876693 -6.824025148547634 19
      vertex 18.42658477444273 -6.713525491562421 19
    endloop
  endfacet
  facet normal 0 0 -1
    outer loop
      vertex 18.567495694147848 -8.807920493062277 19
      vertex 18.42658477444273 -6.713525491562421 19
      vertex 18.458554880596516 -6.6001680457838585 19
    endloop
  endfacet
  facet normal 0 0 -1
    outer loop
      vertex 18.567495694147848 -8.807920493062277 19
      vertex 18.458554880596516 -6.6001680457838585 19
      vertex 18.481532510892706 -6.484651697560347 19
    endloop
  endfacet
  facet normal 0 0 -1
    outer loop
      vertex 18.567495694147848 -8.807920493062277 19
      vertex 18.481532510892706 -6.484651697560347 19
      vertex 18.49537600059969 -6.367688643591768 19
    endloop
  endfacet
  facet normal 0 0 -1
    outer loop
      vertex 18.567495694147848 -8.807920493062277 19
      vertex 18.49537600059969 -6.367688643591768 19
      vertex 18.5 -6.25 19
    endloop
  endfacet
  facet normal 0 0 -1
    outer loop
      vertex 18.567495694147848 -8.807920493062277 19
      vertex 18.567495694147848 -3.6920795069377235 19
      vertex 18.76335575687742 -8.677050983124843 19
    endloop
  endfacet
  facet normal 0 0 -1
    outer loop
      vertex 18.76335575687742 -8.677050983124843 19
      vertex 18.76335575687742 -3.8229490168751576 19
      vertex 18.94834414499055 -8.531217896800094 19
    endloop
  endfacet
  facet normal 0 0 -1
    outer loop
      vertex 18.94834414499055 -8.531217896800094 19
      vertex 18.94834414499055 -3.9687821031999073 19
      vertex 19.121320343559642 -8.371320343559642 19
    endloop
  endfacet
  facet normal 0 0 -1
    outer loop
      vertex 19.121320343559642 -8.371320343559642 19
      vertex 19.121320343559642 -4.128679656440357 19
      vertex 19.281217896800094 -8.198344144990552 19
    endloop
  endfacet
  facet normal 0 0 -1
    outer loop
      vertex 19.281217896800094 -8.198344144990552 19
      vertex 19.281217896800094 -4.301655855009449 19
      vertex 19.427050983124843 -8.01335575687742 19
    endloop
  endfacet
  facet normal 0 0 -1
    outer loop
      vertex 19.427050983124843 -8.01335575687742 19
      vertex 19.427050983124843 -4.486644243122581 19
      vertex 19.557920493062277 -7.817495694147846 19
    endloop
  endfacet
  facet normal 0 0 -1
    outer loop
      vertex 19.557920493062277 -7.817495694147846 19
      vertex 19.557920493062277 -4.682504305852154 19
      vertex 19.673019572565103 -7.61197149921864 19
    endloop
  endfacet
  facet normal 0 0 -1
    outer loop
      vertex 19.673019572565103 -7.61197149921864 19
      vertex 19.673019572565103 -4.88802850078136 19
      vertex 19.771638597533858 -7.398050297095269 19
    endloop
  endfacet
  facet normal 0 0 -1
    outer loop
      vertex 19.771638597533858 -7.398050297095269 19
      vertex 19.771638597533858 -5.101949702904731 19
      vertex 19.85316954888546 -7.177050983124842 19
    endloop
  endfacet
  facet normal 0 0 -1
    outer loop
      vertex 19.85316954888546 -7.177050983124842 19
      vertex 19.85316954888546 -5.322949016875158 19
      vertex 19.91710976119303 -6.950336091567716 19
    endloop
  endfacet
  facet normal 0 0 -1
    outer loop
      vertex 19.91710976119303 -6.950336091567716 19
      vertex 19.91710976119303 -5.549663908432284 19
      vertex 19.963065021785415 -6.719303395120693 19
    endloop
  endfacet
  facet normal -0.7996051021858738 0.031416570028766556 0.5997038266394054
    outer loop
      vertex 18.49537600059969 -6.367688643591768 17
      vertex 20 -6.25 19
      vertex 18.5 -6.25 17
    endloop
  endfacet
  facet normal -0.7996051021858738 -0.031416570028766556 0.5997038266394054
    outer loop
      vertex 18.5 -6.25 17
      vertex 20 -6.25 19
      vertex 18.49537600059969 -6.132311356408232 17
    endloop
  endfacet
  facet normal -0.7946752708352196 -0.09405601648498974 0.5997038266394054
    outer loop
      vertex 18.49537600059969 -6.132311356408232 17
      vertex 19.990752001199382 -6.0146227128164655 19
      vertex 18.481532510892706 -6.015348302439653 17
    endloop
  endfacet
  facet normal -0.7848460021835253 -0.1561155763227704 0.5997038266394064
    outer loop
      vertex 18.481532510892706 -6.015348302439653 17
      vertex 19.963065021785415 -5.780696604879307 19
      vertex 18.458554880596516 -5.8998319542161415 17
    endloop
  endfacet
  facet normal -0.7996051021858738 0.03141657002876668 0.5997038266394054
    outer loop
      vertex 18.49537600059969 -6.367688643591768 17
      vertex 19.990752001199382 -6.4853772871835345 19
      vertex 20 -6.25 19
    endloop
  endfacet
  facet normal -0.7996051021858738 -0.03141657002876668 0.5997038266394054
    outer loop
      vertex 18.49537600059969 -6.132311356408232 17
      vertex 20 -6.25 19
      vertex 19.990752001199382 -6.0146227128164655 19
    endloop
  endfacet
  facet normal -0.7946752708352205 -0.09405601648497777 0.5997038266394059
    outer loop
      vertex 18.481532510892706 -6.015348302439653 17
      vertex 19.990752001199382 -6.0146227128164655 19
      vertex 19.963065021785415 -5.780696604879307 19
    endloop
  endfacet
  facet normal -0.7701778969405838 -0.2172126317188629 0.5997038266394047
    outer loop
      vertex 18.42658477444273 -5.786474508437579 17
      vertex 18.458554880596516 -5.8998319542161415 17
      vertex 19.91710976119303 -5.549663908432284 19
    endloop
  endfacet
  facet normal -0.7267161871493824 -0.33502075107240475 0.5997038266394054
    outer loop
      vertex 18.38581929876693 -5.675974851452366 17
      vertex 19.771638597533858 -5.101949702904731 19
      vertex 18.33650978628255 -5.56901425039068 17
    endloop
  endfacet
  facet normal -0.7507613888528673 -0.2769704990098546 0.5997038266394054
    outer loop
      vertex 18.42658477444273 -5.786474508437579 17
      vertex 19.85316954888546 -5.322949016875158 19
      vertex 18.38581929876693 -5.675974851452366 17
    endloop
  endfacet
  facet normal -0.6653603129978113 -0.4445795476644292 0.5997038266394055
    outer loop
      vertex 18.27896024653114 -5.466252152926077 17
      vertex 19.557920493062277 -4.682504305852154 19
      vertex 18.21352549156242 -5.36832212156129 17
    endloop
  endfacet
  facet normal -0.6981905384944606 -0.39100548879890296 0.5997038266394054
    outer loop
      vertex 18.33650978628255 -5.56901425039068 17
      vertex 19.673019572565103 -4.88802850078136 19
      vertex 18.27896024653114 -5.466252152926077 17
    endloop
  endfacet
  facet normal -0.7848460021835216 -0.1561155763227938 0.5997038266394049
    outer loop
      vertex 18.458554880596516 -5.8998319542161415 17
      vertex 19.963065021785415 -5.780696604879307 19
      vertex 19.91710976119303 -5.549663908432284 19
    endloop
  endfacet
  facet normal -0.7701778969405869 -0.21721263171885 0.5997038266394054
    outer loop
      vertex 18.42658477444273 -5.786474508437579 17
      vertex 19.91710976119303 -5.549663908432284 19
      vertex 19.85316954888546 -5.322949016875158 19
    endloop
  endfacet
  facet normal -0.7507613888528669 -0.2769704990098556 0.5997038266394052
    outer loop
      vertex 18.38581929876693 -5.675974851452366 17
      vertex 19.85316954888546 -5.322949016875158 19
      vertex 19.771638597533858 -5.101949702904731 19
    endloop
  endfacet
  facet normal -0.7267161871493824 -0.33502075107240475 0.5997038266394054
    outer loop
      vertex 18.33650978628255 -5.56901425039068 17
      vertex 19.771638597533858 -5.101949702904731 19
      vertex 19.673019572565103 -4.88802850078136 19
    endloop
  endfacet
  facet normal 0 0 -1
    outer loop
      vertex 18.567495694147848 -8.807920493062277 19
      vertex 18.5 -6.25 19
      vertex 18.567495694147848 -3.6920795069377235 19
    endloop
  endfacet
  facet normal 0 0 -1
    outer loop
      vertex 18.5 -6.25 19
      vertex 18.49537600059969 -6.132311356408232 19
      vertex 18.567495694147848 -3.6920795069377235 19
    endloop
  endfacet
  facet normal 0 0 -1
    outer loop
      vertex 18.76335575687742 -8.677050983124843 19
      vertex 18.567495694147848 -3.6920795069377235 19
      vertex 18.76335575687742 -3.8229490168751576 19
    endloop
  endfacet
  facet normal 0 0 -1
    outer loop
      vertex 18.49537600059969 -6.132311356408232 19
      vertex 18.481532510892706 -6.015348302439653 19
      vertex 18.567495694147848 -3.6920795069377235 19
    endloop
  endfacet
  facet normal 0 0 -1
    outer loop
      vertex 18.481532510892706 -6.015348302439653 19
      vertex 18.458554880596516 -5.8998319542161415 19
      vertex 18.567495694147848 -3.6920795069377235 19
    endloop
  endfacet
  facet normal 0 0 -1
    outer loop
      vertex 18.42658477444273 -5.786474508437579 19
      vertex 18.567495694147848 -3.6920795069377235 19
      vertex 18.458554880596516 -5.8998319542161415 19
    endloop
  endfacet
  facet normal 0 0 -1
    outer loop
      vertex 18.94834414499055 -8.531217896800094 19
      vertex 18.76335575687742 -3.8229490168751576 19
      vertex 18.94834414499055 -3.9687821031999073 19
    endloop
  endfacet
  facet normal 0 0 -1
    outer loop
      vertex 19.121320343559642 -8.371320343559642 19
      vertex 18.94834414499055 -3.9687821031999073 19
      vertex 19.121320343559642 -4.128679656440357 19
    endloop
  endfacet
  facet normal 0 0 -1
    outer loop
      vertex 19.281217896800094 -8.198344144990552 19
      vertex 19.121320343559642 -4.128679656440357 19
      vertex 19.281217896800094 -4.301655855009449 19
    endloop
  endfacet
  facet normal 0 0 -1
    outer loop
      vertex 19.557920493062277 -7.817495694147846 19
      vertex 19.427050983124843 -4.486644243122581 19
      vertex 19.557920493062277 -4.682504305852154 19
    endloop
  endfacet
  facet normal 0 0 -1
    outer loop
      vertex 19.673019572565103 -7.61197149921864 19
      vertex 19.557920493062277 -4.682504305852154 19
      vertex 19.673019572565103 -4.88802850078136 19
    endloop
  endfacet
  facet normal 0 0 -1
    outer loop
      vertex 19.427050983124843 -8.01335575687742 19
      vertex 19.281217896800094 -4.301655855009449 19
      vertex 19.427050983124843 -4.486644243122581 19
    endloop
  endfacet
  facet normal 0 0 -1
    outer loop
      vertex 19.963065021785415 -6.719303395120693 19
      vertex 19.963065021785415 -5.780696604879307 19
      vertex 19.990752001199382 -6.4853772871835345 19
    endloop
  endfacet
  facet normal 0 0 -1
    outer loop
      vertex 19.990752001199382 -6.4853772871835345 19
      vertex 19.990752001199382 -6.0146227128164655 19
      vertex 20 -6.25 19
    endloop
  endfacet
  facet normal 0 0 -1
    outer loop
      vertex 19.990752001199382 -6.4853772871835345 19
      vertex 19.963065021785415 -5.780696604879307 19
      vertex 19.990752001199382 -6.0146227128164655 19
    endloop
  endfacet
  facet normal 0 0 -1
    outer loop
      vertex 19.963065021785415 -6.719303395120693 19
      vertex 19.91710976119303 -5.549663908432284 19
      vertex 19.963065021785415 -5.780696604879307 19
    endloop
  endfacet
  facet normal 0 0 -1
    outer loop
      vertex 19.91710976119303 -6.950336091567716 19
      vertex 19.85316954888546 -5.322949016875158 19
      vertex 19.91710976119303 -5.549663908432284 19
    endloop
  endfacet
  facet normal 0 0 -1
    outer loop
      vertex 19.85316954888546 -7.177050983124842 19
      vertex 19.771638597533858 -5.101949702904731 19
      vertex 19.85316954888546 -5.322949016875158 19
    endloop
  endfacet
  facet normal 0 0 -1
    outer loop
      vertex 19.771638597533858 -7.398050297095269 19
      vertex 19.673019572565103 -4.88802850078136 19
      vertex 19.771638597533858 -5.101949702904731 19
    endloop
  endfacet
  facet normal 0.6284279199167682 -0.49541262578091183 0.5997038266394055
    outer loop
      vertex 15.786474508437578 -5.36832212156129 17
      vertex 15.859391051599953 -5.275827927504724 17
      vertex 14.572949016875157 -4.486644243122581 19
    endloop
  endfacet
  facet normal 0.5876210597359486 -0.5431913203180391 0.5997038266394056
    outer loop
      vertex 15.859391051599953 -5.275827927504724 17
      vertex 15.939339828220179 -5.189339828220179 17
      vertex 14.878679656440358 -4.128679656440357 19
    endloop
  endfacet
  facet normal 0.5431913203180361 -0.5876210597359515 0.5997038266394055
    outer loop
      vertex 15.939339828220179 -5.189339828220179 17
      vertex 16.025827927504725 -5.109391051599953 17
      vertex 15.051655855009448 -3.9687821031999073 19
    endloop
  endfacet
  facet normal 0.6981905384944606 -0.39100548879890296 0.5997038266394054
    outer loop
      vertex 14.326980427434897 -4.88802850078136 19
      vertex 15.721039753468862 -5.466252152926077 17
      vertex 14.442079506937723 -4.682504305852154 19
    endloop
  endfacet
  facet normal 0.6653603129978104 -0.44457954766443064 0.5997038266394054
    outer loop
      vertex 14.442079506937723 -4.682504305852154 19
      vertex 15.786474508437578 -5.36832212156129 17
      vertex 14.572949016875157 -4.486644243122581 19
    endloop
  endfacet
  facet normal 0.6284279199167683 -0.49541262578091194 0.5997038266394054
    outer loop
      vertex 15.859391051599953 -5.275827927504724 17
      vertex 14.718782103199906 -4.301655855009449 19
      vertex 14.572949016875157 -4.486644243122581 19
    endloop
  endfacet
  facet normal 0.5876210597359516 -0.5431913203180362 0.5997038266394052
    outer loop
      vertex 15.859391051599953 -5.275827927504724 17
      vertex 14.878679656440358 -4.128679656440357 19
      vertex 14.718782103199906 -4.301655855009449 19
    endloop
  endfacet
  facet normal 0.5431913203180359 -0.5876210597359517 0.5997038266394056
    outer loop
      vertex 15.939339828220179 -5.189339828220179 17
      vertex 15.051655855009448 -3.9687821031999073 19
      vertex 14.878679656440358 -4.128679656440357 19
    endloop
  endfacet
  facet normal 0.49541262578091183 -0.6284279199167682 0.5997038266394056
    outer loop
      vertex 16.025827927504725 -5.109391051599953 17
      vertex 15.23664424312258 -3.8229490168751576 19
      vertex 15.051655855009448 -3.9687821031999073 19
    endloop
  endfacet
  facet normal 0.4445795476644312 -0.6653603129978098 0.5997038266394056
    outer loop
      vertex 16.11832212156129 -5.036474508437578 17
      vertex 15.432504305852154 -3.6920795069377235 19
      vertex 15.23664424312258 -3.8229490168751576 19
    endloop
  endfacet
  facet normal 0 0 -1
    outer loop
      vertex 15.57341522555727 -5.786474508437579 19
      vertex 15.432504305852154 -3.6920795069377235 19
      vertex 15.614180701233071 -5.675974851452366 19
    endloop
  endfacet
  facet normal 0 0 -1
    outer loop
      vertex 15.614180701233071 -5.675974851452366 19
      vertex 15.63802850078136 -3.576980427434896 19
      vertex 15.663490213717449 -5.56901425039068 19
    endloop
  endfacet
  facet normal 0 0 -1
    outer loop
      vertex 15.663490213717449 -5.56901425039068 19
      vertex 15.63802850078136 -3.576980427434896 19
      vertex 15.721039753468862 -5.466252152926077 19
    endloop
  endfacet
  facet normal 0 0 -1
    outer loop
      vertex 15.721039753468862 -5.466252152926077 19
      vertex 15.63802850078136 -3.576980427434896 19
      vertex 15.786474508437578 -5.36832212156129 19
    endloop
  endfacet
  facet normal 0 0 -1
    outer loop
      vertex 15.614180701233071 -5.675974851452366 19
      vertex 15.432504305852154 -3.6920795069377235 19
      vertex 15.63802850078136 -3.576980427434896 19
    endloop
  endfacet
  facet normal 0.49541262578090883 -0.6284279199167704 0.5997038266394058
    outer loop
      vertex 16.025827927504725 -5.109391051599953 17
      vertex 16.11832212156129 -5.036474508437578 17
      vertex 15.23664424312258 -3.8229490168751576 19
    endloop
  endfacet
  facet normal 0.444579547664432 -0.6653603129978094 0.5997038266394056
    outer loop
      vertex 16.11832212156129 -5.036474508437578 17
      vertex 16.216252152926078 -4.971039753468862 17
      vertex 15.432504305852154 -3.6920795069377235 19
    endloop
  endfacet
  facet normal 0.3910054887989055 -0.6981905384944592 0.5997038266394055
    outer loop
      vertex 16.216252152926078 -4.971039753468862 17
      vertex 16.31901425039068 -4.9134902137174485 17
      vertex 15.63802850078136 -3.576980427434896 19
    endloop
  endfacet
  facet normal 0.3350207510724073 -0.7267161871493809 0.5997038266394056
    outer loop
      vertex 16.31901425039068 -4.9134902137174485 17
      vertex 16.425974851452366 -4.86418070123307 17
      vertex 15.851949702904731 -3.47836140246614 19
    endloop
  endfacet
  facet normal 0.2769704990098532 -0.7507613888528678 0.5997038266394054
    outer loop
      vertex 16.425974851452366 -4.86418070123307 17
      vertex 16.53647450843758 -4.8234152255572695 17
      vertex 16.072949016875157 -3.3968304511145395 19
    endloop
  endfacet
  facet normal 0.21721263171884678 -0.7701778969405875 0.5997038266394058
    outer loop
      vertex 16.53647450843758 -4.8234152255572695 17
      vertex 16.649831954216143 -4.791445119403486 17
      vertex 16.299663908432283 -3.3328902388069706 19
    endloop
  endfacet
  facet normal 0.1561155763227879 -0.7848460021835223 0.5997038266394056
    outer loop
      vertex 16.649831954216143 -4.791445119403486 17
      vertex 16.765348302439655 -4.768467489107294 17
      vertex 16.530696604879306 -3.2869349782145867 19
    endloop
  endfacet
  facet normal 0.09405601648498972 -0.7946752708352195 0.5997038266394055
    outer loop
      vertex 16.765348302439655 -4.768467489107294 17
      vertex 16.882311356408234 -4.754623999400308 17
      vertex 16.764622712816465 -3.259247998800616 19
    endloop
  endfacet
  facet normal 0.031416570028761005 -0.7996051021858739 0.5997038266394055
    outer loop
      vertex 16.882311356408234 -4.754623999400308 17
      vertex 17 -4.75 17
      vertex 17 -3.25 19
    endloop
  endfacet
  facet normal -0.031416570028761005 -0.7996051021858739 0.5997038266394055
    outer loop
      vertex 17 -4.75 17
      vertex 17.117688643591766 -4.754623999400308 17
      vertex 17 -3.25 19
    endloop
  endfacet
  facet normal 0.39100548879890523 -0.6981905384944592 0.5997038266394055
    outer loop
      vertex 16.216252152926078 -4.971039753468862 17
      vertex 15.63802850078136 -3.576980427434896 19
      vertex 15.432504305852154 -3.6920795069377235 19
    endloop
  endfacet
  facet normal 0.33502075107240714 -0.726716187149381 0.5997038266394056
    outer loop
      vertex 16.31901425039068 -4.9134902137174485 17
      vertex 15.851949702904731 -3.47836140246614 19
      vertex 15.63802850078136 -3.576980427434896 19
    endloop
  endfacet
  facet normal 0.2769704990098499 -0.7507613888528689 0.5997038266394055
    outer loop
      vertex 16.425974851452366 -4.86418070123307 17
      vertex 16.072949016875157 -3.3968304511145395 19
      vertex 15.851949702904731 -3.47836140246614 19
    endloop
  endfacet
  facet normal 0.21721263171885416 -0.7701778969405856 0.5997038266394054
    outer loop
      vertex 16.53647450843758 -4.8234152255572695 17
      vertex 16.299663908432283 -3.3328902388069706 19
      vertex 16.072949016875157 -3.3968304511145395 19
    endloop
  endfacet
  facet normal -0.3910054887989055 -0.6981905384944592 0.5997038266394055
    outer loop
      vertex 17.783747847073922 -4.971039753468862 17
      vertex 18.36197149921864 -3.576980427434896 19
      vertex 17.68098574960932 -4.9134902137174485 17
    endloop
  endfacet
  facet normal -0.49541262578090883 -0.6284279199167704 0.5997038266394058
    outer loop
      vertex 17.974172072495275 -5.109391051599953 17
      vertex 18.76335575687742 -3.8229490168751576 19
      vertex 17.88167787843871 -5.036474508437578 17
    endloop
  endfacet
  facet normal -0.5431913203180301 -0.5876210597359571 0.5997038266394054
    outer loop
      vertex 18.060660171779823 -5.189339828220179 17
      vertex 18.94834414499055 -3.9687821031999073 19
      vertex 17.974172072495275 -5.109391051599953 17
    endloop
  endfacet
  facet normal -0.4445795476644318 -0.6653603129978092 0.5997038266394058
    outer loop
      vertex 17.783747847073922 -4.971039753468862 17
      vertex 17.88167787843871 -5.036474508437578 17
      vertex 18.567495694147848 -3.6920795069377235 19
    endloop
  endfacet
  facet normal -0.09405601648498972 -0.7946752708352195 0.5997038266394054
    outer loop
      vertex 17.117688643591766 -4.754623999400308 17
      vertex 17.234651697560345 -4.768467489107294 17
      vertex 17.235377287183535 -3.259247998800616 19
    endloop
  endfacet
  facet normal -0.1561155763227879 -0.7848460021835223 0.5997038266394056
    outer loop
      vertex 17.350168045783857 -4.791445119403486 17
      vertex 17.469303395120694 -3.2869349782145867 19
      vertex 17.234651697560345 -4.768467489107294 17
    endloop
  endfacet
  facet normal -0.2769704990098532 -0.7507613888528678 0.5997038266394052
    outer loop
      vertex 17.46352549156242 -4.8234152255572695 17
      vertex 17.574025148547634 -4.86418070123307 17
      vertex 17.927050983124843 -3.3968304511145395 19
    endloop
  endfacet
  facet normal -0.21721263171884678 -0.7701778969405875 0.5997038266394058
    outer loop
      vertex 17.350168045783857 -4.791445119403486 17
      vertex 17.46352549156242 -4.8234152255572695 17
      vertex 17.700336091567717 -3.3328902388069706 19
    endloop
  endfacet
  facet normal -0.33502075107240725 -0.7267161871493808 0.5997038266394057
    outer loop
      vertex 17.574025148547634 -4.86418070123307 17
      vertex 17.68098574960932 -4.9134902137174485 17
      vertex 18.14805029709527 -3.47836140246614 19
    endloop
  endfacet
  facet normal -0.21721263171885416 -0.7701778969405856 0.5997038266394054
    outer loop
      vertex 17.46352549156242 -4.8234152255572695 17
      vertex 17.927050983124843 -3.3968304511145395 19
      vertex 17.700336091567717 -3.3328902388069706 19
    endloop
  endfacet
  facet normal -0.27697049900984794 -0.7507613888528696 0.5997038266394055
    outer loop
      vertex 17.574025148547634 -4.86418070123307 17
      vertex 18.14805029709527 -3.47836140246614 19
      vertex 17.927050983124843 -3.3968304511145395 19
    endloop
  endfacet
  facet normal -0.3910054887989026 -0.6981905384944607 0.5997038266394057
    outer loop
      vertex 17.783747847073922 -4.971039753468862 17
      vertex 18.567495694147848 -3.6920795069377235 19
      vertex 18.36197149921864 -3.576980427434896 19
    endloop
  endfacet
  facet normal -0.3350207510724093 -0.7267161871493798 0.5997038266394056
    outer loop
      vertex 17.68098574960932 -4.9134902137174485 17
      vertex 18.36197149921864 -3.576980427434896 19
      vertex 18.14805029709527 -3.47836140246614 19
    endloop
  endfacet
  facet normal 0 0 -1
    outer loop
      vertex 15.786474508437578 -5.36832212156129 19
      vertex 15.851949702904731 -3.47836140246614 19
      vertex 15.859391051599953 -5.275827927504724 19
    endloop
  endfacet
  facet normal 0 0 -1
    outer loop
      vertex 15.859391051599953 -5.275827927504724 19
      vertex 15.851949702904731 -3.47836140246614 19
      vertex 15.939339828220179 -5.189339828220179 19
    endloop
  endfacet
  facet normal 0 0 -1
    outer loop
      vertex 15.939339828220179 -5.189339828220179 19
      vertex 15.851949702904731 -3.47836140246614 19
      vertex 16.025827927504725 -5.109391051599953 19
    endloop
  endfacet
  facet normal 0 0 -1
    outer loop
      vertex 16.025827927504725 -5.109391051599953 19
      vertex 16.072949016875157 -3.3968304511145395 19
      vertex 16.11832212156129 -5.036474508437578 19
    endloop
  endfacet
  facet normal 0 0 -1
    outer loop
      vertex 16.11832212156129 -5.036474508437578 19
      vertex 16.072949016875157 -3.3968304511145395 19
      vertex 16.216252152926078 -4.971039753468862 19
    endloop
  endfacet
  facet normal 0 0 -1
    outer loop
      vertex 16.216252152926078 -4.971039753468862 19
      vertex 16.299663908432283 -3.3328902388069706 19
      vertex 16.31901425039068 -4.9134902137174485 19
    endloop
  endfacet
  facet normal 0 0 -1
    outer loop
      vertex 16.31901425039068 -4.9134902137174485 19
      vertex 16.299663908432283 -3.3328902388069706 19
      vertex 16.425974851452366 -4.86418070123307 19
    endloop
  endfacet
  facet normal 0 0 -1
    outer loop
      vertex 15.786474508437578 -5.36832212156129 19
      vertex 15.63802850078136 -3.576980427434896 19
      vertex 15.851949702904731 -3.47836140246614 19
    endloop
  endfacet
  facet normal 0 0 -1
    outer loop
      vertex 16.025827927504725 -5.109391051599953 19
      vertex 15.851949702904731 -3.47836140246614 19
      vertex 16.072949016875157 -3.3968304511145395 19
    endloop
  endfacet
  facet normal 0 0 -1
    outer loop
      vertex 16.216252152926078 -4.971039753468862 19
      vertex 16.072949016875157 -3.3968304511145395 19
      vertex 16.299663908432283 -3.3328902388069706 19
    endloop
  endfacet
  facet normal 0 0 -1
    outer loop
      vertex 16.425974851452366 -4.86418070123307 19
      vertex 16.530696604879306 -3.2869349782145867 19
      vertex 16.53647450843758 -4.8234152255572695 19
    endloop
  endfacet
  facet normal 0 0 -1
    outer loop
      vertex 16.53647450843758 -4.8234152255572695 19
      vertex 16.530696604879306 -3.2869349782145867 19
      vertex 16.649831954216143 -4.791445119403486 19
    endloop
  endfacet
  facet normal 0 0 -1
    outer loop
      vertex 16.649831954216143 -4.791445119403486 19
      vertex 16.764622712816465 -3.259247998800616 19
      vertex 16.765348302439655 -4.768467489107294 19
    endloop
  endfacet
  facet normal 0 0 -1
    outer loop
      vertex 16.765348302439655 -4.768467489107294 19
      vertex 16.764622712816465 -3.259247998800616 19
      vertex 16.882311356408234 -4.754623999400308 19
    endloop
  endfacet
  facet normal 0 0 -1
    outer loop
      vertex 16.882311356408234 -4.754623999400308 19
      vertex 17 -3.25 19
      vertex 17 -4.75 19
    endloop
  endfacet
  facet normal 0 0 -1
    outer loop
      vertex 18.38581929876693 -5.675974851452366 19
      vertex 18.33650978628255 -5.56901425039068 19
      vertex 18.36197149921864 -3.576980427434896 19
    endloop
  endfacet
  facet normal 0 0 -1
    outer loop
      vertex 18.33650978628255 -5.56901425039068 19
      vertex 18.27896024653114 -5.466252152926077 19
      vertex 18.36197149921864 -3.576980427434896 19
    endloop
  endfacet
  facet normal 0 0 -1
    outer loop
      vertex 17.974172072495275 -5.109391051599953 19
      vertex 17.88167787843871 -5.036474508437578 19
      vertex 17.927050983124843 -3.3968304511145395 19
    endloop
  endfacet
  facet normal 0 0 -1
    outer loop
      vertex 18.140608948400047 -5.275827927504724 19
      vertex 18.060660171779823 -5.189339828220179 19
      vertex 18.14805029709527 -3.47836140246614 19
    endloop
  endfacet
  facet normal 0 0 -1
    outer loop
      vertex 18.21352549156242 -5.36832212156129 19
      vertex 18.140608948400047 -5.275827927504724 19
      vertex 18.14805029709527 -3.47836140246614 19
    endloop
  endfacet
  facet normal 0 0 -1
    outer loop
      vertex 18.27896024653114 -5.466252152926077 19
      vertex 18.21352549156242 -5.36832212156129 19
      vertex 18.36197149921864 -3.576980427434896 19
    endloop
  endfacet
  facet normal 0 0 -1
    outer loop
      vertex 18.060660171779823 -5.189339828220179 19
      vertex 17.974172072495275 -5.109391051599953 19
      vertex 18.14805029709527 -3.47836140246614 19
    endloop
  endfacet
  facet normal 0 0 -1
    outer loop
      vertex 17 -4.75 19
      vertex 17.235377287183535 -3.259247998800616 19
      vertex 17.117688643591766 -4.754623999400308 19
    endloop
  endfacet
  facet normal 0 0 -1
    outer loop
      vertex 17.117688643591766 -4.754623999400308 19
      vertex 17.235377287183535 -3.259247998800616 19
      vertex 17.234651697560345 -4.768467489107294 19
    endloop
  endfacet
  facet normal 0 0 -1
    outer loop
      vertex 17.350168045783857 -4.791445119403486 19
      vertex 17.234651697560345 -4.768467489107294 19
      vertex 17.469303395120694 -3.2869349782145867 19
    endloop
  endfacet
  facet normal 0 0 -1
    outer loop
      vertex 17.46352549156242 -4.8234152255572695 19
      vertex 17.700336091567717 -3.3328902388069706 19
      vertex 17.574025148547634 -4.86418070123307 19
    endloop
  endfacet
  facet normal 0 0 -1
    outer loop
      vertex 17.574025148547634 -4.86418070123307 19
      vertex 17.700336091567717 -3.3328902388069706 19
      vertex 17.68098574960932 -4.9134902137174485 19
    endloop
  endfacet
  facet normal 0 0 -1
    outer loop
      vertex 17.350168045783857 -4.791445119403486 19
      vertex 17.469303395120694 -3.2869349782145867 19
      vertex 17.46352549156242 -4.8234152255572695 19
    endloop
  endfacet
  facet normal 0 0 -1
    outer loop
      vertex 17.783747847073922 -4.971039753468862 19
      vertex 17.68098574960932 -4.9134902137174485 19
      vertex 17.927050983124843 -3.3968304511145395 19
    endloop
  endfacet
  facet normal 0 0 -1
    outer loop
      vertex 17.783747847073922 -4.971039753468862 19
      vertex 17.927050983124843 -3.3968304511145395 19
      vertex 17.88167787843871 -5.036474508437578 19
    endloop
  endfacet
  facet normal 0 0 -1
    outer loop
      vertex 17.68098574960932 -4.9134902137174485 19
      vertex 17.700336091567717 -3.3328902388069706 19
      vertex 17.927050983124843 -3.3968304511145395 19
    endloop
  endfacet
  facet normal 0 0 -1
    outer loop
      vertex 17.974172072495275 -5.109391051599953 19
      vertex 17.927050983124843 -3.3968304511145395 19
      vertex 18.14805029709527 -3.47836140246614 19
    endloop
  endfacet
  facet normal 0 0 -1
    outer loop
      vertex 18.21352549156242 -5.36832212156129 19
      vertex 18.14805029709527 -3.47836140246614 19
      vertex 18.36197149921864 -3.576980427434896 19
    endloop
  endfacet
  facet normal 0.15611557632278647 -0.7848460021835226 0.5997038266394057
    outer loop
      vertex 16.649831954216143 -4.791445119403486 17
      vertex 16.530696604879306 -3.2869349782145867 19
      vertex 16.299663908432283 -3.3328902388069706 19
    endloop
  endfacet
  facet normal 0.09405601648498672 -0.7946752708352196 0.5997038266394056
    outer loop
      vertex 16.765348302439655 -4.768467489107294 17
      vertex 16.764622712816465 -3.259247998800616 19
      vertex 16.530696604879306 -3.2869349782145867 19
    endloop
  endfacet
  facet normal 0.03141657002876204 -0.799605102185874 0.5997038266394054
    outer loop
      vertex 16.882311356408234 -4.754623999400308 17
      vertex 17 -3.25 19
      vertex 16.764622712816465 -3.259247998800616 19
    endloop
  endfacet
  facet normal -0.03141657002876204 -0.799605102185874 0.5997038266394054
    outer loop
      vertex 17.117688643591766 -4.754623999400308 17
      vertex 17.235377287183535 -3.259247998800616 19
      vertex 17 -3.25 19
    endloop
  endfacet
  facet normal -0.09405601648498672 -0.7946752708352196 0.5997038266394056
    outer loop
      vertex 17.234651697560345 -4.768467489107294 17
      vertex 17.469303395120694 -3.2869349782145867 19
      vertex 17.235377287183535 -3.259247998800616 19
    endloop
  endfacet
  facet normal -0.15611557632278647 -0.7848460021835226 0.5997038266394057
    outer loop
      vertex 17.350168045783857 -4.791445119403486 17
      vertex 17.700336091567717 -3.3328902388069706 19
      vertex 17.469303395120694 -3.2869349782145867 19
    endloop
  endfacet
  facet normal 0 0 -1
    outer loop
      vertex 16.425974851452366 -4.86418070123307 19
      vertex 16.299663908432283 -3.3328902388069706 19
      vertex 16.530696604879306 -3.2869349782145867 19
    endloop
  endfacet
  facet normal 0 0 -1
    outer loop
      vertex 16.649831954216143 -4.791445119403486 19
      vertex 16.530696604879306 -3.2869349782145867 19
      vertex 16.764622712816465 -3.259247998800616 19
    endloop
  endfacet
  facet normal 0 0 -1
    outer loop
      vertex 16.882311356408234 -4.754623999400308 19
      vertex 16.764622712816465 -3.259247998800616 19
      vertex 17 -3.25 19
    endloop
  endfacet
  facet normal 0 0 -1
    outer loop
      vertex 17 -4.75 19
      vertex 17 -3.25 19
      vertex 17.235377287183535 -3.259247998800616 19
    endloop
  endfacet
  facet normal 0 0 -1
    outer loop
      vertex 17.234651697560345 -4.768467489107294 19
      vertex 17.235377287183535 -3.259247998800616 19
      vertex 17.469303395120694 -3.2869349782145867 19
    endloop
  endfacet
  facet normal 0 0 -1
    outer loop
      vertex 17.46352549156242 -4.8234152255572695 19
      vertex 17.469303395120694 -3.2869349782145867 19
      vertex 17.700336091567717 -3.3328902388069706 19
    endloop
  endfacet
  facet normal -0.6284279199167682 -0.49541262578091183 0.5997038266394055
    outer loop
      vertex 18.21352549156242 -5.36832212156129 17
      vertex 19.427050983124843 -4.486644243122581 19
      vertex 18.140608948400047 -5.275827927504724 17
    endloop
  endfacet
  facet normal -0.5876210597359549 -0.5431913203180327 0.5997038266394051
    outer loop
      vertex 18.140608948400047 -5.275827927504724 17
      vertex 19.121320343559642 -4.128679656440357 19
      vertex 18.060660171779823 -5.189339828220179 17
    endloop
  endfacet
  facet normal -0.6284279199167683 -0.49541262578091194 0.5997038266394054
    outer loop
      vertex 18.140608948400047 -5.275827927504724 17
      vertex 19.427050983124843 -4.486644243122581 19
      vertex 19.281217896800094 -4.301655855009449 19
    endloop
  endfacet
  facet normal -0.5876210597359516 -0.5431913203180362 0.5997038266394052
    outer loop
      vertex 18.140608948400047 -5.275827927504724 17
      vertex 19.281217896800094 -4.301655855009449 19
      vertex 19.121320343559642 -4.128679656440357 19
    endloop
  endfacet
  facet normal -0.6981905384944608 -0.391005488798903 0.5997038266394052
    outer loop
      vertex 18.27896024653114 -5.466252152926077 17
      vertex 19.673019572565103 -4.88802850078136 19
      vertex 19.557920493062277 -4.682504305852154 19
    endloop
  endfacet
  facet normal -0.6653603129978103 -0.44457954766443053 0.5997038266394054
    outer loop
      vertex 18.21352549156242 -5.36832212156129 17
      vertex 19.557920493062277 -4.682504305852154 19
      vertex 19.427050983124843 -4.486644243122581 19
    endloop
  endfacet
  facet normal -0.4445795476644341 -0.6653603129978081 0.5997038266394057
    outer loop
      vertex 17.88167787843871 -5.036474508437578 17
      vertex 18.76335575687742 -3.8229490168751576 19
      vertex 18.567495694147848 -3.6920795069377235 19
    endloop
  endfacet
  facet normal -0.49541262578091494 -0.628427919916766 0.5997038266394051
    outer loop
      vertex 17.974172072495275 -5.109391051599953 17
      vertex 18.94834414499055 -3.9687821031999073 19
      vertex 18.76335575687742 -3.8229490168751576 19
    endloop
  endfacet
  facet normal -0.543191320318033 -0.5876210597359547 0.5997038266394052
    outer loop
      vertex 18.060660171779823 -5.189339828220179 17
      vertex 19.121320343559642 -4.128679656440357 19
      vertex 18.94834414499055 -3.9687821031999073 19
    endloop
  endfacet
  facet normal 0 0 -1
    outer loop
      vertex 18.42658477444273 -5.786474508437579 19
      vertex 18.38581929876693 -5.675974851452366 19
      vertex 18.36197149921864 -3.576980427434896 19
    endloop
  endfacet
  facet normal 0 0 -1
    outer loop
      vertex 18.42658477444273 -5.786474508437579 19
      vertex 18.36197149921864 -3.576980427434896 19
      vertex 18.567495694147848 -3.6920795069377235 19
    endloop
  endfacet
  facet normal 0.6190939493098309 0.7853169308807473 0
    outer loop
      vertex 16.025827927504725 5.109391051599953 17
      vertex 16.11832212156129 5.036474508437578 0
      vertex 16.025827927504725 5.109391051599953 0
    endloop
  endfacet
  facet normal 0.4886212414969573 0.8724960070727956 0
    outer loop
      vertex 16.216252152926078 4.971039753468862 17
      vertex 16.31901425039068 4.9134902137174485 0
      vertex 16.216252152926078 4.971039753468862 0
    endloop
  endfacet
  facet normal 0.4186597375374261 0.9081431738250824 0
    outer loop
      vertex 16.31901425039068 4.9134902137174485 17
      vertex 16.425974851452366 4.86418070123307 0
      vertex 16.31901425039068 4.9134902137174485 0
    endloop
  endfacet
  facet normal 0.5555702330195998 0.8314696123025468 0
    outer loop
      vertex 16.11832212156129 5.036474508437578 17
      vertex 16.216252152926078 4.971039753468862 0
      vertex 16.11832212156129 5.036474508437578 0
    endloop
  endfacet
  facet normal 0.19509032201613216 0.9807852804032297 0
    outer loop
      vertex 16.649831954216143 4.791445119403486 17
      vertex 16.765348302439655 4.768467489107294 0
      vertex 16.649831954216143 4.791445119403486 0
    endloop
  endfacet
  facet normal 0.11753739745783998 0.993068456954926 0
    outer loop
      vertex 16.765348302439655 4.768467489107294 17
      vertex 16.882311356408234 4.754623999400308 0
      vertex 16.765348302439655 4.768467489107294 0
    endloop
  endfacet
  facet normal 0.039259815759067854 0.9992290362407228 0
    outer loop
      vertex 16.882311356408234 4.754623999400308 17
      vertex 17 4.75 0
      vertex 16.882311356408234 4.754623999400308 0
    endloop
  endfacet
  facet normal -0.039259815759067854 0.9992290362407228 0
    outer loop
      vertex 17 4.75 17
      vertex 17.117688643591766 4.754623999400308 0
      vertex 17 4.75 0
    endloop
  endfacet
  facet normal 0.34611705707749923 0.9381913359224818 0
    outer loop
      vertex 16.425974851452366 4.86418070123307 17
      vertex 16.53647450843758 4.8234152255572695 0
      vertex 16.425974851452366 4.86418070123307 0
    endloop
  endfacet
  facet normal 0.2714404498650644 0.96245523645365 0
    outer loop
      vertex 16.53647450843758 4.8234152255572695 17
      vertex 16.649831954216143 4.791445119403486 0
      vertex 16.53647450843758 4.8234152255572695 0
    endloop
  endfacet
  facet normal -0.11753739745783998 0.993068456954926 0
    outer loop
      vertex 17.117688643591766 4.754623999400308 17
      vertex 17.234651697560345 4.768467489107294 0
      vertex 17.117688643591766 4.754623999400308 0
    endloop
  endfacet
  facet normal -0.19509032201613216 0.9807852804032297 0
    outer loop
      vertex 17.234651697560345 4.768467489107294 17
      vertex 17.350168045783857 4.791445119403486 0
      vertex 17.234651697560345 4.768467489107294 0
    endloop
  endfacet
  facet normal -0.2714404498650644 0.96245523645365 0
    outer loop
      vertex 17.350168045783857 4.791445119403486 17
      vertex 17.46352549156242 4.8234152255572695 0
      vertex 17.350168045783857 4.791445119403486 0
    endloop
  endfacet
  facet normal -0.34611705707749923 0.9381913359224818 0
    outer loop
      vertex 17.46352549156242 4.8234152255572695 17
      vertex 17.574025148547634 4.86418070123307 0
      vertex 17.46352549156242 4.8234152255572695 0
    endloop
  endfacet
  facet normal -0.4186597375374261 0.9081431738250824 0
    outer loop
      vertex 17.574025148547634 4.86418070123307 17
      vertex 17.68098574960932 4.9134902137174485 0
      vertex 17.574025148547634 4.86418070123307 0
    endloop
  endfacet
  facet normal -0.4886212414969573 0.8724960070727956 0
    outer loop
      vertex 17.68098574960932 4.9134902137174485 17
      vertex 17.783747847073922 4.971039753468862 0
      vertex 17.68098574960932 4.9134902137174485 0
    endloop
  endfacet
  facet normal -0.5555702330195998 0.8314696123025468 0
    outer loop
      vertex 17.783747847073922 4.971039753468862 17
      vertex 17.88167787843871 5.036474508437578 0
      vertex 17.783747847073922 4.971039753468862 0
    endloop
  endfacet
  facet normal -0.6190939493098309 0.7853169308807473 0
    outer loop
      vertex 17.88167787843871 5.036474508437578 17
      vertex 17.974172072495275 5.109391051599953 0
      vertex 17.88167787843871 5.036474508437578 0
    endloop
  endfacet
  facet normal 0.8314696123025492 0.5555702330195964 0
    outer loop
      vertex 15.721039753468862 5.466252152926077 17
      vertex 15.786474508437578 5.36832212156129 0
      vertex 15.721039753468862 5.466252152926077 0
    endloop
  endfacet
  facet normal 0.8724960070727976 0.48862124149695413 0
    outer loop
      vertex 15.663490213717449 5.56901425039068 17
      vertex 15.721039753468862 5.466252152926077 0
      vertex 15.663490213717449 5.56901425039068 0
    endloop
  endfacet
  facet normal 0.9081431738250839 0.41865973753742275 0
    outer loop
      vertex 15.614180701233071 5.675974851452366 17
      vertex 15.663490213717449 5.56901425039068 0
      vertex 15.614180701233071 5.675974851452366 0
    endloop
  endfacet
  facet normal 0.9381913359224812 0.34611705707750096 0
    outer loop
      vertex 15.57341522555727 5.786474508437579 17
      vertex 15.614180701233071 5.675974851452366 0
      vertex 15.57341522555727 5.786474508437579 0
    endloop
  endfacet
  facet normal 0.9624552364536483 0.27144044986507027 0
    outer loop
      vertex 15.541445119403486 5.8998319542161415 17
      vertex 15.57341522555727 5.786474508437579 0
      vertex 15.541445119403486 5.8998319542161415 0
    endloop
  endfacet
  facet normal 0.9807852804032283 0.19509032201613946 0
    outer loop
      vertex 15.518467489107293 6.015348302439653 17
      vertex 15.541445119403486 5.8998319542161415 0
      vertex 15.518467489107293 6.015348302439653 0
    endloop
  endfacet
  facet normal 0.9930684569549277 0.11753739745782511 0
    outer loop
      vertex 15.504623999400309 6.132311356408232 17
      vertex 15.518467489107293 6.015348302439653 0
      vertex 15.504623999400309 6.132311356408232 0
    endloop
  endfacet
  facet normal 0.9992290362407228 0.039259815759074806 0
    outer loop
      vertex 15.5 6.25 17
      vertex 15.504623999400309 6.132311356408232 0
      vertex 15.5 6.25 0
    endloop
  endfacet
  facet normal 0.9992290362407228 -0.039259815759074806 0
    outer loop
      vertex 15.504623999400309 6.367688643591768 17
      vertex 15.5 6.25 0
      vertex 15.504623999400309 6.367688643591768 0
    endloop
  endfacet
  facet normal 0.9930684569549277 -0.11753739745782511 0
    outer loop
      vertex 15.518467489107293 6.484651697560347 17
      vertex 15.504623999400309 6.367688643591768 0
      vertex 15.518467489107293 6.484651697560347 0
    endloop
  endfacet
  facet normal 0.9807852804032283 -0.19509032201613946 0
    outer loop
      vertex 15.541445119403486 6.6001680457838585 17
      vertex 15.518467489107293 6.484651697560347 0
      vertex 15.541445119403486 6.6001680457838585 0
    endloop
  endfacet
  facet normal 0.9624552364536483 -0.27144044986507027 0
    outer loop
      vertex 15.57341522555727 6.713525491562421 17
      vertex 15.541445119403486 6.6001680457838585 0
      vertex 15.57341522555727 6.713525491562421 0
    endloop
  endfacet
  facet normal 0.9381913359224812 -0.34611705707750096 0
    outer loop
      vertex 15.614180701233071 6.824025148547634 17
      vertex 15.57341522555727 6.713525491562421 0
      vertex 15.614180701233071 6.824025148547634 0
    endloop
  endfacet
  facet normal 0.9081431738250839 -0.41865973753742275 0
    outer loop
      vertex 15.663490213717449 6.93098574960932 17
      vertex 15.614180701233071 6.824025148547634 0
      vertex 15.663490213717449 6.93098574960932 0
    endloop
  endfacet
  facet normal 0.8724960070727976 -0.48862124149695413 0
    outer loop
      vertex 15.721039753468862 7.033747847073923 17
      vertex 15.663490213717449 6.93098574960932 0
      vertex 15.721039753468862 7.033747847073923 0
    endloop
  endfacet
  facet normal 0.7343225094356801 0.6788007455329478 0
    outer loop
      vertex 15.859391051599953 5.275827927504724 17
      vertex 15.939339828220179 5.189339828220179 0
      vertex 15.859391051599953 5.275827927504724 0
    endloop
  endfacet
  facet normal 0.678800745532944 0.7343225094356836 0
    outer loop
      vertex 15.939339828220179 5.189339828220179 17
      vertex 16.025827927504725 5.109391051599953 0
      vertex 15.939339828220179 5.189339828220179 0
    endloop
  endfacet
  facet normal 0.7853169308807445 0.6190939493098346 0
    outer loop
      vertex 15.786474508437578 5.36832212156129 17
      vertex 15.859391051599953 5.275827927504724 0
      vertex 15.786474508437578 5.36832212156129 0
    endloop
  endfacet
  facet normal -0.6788007455329365 0.7343225094356906 0
    outer loop
      vertex 17.974172072495275 5.109391051599953 17
      vertex 18.060660171779823 5.189339828220179 0
      vertex 17.974172072495275 5.109391051599953 0
    endloop
  endfacet
  facet normal -0.7343225094356876 0.6788007455329396 0
    outer loop
      vertex 18.060660171779823 5.189339828220179 17
      vertex 18.140608948400047 5.275827927504724 0
      vertex 18.060660171779823 5.189339828220179 0
    endloop
  endfacet
  facet normal -0.7853169308807445 0.6190939493098346 0
    outer loop
      vertex 18.140608948400047 5.275827927504724 17
      vertex 18.21352549156242 5.36832212156129 0
      vertex 18.140608948400047 5.275827927504724 0
    endloop
  endfacet
  facet normal -0.8314696123025492 0.5555702330195964 0
    outer loop
      vertex 18.21352549156242 5.36832212156129 17
      vertex 18.27896024653114 5.466252152926077 0
      vertex 18.21352549156242 5.36832212156129 0
    endloop
  endfacet
  facet normal -0.8724960070727976 0.48862124149695413 0
    outer loop
      vertex 18.27896024653114 5.466252152926077 17
      vertex 18.33650978628255 5.56901425039068 0
      vertex 18.27896024653114 5.466252152926077 0
    endloop
  endfacet
  facet normal -0.9081431738250839 0.41865973753742275 0
    outer loop
      vertex 18.33650978628255 5.56901425039068 17
      vertex 18.38581929876693 5.675974851452366 0
      vertex 18.33650978628255 5.56901425039068 0
    endloop
  endfacet
  facet normal 0.8314696123025492 -0.5555702330195964 0
    outer loop
      vertex 15.786474508437578 7.13167787843871 17
      vertex 15.721039753468862 7.033747847073923 0
      vertex 15.786474508437578 7.13167787843871 0
    endloop
  endfacet
  facet normal 0.7853169308807445 -0.6190939493098346 0
    outer loop
      vertex 15.859391051599953 7.224172072495276 17
      vertex 15.786474508437578 7.13167787843871 0
      vertex 15.859391051599953 7.224172072495276 0
    endloop
  endfacet
  facet normal 0.7343225094356801 -0.6788007455329478 0
    outer loop
      vertex 15.939339828220179 7.310660171779821 17
      vertex 15.859391051599953 7.224172072495276 0
      vertex 15.939339828220179 7.310660171779821 0
    endloop
  endfacet
  facet normal 0.678800745532944 -0.7343225094356836 0
    outer loop
      vertex 16.025827927504725 7.390608948400047 17
      vertex 15.939339828220179 7.310660171779821 0
      vertex 16.025827927504725 7.390608948400047 0
    endloop
  endfacet
  facet normal 0.6190939493098309 -0.7853169308807473 0
    outer loop
      vertex 16.11832212156129 7.463525491562422 17
      vertex 16.025827927504725 7.390608948400047 0
      vertex 16.11832212156129 7.463525491562422 0
    endloop
  endfacet
  facet normal 0.5555702330195998 -0.8314696123025468 0
    outer loop
      vertex 16.216252152926078 7.528960246531138 17
      vertex 16.11832212156129 7.463525491562422 0
      vertex 16.216252152926078 7.528960246531138 0
    endloop
  endfacet
  facet normal 0.4886212414969573 -0.8724960070727956 0
    outer loop
      vertex 16.31901425039068 7.5865097862825515 17
      vertex 16.216252152926078 7.528960246531138 0
      vertex 16.31901425039068 7.5865097862825515 0
    endloop
  endfacet
  facet normal 0.4186597375374261 -0.9081431738250824 0
    outer loop
      vertex 16.425974851452366 7.63581929876693 17
      vertex 16.31901425039068 7.5865097862825515 0
      vertex 16.425974851452366 7.63581929876693 0
    endloop
  endfacet
  facet normal 0.34611705707749923 -0.9381913359224818 0
    outer loop
      vertex 16.53647450843758 7.6765847744427305 17
      vertex 16.425974851452366 7.63581929876693 0
      vertex 16.53647450843758 7.6765847744427305 0
    endloop
  endfacet
  facet normal -0.9081431738250839 -0.41865973753742275 0
    outer loop
      vertex 18.38581929876693 6.824025148547634 17
      vertex 18.33650978628255 6.93098574960932 0
      vertex 18.38581929876693 6.824025148547634 0
    endloop
  endfacet
  facet normal -0.8724960070727976 -0.48862124149695413 0
    outer loop
      vertex 18.33650978628255 6.93098574960932 17
      vertex 18.27896024653114 7.033747847073923 0
      vertex 18.33650978628255 6.93098574960932 0
    endloop
  endfacet
  facet normal -0.2714404498650644 -0.96245523645365 0
    outer loop
      vertex 17.46352549156242 7.6765847744427305 17
      vertex 17.350168045783857 7.708554880596514 0
      vertex 17.46352549156242 7.6765847744427305 0
    endloop
  endfacet
  facet normal -0.34611705707749923 -0.9381913359224818 0
    outer loop
      vertex 17.574025148547634 7.63581929876693 17
      vertex 17.46352549156242 7.6765847744427305 0
      vertex 17.574025148547634 7.63581929876693 0
    endloop
  endfacet
  facet normal -0.4186597375374261 -0.9081431738250824 0
    outer loop
      vertex 17.68098574960932 7.5865097862825515 17
      vertex 17.574025148547634 7.63581929876693 0
      vertex 17.68098574960932 7.5865097862825515 0
    endloop
  endfacet
  facet normal -0.6788007455329365 -0.7343225094356906 0
    outer loop
      vertex 18.060660171779823 7.310660171779821 17
      vertex 17.974172072495275 7.390608948400047 0
      vertex 18.060660171779823 7.310660171779821 0
    endloop
  endfacet
  facet normal -0.7853169308807445 -0.6190939493098346 0
    outer loop
      vertex 18.21352549156242 7.13167787843871 17
      vertex 18.140608948400047 7.224172072495276 0
      vertex 18.21352549156242 7.13167787843871 0
    endloop
  endfacet
  facet normal -0.8314696123025492 -0.5555702330195964 0
    outer loop
      vertex 18.27896024653114 7.033747847073923 17
      vertex 18.21352549156242 7.13167787843871 0
      vertex 18.27896024653114 7.033747847073923 0
    endloop
  endfacet
  facet normal -0.7343225094356876 -0.6788007455329396 0
    outer loop
      vertex 18.140608948400047 7.224172072495276 17
      vertex 18.060660171779823 7.310660171779821 0
      vertex 18.140608948400047 7.224172072495276 0
    endloop
  endfacet
  facet normal -0.5555702330195998 -0.8314696123025468 0
    outer loop
      vertex 17.88167787843871 7.463525491562422 17
      vertex 17.783747847073922 7.528960246531138 0
      vertex 17.88167787843871 7.463525491562422 0
    endloop
  endfacet
  facet normal -0.6190939493098309 -0.7853169308807473 0
    outer loop
      vertex 17.974172072495275 7.390608948400047 17
      vertex 17.88167787843871 7.463525491562422 0
      vertex 17.974172072495275 7.390608948400047 0
    endloop
  endfacet
  facet normal -0.4886212414969573 -0.8724960070727956 0
    outer loop
      vertex 17.783747847073922 7.528960246531138 17
      vertex 17.68098574960932 7.5865097862825515 0
      vertex 17.783747847073922 7.528960246531138 0
    endloop
  endfacet
  facet normal -0.9381913359224812 0.34611705707750096 0
    outer loop
      vertex 18.38581929876693 5.675974851452366 17
      vertex 18.42658477444273 5.786474508437579 0
      vertex 18.38581929876693 5.675974851452366 0
    endloop
  endfacet
  facet normal -0.9624552364536445 0.2714404498650843 0
    outer loop
      vertex 18.42658477444273 5.786474508437579 17
      vertex 18.458554880596516 5.8998319542161415 0
      vertex 18.42658477444273 5.786474508437579 0
    endloop
  endfacet
  facet normal -0.980785280403234 0.1950903220161104 0
    outer loop
      vertex 18.458554880596516 5.8998319542161415 17
      vertex 18.481532510892706 6.015348302439653 0
      vertex 18.458554880596516 5.8998319542161415 0
    endloop
  endfacet
  facet normal -0.993068456954926 0.11753739745783998 0
    outer loop
      vertex 18.481532510892706 6.015348302439653 17
      vertex 18.49537600059969 6.132311356408232 0
      vertex 18.481532510892706 6.015348302439653 0
    endloop
  endfacet
  facet normal -0.9992290362407228 0.039259815759074806 0
    outer loop
      vertex 18.49537600059969 6.132311356408232 17
      vertex 18.5 6.25 0
      vertex 18.49537600059969 6.132311356408232 0
    endloop
  endfacet
  facet normal -0.9992290362407228 -0.039259815759074806 0
    outer loop
      vertex 18.5 6.25 17
      vertex 18.49537600059969 6.367688643591768 0
      vertex 18.5 6.25 0
    endloop
  endfacet
  facet normal -0.993068456954926 -0.11753739745783998 0
    outer loop
      vertex 18.49537600059969 6.367688643591768 17
      vertex 18.481532510892706 6.484651697560347 0
      vertex 18.49537600059969 6.367688643591768 0
    endloop
  endfacet
  facet normal -0.980785280403234 -0.1950903220161104 0
    outer loop
      vertex 18.481532510892706 6.484651697560347 17
      vertex 18.458554880596516 6.6001680457838585 0
      vertex 18.481532510892706 6.484651697560347 0
    endloop
  endfacet
  facet normal -0.9624552364536445 -0.2714404498650843 0
    outer loop
      vertex 18.458554880596516 6.6001680457838585 17
      vertex 18.42658477444273 6.713525491562421 0
      vertex 18.458554880596516 6.6001680457838585 0
    endloop
  endfacet
  facet normal -0.9381913359224812 -0.34611705707750096 0
    outer loop
      vertex 18.42658477444273 6.713525491562421 17
      vertex 18.38581929876693 6.824025148547634 0
      vertex 18.42658477444273 6.713525491562421 0
    endloop
  endfacet
  facet normal 0.2714404498650644 -0.96245523645365 0
    outer loop
      vertex 16.649831954216143 7.708554880596514 17
      vertex 16.53647450843758 7.6765847744427305 0
      vertex 16.649831954216143 7.708554880596514 0
    endloop
  endfacet
  facet normal 0.19509032201613216 -0.9807852804032297 0
    outer loop
      vertex 16.765348302439655 7.731532510892706 17
      vertex 16.649831954216143 7.708554880596514 0
      vertex 16.765348302439655 7.731532510892706 0
    endloop
  endfacet
  facet normal 0.11753739745783998 -0.993068456954926 0
    outer loop
      vertex 16.882311356408234 7.745376000599692 17
      vertex 16.765348302439655 7.731532510892706 0
      vertex 16.882311356408234 7.745376000599692 0
    endloop
  endfacet
  facet normal 0.039259815759067854 -0.9992290362407228 0
    outer loop
      vertex 17 7.75 17
      vertex 16.882311356408234 7.745376000599692 0
      vertex 17 7.75 0
    endloop
  endfacet
  facet normal -0.039259815759067854 -0.9992290362407228 0
    outer loop
      vertex 17.117688643591766 7.745376000599692 17
      vertex 17 7.75 0
      vertex 17.117688643591766 7.745376000599692 0
    endloop
  endfacet
  facet normal -0.11753739745783998 -0.993068456954926 0
    outer loop
      vertex 17.234651697560345 7.731532510892706 17
      vertex 17.117688643591766 7.745376000599692 0
      vertex 17.234651697560345 7.731532510892706 0
    endloop
  endfacet
  facet normal -0.19509032201613216 -0.9807852804032297 0
    outer loop
      vertex 17.350168045783857 7.708554880596514 17
      vertex 17.234651697560345 7.731532510892706 0
      vertex 17.350168045783857 7.708554880596514 0
    endloop
  endfacet
  facet normal 0.4186597375374261 0.9081431738250824 0
    outer loop
      vertex 16.31901425039068 4.9134902137174485 17
      vertex 16.425974851452366 4.86418070123307 17
      vertex 16.425974851452366 4.86418070123307 0
    endloop
  endfacet
  facet normal 0.4886212414969573 0.8724960070727956 0
    outer loop
      vertex 16.216252152926078 4.971039753468862 17
      vertex 16.31901425039068 4.9134902137174485 17
      vertex 16.31901425039068 4.9134902137174485 0
    endloop
  endfacet
  facet normal 0.5555702330195998 0.8314696123025468 0
    outer loop
      vertex 16.216252152926078 4.971039753468862 17
      vertex 16.216252152926078 4.971039753468862 0
      vertex 16.11832212156129 5.036474508437578 17
    endloop
  endfacet
  facet normal 0.6190939493098309 0.7853169308807473 0
    outer loop
      vertex 16.11832212156129 5.036474508437578 17
      vertex 16.11832212156129 5.036474508437578 0
      vertex 16.025827927504725 5.109391051599953 17
    endloop
  endfacet
  facet normal 0.2714404498650644 0.96245523645365 0
    outer loop
      vertex 16.53647450843758 4.8234152255572695 17
      vertex 16.649831954216143 4.791445119403486 17
      vertex 16.649831954216143 4.791445119403486 0
    endloop
  endfacet
  facet normal 0.19509032201613216 0.9807852804032297 0
    outer loop
      vertex 16.765348302439655 4.768467489107294 17
      vertex 16.765348302439655 4.768467489107294 0
      vertex 16.649831954216143 4.791445119403486 17
    endloop
  endfacet
  facet normal 0.11753739745783998 0.993068456954926 0
    outer loop
      vertex 16.765348302439655 4.768467489107294 17
      vertex 16.882311356408234 4.754623999400308 17
      vertex 16.882311356408234 4.754623999400308 0
    endloop
  endfacet
  facet normal 0.039259815759067854 0.9992290362407228 0
    outer loop
      vertex 16.882311356408234 4.754623999400308 17
      vertex 17 4.75 17
      vertex 17 4.75 0
    endloop
  endfacet
  facet normal 0.34611705707749923 0.9381913359224818 0
    outer loop
      vertex 16.53647450843758 4.8234152255572695 17
      vertex 16.53647450843758 4.8234152255572695 0
      vertex 16.425974851452366 4.86418070123307 17
    endloop
  endfacet
  facet normal -0.039259815759067854 0.9992290362407228 0
    outer loop
      vertex 17 4.75 17
      vertex 17.117688643591766 4.754623999400308 17
      vertex 17.117688643591766 4.754623999400308 0
    endloop
  endfacet
  facet normal -0.11753739745783998 0.993068456954926 0
    outer loop
      vertex 17.117688643591766 4.754623999400308 17
      vertex 17.234651697560345 4.768467489107294 17
      vertex 17.234651697560345 4.768467489107294 0
    endloop
  endfacet
  facet normal -0.19509032201613216 0.9807852804032297 0
    outer loop
      vertex 17.234651697560345 4.768467489107294 17
      vertex 17.350168045783857 4.791445119403486 17
      vertex 17.350168045783857 4.791445119403486 0
    endloop
  endfacet
  facet normal -0.2714404498650644 0.96245523645365 0
    outer loop
      vertex 17.350168045783857 4.791445119403486 17
      vertex 17.46352549156242 4.8234152255572695 17
      vertex 17.46352549156242 4.8234152255572695 0
    endloop
  endfacet
  facet normal -0.34611705707749923 0.9381913359224818 0
    outer loop
      vertex 17.46352549156242 4.8234152255572695 17
      vertex 17.574025148547634 4.86418070123307 17
      vertex 17.574025148547634 4.86418070123307 0
    endloop
  endfacet
  facet normal -0.4186597375374261 0.9081431738250824 0
    outer loop
      vertex 17.574025148547634 4.86418070123307 17
      vertex 17.68098574960932 4.9134902137174485 17
      vertex 17.68098574960932 4.9134902137174485 0
    endloop
  endfacet
  facet normal -0.4886212414969573 0.8724960070727956 0
    outer loop
      vertex 17.68098574960932 4.9134902137174485 17
      vertex 17.783747847073922 4.971039753468862 17
      vertex 17.783747847073922 4.971039753468862 0
    endloop
  endfacet
  facet normal -0.5555702330195998 0.8314696123025468 0
    outer loop
      vertex 17.783747847073922 4.971039753468862 17
      vertex 17.88167787843871 5.036474508437578 17
      vertex 17.88167787843871 5.036474508437578 0
    endloop
  endfacet
  facet normal -0.6190939493098309 0.7853169308807473 0
    outer loop
      vertex 17.88167787843871 5.036474508437578 17
      vertex 17.974172072495275 5.109391051599953 17
      vertex 17.974172072495275 5.109391051599953 0
    endloop
  endfacet
  facet normal 0.619093949309831 0.7853169308807474 0
    outer loop
      vertex 16.11832212156129 5.036474508437578 19
      vertex 16.025827927504725 5.109391051599953 19
      vertex 16.025827927504725 5.109391051599953 20
    endloop
  endfacet
  facet normal 0.48862124149695735 0.8724960070727957 0
    outer loop
      vertex 16.216252152926078 4.971039753468862 19
      vertex 16.216252152926078 4.971039753468862 20
      vertex 16.31901425039068 4.9134902137174485 19
    endloop
  endfacet
  facet normal 0.418659737537426 0.9081431738250821 0
    outer loop
      vertex 16.31901425039068 4.9134902137174485 19
      vertex 16.31901425039068 4.9134902137174485 20
      vertex 16.425974851452366 4.86418070123307 19
    endloop
  endfacet
  facet normal 0.5555702330195998 0.8314696123025468 0
    outer loop
      vertex 16.216252152926078 4.971039753468862 19
      vertex 16.11832212156129 5.036474508437578 19
      vertex 16.11832212156129 5.036474508437578 20
    endloop
  endfacet
  facet normal 0.1950903220161322 0.9807852804032298 0
    outer loop
      vertex 16.765348302439655 4.768467489107294 19
      vertex 16.649831954216143 4.791445119403486 19
      vertex 16.649831954216143 4.791445119403486 20
    endloop
  endfacet
  facet normal 0.11753739745783998 0.993068456954926 0
    outer loop
      vertex 16.765348302439655 4.768467489107294 19
      vertex 16.765348302439655 4.768467489107294 20
      vertex 16.882311356408234 4.754623999400308 19
    endloop
  endfacet
  facet normal 0.03925981575906786 0.999229036240723 0
    outer loop
      vertex 16.882311356408234 4.754623999400308 19
      vertex 16.882311356408234 4.754623999400308 20
      vertex 17 4.75 19
    endloop
  endfacet
  facet normal -0.03925981575906786 0.999229036240723 0
    outer loop
      vertex 17 4.75 19
      vertex 17 4.75 20
      vertex 17.117688643591766 4.754623999400308 19
    endloop
  endfacet
  facet normal 0.34611705707749923 0.9381913359224818 0
    outer loop
      vertex 16.53647450843758 4.8234152255572695 19
      vertex 16.425974851452366 4.86418070123307 19
      vertex 16.425974851452366 4.86418070123307 20
    endloop
  endfacet
  facet normal 0.2714404498650644 0.96245523645365 0
    outer loop
      vertex 16.53647450843758 4.8234152255572695 19
      vertex 16.53647450843758 4.8234152255572695 20
      vertex 16.649831954216143 4.791445119403486 19
    endloop
  endfacet
  facet normal 0.418659737537426 0.9081431738250821 0
    outer loop
      vertex 16.425974851452366 4.86418070123307 19
      vertex 16.31901425039068 4.9134902137174485 20
      vertex 16.425974851452366 4.86418070123307 20
    endloop
  endfacet
  facet normal 0.48862124149695735 0.8724960070727957 0
    outer loop
      vertex 16.31901425039068 4.9134902137174485 19
      vertex 16.216252152926078 4.971039753468862 20
      vertex 16.31901425039068 4.9134902137174485 20
    endloop
  endfacet
  facet normal 0.5555702330195998 0.8314696123025468 0
    outer loop
      vertex 16.216252152926078 4.971039753468862 19
      vertex 16.11832212156129 5.036474508437578 20
      vertex 16.216252152926078 4.971039753468862 20
    endloop
  endfacet
  facet normal 0.619093949309831 0.7853169308807474 0
    outer loop
      vertex 16.11832212156129 5.036474508437578 19
      vertex 16.025827927504725 5.109391051599953 20
      vertex 16.11832212156129 5.036474508437578 20
    endloop
  endfacet
  facet normal 0.2714404498650644 0.96245523645365 0
    outer loop
      vertex 16.649831954216143 4.791445119403486 19
      vertex 16.53647450843758 4.8234152255572695 20
      vertex 16.649831954216143 4.791445119403486 20
    endloop
  endfacet
  facet normal 0.1950903220161322 0.9807852804032298 0
    outer loop
      vertex 16.765348302439655 4.768467489107294 19
      vertex 16.649831954216143 4.791445119403486 20
      vertex 16.765348302439655 4.768467489107294 20
    endloop
  endfacet
  facet normal 0.11753739745783998 0.993068456954926 0
    outer loop
      vertex 16.882311356408234 4.754623999400308 19
      vertex 16.765348302439655 4.768467489107294 20
      vertex 16.882311356408234 4.754623999400308 20
    endloop
  endfacet
  facet normal 0.03925981575906786 0.999229036240723 0
    outer loop
      vertex 17 4.75 19
      vertex 16.882311356408234 4.754623999400308 20
      vertex 17 4.75 20
    endloop
  endfacet
  facet normal 0.34611705707749923 0.9381913359224818 0
    outer loop
      vertex 16.53647450843758 4.8234152255572695 19
      vertex 16.425974851452366 4.86418070123307 20
      vertex 16.53647450843758 4.8234152255572695 20
    endloop
  endfacet
  facet normal -0.11753739745783998 0.993068456954926 0
    outer loop
      vertex 17.117688643591766 4.754623999400308 19
      vertex 17.117688643591766 4.754623999400308 20
      vertex 17.234651697560345 4.768467489107294 19
    endloop
  endfacet
  facet normal -0.1950903220161322 0.9807852804032298 0
    outer loop
      vertex 17.234651697560345 4.768467489107294 19
      vertex 17.234651697560345 4.768467489107294 20
      vertex 17.350168045783857 4.791445119403486 19
    endloop
  endfacet
  facet normal -0.2714404498650644 0.96245523645365 0
    outer loop
      vertex 17.350168045783857 4.791445119403486 19
      vertex 17.350168045783857 4.791445119403486 20
      vertex 17.46352549156242 4.8234152255572695 19
    endloop
  endfacet
  facet normal -0.34611705707749923 0.9381913359224818 0
    outer loop
      vertex 17.46352549156242 4.8234152255572695 19
      vertex 17.46352549156242 4.8234152255572695 20
      vertex 17.574025148547634 4.86418070123307 19
    endloop
  endfacet
  facet normal -0.418659737537426 0.9081431738250821 0
    outer loop
      vertex 17.574025148547634 4.86418070123307 19
      vertex 17.574025148547634 4.86418070123307 20
      vertex 17.68098574960932 4.9134902137174485 19
    endloop
  endfacet
  facet normal -0.48862124149695735 0.8724960070727957 0
    outer loop
      vertex 17.68098574960932 4.9134902137174485 19
      vertex 17.68098574960932 4.9134902137174485 20
      vertex 17.783747847073922 4.971039753468862 19
    endloop
  endfacet
  facet normal -0.5555702330195998 0.8314696123025468 0
    outer loop
      vertex 17.783747847073922 4.971039753468862 19
      vertex 17.783747847073922 4.971039753468862 20
      vertex 17.88167787843871 5.036474508437578 19
    endloop
  endfacet
  facet normal -0.619093949309831 0.7853169308807474 0
    outer loop
      vertex 17.88167787843871 5.036474508437578 19
      vertex 17.88167787843871 5.036474508437578 20
      vertex 17.974172072495275 5.109391051599953 19
    endloop
  endfacet
  facet normal -0.03925981575906786 0.999229036240723 0
    outer loop
      vertex 17.117688643591766 4.754623999400308 19
      vertex 17 4.75 20
      vertex 17.117688643591766 4.754623999400308 20
    endloop
  endfacet
  facet normal -0.11753739745783998 0.993068456954926 0
    outer loop
      vertex 17.234651697560345 4.768467489107294 19
      vertex 17.117688643591766 4.754623999400308 20
      vertex 17.234651697560345 4.768467489107294 20
    endloop
  endfacet
  facet normal -0.1950903220161322 0.9807852804032298 0
    outer loop
      vertex 17.350168045783857 4.791445119403486 19
      vertex 17.234651697560345 4.768467489107294 20
      vertex 17.350168045783857 4.791445119403486 20
    endloop
  endfacet
  facet normal -0.2714404498650644 0.96245523645365 0
    outer loop
      vertex 17.46352549156242 4.8234152255572695 19
      vertex 17.350168045783857 4.791445119403486 20
      vertex 17.46352549156242 4.8234152255572695 20
    endloop
  endfacet
  facet normal -0.34611705707749923 0.9381913359224818 0
    outer loop
      vertex 17.574025148547634 4.86418070123307 19
      vertex 17.46352549156242 4.8234152255572695 20
      vertex 17.574025148547634 4.86418070123307 20
    endloop
  endfacet
  facet normal -0.418659737537426 0.9081431738250821 0
    outer loop
      vertex 17.68098574960932 4.9134902137174485 19
      vertex 17.574025148547634 4.86418070123307 20
      vertex 17.68098574960932 4.9134902137174485 20
    endloop
  endfacet
  facet normal -0.48862124149695735 0.8724960070727957 0
    outer loop
      vertex 17.783747847073922 4.971039753468862 19
      vertex 17.68098574960932 4.9134902137174485 20
      vertex 17.783747847073922 4.971039753468862 20
    endloop
  endfacet
  facet normal -0.5555702330195998 0.8314696123025468 0
    outer loop
      vertex 17.88167787843871 5.036474508437578 19
      vertex 17.783747847073922 4.971039753468862 20
      vertex 17.88167787843871 5.036474508437578 20
    endloop
  endfacet
  facet normal -0.619093949309831 0.7853169308807474 0
    outer loop
      vertex 17.974172072495275 5.109391051599953 19
      vertex 17.88167787843871 5.036474508437578 20
      vertex 17.974172072495275 5.109391051599953 20
    endloop
  endfacet
  facet normal 0.8724960070727976 0.48862124149695413 0
    outer loop
      vertex 15.721039753468862 5.466252152926077 17
      vertex 15.721039753468862 5.466252152926077 0
      vertex 15.663490213717449 5.56901425039068 17
    endloop
  endfacet
  facet normal 0.9081431738250839 0.41865973753742275 0
    outer loop
      vertex 15.614180701233071 5.675974851452366 17
      vertex 15.663490213717449 5.56901425039068 17
      vertex 15.663490213717449 5.56901425039068 0
    endloop
  endfacet
  facet normal 0.9381913359224812 0.34611705707750096 0
    outer loop
      vertex 15.614180701233071 5.675974851452366 17
      vertex 15.614180701233071 5.675974851452366 0
      vertex 15.57341522555727 5.786474508437579 17
    endloop
  endfacet
  facet normal 0.9624552364536483 0.27144044986507027 0
    outer loop
      vertex 15.57341522555727 5.786474508437579 17
      vertex 15.57341522555727 5.786474508437579 0
      vertex 15.541445119403486 5.8998319542161415 17
    endloop
  endfacet
  facet normal 0.9807852804032283 0.19509032201613946 0
    outer loop
      vertex 15.541445119403486 5.8998319542161415 17
      vertex 15.541445119403486 5.8998319542161415 0
      vertex 15.518467489107293 6.015348302439653 17
    endloop
  endfacet
  facet normal 0.9930684569549277 0.11753739745782511 0
    outer loop
      vertex 15.518467489107293 6.015348302439653 17
      vertex 15.518467489107293 6.015348302439653 0
      vertex 15.504623999400309 6.132311356408232 17
    endloop
  endfacet
  facet normal 0.9992290362407228 0.039259815759074806 0
    outer loop
      vertex 15.504623999400309 6.132311356408232 17
      vertex 15.504623999400309 6.132311356408232 0
      vertex 15.5 6.25 17
    endloop
  endfacet
  facet normal 0.9992290362407228 -0.039259815759074806 0
    outer loop
      vertex 15.5 6.25 17
      vertex 15.5 6.25 0
      vertex 15.504623999400309 6.367688643591768 17
    endloop
  endfacet
  facet normal 0.9930684569549277 -0.11753739745782511 0
    outer loop
      vertex 15.504623999400309 6.367688643591768 17
      vertex 15.504623999400309 6.367688643591768 0
      vertex 15.518467489107293 6.484651697560347 17
    endloop
  endfacet
  facet normal 0.9807852804032283 -0.19509032201613946 0
    outer loop
      vertex 15.518467489107293 6.484651697560347 17
      vertex 15.518467489107293 6.484651697560347 0
      vertex 15.541445119403486 6.6001680457838585 17
    endloop
  endfacet
  facet normal 0.9624552364536483 -0.27144044986507027 0
    outer loop
      vertex 15.541445119403486 6.6001680457838585 17
      vertex 15.541445119403486 6.6001680457838585 0
      vertex 15.57341522555727 6.713525491562421 17
    endloop
  endfacet
  facet normal 0.9381913359224812 -0.34611705707750096 0
    outer loop
      vertex 15.57341522555727 6.713525491562421 17
      vertex 15.57341522555727 6.713525491562421 0
      vertex 15.614180701233071 6.824025148547634 17
    endloop
  endfacet
  facet normal 0.9081431738250839 -0.41865973753742275 0
    outer loop
      vertex 15.614180701233071 6.824025148547634 17
      vertex 15.614180701233071 6.824025148547634 0
      vertex 15.663490213717449 6.93098574960932 17
    endloop
  endfacet
  facet normal 0.8724960070727976 -0.48862124149695413 0
    outer loop
      vertex 15.663490213717449 6.93098574960932 17
      vertex 15.663490213717449 6.93098574960932 0
      vertex 15.721039753468862 7.033747847073923 17
    endloop
  endfacet
  facet normal 0.8314696123025492 -0.5555702330195964 0
    outer loop
      vertex 15.721039753468862 7.033747847073923 17
      vertex 15.721039753468862 7.033747847073923 0
      vertex 15.786474508437578 7.13167787843871 17
    endloop
  endfacet
  facet normal 0.7343225094356801 0.6788007455329478 0
    outer loop
      vertex 15.939339828220179 5.189339828220179 17
      vertex 15.939339828220179 5.189339828220179 0
      vertex 15.859391051599953 5.275827927504724 17
    endloop
  endfacet
  facet normal 0.678800745532944 0.7343225094356836 0
    outer loop
      vertex 16.025827927504725 5.109391051599953 17
      vertex 16.025827927504725 5.109391051599953 0
      vertex 15.939339828220179 5.189339828220179 17
    endloop
  endfacet
  facet normal 0.7853169308807445 0.6190939493098346 0
    outer loop
      vertex 15.859391051599953 5.275827927504724 17
      vertex 15.859391051599953 5.275827927504724 0
      vertex 15.786474508437578 5.36832212156129 17
    endloop
  endfacet
  facet normal 0.8314696123025492 0.5555702330195964 0
    outer loop
      vertex 15.721039753468862 5.466252152926077 17
      vertex 15.786474508437578 5.36832212156129 17
      vertex 15.786474508437578 5.36832212156129 0
    endloop
  endfacet
  facet normal -0.6788007455329365 0.7343225094356906 0
    outer loop
      vertex 17.974172072495275 5.109391051599953 17
      vertex 18.060660171779823 5.189339828220179 17
      vertex 18.060660171779823 5.189339828220179 0
    endloop
  endfacet
  facet normal -0.7343225094356876 0.6788007455329396 0
    outer loop
      vertex 18.060660171779823 5.189339828220179 17
      vertex 18.140608948400047 5.275827927504724 17
      vertex 18.140608948400047 5.275827927504724 0
    endloop
  endfacet
  facet normal -0.7853169308807445 0.6190939493098346 0
    outer loop
      vertex 18.140608948400047 5.275827927504724 17
      vertex 18.21352549156242 5.36832212156129 17
      vertex 18.21352549156242 5.36832212156129 0
    endloop
  endfacet
  facet normal -0.8314696123025492 0.5555702330195964 0
    outer loop
      vertex 18.21352549156242 5.36832212156129 17
      vertex 18.27896024653114 5.466252152926077 17
      vertex 18.27896024653114 5.466252152926077 0
    endloop
  endfacet
  facet normal -0.8724960070727976 0.48862124149695413 0
    outer loop
      vertex 18.27896024653114 5.466252152926077 17
      vertex 18.33650978628255 5.56901425039068 17
      vertex 18.33650978628255 5.56901425039068 0
    endloop
  endfacet
  facet normal -0.9081431738250839 0.41865973753742275 0
    outer loop
      vertex 18.33650978628255 5.56901425039068 17
      vertex 18.38581929876693 5.675974851452366 17
      vertex 18.38581929876693 5.675974851452366 0
    endloop
  endfacet
  facet normal 0.7853169308807445 -0.6190939493098346 0
    outer loop
      vertex 15.786474508437578 7.13167787843871 17
      vertex 15.786474508437578 7.13167787843871 0
      vertex 15.859391051599953 7.224172072495276 17
    endloop
  endfacet
  facet normal 0.7343225094356801 -0.6788007455329478 0
    outer loop
      vertex 15.859391051599953 7.224172072495276 17
      vertex 15.859391051599953 7.224172072495276 0
      vertex 15.939339828220179 7.310660171779821 17
    endloop
  endfacet
  facet normal 0.678800745532944 -0.7343225094356836 0
    outer loop
      vertex 15.939339828220179 7.310660171779821 17
      vertex 15.939339828220179 7.310660171779821 0
      vertex 16.025827927504725 7.390608948400047 17
    endloop
  endfacet
  facet normal 0.6190939493098309 -0.7853169308807473 0
    outer loop
      vertex 16.025827927504725 7.390608948400047 17
      vertex 16.025827927504725 7.390608948400047 0
      vertex 16.11832212156129 7.463525491562422 17
    endloop
  endfacet
  facet normal 0.5555702330195998 -0.8314696123025468 0
    outer loop
      vertex 16.11832212156129 7.463525491562422 17
      vertex 16.11832212156129 7.463525491562422 0
      vertex 16.216252152926078 7.528960246531138 17
    endloop
  endfacet
  facet normal 0.4886212414969573 -0.8724960070727956 0
    outer loop
      vertex 16.216252152926078 7.528960246531138 17
      vertex 16.216252152926078 7.528960246531138 0
      vertex 16.31901425039068 7.5865097862825515 17
    endloop
  endfacet
  facet normal 0.4186597375374261 -0.9081431738250824 0
    outer loop
      vertex 16.31901425039068 7.5865097862825515 17
      vertex 16.31901425039068 7.5865097862825515 0
      vertex 16.425974851452366 7.63581929876693 17
    endloop
  endfacet
  facet normal 0.34611705707749923 -0.9381913359224818 0
    outer loop
      vertex 16.425974851452366 7.63581929876693 17
      vertex 16.425974851452366 7.63581929876693 0
      vertex 16.53647450843758 7.6765847744427305 17
    endloop
  endfacet
  facet normal 0.2714404498650644 -0.96245523645365 0
    outer loop
      vertex 16.53647450843758 7.6765847744427305 17
      vertex 16.53647450843758 7.6765847744427305 0
      vertex 16.649831954216143 7.708554880596514 17
    endloop
  endfacet
  facet normal -0.9081431738250839 -0.41865973753742275 0
    outer loop
      vertex 18.38581929876693 6.824025148547634 17
      vertex 18.33650978628255 6.93098574960932 17
      vertex 18.33650978628255 6.93098574960932 0
    endloop
  endfacet
  facet normal -0.8724960070727976 -0.48862124149695413 0
    outer loop
      vertex 18.33650978628255 6.93098574960932 17
      vertex 18.27896024653114 7.033747847073923 17
      vertex 18.27896024653114 7.033747847073923 0
    endloop
  endfacet
  facet normal -0.34611705707749923 -0.9381913359224818 0
    outer loop
      vertex 17.46352549156242 7.6765847744427305 17
      vertex 17.46352549156242 7.6765847744427305 0
      vertex 17.574025148547634 7.63581929876693 17
    endloop
  endfacet
  facet normal -0.4886212414969573 -0.8724960070727956 0
    outer loop
      vertex 17.68098574960932 7.5865097862825515 17
      vertex 17.68098574960932 7.5865097862825515 0
      vertex 17.783747847073922 7.528960246531138 17
    endloop
  endfacet
  facet normal -0.4186597375374261 -0.9081431738250824 0
    outer loop
      vertex 17.574025148547634 7.63581929876693 17
      vertex 17.574025148547634 7.63581929876693 0
      vertex 17.68098574960932 7.5865097862825515 17
    endloop
  endfacet
  facet normal -0.6788007455329365 -0.7343225094356906 0
    outer loop
      vertex 18.060660171779823 7.310660171779821 17
      vertex 17.974172072495275 7.390608948400047 17
      vertex 17.974172072495275 7.390608948400047 0
    endloop
  endfacet
  facet normal -0.7853169308807445 -0.6190939493098346 0
    outer loop
      vertex 18.21352549156242 7.13167787843871 17
      vertex 18.140608948400047 7.224172072495276 17
      vertex 18.140608948400047 7.224172072495276 0
    endloop
  endfacet
  facet normal -0.8314696123025492 -0.5555702330195964 0
    outer loop
      vertex 18.27896024653114 7.033747847073923 17
      vertex 18.21352549156242 7.13167787843871 17
      vertex 18.21352549156242 7.13167787843871 0
    endloop
  endfacet
  facet normal -0.7343225094356876 -0.6788007455329396 0
    outer loop
      vertex 18.060660171779823 7.310660171779821 17
      vertex 18.060660171779823 7.310660171779821 0
      vertex 18.140608948400047 7.224172072495276 17
    endloop
  endfacet
  facet normal -0.5555702330195998 -0.8314696123025468 0
    outer loop
      vertex 17.88167787843871 7.463525491562422 17
      vertex 17.783747847073922 7.528960246531138 17
      vertex 17.783747847073922 7.528960246531138 0
    endloop
  endfacet
  facet normal -0.6190939493098309 -0.7853169308807473 0
    outer loop
      vertex 17.88167787843871 7.463525491562422 17
      vertex 17.88167787843871 7.463525491562422 0
      vertex 17.974172072495275 7.390608948400047 17
    endloop
  endfacet
  facet normal -0.9381913359224812 0.34611705707750096 0
    outer loop
      vertex 18.38581929876693 5.675974851452366 17
      vertex 18.42658477444273 5.786474508437579 17
      vertex 18.42658477444273 5.786474508437579 0
    endloop
  endfacet
  facet normal -0.9624552364536445 0.2714404498650843 0
    outer loop
      vertex 18.42658477444273 5.786474508437579 17
      vertex 18.458554880596516 5.8998319542161415 17
      vertex 18.458554880596516 5.8998319542161415 0
    endloop
  endfacet
  facet normal -0.980785280403234 0.1950903220161104 0
    outer loop
      vertex 18.458554880596516 5.8998319542161415 17
      vertex 18.481532510892706 6.015348302439653 17
      vertex 18.481532510892706 6.015348302439653 0
    endloop
  endfacet
  facet normal -0.993068456954926 0.11753739745783998 0
    outer loop
      vertex 18.481532510892706 6.015348302439653 17
      vertex 18.49537600059969 6.132311356408232 17
      vertex 18.49537600059969 6.132311356408232 0
    endloop
  endfacet
  facet normal -0.9992290362407228 0.039259815759074806 0
    outer loop
      vertex 18.49537600059969 6.132311356408232 17
      vertex 18.5 6.25 17
      vertex 18.5 6.25 0
    endloop
  endfacet
  facet normal -0.9992290362407228 -0.039259815759074806 0
    outer loop
      vertex 18.5 6.25 17
      vertex 18.49537600059969 6.367688643591768 17
      vertex 18.49537600059969 6.367688643591768 0
    endloop
  endfacet
  facet normal -0.993068456954926 -0.11753739745783998 0
    outer loop
      vertex 18.49537600059969 6.367688643591768 17
      vertex 18.481532510892706 6.484651697560347 17
      vertex 18.481532510892706 6.484651697560347 0
    endloop
  endfacet
  facet normal -0.980785280403234 -0.1950903220161104 0
    outer loop
      vertex 18.481532510892706 6.484651697560347 17
      vertex 18.458554880596516 6.6001680457838585 17
      vertex 18.458554880596516 6.6001680457838585 0
    endloop
  endfacet
  facet normal -0.9624552364536445 -0.2714404498650843 0
    outer loop
      vertex 18.458554880596516 6.6001680457838585 17
      vertex 18.42658477444273 6.713525491562421 17
      vertex 18.42658477444273 6.713525491562421 0
    endloop
  endfacet
  facet normal -0.9381913359224812 -0.34611705707750096 0
    outer loop
      vertex 18.42658477444273 6.713525491562421 17
      vertex 18.38581929876693 6.824025148547634 17
      vertex 18.38581929876693 6.824025148547634 0
    endloop
  endfacet
  facet normal 0.19509032201613216 -0.9807852804032297 0
    outer loop
      vertex 16.649831954216143 7.708554880596514 17
      vertex 16.649831954216143 7.708554880596514 0
      vertex 16.765348302439655 7.731532510892706 17
    endloop
  endfacet
  facet normal 0.11753739745783998 -0.993068456954926 0
    outer loop
      vertex 16.765348302439655 7.731532510892706 17
      vertex 16.765348302439655 7.731532510892706 0
      vertex 16.882311356408234 7.745376000599692 17
    endloop
  endfacet
  facet normal 0.039259815759067854 -0.9992290362407228 0
    outer loop
      vertex 16.882311356408234 7.745376000599692 17
      vertex 16.882311356408234 7.745376000599692 0
      vertex 17 7.75 17
    endloop
  endfacet
  facet normal -0.039259815759067854 -0.9992290362407228 0
    outer loop
      vertex 17 7.75 17
      vertex 17 7.75 0
      vertex 17.117688643591766 7.745376000599692 17
    endloop
  endfacet
  facet normal -0.11753739745783998 -0.993068456954926 0
    outer loop
      vertex 17.117688643591766 7.745376000599692 17
      vertex 17.117688643591766 7.745376000599692 0
      vertex 17.234651697560345 7.731532510892706 17
    endloop
  endfacet
  facet normal -0.19509032201613216 -0.9807852804032297 0
    outer loop
      vertex 17.234651697560345 7.731532510892706 17
      vertex 17.234651697560345 7.731532510892706 0
      vertex 17.350168045783857 7.708554880596514 17
    endloop
  endfacet
  facet normal -0.2714404498650644 -0.96245523645365 0
    outer loop
      vertex 17.350168045783857 7.708554880596514 17
      vertex 17.350168045783857 7.708554880596514 0
      vertex 17.46352549156242 7.6765847744427305 17
    endloop
  endfacet
  facet normal 0.8314696123025491 0.5555702330195964 0
    outer loop
      vertex 15.721039753468862 5.466252152926077 19
      vertex 15.721039753468862 5.466252152926077 20
      vertex 15.786474508437578 5.36832212156129 19
    endloop
  endfacet
  facet normal 0.8724960070727975 0.48862124149695413 0
    outer loop
      vertex 15.721039753468862 5.466252152926077 19
      vertex 15.663490213717449 5.56901425039068 19
      vertex 15.663490213717449 5.56901425039068 20
    endloop
  endfacet
  facet normal 0.9081431738250838 0.4186597375374227 0
    outer loop
      vertex 15.614180701233071 5.675974851452366 19
      vertex 15.614180701233071 5.675974851452366 20
      vertex 15.663490213717449 5.56901425039068 19
    endloop
  endfacet
  facet normal 0.9381913359224812 0.34611705707750096 0
    outer loop
      vertex 15.614180701233071 5.675974851452366 19
      vertex 15.57341522555727 5.786474508437579 19
      vertex 15.57341522555727 5.786474508437579 20
    endloop
  endfacet
  facet normal 0.8724960070727975 0.48862124149695413 0
    outer loop
      vertex 15.721039753468862 5.466252152926077 19
      vertex 15.663490213717449 5.56901425039068 20
      vertex 15.721039753468862 5.466252152926077 20
    endloop
  endfacet
  facet normal 0.9081431738250838 0.4186597375374227 0
    outer loop
      vertex 15.663490213717449 5.56901425039068 19
      vertex 15.614180701233071 5.675974851452366 20
      vertex 15.663490213717449 5.56901425039068 20
    endloop
  endfacet
  facet normal 0.9381913359224812 0.34611705707750096 0
    outer loop
      vertex 15.614180701233071 5.675974851452366 19
      vertex 15.57341522555727 5.786474508437579 20
      vertex 15.614180701233071 5.675974851452366 20
    endloop
  endfacet
  facet normal 0.9624552364536483 0.27144044986507027 0
    outer loop
      vertex 15.57341522555727 5.786474508437579 19
      vertex 15.541445119403486 5.8998319542161415 19
      vertex 15.541445119403486 5.8998319542161415 20
    endloop
  endfacet
  facet normal 0.9807852804032282 0.19509032201613943 0
    outer loop
      vertex 15.541445119403486 5.8998319542161415 19
      vertex 15.518467489107293 6.015348302439653 19
      vertex 15.518467489107293 6.015348302439653 20
    endloop
  endfacet
  facet normal 0.9930684569549278 0.11753739745782511 0
    outer loop
      vertex 15.518467489107293 6.015348302439653 19
      vertex 15.504623999400309 6.132311356408232 19
      vertex 15.504623999400309 6.132311356408232 20
    endloop
  endfacet
  facet normal 0.9992290362407228 0.0392598157590748 0
    outer loop
      vertex 15.504623999400309 6.132311356408232 19
      vertex 15.5 6.25 19
      vertex 15.5 6.25 20
    endloop
  endfacet
  facet normal 0.9992290362407228 -0.0392598157590748 0
    outer loop
      vertex 15.5 6.25 19
      vertex 15.504623999400309 6.367688643591768 19
      vertex 15.504623999400309 6.367688643591768 20
    endloop
  endfacet
  facet normal 0.9624552364536483 0.27144044986507027 0
    outer loop
      vertex 15.57341522555727 5.786474508437579 19
      vertex 15.541445119403486 5.8998319542161415 20
      vertex 15.57341522555727 5.786474508437579 20
    endloop
  endfacet
  facet normal 0.9807852804032282 0.19509032201613943 0
    outer loop
      vertex 15.541445119403486 5.8998319542161415 19
      vertex 15.518467489107293 6.015348302439653 20
      vertex 15.541445119403486 5.8998319542161415 20
    endloop
  endfacet
  facet normal 0.9930684569549278 0.11753739745782511 0
    outer loop
      vertex 15.518467489107293 6.015348302439653 19
      vertex 15.504623999400309 6.132311356408232 20
      vertex 15.518467489107293 6.015348302439653 20
    endloop
  endfacet
  facet normal 0.9992290362407228 0.0392598157590748 0
    outer loop
      vertex 15.504623999400309 6.132311356408232 19
      vertex 15.5 6.25 20
      vertex 15.504623999400309 6.132311356408232 20
    endloop
  endfacet
  facet normal 0.9992290362407228 -0.0392598157590748 0
    outer loop
      vertex 15.5 6.25 19
      vertex 15.504623999400309 6.367688643591768 20
      vertex 15.5 6.25 20
    endloop
  endfacet
  facet normal 0.9930684569549278 -0.11753739745782511 0
    outer loop
      vertex 15.504623999400309 6.367688643591768 19
      vertex 15.518467489107293 6.484651697560347 19
      vertex 15.518467489107293 6.484651697560347 20
    endloop
  endfacet
  facet normal 0.9807852804032282 -0.19509032201613943 0
    outer loop
      vertex 15.518467489107293 6.484651697560347 19
      vertex 15.541445119403486 6.6001680457838585 19
      vertex 15.541445119403486 6.6001680457838585 20
    endloop
  endfacet
  facet normal 0.9624552364536483 -0.27144044986507027 0
    outer loop
      vertex 15.541445119403486 6.6001680457838585 19
      vertex 15.57341522555727 6.713525491562421 19
      vertex 15.57341522555727 6.713525491562421 20
    endloop
  endfacet
  facet normal 0.9381913359224812 -0.34611705707750096 0
    outer loop
      vertex 15.57341522555727 6.713525491562421 19
      vertex 15.614180701233071 6.824025148547634 19
      vertex 15.614180701233071 6.824025148547634 20
    endloop
  endfacet
  facet normal 0.9081431738250838 -0.4186597375374227 0
    outer loop
      vertex 15.614180701233071 6.824025148547634 19
      vertex 15.663490213717449 6.93098574960932 19
      vertex 15.663490213717449 6.93098574960932 20
    endloop
  endfacet
  facet normal 0.8724960070727975 -0.48862124149695413 0
    outer loop
      vertex 15.663490213717449 6.93098574960932 19
      vertex 15.721039753468862 7.033747847073923 19
      vertex 15.721039753468862 7.033747847073923 20
    endloop
  endfacet
  facet normal 0.9930684569549278 -0.11753739745782511 0
    outer loop
      vertex 15.504623999400309 6.367688643591768 19
      vertex 15.518467489107293 6.484651697560347 20
      vertex 15.504623999400309 6.367688643591768 20
    endloop
  endfacet
  facet normal 0.9807852804032282 -0.19509032201613943 0
    outer loop
      vertex 15.518467489107293 6.484651697560347 19
      vertex 15.541445119403486 6.6001680457838585 20
      vertex 15.518467489107293 6.484651697560347 20
    endloop
  endfacet
  facet normal 0.9624552364536483 -0.27144044986507027 0
    outer loop
      vertex 15.541445119403486 6.6001680457838585 19
      vertex 15.57341522555727 6.713525491562421 20
      vertex 15.541445119403486 6.6001680457838585 20
    endloop
  endfacet
  facet normal 0.9381913359224812 -0.34611705707750096 0
    outer loop
      vertex 15.57341522555727 6.713525491562421 19
      vertex 15.614180701233071 6.824025148547634 20
      vertex 15.57341522555727 6.713525491562421 20
    endloop
  endfacet
  facet normal 0.9081431738250838 -0.4186597375374227 0
    outer loop
      vertex 15.614180701233071 6.824025148547634 19
      vertex 15.663490213717449 6.93098574960932 20
      vertex 15.614180701233071 6.824025148547634 20
    endloop
  endfacet
  facet normal 0.8724960070727975 -0.48862124149695413 0
    outer loop
      vertex 15.663490213717449 6.93098574960932 19
      vertex 15.721039753468862 7.033747847073923 20
      vertex 15.663490213717449 6.93098574960932 20
    endloop
  endfacet
  facet normal 0.8314696123025491 -0.5555702330195964 0
    outer loop
      vertex 15.721039753468862 7.033747847073923 19
      vertex 15.786474508437578 7.13167787843871 20
      vertex 15.721039753468862 7.033747847073923 20
    endloop
  endfacet
  facet normal 0.7343225094356801 0.6788007455329478 0
    outer loop
      vertex 15.939339828220179 5.189339828220179 19
      vertex 15.859391051599953 5.275827927504724 19
      vertex 15.859391051599953 5.275827927504724 20
    endloop
  endfacet
  facet normal 0.6788007455329439 0.7343225094356834 0
    outer loop
      vertex 16.025827927504725 5.109391051599953 19
      vertex 15.939339828220179 5.189339828220179 19
      vertex 15.939339828220179 5.189339828220179 20
    endloop
  endfacet
  facet normal 0.7853169308807444 0.6190939493098345 0
    outer loop
      vertex 15.859391051599953 5.275827927504724 19
      vertex 15.786474508437578 5.36832212156129 19
      vertex 15.786474508437578 5.36832212156129 20
    endloop
  endfacet
  facet normal 0.7343225094356801 0.6788007455329478 0
    outer loop
      vertex 15.939339828220179 5.189339828220179 19
      vertex 15.859391051599953 5.275827927504724 20
      vertex 15.939339828220179 5.189339828220179 20
    endloop
  endfacet
  facet normal 0.6788007455329439 0.7343225094356834 0
    outer loop
      vertex 16.025827927504725 5.109391051599953 19
      vertex 15.939339828220179 5.189339828220179 20
      vertex 16.025827927504725 5.109391051599953 20
    endloop
  endfacet
  facet normal 0.7853169308807444 0.6190939493098345 0
    outer loop
      vertex 15.859391051599953 5.275827927504724 19
      vertex 15.786474508437578 5.36832212156129 20
      vertex 15.859391051599953 5.275827927504724 20
    endloop
  endfacet
  facet normal 0.8314696123025491 0.5555702330195964 0
    outer loop
      vertex 15.786474508437578 5.36832212156129 19
      vertex 15.721039753468862 5.466252152926077 20
      vertex 15.786474508437578 5.36832212156129 20
    endloop
  endfacet
  facet normal -0.6788007455329365 0.7343225094356906 0
    outer loop
      vertex 17.974172072495275 5.109391051599953 19
      vertex 17.974172072495275 5.109391051599953 20
      vertex 18.060660171779823 5.189339828220179 19
    endloop
  endfacet
  facet normal -0.7343225094356876 0.6788007455329396 0
    outer loop
      vertex 18.060660171779823 5.189339828220179 19
      vertex 18.060660171779823 5.189339828220179 20
      vertex 18.140608948400047 5.275827927504724 19
    endloop
  endfacet
  facet normal -0.7853169308807444 0.6190939493098345 0
    outer loop
      vertex 18.140608948400047 5.275827927504724 19
      vertex 18.140608948400047 5.275827927504724 20
      vertex 18.21352549156242 5.36832212156129 19
    endloop
  endfacet
  facet normal -0.8314696123025491 0.5555702330195964 0
    outer loop
      vertex 18.21352549156242 5.36832212156129 19
      vertex 18.21352549156242 5.36832212156129 20
      vertex 18.27896024653114 5.466252152926077 19
    endloop
  endfacet
  facet normal -0.8724960070727975 0.48862124149695413 0
    outer loop
      vertex 18.27896024653114 5.466252152926077 19
      vertex 18.27896024653114 5.466252152926077 20
      vertex 18.33650978628255 5.56901425039068 19
    endloop
  endfacet
  facet normal -0.9081431738250838 0.4186597375374227 0
    outer loop
      vertex 18.33650978628255 5.56901425039068 19
      vertex 18.33650978628255 5.56901425039068 20
      vertex 18.38581929876693 5.675974851452366 19
    endloop
  endfacet
  facet normal -0.6788007455329365 0.7343225094356906 0
    outer loop
      vertex 18.060660171779823 5.189339828220179 19
      vertex 17.974172072495275 5.109391051599953 20
      vertex 18.060660171779823 5.189339828220179 20
    endloop
  endfacet
  facet normal -0.7343225094356876 0.6788007455329396 0
    outer loop
      vertex 18.140608948400047 5.275827927504724 19
      vertex 18.060660171779823 5.189339828220179 20
      vertex 18.140608948400047 5.275827927504724 20
    endloop
  endfacet
  facet normal -0.7853169308807444 0.6190939493098345 0
    outer loop
      vertex 18.21352549156242 5.36832212156129 19
      vertex 18.140608948400047 5.275827927504724 20
      vertex 18.21352549156242 5.36832212156129 20
    endloop
  endfacet
  facet normal -0.8314696123025491 0.5555702330195964 0
    outer loop
      vertex 18.27896024653114 5.466252152926077 19
      vertex 18.21352549156242 5.36832212156129 20
      vertex 18.27896024653114 5.466252152926077 20
    endloop
  endfacet
  facet normal -0.8724960070727975 0.48862124149695413 0
    outer loop
      vertex 18.33650978628255 5.56901425039068 19
      vertex 18.27896024653114 5.466252152926077 20
      vertex 18.33650978628255 5.56901425039068 20
    endloop
  endfacet
  facet normal -0.9081431738250838 0.4186597375374227 0
    outer loop
      vertex 18.38581929876693 5.675974851452366 19
      vertex 18.33650978628255 5.56901425039068 20
      vertex 18.38581929876693 5.675974851452366 20
    endloop
  endfacet
  facet normal 0.8314696123025491 -0.5555702330195964 0
    outer loop
      vertex 15.721039753468862 7.033747847073923 19
      vertex 15.786474508437578 7.13167787843871 19
      vertex 15.786474508437578 7.13167787843871 20
    endloop
  endfacet
  facet normal 0.7853169308807444 -0.6190939493098345 0
    outer loop
      vertex 15.786474508437578 7.13167787843871 19
      vertex 15.859391051599953 7.224172072495276 19
      vertex 15.859391051599953 7.224172072495276 20
    endloop
  endfacet
  facet normal 0.7343225094356801 -0.6788007455329478 0
    outer loop
      vertex 15.859391051599953 7.224172072495276 19
      vertex 15.939339828220179 7.310660171779821 19
      vertex 15.939339828220179 7.310660171779821 20
    endloop
  endfacet
  facet normal 0.6788007455329439 -0.7343225094356834 0
    outer loop
      vertex 15.939339828220179 7.310660171779821 19
      vertex 16.025827927504725 7.390608948400047 19
      vertex 16.025827927504725 7.390608948400047 20
    endloop
  endfacet
  facet normal 0.619093949309831 -0.7853169308807474 0
    outer loop
      vertex 16.025827927504725 7.390608948400047 19
      vertex 16.11832212156129 7.463525491562422 19
      vertex 16.11832212156129 7.463525491562422 20
    endloop
  endfacet
  facet normal 0.5555702330195998 -0.8314696123025468 0
    outer loop
      vertex 16.11832212156129 7.463525491562422 19
      vertex 16.216252152926078 7.528960246531138 19
      vertex 16.216252152926078 7.528960246531138 20
    endloop
  endfacet
  facet normal 0.48862124149695735 -0.8724960070727957 0
    outer loop
      vertex 16.216252152926078 7.528960246531138 19
      vertex 16.31901425039068 7.5865097862825515 19
      vertex 16.31901425039068 7.5865097862825515 20
    endloop
  endfacet
  facet normal 0.418659737537426 -0.9081431738250821 0
    outer loop
      vertex 16.31901425039068 7.5865097862825515 19
      vertex 16.425974851452366 7.63581929876693 19
      vertex 16.425974851452366 7.63581929876693 20
    endloop
  endfacet
  facet normal 0.34611705707749923 -0.9381913359224818 0
    outer loop
      vertex 16.425974851452366 7.63581929876693 19
      vertex 16.53647450843758 7.6765847744427305 19
      vertex 16.53647450843758 7.6765847744427305 20
    endloop
  endfacet
  facet normal 0.7853169308807444 -0.6190939493098345 0
    outer loop
      vertex 15.786474508437578 7.13167787843871 19
      vertex 15.859391051599953 7.224172072495276 20
      vertex 15.786474508437578 7.13167787843871 20
    endloop
  endfacet
  facet normal 0.7343225094356801 -0.6788007455329478 0
    outer loop
      vertex 15.859391051599953 7.224172072495276 19
      vertex 15.939339828220179 7.310660171779821 20
      vertex 15.859391051599953 7.224172072495276 20
    endloop
  endfacet
  facet normal 0.6788007455329439 -0.7343225094356834 0
    outer loop
      vertex 15.939339828220179 7.310660171779821 19
      vertex 16.025827927504725 7.390608948400047 20
      vertex 15.939339828220179 7.310660171779821 20
    endloop
  endfacet
  facet normal 0.619093949309831 -0.7853169308807474 0
    outer loop
      vertex 16.025827927504725 7.390608948400047 19
      vertex 16.11832212156129 7.463525491562422 20
      vertex 16.025827927504725 7.390608948400047 20
    endloop
  endfacet
  facet normal 0.5555702330195998 -0.8314696123025468 0
    outer loop
      vertex 16.11832212156129 7.463525491562422 19
      vertex 16.216252152926078 7.528960246531138 20
      vertex 16.11832212156129 7.463525491562422 20
    endloop
  endfacet
  facet normal 0.48862124149695735 -0.8724960070727957 0
    outer loop
      vertex 16.216252152926078 7.528960246531138 19
      vertex 16.31901425039068 7.5865097862825515 20
      vertex 16.216252152926078 7.528960246531138 20
    endloop
  endfacet
  facet normal 0.418659737537426 -0.9081431738250821 0
    outer loop
      vertex 16.31901425039068 7.5865097862825515 19
      vertex 16.425974851452366 7.63581929876693 20
      vertex 16.31901425039068 7.5865097862825515 20
    endloop
  endfacet
  facet normal 0.34611705707749923 -0.9381913359224818 0
    outer loop
      vertex 16.425974851452366 7.63581929876693 19
      vertex 16.53647450843758 7.6765847744427305 20
      vertex 16.425974851452366 7.63581929876693 20
    endloop
  endfacet
  facet normal 0.2714404498650644 -0.96245523645365 0
    outer loop
      vertex 16.53647450843758 7.6765847744427305 19
      vertex 16.649831954216143 7.708554880596514 20
      vertex 16.53647450843758 7.6765847744427305 20
    endloop
  endfacet
  facet normal -0.9081431738250838 -0.4186597375374227 0
    outer loop
      vertex 18.38581929876693 6.824025148547634 19
      vertex 18.38581929876693 6.824025148547634 20
      vertex 18.33650978628255 6.93098574960932 19
    endloop
  endfacet
  facet normal -0.8724960070727975 -0.48862124149695413 0
    outer loop
      vertex 18.33650978628255 6.93098574960932 19
      vertex 18.33650978628255 6.93098574960932 20
      vertex 18.27896024653114 7.033747847073923 19
    endloop
  endfacet
  facet normal -0.9081431738250838 -0.4186597375374227 0
    outer loop
      vertex 18.33650978628255 6.93098574960932 19
      vertex 18.38581929876693 6.824025148547634 20
      vertex 18.33650978628255 6.93098574960932 20
    endloop
  endfacet
  facet normal -0.8724960070727975 -0.48862124149695413 0
    outer loop
      vertex 18.27896024653114 7.033747847073923 19
      vertex 18.33650978628255 6.93098574960932 20
      vertex 18.27896024653114 7.033747847073923 20
    endloop
  endfacet
  facet normal -0.2714404498650644 -0.96245523645365 0
    outer loop
      vertex 17.350168045783857 7.708554880596514 19
      vertex 17.46352549156242 7.6765847744427305 19
      vertex 17.46352549156242 7.6765847744427305 20
    endloop
  endfacet
  facet normal -0.34611705707749923 -0.9381913359224818 0
    outer loop
      vertex 17.46352549156242 7.6765847744427305 19
      vertex 17.574025148547634 7.63581929876693 19
      vertex 17.574025148547634 7.63581929876693 20
    endloop
  endfacet
  facet normal -0.418659737537426 -0.9081431738250821 0
    outer loop
      vertex 17.574025148547634 7.63581929876693 19
      vertex 17.68098574960932 7.5865097862825515 19
      vertex 17.68098574960932 7.5865097862825515 20
    endloop
  endfacet
  facet normal -0.6788007455329365 -0.7343225094356906 0
    outer loop
      vertex 18.060660171779823 7.310660171779821 19
      vertex 18.060660171779823 7.310660171779821 20
      vertex 17.974172072495275 7.390608948400047 19
    endloop
  endfacet
  facet normal -0.7853169308807444 -0.6190939493098345 0
    outer loop
      vertex 18.21352549156242 7.13167787843871 19
      vertex 18.21352549156242 7.13167787843871 20
      vertex 18.140608948400047 7.224172072495276 19
    endloop
  endfacet
  facet normal -0.8314696123025491 -0.5555702330195964 0
    outer loop
      vertex 18.27896024653114 7.033747847073923 19
      vertex 18.27896024653114 7.033747847073923 20
      vertex 18.21352549156242 7.13167787843871 19
    endloop
  endfacet
  facet normal -0.7343225094356876 -0.6788007455329396 0
    outer loop
      vertex 18.060660171779823 7.310660171779821 19
      vertex 18.140608948400047 7.224172072495276 19
      vertex 18.140608948400047 7.224172072495276 20
    endloop
  endfacet
  facet normal -0.5555702330195998 -0.8314696123025468 0
    outer loop
      vertex 17.88167787843871 7.463525491562422 19
      vertex 17.88167787843871 7.463525491562422 20
      vertex 17.783747847073922 7.528960246531138 19
    endloop
  endfacet
  facet normal -0.619093949309831 -0.7853169308807474 0
    outer loop
      vertex 17.88167787843871 7.463525491562422 19
      vertex 17.974172072495275 7.390608948400047 19
      vertex 17.974172072495275 7.390608948400047 20
    endloop
  endfacet
  facet normal -0.48862124149695735 -0.8724960070727957 0
    outer loop
      vertex 17.68098574960932 7.5865097862825515 19
      vertex 17.783747847073922 7.528960246531138 19
      vertex 17.783747847073922 7.528960246531138 20
    endloop
  endfacet
  facet normal -0.34611705707749923 -0.9381913359224818 0
    outer loop
      vertex 17.46352549156242 7.6765847744427305 19
      vertex 17.574025148547634 7.63581929876693 20
      vertex 17.46352549156242 7.6765847744427305 20
    endloop
  endfacet
  facet normal -0.48862124149695735 -0.8724960070727957 0
    outer loop
      vertex 17.68098574960932 7.5865097862825515 19
      vertex 17.783747847073922 7.528960246531138 20
      vertex 17.68098574960932 7.5865097862825515 20
    endloop
  endfacet
  facet normal -0.418659737537426 -0.9081431738250821 0
    outer loop
      vertex 17.574025148547634 7.63581929876693 19
      vertex 17.68098574960932 7.5865097862825515 20
      vertex 17.574025148547634 7.63581929876693 20
    endloop
  endfacet
  facet normal -0.6788007455329365 -0.7343225094356906 0
    outer loop
      vertex 17.974172072495275 7.390608948400047 19
      vertex 18.060660171779823 7.310660171779821 20
      vertex 17.974172072495275 7.390608948400047 20
    endloop
  endfacet
  facet normal -0.7853169308807444 -0.6190939493098345 0
    outer loop
      vertex 18.140608948400047 7.224172072495276 19
      vertex 18.21352549156242 7.13167787843871 20
      vertex 18.140608948400047 7.224172072495276 20
    endloop
  endfacet
  facet normal -0.8314696123025491 -0.5555702330195964 0
    outer loop
      vertex 18.21352549156242 7.13167787843871 19
      vertex 18.27896024653114 7.033747847073923 20
      vertex 18.21352549156242 7.13167787843871 20
    endloop
  endfacet
  facet normal -0.7343225094356876 -0.6788007455329396 0
    outer loop
      vertex 18.060660171779823 7.310660171779821 19
      vertex 18.140608948400047 7.224172072495276 20
      vertex 18.060660171779823 7.310660171779821 20
    endloop
  endfacet
  facet normal -0.5555702330195998 -0.8314696123025468 0
    outer loop
      vertex 17.783747847073922 7.528960246531138 19
      vertex 17.88167787843871 7.463525491562422 20
      vertex 17.783747847073922 7.528960246531138 20
    endloop
  endfacet
  facet normal -0.619093949309831 -0.7853169308807474 0
    outer loop
      vertex 17.88167787843871 7.463525491562422 19
      vertex 17.974172072495275 7.390608948400047 20
      vertex 17.88167787843871 7.463525491562422 20
    endloop
  endfacet
  facet normal -0.9381913359224812 0.34611705707750096 0
    outer loop
      vertex 18.38581929876693 5.675974851452366 19
      vertex 18.38581929876693 5.675974851452366 20
      vertex 18.42658477444273 5.786474508437579 19
    endloop
  endfacet
  facet normal -0.9381913359224812 0.34611705707750096 0
    outer loop
      vertex 18.42658477444273 5.786474508437579 19
      vertex 18.38581929876693 5.675974851452366 20
      vertex 18.42658477444273 5.786474508437579 20
    endloop
  endfacet
  facet normal -0.9624552364536445 0.2714404498650843 0
    outer loop
      vertex 18.42658477444273 5.786474508437579 19
      vertex 18.42658477444273 5.786474508437579 20
      vertex 18.458554880596516 5.8998319542161415 19
    endloop
  endfacet
  facet normal -0.980785280403234 0.19509032201611043 0
    outer loop
      vertex 18.458554880596516 5.8998319542161415 19
      vertex 18.458554880596516 5.8998319542161415 20
      vertex 18.481532510892706 6.015348302439653 19
    endloop
  endfacet
  facet normal -0.993068456954926 0.11753739745783998 0
    outer loop
      vertex 18.481532510892706 6.015348302439653 19
      vertex 18.481532510892706 6.015348302439653 20
      vertex 18.49537600059969 6.132311356408232 19
    endloop
  endfacet
  facet normal -0.9992290362407228 0.0392598157590748 0
    outer loop
      vertex 18.49537600059969 6.132311356408232 19
      vertex 18.49537600059969 6.132311356408232 20
      vertex 18.5 6.25 19
    endloop
  endfacet
  facet normal -0.9992290362407228 -0.0392598157590748 0
    outer loop
      vertex 18.5 6.25 19
      vertex 18.5 6.25 20
      vertex 18.49537600059969 6.367688643591768 19
    endloop
  endfacet
  facet normal -0.9624552364536445 0.2714404498650843 0
    outer loop
      vertex 18.458554880596516 5.8998319542161415 19
      vertex 18.42658477444273 5.786474508437579 20
      vertex 18.458554880596516 5.8998319542161415 20
    endloop
  endfacet
  facet normal -0.980785280403234 0.19509032201611043 0
    outer loop
      vertex 18.481532510892706 6.015348302439653 19
      vertex 18.458554880596516 5.8998319542161415 20
      vertex 18.481532510892706 6.015348302439653 20
    endloop
  endfacet
  facet normal -0.993068456954926 0.11753739745783998 0
    outer loop
      vertex 18.49537600059969 6.132311356408232 19
      vertex 18.481532510892706 6.015348302439653 20
      vertex 18.49537600059969 6.132311356408232 20
    endloop
  endfacet
  facet normal -0.9992290362407228 0.0392598157590748 0
    outer loop
      vertex 18.5 6.25 19
      vertex 18.49537600059969 6.132311356408232 20
      vertex 18.5 6.25 20
    endloop
  endfacet
  facet normal -0.9992290362407228 -0.0392598157590748 0
    outer loop
      vertex 18.49537600059969 6.367688643591768 19
      vertex 18.5 6.25 20
      vertex 18.49537600059969 6.367688643591768 20
    endloop
  endfacet
  facet normal -0.993068456954926 -0.11753739745783998 0
    outer loop
      vertex 18.49537600059969 6.367688643591768 19
      vertex 18.49537600059969 6.367688643591768 20
      vertex 18.481532510892706 6.484651697560347 19
    endloop
  endfacet
  facet normal -0.980785280403234 -0.19509032201611043 0
    outer loop
      vertex 18.481532510892706 6.484651697560347 19
      vertex 18.481532510892706 6.484651697560347 20
      vertex 18.458554880596516 6.6001680457838585 19
    endloop
  endfacet
  facet normal -0.9624552364536445 -0.2714404498650843 0
    outer loop
      vertex 18.458554880596516 6.6001680457838585 19
      vertex 18.458554880596516 6.6001680457838585 20
      vertex 18.42658477444273 6.713525491562421 19
    endloop
  endfacet
  facet normal -0.9381913359224812 -0.34611705707750096 0
    outer loop
      vertex 18.42658477444273 6.713525491562421 19
      vertex 18.42658477444273 6.713525491562421 20
      vertex 18.38581929876693 6.824025148547634 19
    endloop
  endfacet
  facet normal -0.993068456954926 -0.11753739745783998 0
    outer loop
      vertex 18.481532510892706 6.484651697560347 19
      vertex 18.49537600059969 6.367688643591768 20
      vertex 18.481532510892706 6.484651697560347 20
    endloop
  endfacet
  facet normal -0.980785280403234 -0.19509032201611043 0
    outer loop
      vertex 18.458554880596516 6.6001680457838585 19
      vertex 18.481532510892706 6.484651697560347 20
      vertex 18.458554880596516 6.6001680457838585 20
    endloop
  endfacet
  facet normal -0.9624552364536445 -0.2714404498650843 0
    outer loop
      vertex 18.42658477444273 6.713525491562421 19
      vertex 18.458554880596516 6.6001680457838585 20
      vertex 18.42658477444273 6.713525491562421 20
    endloop
  endfacet
  facet normal -0.9381913359224812 -0.34611705707750096 0
    outer loop
      vertex 18.38581929876693 6.824025148547634 19
      vertex 18.42658477444273 6.713525491562421 20
      vertex 18.38581929876693 6.824025148547634 20
    endloop
  endfacet
  facet normal 0.2714404498650644 -0.96245523645365 0
    outer loop
      vertex 16.53647450843758 7.6765847744427305 19
      vertex 16.649831954216143 7.708554880596514 19
      vertex 16.649831954216143 7.708554880596514 20
    endloop
  endfacet
  facet normal 0.1950903220161322 -0.9807852804032298 0
    outer loop
      vertex 16.649831954216143 7.708554880596514 19
      vertex 16.765348302439655 7.731532510892706 19
      vertex 16.765348302439655 7.731532510892706 20
    endloop
  endfacet
  facet normal 0.11753739745783998 -0.993068456954926 0
    outer loop
      vertex 16.765348302439655 7.731532510892706 19
      vertex 16.882311356408234 7.745376000599692 19
      vertex 16.882311356408234 7.745376000599692 20
    endloop
  endfacet
  facet normal 0.03925981575906786 -0.999229036240723 0
    outer loop
      vertex 16.882311356408234 7.745376000599692 19
      vertex 17 7.75 19
      vertex 17 7.75 20
    endloop
  endfacet
  facet normal 0.1950903220161322 -0.9807852804032298 0
    outer loop
      vertex 16.649831954216143 7.708554880596514 19
      vertex 16.765348302439655 7.731532510892706 20
      vertex 16.649831954216143 7.708554880596514 20
    endloop
  endfacet
  facet normal 0.11753739745783998 -0.993068456954926 0
    outer loop
      vertex 16.765348302439655 7.731532510892706 19
      vertex 16.882311356408234 7.745376000599692 20
      vertex 16.765348302439655 7.731532510892706 20
    endloop
  endfacet
  facet normal 0.03925981575906786 -0.999229036240723 0
    outer loop
      vertex 16.882311356408234 7.745376000599692 19
      vertex 17 7.75 20
      vertex 16.882311356408234 7.745376000599692 20
    endloop
  endfacet
  facet normal -0.03925981575906786 -0.999229036240723 0
    outer loop
      vertex 17 7.75 19
      vertex 17.117688643591766 7.745376000599692 20
      vertex 17 7.75 20
    endloop
  endfacet
  facet normal -0.03925981575906786 -0.999229036240723 0
    outer loop
      vertex 17 7.75 19
      vertex 17.117688643591766 7.745376000599692 19
      vertex 17.117688643591766 7.745376000599692 20
    endloop
  endfacet
  facet normal -0.11753739745783998 -0.993068456954926 0
    outer loop
      vertex 17.117688643591766 7.745376000599692 19
      vertex 17.234651697560345 7.731532510892706 19
      vertex 17.234651697560345 7.731532510892706 20
    endloop
  endfacet
  facet normal -0.1950903220161322 -0.9807852804032298 0
    outer loop
      vertex 17.234651697560345 7.731532510892706 19
      vertex 17.350168045783857 7.708554880596514 19
      vertex 17.350168045783857 7.708554880596514 20
    endloop
  endfacet
  facet normal -0.11753739745783998 -0.993068456954926 0
    outer loop
      vertex 17.117688643591766 7.745376000599692 19
      vertex 17.234651697560345 7.731532510892706 20
      vertex 17.117688643591766 7.745376000599692 20
    endloop
  endfacet
  facet normal -0.1950903220161322 -0.9807852804032298 0
    outer loop
      vertex 17.234651697560345 7.731532510892706 19
      vertex 17.350168045783857 7.708554880596514 20
      vertex 17.234651697560345 7.731532510892706 20
    endloop
  endfacet
  facet normal -0.2714404498650644 -0.96245523645365 0
    outer loop
      vertex 17.350168045783857 7.708554880596514 19
      vertex 17.46352549156242 7.6765847744427305 20
      vertex 17.350168045783857 7.708554880596514 20
    endloop
  endfacet
  facet normal 0.5431913203180357 0.5876210597359516 0.5997038266394055
    outer loop
      vertex 14.878679656440358 4.128679656440357 19
      vertex 15.051655855009448 3.9687821031999073 19
      vertex 15.939339828220179 5.189339828220179 17
    endloop
  endfacet
  facet normal 0.49541262578091183 0.6284279199167682 0.5997038266394055
    outer loop
      vertex 15.23664424312258 3.8229490168751576 19
      vertex 16.025827927504725 5.109391051599953 17
      vertex 15.051655855009448 3.9687821031999073 19
    endloop
  endfacet
  facet normal 0.4445795476644312 0.6653603129978098 0.5997038266394056
    outer loop
      vertex 15.432504305852154 3.6920795069377235 19
      vertex 16.11832212156129 5.036474508437578 17
      vertex 15.23664424312258 3.8229490168751576 19
    endloop
  endfacet
  facet normal 0.543191320318036 0.5876210597359514 0.5997038266394056
    outer loop
      vertex 15.051655855009448 3.9687821031999073 19
      vertex 16.025827927504725 5.109391051599953 17
      vertex 15.939339828220179 5.189339828220179 17
    endloop
  endfacet
  facet normal 0.6284279199167682 0.49541262578091183 0.5997038266394056
    outer loop
      vertex 14.572949016875157 4.486644243122581 19
      vertex 15.859391051599953 5.275827927504724 17
      vertex 15.786474508437578 5.36832212156129 17
    endloop
  endfacet
  facet normal 0.5876210597359485 0.543191320318039 0.5997038266394058
    outer loop
      vertex 14.878679656440358 4.128679656440357 19
      vertex 15.939339828220179 5.189339828220179 17
      vertex 15.859391051599953 5.275827927504724 17
    endloop
  endfacet
  facet normal 0.6284279199167682 0.49541262578091183 0.5997038266394055
    outer loop
      vertex 14.718782103199906 4.301655855009449 19
      vertex 15.859391051599953 5.275827927504724 17
      vertex 14.572949016875157 4.486644243122581 19
    endloop
  endfacet
  facet normal 0.6653603129978104 0.44457954766443064 0.5997038266394054
    outer loop
      vertex 14.572949016875157 4.486644243122581 19
      vertex 15.786474508437578 5.36832212156129 17
      vertex 14.442079506937723 4.682504305852154 19
    endloop
  endfacet
  facet normal 0.6981905384944606 0.39100548879890296 0.5997038266394054
    outer loop
      vertex 14.326980427434897 4.88802850078136 19
      vertex 14.442079506937723 4.682504305852154 19
      vertex 15.721039753468862 5.466252152926077 17
    endloop
  endfacet
  facet normal 0.5876210597359515 0.5431913203180361 0.5997038266394054
    outer loop
      vertex 14.878679656440358 4.128679656440357 19
      vertex 15.859391051599953 5.275827927504724 17
      vertex 14.718782103199906 4.301655855009449 19
    endloop
  endfacet
  facet normal 0 0 -1
    outer loop
      vertex 15.432504305852154 3.6920795069377235 19
      vertex 15.57341522555727 5.786474508437579 19
      vertex 15.63802850078136 3.576980427434896 19
    endloop
  endfacet
  facet normal 0 0 -1
    outer loop
      vertex 15.63802850078136 3.576980427434896 19
      vertex 15.721039753468862 5.466252152926077 19
      vertex 15.786474508437578 5.36832212156129 19
    endloop
  endfacet
  facet normal 0 0 -1
    outer loop
      vertex 15.63802850078136 3.576980427434896 19
      vertex 15.663490213717449 5.56901425039068 19
      vertex 15.721039753468862 5.466252152926077 19
    endloop
  endfacet
  facet normal 0 0 -1
    outer loop
      vertex 15.63802850078136 3.576980427434896 19
      vertex 15.614180701233071 5.675974851452366 19
      vertex 15.663490213717449 5.56901425039068 19
    endloop
  endfacet
  facet normal 0 0 -1
    outer loop
      vertex 15.63802850078136 3.576980427434896 19
      vertex 15.57341522555727 5.786474508437579 19
      vertex 15.614180701233071 5.675974851452366 19
    endloop
  endfacet
  facet normal 0.15611557632278644 0.7848460021835225 0.5997038266394057
    outer loop
      vertex 16.530696604879306 3.2869349782145867 19
      vertex 16.649831954216143 4.791445119403486 17
      vertex 16.299663908432283 3.3328902388069706 19
    endloop
  endfacet
  facet normal 0.09405601648498672 0.7946752708352196 0.5997038266394055
    outer loop
      vertex 16.530696604879306 3.2869349782145867 19
      vertex 16.764622712816465 3.259247998800616 19
      vertex 16.765348302439655 4.768467489107294 17
    endloop
  endfacet
  facet normal 0.03141657002876204 0.799605102185874 0.5997038266394054
    outer loop
      vertex 16.764622712816465 3.259247998800616 19
      vertex 17 3.25 19
      vertex 16.882311356408234 4.754623999400308 17
    endloop
  endfacet
  facet normal -0.03141657002876204 0.799605102185874 0.5997038266394054
    outer loop
      vertex 17 3.25 19
      vertex 17.235377287183535 3.259247998800616 19
      vertex 17.117688643591766 4.754623999400308 17
    endloop
  endfacet
  facet normal -0.09405601648498672 0.7946752708352196 0.5997038266394056
    outer loop
      vertex 17.235377287183535 3.259247998800616 19
      vertex 17.469303395120694 3.2869349782145867 19
      vertex 17.234651697560345 4.768467489107294 17
    endloop
  endfacet
  facet normal -0.15611557632278644 0.7848460021835225 0.5997038266394057
    outer loop
      vertex 17.469303395120694 3.2869349782145867 19
      vertex 17.700336091567717 3.3328902388069706 19
      vertex 17.350168045783857 4.791445119403486 17
    endloop
  endfacet
  facet normal 0 0 -1
    outer loop
      vertex 16.530696604879306 3.2869349782145867 19
      vertex 16.299663908432283 3.3328902388069706 19
      vertex 16.53647450843758 4.8234152255572695 19
    endloop
  endfacet
  facet normal 0 0 -1
    outer loop
      vertex 16.530696604879306 3.2869349782145867 19
      vertex 16.765348302439655 4.768467489107294 19
      vertex 16.764622712816465 3.259247998800616 19
    endloop
  endfacet
  facet normal 0 0 -1
    outer loop
      vertex 16.764622712816465 3.259247998800616 19
      vertex 17 4.75 19
      vertex 17 3.25 19
    endloop
  endfacet
  facet normal 0 0 -1
    outer loop
      vertex 17 3.25 19
      vertex 17.117688643591766 4.754623999400308 19
      vertex 17.235377287183535 3.259247998800616 19
    endloop
  endfacet
  facet normal 0 0 -1
    outer loop
      vertex 17.235377287183535 3.259247998800616 19
      vertex 17.350168045783857 4.791445119403486 19
      vertex 17.469303395120694 3.2869349782145867 19
    endloop
  endfacet
  facet normal 0 0 -1
    outer loop
      vertex 17.469303395120694 3.2869349782145867 19
      vertex 17.574025148547634 4.86418070123307 19
      vertex 17.700336091567717 3.3328902388069706 19
    endloop
  endfacet
  facet normal 0.3350207510724073 0.7267161871493809 0.5997038266394056
    outer loop
      vertex 15.851949702904731 3.47836140246614 19
      vertex 16.425974851452366 4.86418070123307 17
      vertex 16.31901425039068 4.9134902137174485 17
    endloop
  endfacet
  facet normal 0.2769704990098532 0.7507613888528678 0.5997038266394054
    outer loop
      vertex 16.072949016875157 3.3968304511145395 19
      vertex 16.53647450843758 4.8234152255572695 17
      vertex 16.425974851452366 4.86418070123307 17
    endloop
  endfacet
  facet normal 0.21721263171884672 0.7701778969405874 0.5997038266394059
    outer loop
      vertex 16.299663908432283 3.3328902388069706 19
      vertex 16.649831954216143 4.791445119403486 17
      vertex 16.53647450843758 4.8234152255572695 17
    endloop
  endfacet
  facet normal 0.1561155763227879 0.7848460021835223 0.5997038266394056
    outer loop
      vertex 16.530696604879306 3.2869349782145867 19
      vertex 16.765348302439655 4.768467489107294 17
      vertex 16.649831954216143 4.791445119403486 17
    endloop
  endfacet
  facet normal 0.09405601648498972 0.7946752708352195 0.5997038266394055
    outer loop
      vertex 16.764622712816465 3.259247998800616 19
      vertex 16.882311356408234 4.754623999400308 17
      vertex 16.765348302439655 4.768467489107294 17
    endloop
  endfacet
  facet normal 0.031416570028761005 0.7996051021858739 0.5997038266394055
    outer loop
      vertex 17 3.25 19
      vertex 17 4.75 17
      vertex 16.882311356408234 4.754623999400308 17
    endloop
  endfacet
  facet normal -0.031416570028761005 0.7996051021858739 0.5997038266394055
    outer loop
      vertex 17 3.25 19
      vertex 17.117688643591766 4.754623999400308 17
      vertex 17 4.75 17
    endloop
  endfacet
  facet normal 0.33502075107240703 0.7267161871493809 0.5997038266394055
    outer loop
      vertex 15.63802850078136 3.576980427434896 19
      vertex 15.851949702904731 3.47836140246614 19
      vertex 16.31901425039068 4.9134902137174485 17
    endloop
  endfacet
  facet normal 0.39100548879890523 0.6981905384944592 0.5997038266394055
    outer loop
      vertex 15.432504305852154 3.6920795069377235 19
      vertex 15.63802850078136 3.576980427434896 19
      vertex 16.216252152926078 4.971039753468862 17
    endloop
  endfacet
  facet normal 0.2769704990098499 0.7507613888528689 0.5997038266394056
    outer loop
      vertex 16.072949016875157 3.3968304511145395 19
      vertex 16.425974851452366 4.86418070123307 17
      vertex 15.851949702904731 3.47836140246614 19
    endloop
  endfacet
  facet normal 0.21721263171885416 0.7701778969405856 0.5997038266394054
    outer loop
      vertex 16.072949016875157 3.3968304511145395 19
      vertex 16.299663908432283 3.3328902388069706 19
      vertex 16.53647450843758 4.8234152255572695 17
    endloop
  endfacet
  facet normal 0.39100548879890556 0.6981905384944593 0.5997038266394055
    outer loop
      vertex 15.63802850078136 3.576980427434896 19
      vertex 16.31901425039068 4.9134902137174485 17
      vertex 16.216252152926078 4.971039753468862 17
    endloop
  endfacet
  facet normal 0.444579547664432 0.6653603129978094 0.5997038266394055
    outer loop
      vertex 15.432504305852154 3.6920795069377235 19
      vertex 16.216252152926078 4.971039753468862 17
      vertex 16.11832212156129 5.036474508437578 17
    endloop
  endfacet
  facet normal 0.49541262578090894 0.6284279199167705 0.5997038266394055
    outer loop
      vertex 15.23664424312258 3.8229490168751576 19
      vertex 16.11832212156129 5.036474508437578 17
      vertex 16.025827927504725 5.109391051599953 17
    endloop
  endfacet
  facet normal -0.09405601648498972 0.7946752708352195 0.5997038266394055
    outer loop
      vertex 17.235377287183535 3.259247998800616 19
      vertex 17.234651697560345 4.768467489107294 17
      vertex 17.117688643591766 4.754623999400308 17
    endloop
  endfacet
  facet normal -0.1561155763227879 0.7848460021835223 0.5997038266394056
    outer loop
      vertex 17.469303395120694 3.2869349782145867 19
      vertex 17.350168045783857 4.791445119403486 17
      vertex 17.234651697560345 4.768467489107294 17
    endloop
  endfacet
  facet normal -0.21721263171884672 0.7701778969405874 0.5997038266394059
    outer loop
      vertex 17.700336091567717 3.3328902388069706 19
      vertex 17.46352549156242 4.8234152255572695 17
      vertex 17.350168045783857 4.791445119403486 17
    endloop
  endfacet
  facet normal -0.2769704990098532 0.7507613888528678 0.5997038266394054
    outer loop
      vertex 17.927050983124843 3.3968304511145395 19
      vertex 17.574025148547634 4.86418070123307 17
      vertex 17.46352549156242 4.8234152255572695 17
    endloop
  endfacet
  facet normal -0.33502075107240714 0.7267161871493806 0.5997038266394057
    outer loop
      vertex 18.14805029709527 3.47836140246614 19
      vertex 17.68098574960932 4.9134902137174485 17
      vertex 17.574025148547634 4.86418070123307 17
    endloop
  endfacet
  facet normal -0.21721263171885416 0.7701778969405856 0.5997038266394054
    outer loop
      vertex 17.700336091567717 3.3328902388069706 19
      vertex 17.927050983124843 3.3968304511145395 19
      vertex 17.46352549156242 4.8234152255572695 17
    endloop
  endfacet
  facet normal -0.27697049900984794 0.7507613888528696 0.5997038266394056
    outer loop
      vertex 17.927050983124843 3.3968304511145395 19
      vertex 18.14805029709527 3.47836140246614 19
      vertex 17.574025148547634 4.86418070123307 17
    endloop
  endfacet
  facet normal -0.3350207510724093 0.7267161871493798 0.5997038266394056
    outer loop
      vertex 18.14805029709527 3.47836140246614 19
      vertex 18.36197149921864 3.576980427434896 19
      vertex 17.68098574960932 4.9134902137174485 17
    endloop
  endfacet
  facet normal -0.3910054887989026 0.6981905384944607 0.5997038266394057
    outer loop
      vertex 18.36197149921864 3.576980427434896 19
      vertex 18.567495694147848 3.6920795069377235 19
      vertex 17.783747847073922 4.971039753468862 17
    endloop
  endfacet
  facet normal -0.39100548879890556 0.6981905384944593 0.5997038266394055
    outer loop
      vertex 18.36197149921864 3.576980427434896 19
      vertex 17.783747847073922 4.971039753468862 17
      vertex 17.68098574960932 4.9134902137174485 17
    endloop
  endfacet
  facet normal -0.4445795476644318 0.6653603129978092 0.5997038266394059
    outer loop
      vertex 18.567495694147848 3.6920795069377235 19
      vertex 17.88167787843871 5.036474508437578 17
      vertex 17.783747847073922 4.971039753468862 17
    endloop
  endfacet
  facet normal -0.49541262578090894 0.6284279199167705 0.5997038266394055
    outer loop
      vertex 18.76335575687742 3.8229490168751576 19
      vertex 17.974172072495275 5.109391051599953 17
      vertex 17.88167787843871 5.036474508437578 17
    endloop
  endfacet
  facet normal -0.5431913203180302 0.5876210597359572 0.5997038266394052
    outer loop
      vertex 18.94834414499055 3.9687821031999073 19
      vertex 18.060660171779823 5.189339828220179 17
      vertex 17.974172072495275 5.109391051599953 17
    endloop
  endfacet
  facet normal 0 0 -1
    outer loop
      vertex 16.072949016875157 3.3968304511145395 19
      vertex 15.851949702904731 3.47836140246614 19
      vertex 16.025827927504725 5.109391051599953 19
    endloop
  endfacet
  facet normal 0 0 -1
    outer loop
      vertex 15.63802850078136 3.576980427434896 19
      vertex 15.786474508437578 5.36832212156129 19
      vertex 15.851949702904731 3.47836140246614 19
    endloop
  endfacet
  facet normal 0 0 -1
    outer loop
      vertex 16.072949016875157 3.3968304511145395 19
      vertex 16.31901425039068 4.9134902137174485 19
      vertex 16.299663908432283 3.3328902388069706 19
    endloop
  endfacet
  facet normal 0 0 -1
    outer loop
      vertex 16.072949016875157 3.3968304511145395 19
      vertex 16.11832212156129 5.036474508437578 19
      vertex 16.216252152926078 4.971039753468862 19
    endloop
  endfacet
  facet normal 0 0 -1
    outer loop
      vertex 16.072949016875157 3.3968304511145395 19
      vertex 16.216252152926078 4.971039753468862 19
      vertex 16.31901425039068 4.9134902137174485 19
    endloop
  endfacet
  facet normal 0 0 -1
    outer loop
      vertex 16.299663908432283 3.3328902388069706 19
      vertex 16.31901425039068 4.9134902137174485 19
      vertex 16.425974851452366 4.86418070123307 19
    endloop
  endfacet
  facet normal 0 0 -1
    outer loop
      vertex 16.530696604879306 3.2869349782145867 19
      vertex 16.649831954216143 4.791445119403486 19
      vertex 16.765348302439655 4.768467489107294 19
    endloop
  endfacet
  facet normal 0 0 -1
    outer loop
      vertex 16.530696604879306 3.2869349782145867 19
      vertex 16.53647450843758 4.8234152255572695 19
      vertex 16.649831954216143 4.791445119403486 19
    endloop
  endfacet
  facet normal 0 0 -1
    outer loop
      vertex 16.299663908432283 3.3328902388069706 19
      vertex 16.425974851452366 4.86418070123307 19
      vertex 16.53647450843758 4.8234152255572695 19
    endloop
  endfacet
  facet normal 0 0 -1
    outer loop
      vertex 16.764622712816465 3.259247998800616 19
      vertex 16.765348302439655 4.768467489107294 19
      vertex 16.882311356408234 4.754623999400308 19
    endloop
  endfacet
  facet normal 0 0 -1
    outer loop
      vertex 16.764622712816465 3.259247998800616 19
      vertex 16.882311356408234 4.754623999400308 19
      vertex 17 4.75 19
    endloop
  endfacet
  facet normal 0 0 -1
    outer loop
      vertex 17 3.25 19
      vertex 17 4.75 19
      vertex 17.117688643591766 4.754623999400308 19
    endloop
  endfacet
  facet normal 0 0 -1
    outer loop
      vertex 16.072949016875157 3.3968304511145395 19
      vertex 16.025827927504725 5.109391051599953 19
      vertex 16.11832212156129 5.036474508437578 19
    endloop
  endfacet
  facet normal 0 0 -1
    outer loop
      vertex 15.851949702904731 3.47836140246614 19
      vertex 15.939339828220179 5.189339828220179 19
      vertex 16.025827927504725 5.109391051599953 19
    endloop
  endfacet
  facet normal 0 0 -1
    outer loop
      vertex 15.851949702904731 3.47836140246614 19
      vertex 15.859391051599953 5.275827927504724 19
      vertex 15.939339828220179 5.189339828220179 19
    endloop
  endfacet
  facet normal 0 0 -1
    outer loop
      vertex 15.851949702904731 3.47836140246614 19
      vertex 15.786474508437578 5.36832212156129 19
      vertex 15.859391051599953 5.275827927504724 19
    endloop
  endfacet
  facet normal 0 0 -1
    outer loop
      vertex 17.235377287183535 3.259247998800616 19
      vertex 17.117688643591766 4.754623999400308 19
      vertex 17.234651697560345 4.768467489107294 19
    endloop
  endfacet
  facet normal 0 0 -1
    outer loop
      vertex 17.235377287183535 3.259247998800616 19
      vertex 17.234651697560345 4.768467489107294 19
      vertex 17.350168045783857 4.791445119403486 19
    endloop
  endfacet
  facet normal 0 0 -1
    outer loop
      vertex 17.469303395120694 3.2869349782145867 19
      vertex 17.350168045783857 4.791445119403486 19
      vertex 17.46352549156242 4.8234152255572695 19
    endloop
  endfacet
  facet normal 0 0 -1
    outer loop
      vertex 17.469303395120694 3.2869349782145867 19
      vertex 17.46352549156242 4.8234152255572695 19
      vertex 17.574025148547634 4.86418070123307 19
    endloop
  endfacet
  facet normal 0 0 -1
    outer loop
      vertex 17.700336091567717 3.3328902388069706 19
      vertex 17.574025148547634 4.86418070123307 19
      vertex 17.68098574960932 4.9134902137174485 19
    endloop
  endfacet
  facet normal 0 0 -1
    outer loop
      vertex 17.700336091567717 3.3328902388069706 19
      vertex 17.783747847073922 4.971039753468862 19
      vertex 17.927050983124843 3.3968304511145395 19
    endloop
  endfacet
  facet normal 0 0 -1
    outer loop
      vertex 17.927050983124843 3.3968304511145395 19
      vertex 17.974172072495275 5.109391051599953 19
      vertex 18.14805029709527 3.47836140246614 19
    endloop
  endfacet
  facet normal 0 0 -1
    outer loop
      vertex 18.14805029709527 3.47836140246614 19
      vertex 18.21352549156242 5.36832212156129 19
      vertex 18.36197149921864 3.576980427434896 19
    endloop
  endfacet
  facet normal 0 0 -1
    outer loop
      vertex 17.700336091567717 3.3328902388069706 19
      vertex 17.68098574960932 4.9134902137174485 19
      vertex 17.783747847073922 4.971039753468862 19
    endloop
  endfacet
  facet normal 0 0 -1
    outer loop
      vertex 17.927050983124843 3.3968304511145395 19
      vertex 17.783747847073922 4.971039753468862 19
      vertex 17.88167787843871 5.036474508437578 19
    endloop
  endfacet
  facet normal 0 0 -1
    outer loop
      vertex 17.927050983124843 3.3968304511145395 19
      vertex 17.88167787843871 5.036474508437578 19
      vertex 17.974172072495275 5.109391051599953 19
    endloop
  endfacet
  facet normal 0 0 -1
    outer loop
      vertex 18.14805029709527 3.47836140246614 19
      vertex 17.974172072495275 5.109391051599953 19
      vertex 18.060660171779823 5.189339828220179 19
    endloop
  endfacet
  facet normal 0 0 -1
    outer loop
      vertex 18.14805029709527 3.47836140246614 19
      vertex 18.060660171779823 5.189339828220179 19
      vertex 18.140608948400047 5.275827927504724 19
    endloop
  endfacet
  facet normal 0 0 -1
    outer loop
      vertex 18.14805029709527 3.47836140246614 19
      vertex 18.140608948400047 5.275827927504724 19
      vertex 18.21352549156242 5.36832212156129 19
    endloop
  endfacet
  facet normal 0 0 -1
    outer loop
      vertex 18.36197149921864 3.576980427434896 19
      vertex 18.21352549156242 5.36832212156129 19
      vertex 18.27896024653114 5.466252152926077 19
    endloop
  endfacet
  facet normal 0 0 -1
    outer loop
      vertex 18.36197149921864 3.576980427434896 19
      vertex 18.27896024653114 5.466252152926077 19
      vertex 18.33650978628255 5.56901425039068 19
    endloop
  endfacet
  facet normal 0 0 -1
    outer loop
      vertex 18.36197149921864 3.576980427434896 19
      vertex 18.33650978628255 5.56901425039068 19
      vertex 18.38581929876693 5.675974851452366 19
    endloop
  endfacet
  facet normal -0.4445795476644341 0.6653603129978081 0.5997038266394057
    outer loop
      vertex 18.567495694147848 3.6920795069377235 19
      vertex 18.76335575687742 3.8229490168751576 19
      vertex 17.88167787843871 5.036474508437578 17
    endloop
  endfacet
  facet normal -0.49541262578091494 0.628427919916766 0.5997038266394054
    outer loop
      vertex 18.76335575687742 3.8229490168751576 19
      vertex 18.94834414499055 3.9687821031999073 19
      vertex 17.974172072495275 5.109391051599953 17
    endloop
  endfacet
  facet normal -0.543191320318033 0.5876210597359547 0.5997038266394052
    outer loop
      vertex 18.94834414499055 3.9687821031999073 19
      vertex 19.121320343559642 4.128679656440357 19
      vertex 18.060660171779823 5.189339828220179 17
    endloop
  endfacet
  facet normal -0.587621059735955 0.5431913203180329 0.5997038266394049
    outer loop
      vertex 19.121320343559642 4.128679656440357 19
      vertex 18.140608948400047 5.275827927504724 17
      vertex 18.060660171779823 5.189339828220179 17
    endloop
  endfacet
  facet normal -0.6284279199167682 0.49541262578091183 0.5997038266394056
    outer loop
      vertex 19.427050983124843 4.486644243122581 19
      vertex 18.21352549156242 5.36832212156129 17
      vertex 18.140608948400047 5.275827927504724 17
    endloop
  endfacet
  facet normal -0.5876210597359515 0.5431913203180361 0.5997038266394054
    outer loop
      vertex 19.121320343559642 4.128679656440357 19
      vertex 19.281217896800094 4.301655855009449 19
      vertex 18.140608948400047 5.275827927504724 17
    endloop
  endfacet
  facet normal -0.6284279199167682 0.49541262578091183 0.5997038266394055
    outer loop
      vertex 19.281217896800094 4.301655855009449 19
      vertex 19.427050983124843 4.486644243122581 19
      vertex 18.140608948400047 5.275827927504724 17
    endloop
  endfacet
  facet normal -0.6653603129978104 0.44457954766443064 0.5997038266394054
    outer loop
      vertex 19.427050983124843 4.486644243122581 19
      vertex 19.557920493062277 4.682504305852154 19
      vertex 18.21352549156242 5.36832212156129 17
    endloop
  endfacet
  facet normal -0.6981905384944608 0.391005488798903 0.5997038266394052
    outer loop
      vertex 18.27896024653114 5.466252152926077 17
      vertex 19.557920493062277 4.682504305852154 19
      vertex 19.673019572565103 4.88802850078136 19
    endloop
  endfacet
  facet normal 0 0 -1
    outer loop
      vertex 18.36197149921864 3.576980427434896 19
      vertex 18.38581929876693 5.675974851452366 19
      vertex 18.567495694147848 3.6920795069377235 19
    endloop
  endfacet
  facet normal 0 0 -1
    outer loop
      vertex 18.567495694147848 3.6920795069377235 19
      vertex 18.38581929876693 5.675974851452366 19
      vertex 18.42658477444273 5.786474508437579 19
    endloop
  endfacet
  facet normal 0.7701778969405864 0.21721263171885155 0.5997038266394052
    outer loop
      vertex 14.082890238806971 5.549663908432284 19
      vertex 15.57341522555727 5.786474508437579 17
      vertex 15.541445119403486 5.8998319542161415 17
    endloop
  endfacet
  facet normal 0.6653603129978113 0.4445795476644292 0.5997038266394055
    outer loop
      vertex 14.442079506937723 4.682504305852154 19
      vertex 15.786474508437578 5.36832212156129 17
      vertex 15.721039753468862 5.466252152926077 17
    endloop
  endfacet
  facet normal 0.6981905384944606 0.39100548879890296 0.5997038266394055
    outer loop
      vertex 14.326980427434897 4.88802850078136 19
      vertex 15.721039753468862 5.466252152926077 17
      vertex 15.663490213717449 5.56901425039068 17
    endloop
  endfacet
  facet normal 0.7267161871493821 0.3350207510724046 0.5997038266394055
    outer loop
      vertex 14.22836140246614 5.101949702904731 19
      vertex 15.663490213717449 5.56901425039068 17
      vertex 15.614180701233071 5.675974851452366 17
    endloop
  endfacet
  facet normal 0.7507613888528674 0.27697049900985465 0.5997038266394052
    outer loop
      vertex 14.146830451114539 5.322949016875158 19
      vertex 15.614180701233071 5.675974851452366 17
      vertex 15.57341522555727 5.786474508437579 17
    endloop
  endfacet
  facet normal 0.7267161871493799 0.33502075107240964 0.5997038266394054
    outer loop
      vertex 14.326980427434897 4.88802850078136 19
      vertex 15.663490213717449 5.56901425039068 17
      vertex 14.22836140246614 5.101949702904731 19
    endloop
  endfacet
  facet normal 0.7507613888528687 0.2769704990098502 0.5997038266394056
    outer loop
      vertex 14.22836140246614 5.101949702904731 19
      vertex 15.614180701233071 5.675974851452366 17
      vertex 14.146830451114539 5.322949016875158 19
    endloop
  endfacet
  facet normal 0.7701778969405868 0.21721263171884997 0.5997038266394054
    outer loop
      vertex 14.146830451114539 5.322949016875158 19
      vertex 15.57341522555727 5.786474508437579 17
      vertex 14.082890238806971 5.549663908432284 19
    endloop
  endfacet
  facet normal 0.7848460021835225 0.15611557632278794 0.5997038266394052
    outer loop
      vertex 14.036934978214587 5.780696604879307 19
      vertex 14.082890238806971 5.549663908432284 19
      vertex 15.541445119403486 5.8998319542161415 17
    endloop
  endfacet
  facet normal 0.7848460021835216 0.1561155763227938 0.5997038266394049
    outer loop
      vertex 14.036934978214587 5.780696604879307 19
      vertex 15.541445119403486 5.8998319542161415 17
      vertex 15.518467489107293 6.015348302439653 17
    endloop
  endfacet
  facet normal 0.7946752708352205 0.09405601648497777 0.5997038266394059
    outer loop
      vertex 14.009247998800616 6.0146227128164655 19
      vertex 15.518467489107293 6.015348302439653 17
      vertex 15.504623999400309 6.132311356408232 17
    endloop
  endfacet
  facet normal 0.7996051021858738 0.031416570028766556 0.5997038266394054
    outer loop
      vertex 14 6.25 19
      vertex 15.504623999400309 6.132311356408232 17
      vertex 15.5 6.25 17
    endloop
  endfacet
  facet normal 0.7996051021858738 -0.031416570028766556 0.5997038266394054
    outer loop
      vertex 14 6.25 19
      vertex 15.5 6.25 17
      vertex 15.504623999400309 6.367688643591768 17
    endloop
  endfacet
  facet normal 0.7946752708352196 0.09405601648498974 0.5997038266394052
    outer loop
      vertex 14.036934978214587 5.780696604879307 19
      vertex 15.518467489107293 6.015348302439653 17
      vertex 14.009247998800616 6.0146227128164655 19
    endloop
  endfacet
  facet normal 0.7996051021858738 0.031416570028760644 0.5997038266394057
    outer loop
      vertex 14.009247998800616 6.0146227128164655 19
      vertex 15.504623999400309 6.132311356408232 17
      vertex 14 6.25 19
    endloop
  endfacet
  facet normal 0.7996051021858738 -0.031416570028760644 0.5997038266394057
    outer loop
      vertex 14 6.25 19
      vertex 15.504623999400309 6.367688643591768 17
      vertex 14.009247998800616 6.4853772871835345 19
    endloop
  endfacet
  facet normal 0 0 -1
    outer loop
      vertex 14.326980427434897 4.88802850078136 19
      vertex 14.326980427434897 7.61197149921864 19
      vertex 14.442079506937723 4.682504305852154 19
    endloop
  endfacet
  facet normal 0 0 -1
    outer loop
      vertex 14.146830451114539 5.322949016875158 19
      vertex 14.082890238806971 5.549663908432284 19
      vertex 14.082890238806971 6.950336091567716 19
    endloop
  endfacet
  facet normal 0 0 -1
    outer loop
      vertex 14.036934978214587 5.780696604879307 19
      vertex 14.036934978214587 6.719303395120693 19
      vertex 14.082890238806971 5.549663908432284 19
    endloop
  endfacet
  facet normal 0 0 -1
    outer loop
      vertex 14.326980427434897 4.88802850078136 19
      vertex 14.22836140246614 5.101949702904731 19
      vertex 14.22836140246614 7.398050297095269 19
    endloop
  endfacet
  facet normal 0 0 -1
    outer loop
      vertex 14.22836140246614 5.101949702904731 19
      vertex 14.146830451114539 5.322949016875158 19
      vertex 14.146830451114539 7.177050983124842 19
    endloop
  endfacet
  facet normal 0 0 -1
    outer loop
      vertex 14.036934978214587 5.780696604879307 19
      vertex 14.009247998800616 6.0146227128164655 19
      vertex 14.009247998800616 6.4853772871835345 19
    endloop
  endfacet
  facet normal 0 0 -1
    outer loop
      vertex 14.009247998800616 6.0146227128164655 19
      vertex 14 6.25 19
      vertex 14.009247998800616 6.4853772871835345 19
    endloop
  endfacet
  facet normal 0 0 -1
    outer loop
      vertex 14.036934978214587 5.780696604879307 19
      vertex 14.009247998800616 6.4853772871835345 19
      vertex 14.036934978214587 6.719303395120693 19
    endloop
  endfacet
  facet normal 0 0 -1
    outer loop
      vertex 14.718782103199906 4.301655855009449 19
      vertex 14.572949016875157 4.486644243122581 19
      vertex 14.572949016875157 8.01335575687742 19
    endloop
  endfacet
  facet normal 0 0 -1
    outer loop
      vertex 14.572949016875157 4.486644243122581 19
      vertex 14.442079506937723 4.682504305852154 19
      vertex 14.442079506937723 7.817495694147846 19
    endloop
  endfacet
  facet normal 0 0 -1
    outer loop
      vertex 14.878679656440358 4.128679656440357 19
      vertex 14.718782103199906 4.301655855009449 19
      vertex 14.718782103199906 8.198344144990552 19
    endloop
  endfacet
  facet normal 0 0 -1
    outer loop
      vertex 14.878679656440358 4.128679656440357 19
      vertex 14.878679656440358 8.371320343559642 19
      vertex 15.051655855009448 3.9687821031999073 19
    endloop
  endfacet
  facet normal 0 0 -1
    outer loop
      vertex 15.23664424312258 3.8229490168751576 19
      vertex 15.051655855009448 3.9687821031999073 19
      vertex 15.051655855009448 8.531217896800094 19
    endloop
  endfacet
  facet normal 0 0 -1
    outer loop
      vertex 15.432504305852154 3.6920795069377235 19
      vertex 15.23664424312258 3.8229490168751576 19
      vertex 15.23664424312258 8.677050983124843 19
    endloop
  endfacet
  facet normal 0 0 -1
    outer loop
      vertex 15.432504305852154 3.6920795069377235 19
      vertex 15.518467489107293 6.015348302439653 19
      vertex 15.541445119403486 5.8998319542161415 19
    endloop
  endfacet
  facet normal 0 0 -1
    outer loop
      vertex 15.432504305852154 3.6920795069377235 19
      vertex 15.541445119403486 5.8998319542161415 19
      vertex 15.57341522555727 5.786474508437579 19
    endloop
  endfacet
  facet normal 0 0 -1
    outer loop
      vertex 15.432504305852154 3.6920795069377235 19
      vertex 15.504623999400309 6.132311356408232 19
      vertex 15.518467489107293 6.015348302439653 19
    endloop
  endfacet
  facet normal 0 0 -1
    outer loop
      vertex 15.432504305852154 3.6920795069377235 19
      vertex 15.5 6.25 19
      vertex 15.504623999400309 6.132311356408232 19
    endloop
  endfacet
  facet normal 0 0 -1
    outer loop
      vertex 15.432504305852154 3.6920795069377235 19
      vertex 15.432504305852154 8.807920493062277 19
      vertex 15.5 6.25 19
    endloop
  endfacet
  facet normal 0.7946752708352205 -0.09405601648497777 0.5997038266394059
    outer loop
      vertex 14.009247998800616 6.4853772871835345 19
      vertex 15.504623999400309 6.367688643591768 17
      vertex 15.518467489107293 6.484651697560347 17
    endloop
  endfacet
  facet normal 0.7848460021835216 -0.1561155763227938 0.5997038266394049
    outer loop
      vertex 14.036934978214587 6.719303395120693 19
      vertex 15.518467489107293 6.484651697560347 17
      vertex 15.541445119403486 6.6001680457838585 17
    endloop
  endfacet
  facet normal 0.7701778969405864 -0.21721263171885155 0.5997038266394052
    outer loop
      vertex 14.082890238806971 6.950336091567716 19
      vertex 15.541445119403486 6.6001680457838585 17
      vertex 15.57341522555727 6.713525491562421 17
    endloop
  endfacet
  facet normal 0.7507613888528674 -0.27697049900985465 0.5997038266394052
    outer loop
      vertex 14.146830451114539 7.177050983124842 19
      vertex 15.57341522555727 6.713525491562421 17
      vertex 15.614180701233071 6.824025148547634 17
    endloop
  endfacet
  facet normal 0.7946752708352196 -0.09405601648498974 0.5997038266394052
    outer loop
      vertex 14.009247998800616 6.4853772871835345 19
      vertex 15.518467489107293 6.484651697560347 17
      vertex 14.036934978214587 6.719303395120693 19
    endloop
  endfacet
  facet normal 0.7848460021835225 -0.15611557632278794 0.5997038266394052
    outer loop
      vertex 14.036934978214587 6.719303395120693 19
      vertex 15.541445119403486 6.6001680457838585 17
      vertex 14.082890238806971 6.950336091567716 19
    endloop
  endfacet
  facet normal 0.7701778969405869 -0.21721263171885 0.5997038266394054
    outer loop
      vertex 14.082890238806971 6.950336091567716 19
      vertex 15.57341522555727 6.713525491562421 17
      vertex 14.146830451114539 7.177050983124842 19
    endloop
  endfacet
  facet normal 0.7267161871493821 -0.3350207510724046 0.5997038266394055
    outer loop
      vertex 14.22836140246614 7.398050297095269 19
      vertex 15.614180701233071 6.824025148547634 17
      vertex 15.663490213717449 6.93098574960932 17
    endloop
  endfacet
  facet normal 0.6981905384944606 -0.39100548879890296 0.5997038266394055
    outer loop
      vertex 14.326980427434897 7.61197149921864 19
      vertex 15.663490213717449 6.93098574960932 17
      vertex 15.721039753468862 7.033747847073923 17
    endloop
  endfacet
  facet normal 0.6653603129978113 -0.4445795476644292 0.5997038266394055
    outer loop
      vertex 14.442079506937723 7.817495694147846 19
      vertex 15.721039753468862 7.033747847073923 17
      vertex 15.786474508437578 7.13167787843871 17
    endloop
  endfacet
  facet normal 0.628427919916768 -0.4954126257809118 0.5997038266394059
    outer loop
      vertex 14.572949016875157 8.01335575687742 19
      vertex 15.786474508437578 7.13167787843871 17
      vertex 15.859391051599953 7.224172072495276 17
    endloop
  endfacet
  facet normal 0.5876210597359488 -0.5431913203180392 0.5997038266394055
    outer loop
      vertex 14.878679656440358 8.371320343559642 19
      vertex 15.859391051599953 7.224172072495276 17
      vertex 15.939339828220179 7.310660171779821 17
    endloop
  endfacet
  facet normal 0.7507613888528687 -0.2769704990098502 0.5997038266394056
    outer loop
      vertex 14.146830451114539 7.177050983124842 19
      vertex 15.614180701233071 6.824025148547634 17
      vertex 14.22836140246614 7.398050297095269 19
    endloop
  endfacet
  facet normal 0.7267161871493799 -0.33502075107240964 0.5997038266394054
    outer loop
      vertex 14.22836140246614 7.398050297095269 19
      vertex 15.663490213717449 6.93098574960932 17
      vertex 14.326980427434897 7.61197149921864 19
    endloop
  endfacet
  facet normal 0.6981905384944606 -0.39100548879890296 0.5997038266394054
    outer loop
      vertex 14.326980427434897 7.61197149921864 19
      vertex 15.721039753468862 7.033747847073923 17
      vertex 14.442079506937723 7.817495694147846 19
    endloop
  endfacet
  facet normal 0.6653603129978113 -0.4445795476644292 0.5997038266394055
    outer loop
      vertex 14.442079506937723 7.817495694147846 19
      vertex 15.786474508437578 7.13167787843871 17
      vertex 14.572949016875157 8.01335575687742 19
    endloop
  endfacet
  facet normal 0 0 -1
    outer loop
      vertex 14.082890238806971 5.549663908432284 19
      vertex 14.036934978214587 6.719303395120693 19
      vertex 14.082890238806971 6.950336091567716 19
    endloop
  endfacet
  facet normal 0 0 -1
    outer loop
      vertex 14.146830451114539 5.322949016875158 19
      vertex 14.082890238806971 6.950336091567716 19
      vertex 14.146830451114539 7.177050983124842 19
    endloop
  endfacet
  facet normal 0 0 -1
    outer loop
      vertex 14.22836140246614 5.101949702904731 19
      vertex 14.146830451114539 7.177050983124842 19
      vertex 14.22836140246614 7.398050297095269 19
    endloop
  endfacet
  facet normal 0 0 -1
    outer loop
      vertex 14.326980427434897 4.88802850078136 19
      vertex 14.22836140246614 7.398050297095269 19
      vertex 14.326980427434897 7.61197149921864 19
    endloop
  endfacet
  facet normal 0 0 -1
    outer loop
      vertex 14.442079506937723 4.682504305852154 19
      vertex 14.326980427434897 7.61197149921864 19
      vertex 14.442079506937723 7.817495694147846 19
    endloop
  endfacet
  facet normal 0 0 -1
    outer loop
      vertex 14.572949016875157 4.486644243122581 19
      vertex 14.442079506937723 7.817495694147846 19
      vertex 14.572949016875157 8.01335575687742 19
    endloop
  endfacet
  facet normal 0 0 -1
    outer loop
      vertex 14.718782103199906 4.301655855009449 19
      vertex 14.572949016875157 8.01335575687742 19
      vertex 14.718782103199906 8.198344144990552 19
    endloop
  endfacet
  facet normal 0 0 -1
    outer loop
      vertex 14.878679656440358 4.128679656440357 19
      vertex 14.718782103199906 8.198344144990552 19
      vertex 14.878679656440358 8.371320343559642 19
    endloop
  endfacet
  facet normal 0 0 -1
    outer loop
      vertex 15.051655855009448 3.9687821031999073 19
      vertex 14.878679656440358 8.371320343559642 19
      vertex 15.051655855009448 8.531217896800094 19
    endloop
  endfacet
  facet normal 0 0 -1
    outer loop
      vertex 15.23664424312258 3.8229490168751576 19
      vertex 15.051655855009448 8.531217896800094 19
      vertex 15.23664424312258 8.677050983124843 19
    endloop
  endfacet
  facet normal 0 0 -1
    outer loop
      vertex 15.432504305852154 3.6920795069377235 19
      vertex 15.23664424312258 8.677050983124843 19
      vertex 15.432504305852154 8.807920493062277 19
    endloop
  endfacet
  facet normal 0 0 -1
    outer loop
      vertex 15.5 6.25 19
      vertex 15.432504305852154 8.807920493062277 19
      vertex 15.504623999400309 6.367688643591768 19
    endloop
  endfacet
  facet normal 0 0 -1
    outer loop
      vertex 15.504623999400309 6.367688643591768 19
      vertex 15.432504305852154 8.807920493062277 19
      vertex 15.518467489107293 6.484651697560347 19
    endloop
  endfacet
  facet normal 0 0 -1
    outer loop
      vertex 15.518467489107293 6.484651697560347 19
      vertex 15.432504305852154 8.807920493062277 19
      vertex 15.541445119403486 6.6001680457838585 19
    endloop
  endfacet
  facet normal 0 0 -1
    outer loop
      vertex 15.541445119403486 6.6001680457838585 19
      vertex 15.432504305852154 8.807920493062277 19
      vertex 15.57341522555727 6.713525491562421 19
    endloop
  endfacet
  facet normal 0 0 -1
    outer loop
      vertex 15.57341522555727 6.713525491562421 19
      vertex 15.432504305852154 8.807920493062277 19
      vertex 15.614180701233071 6.824025148547634 19
    endloop
  endfacet
  facet normal 0 0 -1
    outer loop
      vertex 15.614180701233071 6.824025148547634 19
      vertex 15.63802850078136 8.923019572565103 19
      vertex 15.663490213717449 6.93098574960932 19
    endloop
  endfacet
  facet normal 0 0 -1
    outer loop
      vertex 15.663490213717449 6.93098574960932 19
      vertex 15.63802850078136 8.923019572565103 19
      vertex 15.721039753468862 7.033747847073923 19
    endloop
  endfacet
  facet normal 0.543191320318036 -0.5876210597359514 0.5997038266394057
    outer loop
      vertex 15.939339828220179 7.310660171779821 17
      vertex 16.025827927504725 7.390608948400047 17
      vertex 15.051655855009448 8.531217896800094 19
    endloop
  endfacet
  facet normal 0.6284279199167682 -0.49541262578091183 0.5997038266394056
    outer loop
      vertex 14.572949016875157 8.01335575687742 19
      vertex 15.859391051599953 7.224172072495276 17
      vertex 14.718782103199906 8.198344144990552 19
    endloop
  endfacet
  facet normal 0.5876210597359487 -0.5431913203180391 0.5997038266394055
    outer loop
      vertex 14.718782103199906 8.198344144990552 19
      vertex 15.859391051599953 7.224172072495276 17
      vertex 14.878679656440358 8.371320343559642 19
    endloop
  endfacet
  facet normal 0.5431913203180391 -0.5876210597359487 0.5997038266394055
    outer loop
      vertex 14.878679656440358 8.371320343559642 19
      vertex 15.939339828220179 7.310660171779821 17
      vertex 15.051655855009448 8.531217896800094 19
    endloop
  endfacet
  facet normal 0.4954126257809118 -0.628427919916768 0.5997038266394059
    outer loop
      vertex 16.025827927504725 7.390608948400047 17
      vertex 15.23664424312258 8.677050983124843 19
      vertex 15.051655855009448 8.531217896800094 19
    endloop
  endfacet
  facet normal 0.44457954766442914 -0.6653603129978112 0.5997038266394057
    outer loop
      vertex 16.11832212156129 7.463525491562422 17
      vertex 15.432504305852154 8.807920493062277 19
      vertex 15.23664424312258 8.677050983124843 19
    endloop
  endfacet
  facet normal 0 0 -1
    outer loop
      vertex 15.721039753468862 7.033747847073923 19
      vertex 15.63802850078136 8.923019572565103 19
      vertex 15.786474508437578 7.13167787843871 19
    endloop
  endfacet
  facet normal 0 0 -1
    outer loop
      vertex 15.614180701233071 6.824025148547634 19
      vertex 15.432504305852154 8.807920493062277 19
      vertex 15.63802850078136 8.923019572565103 19
    endloop
  endfacet
  facet normal 0 0 -1
    outer loop
      vertex 18.38581929876693 6.824025148547634 19
      vertex 18.33650978628255 6.93098574960932 19
      vertex 18.36197149921864 8.923019572565103 19
    endloop
  endfacet
  facet normal 0 0 -1
    outer loop
      vertex 18.33650978628255 6.93098574960932 19
      vertex 18.27896024653114 7.033747847073923 19
      vertex 18.36197149921864 8.923019572565103 19
    endloop
  endfacet
  facet normal -0.6653603129978113 0.4445795476644292 0.5997038266394055
    outer loop
      vertex 18.21352549156242 5.36832212156129 17
      vertex 19.557920493062277 4.682504305852154 19
      vertex 18.27896024653114 5.466252152926077 17
    endloop
  endfacet
  facet normal -0.6981905384944606 0.39100548879890296 0.5997038266394054
    outer loop
      vertex 18.27896024653114 5.466252152926077 17
      vertex 19.673019572565103 4.88802850078136 19
      vertex 18.33650978628255 5.56901425039068 17
    endloop
  endfacet
  facet normal -0.7267161871493824 0.33502075107240475 0.5997038266394054
    outer loop
      vertex 18.33650978628255 5.56901425039068 17
      vertex 19.771638597533858 5.101949702904731 19
      vertex 18.38581929876693 5.675974851452366 17
    endloop
  endfacet
  facet normal -0.7507613888528673 0.2769704990098546 0.5997038266394054
    outer loop
      vertex 18.38581929876693 5.675974851452366 17
      vertex 19.85316954888546 5.322949016875158 19
      vertex 18.42658477444273 5.786474508437579 17
    endloop
  endfacet
  facet normal -0.7701778969405838 0.2172126317188629 0.5997038266394047
    outer loop
      vertex 18.42658477444273 5.786474508437579 17
      vertex 19.91710976119303 5.549663908432284 19
      vertex 18.458554880596516 5.8998319542161415 17
    endloop
  endfacet
  facet normal -0.7267161871493824 0.33502075107240475 0.5997038266394054
    outer loop
      vertex 18.33650978628255 5.56901425039068 17
      vertex 19.673019572565103 4.88802850078136 19
      vertex 19.771638597533858 5.101949702904731 19
    endloop
  endfacet
  facet normal -0.7507613888528669 0.2769704990098556 0.5997038266394052
    outer loop
      vertex 18.38581929876693 5.675974851452366 17
      vertex 19.771638597533858 5.101949702904731 19
      vertex 19.85316954888546 5.322949016875158 19
    endloop
  endfacet
  facet normal -0.7701778969405869 0.21721263171885 0.5997038266394054
    outer loop
      vertex 18.42658477444273 5.786474508437579 17
      vertex 19.85316954888546 5.322949016875158 19
      vertex 19.91710976119303 5.549663908432284 19
    endloop
  endfacet
  facet normal -0.7848460021835216 0.1561155763227938 0.5997038266394049
    outer loop
      vertex 18.458554880596516 5.8998319542161415 17
      vertex 19.91710976119303 5.549663908432284 19
      vertex 19.963065021785415 5.780696604879307 19
    endloop
  endfacet
  facet normal -0.7848460021835253 0.1561155763227704 0.5997038266394064
    outer loop
      vertex 18.458554880596516 5.8998319542161415 17
      vertex 19.963065021785415 5.780696604879307 19
      vertex 18.481532510892706 6.015348302439653 17
    endloop
  endfacet
  facet normal -0.7946752708352196 0.09405601648498974 0.5997038266394052
    outer loop
      vertex 18.481532510892706 6.015348302439653 17
      vertex 19.990752001199382 6.0146227128164655 19
      vertex 18.49537600059969 6.132311356408232 17
    endloop
  endfacet
  facet normal -0.7996051021858738 0.031416570028766556 0.5997038266394054
    outer loop
      vertex 18.49537600059969 6.132311356408232 17
      vertex 20 6.25 19
      vertex 18.5 6.25 17
    endloop
  endfacet
  facet normal -0.7996051021858738 -0.031416570028766556 0.5997038266394054
    outer loop
      vertex 18.5 6.25 17
      vertex 20 6.25 19
      vertex 18.49537600059969 6.367688643591768 17
    endloop
  endfacet
  facet normal -0.7946752708352205 0.09405601648497777 0.5997038266394059
    outer loop
      vertex 18.481532510892706 6.015348302439653 17
      vertex 19.963065021785415 5.780696604879307 19
      vertex 19.990752001199382 6.0146227128164655 19
    endloop
  endfacet
  facet normal -0.7996051021858738 0.03141657002876668 0.5997038266394054
    outer loop
      vertex 18.49537600059969 6.132311356408232 17
      vertex 19.990752001199382 6.0146227128164655 19
      vertex 20 6.25 19
    endloop
  endfacet
  facet normal -0.7996051021858738 -0.03141657002876668 0.5997038266394054
    outer loop
      vertex 18.49537600059969 6.367688643591768 17
      vertex 20 6.25 19
      vertex 19.990752001199382 6.4853772871835345 19
    endloop
  endfacet
  facet normal 0 0 -1
    outer loop
      vertex 18.567495694147848 3.6920795069377235 19
      vertex 18.42658477444273 5.786474508437579 19
      vertex 18.458554880596516 5.8998319542161415 19
    endloop
  endfacet
  facet normal 0 0 -1
    outer loop
      vertex 18.567495694147848 3.6920795069377235 19
      vertex 18.458554880596516 5.8998319542161415 19
      vertex 18.481532510892706 6.015348302439653 19
    endloop
  endfacet
  facet normal 0 0 -1
    outer loop
      vertex 18.567495694147848 3.6920795069377235 19
      vertex 18.481532510892706 6.015348302439653 19
      vertex 18.49537600059969 6.132311356408232 19
    endloop
  endfacet
  facet normal 0 0 -1
    outer loop
      vertex 18.567495694147848 3.6920795069377235 19
      vertex 18.49537600059969 6.132311356408232 19
      vertex 18.5 6.25 19
    endloop
  endfacet
  facet normal 0 0 -1
    outer loop
      vertex 18.567495694147848 3.6920795069377235 19
      vertex 18.567495694147848 8.807920493062277 19
      vertex 18.76335575687742 3.8229490168751576 19
    endloop
  endfacet
  facet normal 0 0 -1
    outer loop
      vertex 18.76335575687742 3.8229490168751576 19
      vertex 18.76335575687742 8.677050983124843 19
      vertex 18.94834414499055 3.9687821031999073 19
    endloop
  endfacet
  facet normal 0 0 -1
    outer loop
      vertex 18.94834414499055 3.9687821031999073 19
      vertex 18.94834414499055 8.531217896800094 19
      vertex 19.121320343559642 4.128679656440357 19
    endloop
  endfacet
  facet normal 0 0 -1
    outer loop
      vertex 19.121320343559642 4.128679656440357 19
      vertex 19.121320343559642 8.371320343559642 19
      vertex 19.281217896800094 4.301655855009449 19
    endloop
  endfacet
  facet normal 0 0 -1
    outer loop
      vertex 19.281217896800094 4.301655855009449 19
      vertex 19.281217896800094 8.198344144990552 19
      vertex 19.427050983124843 4.486644243122581 19
    endloop
  endfacet
  facet normal 0 0 -1
    outer loop
      vertex 19.427050983124843 4.486644243122581 19
      vertex 19.427050983124843 8.01335575687742 19
      vertex 19.557920493062277 4.682504305852154 19
    endloop
  endfacet
  facet normal 0 0 -1
    outer loop
      vertex 18.567495694147848 3.6920795069377235 19
      vertex 18.5 6.25 19
      vertex 18.567495694147848 8.807920493062277 19
    endloop
  endfacet
  facet normal 0 0 -1
    outer loop
      vertex 19.557920493062277 4.682504305852154 19
      vertex 19.557920493062277 7.817495694147846 19
      vertex 19.673019572565103 4.88802850078136 19
    endloop
  endfacet
  facet normal 0 0 -1
    outer loop
      vertex 19.673019572565103 4.88802850078136 19
      vertex 19.673019572565103 7.61197149921864 19
      vertex 19.771638597533858 5.101949702904731 19
    endloop
  endfacet
  facet normal 0 0 -1
    outer loop
      vertex 19.771638597533858 5.101949702904731 19
      vertex 19.771638597533858 7.398050297095269 19
      vertex 19.85316954888546 5.322949016875158 19
    endloop
  endfacet
  facet normal 0 0 -1
    outer loop
      vertex 19.85316954888546 5.322949016875158 19
      vertex 19.85316954888546 7.177050983124842 19
      vertex 19.91710976119303 5.549663908432284 19
    endloop
  endfacet
  facet normal 0 0 -1
    outer loop
      vertex 19.91710976119303 5.549663908432284 19
      vertex 19.91710976119303 6.950336091567716 19
      vertex 19.963065021785415 5.780696604879307 19
    endloop
  endfacet
  facet normal 0 0 -1
    outer loop
      vertex 19.963065021785415 5.780696604879307 19
      vertex 19.963065021785415 6.719303395120693 19
      vertex 19.990752001199382 6.0146227128164655 19
    endloop
  endfacet
  facet normal 0 0 -1
    outer loop
      vertex 19.990752001199382 6.0146227128164655 19
      vertex 19.990752001199382 6.4853772871835345 19
      vertex 20 6.25 19
    endloop
  endfacet
  facet normal -0.7946752708352196 -0.09405601648498974 0.5997038266394054
    outer loop
      vertex 18.49537600059969 6.367688643591768 17
      vertex 19.990752001199382 6.4853772871835345 19
      vertex 18.481532510892706 6.484651697560347 17
    endloop
  endfacet
  facet normal -0.7848460021835253 -0.1561155763227704 0.5997038266394064
    outer loop
      vertex 18.481532510892706 6.484651697560347 17
      vertex 19.963065021785415 6.719303395120693 19
      vertex 18.458554880596516 6.6001680457838585 17
    endloop
  endfacet
  facet normal -0.7701778969405838 -0.2172126317188629 0.5997038266394047
    outer loop
      vertex 18.458554880596516 6.6001680457838585 17
      vertex 19.91710976119303 6.950336091567716 19
      vertex 18.42658477444273 6.713525491562421 17
    endloop
  endfacet
  facet normal -0.7507613888528673 -0.2769704990098546 0.5997038266394054
    outer loop
      vertex 18.42658477444273 6.713525491562421 17
      vertex 19.85316954888546 7.177050983124842 19
      vertex 18.38581929876693 6.824025148547634 17
    endloop
  endfacet
  facet normal -0.7946752708352205 -0.09405601648497777 0.5997038266394059
    outer loop
      vertex 18.481532510892706 6.484651697560347 17
      vertex 19.990752001199382 6.4853772871835345 19
      vertex 19.963065021785415 6.719303395120693 19
    endloop
  endfacet
  facet normal -0.7848460021835216 -0.1561155763227938 0.5997038266394049
    outer loop
      vertex 18.458554880596516 6.6001680457838585 17
      vertex 19.963065021785415 6.719303395120693 19
      vertex 19.91710976119303 6.950336091567716 19
    endloop
  endfacet
  facet normal -0.7701778969405869 -0.21721263171885 0.5997038266394054
    outer loop
      vertex 18.42658477444273 6.713525491562421 17
      vertex 19.91710976119303 6.950336091567716 19
      vertex 19.85316954888546 7.177050983124842 19
    endloop
  endfacet
  facet normal -0.6653603129978113 -0.4445795476644292 0.5997038266394055
    outer loop
      vertex 18.27896024653114 7.033747847073923 17
      vertex 19.557920493062277 7.817495694147846 19
      vertex 18.21352549156242 7.13167787843871 17
    endloop
  endfacet
  facet normal -0.7267161871493824 -0.33502075107240475 0.5997038266394054
    outer loop
      vertex 18.38581929876693 6.824025148547634 17
      vertex 19.771638597533858 7.398050297095269 19
      vertex 18.33650978628255 6.93098574960932 17
    endloop
  endfacet
  facet normal -0.6981905384944606 -0.39100548879890296 0.5997038266394054
    outer loop
      vertex 18.33650978628255 6.93098574960932 17
      vertex 19.673019572565103 7.61197149921864 19
      vertex 18.27896024653114 7.033747847073923 17
    endloop
  endfacet
  facet normal -0.6284279199167682 -0.49541262578091183 0.5997038266394056
    outer loop
      vertex 18.21352549156242 7.13167787843871 17
      vertex 19.427050983124843 8.01335575687742 19
      vertex 18.140608948400047 7.224172072495276 17
    endloop
  endfacet
  facet normal -0.587621059735955 -0.5431913203180329 0.5997038266394049
    outer loop
      vertex 18.060660171779823 7.310660171779821 17
      vertex 18.140608948400047 7.224172072495276 17
      vertex 19.121320343559642 8.371320343559642 19
    endloop
  endfacet
  facet normal -0.7507613888528669 -0.2769704990098556 0.5997038266394052
    outer loop
      vertex 18.38581929876693 6.824025148547634 17
      vertex 19.85316954888546 7.177050983124842 19
      vertex 19.771638597533858 7.398050297095269 19
    endloop
  endfacet
  facet normal -0.7267161871493824 -0.33502075107240475 0.5997038266394054
    outer loop
      vertex 18.33650978628255 6.93098574960932 17
      vertex 19.771638597533858 7.398050297095269 19
      vertex 19.673019572565103 7.61197149921864 19
    endloop
  endfacet
  facet normal -0.6981905384944608 -0.391005488798903 0.5997038266394052
    outer loop
      vertex 18.27896024653114 7.033747847073923 17
      vertex 19.673019572565103 7.61197149921864 19
      vertex 19.557920493062277 7.817495694147846 19
    endloop
  endfacet
  facet normal -0.6653603129978113 -0.4445795476644292 0.5997038266394055
    outer loop
      vertex 18.21352549156242 7.13167787843871 17
      vertex 19.557920493062277 7.817495694147846 19
      vertex 19.427050983124843 8.01335575687742 19
    endloop
  endfacet
  facet normal 0 0 -1
    outer loop
      vertex 19.121320343559642 4.128679656440357 19
      vertex 18.94834414499055 8.531217896800094 19
      vertex 19.121320343559642 8.371320343559642 19
    endloop
  endfacet
  facet normal 0 0 -1
    outer loop
      vertex 19.281217896800094 4.301655855009449 19
      vertex 19.121320343559642 8.371320343559642 19
      vertex 19.281217896800094 8.198344144990552 19
    endloop
  endfacet
  facet normal 0 0 -1
    outer loop
      vertex 19.557920493062277 4.682504305852154 19
      vertex 19.427050983124843 8.01335575687742 19
      vertex 19.557920493062277 7.817495694147846 19
    endloop
  endfacet
  facet normal 0 0 -1
    outer loop
      vertex 19.673019572565103 4.88802850078136 19
      vertex 19.557920493062277 7.817495694147846 19
      vertex 19.673019572565103 7.61197149921864 19
    endloop
  endfacet
  facet normal 0 0 -1
    outer loop
      vertex 19.427050983124843 4.486644243122581 19
      vertex 19.281217896800094 8.198344144990552 19
      vertex 19.427050983124843 8.01335575687742 19
    endloop
  endfacet
  facet normal 0 0 -1
    outer loop
      vertex 18.5 6.25 19
      vertex 18.49537600059969 6.367688643591768 19
      vertex 18.567495694147848 8.807920493062277 19
    endloop
  endfacet
  facet normal 0 0 -1
    outer loop
      vertex 18.76335575687742 3.8229490168751576 19
      vertex 18.567495694147848 8.807920493062277 19
      vertex 18.76335575687742 8.677050983124843 19
    endloop
  endfacet
  facet normal 0 0 -1
    outer loop
      vertex 18.49537600059969 6.367688643591768 19
      vertex 18.481532510892706 6.484651697560347 19
      vertex 18.567495694147848 8.807920493062277 19
    endloop
  endfacet
  facet normal 0 0 -1
    outer loop
      vertex 18.481532510892706 6.484651697560347 19
      vertex 18.458554880596516 6.6001680457838585 19
      vertex 18.567495694147848 8.807920493062277 19
    endloop
  endfacet
  facet normal 0 0 -1
    outer loop
      vertex 18.94834414499055 3.9687821031999073 19
      vertex 18.76335575687742 8.677050983124843 19
      vertex 18.94834414499055 8.531217896800094 19
    endloop
  endfacet
  facet normal 0 0 -1
    outer loop
      vertex 18.458554880596516 6.6001680457838585 19
      vertex 18.42658477444273 6.713525491562421 19
      vertex 18.567495694147848 8.807920493062277 19
    endloop
  endfacet
  facet normal 0 0 -1
    outer loop
      vertex 18.42658477444273 6.713525491562421 19
      vertex 18.38581929876693 6.824025148547634 19
      vertex 18.36197149921864 8.923019572565103 19
    endloop
  endfacet
  facet normal 0 0 -1
    outer loop
      vertex 19.990752001199382 6.0146227128164655 19
      vertex 19.963065021785415 6.719303395120693 19
      vertex 19.990752001199382 6.4853772871835345 19
    endloop
  endfacet
  facet normal 0 0 -1
    outer loop
      vertex 19.963065021785415 5.780696604879307 19
      vertex 19.91710976119303 6.950336091567716 19
      vertex 19.963065021785415 6.719303395120693 19
    endloop
  endfacet
  facet normal 0 0 -1
    outer loop
      vertex 19.91710976119303 5.549663908432284 19
      vertex 19.85316954888546 7.177050983124842 19
      vertex 19.91710976119303 6.950336091567716 19
    endloop
  endfacet
  facet normal 0 0 -1
    outer loop
      vertex 19.85316954888546 5.322949016875158 19
      vertex 19.771638597533858 7.398050297095269 19
      vertex 19.85316954888546 7.177050983124842 19
    endloop
  endfacet
  facet normal 0 0 -1
    outer loop
      vertex 19.771638597533858 5.101949702904731 19
      vertex 19.673019572565103 7.61197149921864 19
      vertex 19.771638597533858 7.398050297095269 19
    endloop
  endfacet
  facet normal 0.4954126257809088 -0.6284279199167703 0.599703826639406
    outer loop
      vertex 16.025827927504725 7.390608948400047 17
      vertex 16.11832212156129 7.463525491562422 17
      vertex 15.23664424312258 8.677050983124843 19
    endloop
  endfacet
  facet normal 0.444579547664432 -0.6653603129978094 0.5997038266394056
    outer loop
      vertex 16.11832212156129 7.463525491562422 17
      vertex 16.216252152926078 7.528960246531138 17
      vertex 15.432504305852154 8.807920493062277 19
    endloop
  endfacet
  facet normal 0.39100548879890556 -0.6981905384944593 0.5997038266394054
    outer loop
      vertex 16.216252152926078 7.528960246531138 17
      vertex 16.31901425039068 7.5865097862825515 17
      vertex 15.63802850078136 8.923019572565103 19
    endloop
  endfacet
  facet normal 0.3350207510724073 -0.7267161871493809 0.5997038266394056
    outer loop
      vertex 16.31901425039068 7.5865097862825515 17
      vertex 16.425974851452366 7.63581929876693 17
      vertex 15.851949702904731 9.02163859753386 19
    endloop
  endfacet
  facet normal 0.2769704990098532 -0.7507613888528678 0.5997038266394054
    outer loop
      vertex 16.425974851452366 7.63581929876693 17
      vertex 16.53647450843758 7.6765847744427305 17
      vertex 16.072949016875157 9.103169548885461 19
    endloop
  endfacet
  facet normal 0.2172126317188468 -0.7701778969405877 0.5997038266394056
    outer loop
      vertex 16.53647450843758 7.6765847744427305 17
      vertex 16.649831954216143 7.708554880596514 17
      vertex 16.299663908432283 9.167109761193029 19
    endloop
  endfacet
  facet normal 0.15611557632278794 -0.7848460021835225 0.5997038266394056
    outer loop
      vertex 16.649831954216143 7.708554880596514 17
      vertex 16.765348302439655 7.731532510892706 17
      vertex 16.530696604879306 9.213065021785413 19
    endloop
  endfacet
  facet normal 0.09405601648498971 -0.7946752708352193 0.5997038266394056
    outer loop
      vertex 16.765348302439655 7.731532510892706 17
      vertex 16.882311356408234 7.745376000599692 17
      vertex 16.764622712816465 9.240752001199384 19
    endloop
  endfacet
  facet normal 0.031416570028761005 -0.7996051021858739 0.5997038266394055
    outer loop
      vertex 16.882311356408234 7.745376000599692 17
      vertex 17 7.75 17
      vertex 17 9.25 19
    endloop
  endfacet
  facet normal -0.031416570028761005 -0.7996051021858739 0.5997038266394055
    outer loop
      vertex 17 7.75 17
      vertex 17.117688643591766 7.745376000599692 17
      vertex 17 9.25 19
    endloop
  endfacet
  facet normal 0.39100548879890296 -0.6981905384944606 0.5997038266394055
    outer loop
      vertex 16.216252152926078 7.528960246531138 17
      vertex 15.63802850078136 8.923019572565103 19
      vertex 15.432504305852154 8.807920493062277 19
    endloop
  endfacet
  facet normal 0.33502075107240964 -0.7267161871493799 0.5997038266394054
    outer loop
      vertex 16.31901425039068 7.5865097862825515 17
      vertex 15.851949702904731 9.02163859753386 19
      vertex 15.63802850078136 8.923019572565103 19
    endloop
  endfacet
  facet normal 0.27697049900985127 -0.7507613888528685 0.5997038266394055
    outer loop
      vertex 16.425974851452366 7.63581929876693 17
      vertex 16.072949016875157 9.103169548885461 19
      vertex 15.851949702904731 9.02163859753386 19
    endloop
  endfacet
  facet normal 0.21721263171885 -0.7701778969405869 0.5997038266394054
    outer loop
      vertex 16.53647450843758 7.6765847744427305 17
      vertex 16.299663908432283 9.167109761193029 19
      vertex 16.072949016875157 9.103169548885461 19
    endloop
  endfacet
  facet normal 0.15611557632278794 -0.7848460021835225 0.5997038266394055
    outer loop
      vertex 16.649831954216143 7.708554880596514 17
      vertex 16.530696604879306 9.213065021785413 19
      vertex 16.299663908432283 9.167109761193029 19
    endloop
  endfacet
  facet normal 0.09405601648498971 -0.7946752708352193 0.5997038266394056
    outer loop
      vertex 16.765348302439655 7.731532510892706 17
      vertex 16.764622712816465 9.240752001199384 19
      vertex 16.530696604879306 9.213065021785413 19
    endloop
  endfacet
  facet normal 0.03141657002876053 -0.799605102185874 0.5997038266394055
    outer loop
      vertex 16.882311356408234 7.745376000599692 17
      vertex 17 9.25 19
      vertex 16.764622712816465 9.240752001199384 19
    endloop
  endfacet
  facet normal -0.09405601648498971 -0.7946752708352193 0.5997038266394055
    outer loop
      vertex 17.117688643591766 7.745376000599692 17
      vertex 17.234651697560345 7.731532510892706 17
      vertex 17.235377287183535 9.240752001199384 19
    endloop
  endfacet
  facet normal -0.15611557632278794 -0.7848460021835225 0.5997038266394055
    outer loop
      vertex 17.234651697560345 7.731532510892706 17
      vertex 17.350168045783857 7.708554880596514 17
      vertex 17.469303395120694 9.213065021785413 19
    endloop
  endfacet
  facet normal -0.27697049900985315 -0.7507613888528677 0.5997038266394054
    outer loop
      vertex 17.46352549156242 7.6765847744427305 17
      vertex 17.574025148547634 7.63581929876693 17
      vertex 17.927050983124843 9.103169548885461 19
    endloop
  endfacet
  facet normal -0.2172126317188468 -0.7701778969405877 0.5997038266394056
    outer loop
      vertex 17.350168045783857 7.708554880596514 17
      vertex 17.46352549156242 7.6765847744427305 17
      vertex 17.700336091567717 9.167109761193029 19
    endloop
  endfacet
  facet normal -0.4954126257809088 -0.6284279199167703 0.599703826639406
    outer loop
      vertex 17.88167787843871 7.463525491562422 17
      vertex 17.974172072495275 7.390608948400047 17
      vertex 18.76335575687742 8.677050983124843 19
    endloop
  endfacet
  facet normal -0.54319132031803 -0.587621059735957 0.5997038266394055
    outer loop
      vertex 18.060660171779823 7.310660171779821 17
      vertex 18.94834414499055 8.531217896800094 19
      vertex 17.974172072495275 7.390608948400047 17
    endloop
  endfacet
  facet normal -0.4445795476644318 -0.6653603129978092 0.5997038266394058
    outer loop
      vertex 17.88167787843871 7.463525491562422 17
      vertex 18.567495694147848 8.807920493062277 19
      vertex 17.783747847073922 7.528960246531138 17
    endloop
  endfacet
  facet normal -0.33502075107240725 -0.7267161871493808 0.5997038266394057
    outer loop
      vertex 17.574025148547634 7.63581929876693 17
      vertex 17.68098574960932 7.5865097862825515 17
      vertex 18.14805029709527 9.02163859753386 19
    endloop
  endfacet
  facet normal -0.39100548879890556 -0.6981905384944593 0.5997038266394055
    outer loop
      vertex 17.68098574960932 7.5865097862825515 17
      vertex 17.783747847073922 7.528960246531138 17
      vertex 18.36197149921864 8.923019572565103 19
    endloop
  endfacet
  facet normal -0.03141657002876053 -0.799605102185874 0.5997038266394055
    outer loop
      vertex 17.117688643591766 7.745376000599692 17
      vertex 17.235377287183535 9.240752001199384 19
      vertex 17 9.25 19
    endloop
  endfacet
  facet normal -0.09405601648498971 -0.7946752708352193 0.5997038266394056
    outer loop
      vertex 17.234651697560345 7.731532510892706 17
      vertex 17.469303395120694 9.213065021785413 19
      vertex 17.235377287183535 9.240752001199384 19
    endloop
  endfacet
  facet normal -0.15611557632278794 -0.7848460021835225 0.5997038266394055
    outer loop
      vertex 17.350168045783857 7.708554880596514 17
      vertex 17.700336091567717 9.167109761193029 19
      vertex 17.469303395120694 9.213065021785413 19
    endloop
  endfacet
  facet normal -0.21721263171885 -0.7701778969405869 0.5997038266394054
    outer loop
      vertex 17.46352549156242 7.6765847744427305 17
      vertex 17.927050983124843 9.103169548885461 19
      vertex 17.700336091567717 9.167109761193029 19
    endloop
  endfacet
  facet normal -0.2769704990098492 -0.7507613888528689 0.5997038266394056
    outer loop
      vertex 17.574025148547634 7.63581929876693 17
      vertex 18.14805029709527 9.02163859753386 19
      vertex 17.927050983124843 9.103169548885461 19
    endloop
  endfacet
  facet normal -0.3910054887989003 -0.6981905384944619 0.5997038266394056
    outer loop
      vertex 17.783747847073922 7.528960246531138 17
      vertex 18.567495694147848 8.807920493062277 19
      vertex 18.36197149921864 8.923019572565103 19
    endloop
  endfacet
  facet normal -0.3350207510724119 -0.7267161871493788 0.5997038266394054
    outer loop
      vertex 17.68098574960932 7.5865097862825515 17
      vertex 18.36197149921864 8.923019572565103 19
      vertex 18.14805029709527 9.02163859753386 19
    endloop
  endfacet
  facet normal 0 0 -1
    outer loop
      vertex 15.786474508437578 7.13167787843871 19
      vertex 15.851949702904731 9.02163859753386 19
      vertex 15.859391051599953 7.224172072495276 19
    endloop
  endfacet
  facet normal 0 0 -1
    outer loop
      vertex 15.859391051599953 7.224172072495276 19
      vertex 15.851949702904731 9.02163859753386 19
      vertex 15.939339828220179 7.310660171779821 19
    endloop
  endfacet
  facet normal 0 0 -1
    outer loop
      vertex 15.939339828220179 7.310660171779821 19
      vertex 15.851949702904731 9.02163859753386 19
      vertex 16.025827927504725 7.390608948400047 19
    endloop
  endfacet
  facet normal 0 0 -1
    outer loop
      vertex 16.025827927504725 7.390608948400047 19
      vertex 16.072949016875157 9.103169548885461 19
      vertex 16.11832212156129 7.463525491562422 19
    endloop
  endfacet
  facet normal 0 0 -1
    outer loop
      vertex 16.11832212156129 7.463525491562422 19
      vertex 16.072949016875157 9.103169548885461 19
      vertex 16.216252152926078 7.528960246531138 19
    endloop
  endfacet
  facet normal 0 0 -1
    outer loop
      vertex 16.216252152926078 7.528960246531138 19
      vertex 16.299663908432283 9.167109761193029 19
      vertex 16.31901425039068 7.5865097862825515 19
    endloop
  endfacet
  facet normal 0 0 -1
    outer loop
      vertex 16.31901425039068 7.5865097862825515 19
      vertex 16.299663908432283 9.167109761193029 19
      vertex 16.425974851452366 7.63581929876693 19
    endloop
  endfacet
  facet normal 0 0 -1
    outer loop
      vertex 16.425974851452366 7.63581929876693 19
      vertex 16.530696604879306 9.213065021785413 19
      vertex 16.53647450843758 7.6765847744427305 19
    endloop
  endfacet
  facet normal 0 0 -1
    outer loop
      vertex 16.53647450843758 7.6765847744427305 19
      vertex 16.530696604879306 9.213065021785413 19
      vertex 16.649831954216143 7.708554880596514 19
    endloop
  endfacet
  facet normal 0 0 -1
    outer loop
      vertex 16.649831954216143 7.708554880596514 19
      vertex 16.764622712816465 9.240752001199384 19
      vertex 16.765348302439655 7.731532510892706 19
    endloop
  endfacet
  facet normal 0 0 -1
    outer loop
      vertex 16.765348302439655 7.731532510892706 19
      vertex 16.764622712816465 9.240752001199384 19
      vertex 16.882311356408234 7.745376000599692 19
    endloop
  endfacet
  facet normal 0 0 -1
    outer loop
      vertex 16.882311356408234 7.745376000599692 19
      vertex 17 9.25 19
      vertex 17 7.75 19
    endloop
  endfacet
  facet normal 0 0 -1
    outer loop
      vertex 15.786474508437578 7.13167787843871 19
      vertex 15.63802850078136 8.923019572565103 19
      vertex 15.851949702904731 9.02163859753386 19
    endloop
  endfacet
  facet normal 0 0 -1
    outer loop
      vertex 16.025827927504725 7.390608948400047 19
      vertex 15.851949702904731 9.02163859753386 19
      vertex 16.072949016875157 9.103169548885461 19
    endloop
  endfacet
  facet normal 0 0 -1
    outer loop
      vertex 16.216252152926078 7.528960246531138 19
      vertex 16.072949016875157 9.103169548885461 19
      vertex 16.299663908432283 9.167109761193029 19
    endloop
  endfacet
  facet normal 0 0 -1
    outer loop
      vertex 16.425974851452366 7.63581929876693 19
      vertex 16.299663908432283 9.167109761193029 19
      vertex 16.530696604879306 9.213065021785413 19
    endloop
  endfacet
  facet normal 0 0 -1
    outer loop
      vertex 16.649831954216143 7.708554880596514 19
      vertex 16.530696604879306 9.213065021785413 19
      vertex 16.764622712816465 9.240752001199384 19
    endloop
  endfacet
  facet normal 0 0 -1
    outer loop
      vertex 16.882311356408234 7.745376000599692 19
      vertex 16.764622712816465 9.240752001199384 19
      vertex 17 9.25 19
    endloop
  endfacet
  facet normal 0 0 -1
    outer loop
      vertex 17 7.75 19
      vertex 17.235377287183535 9.240752001199384 19
      vertex 17.117688643591766 7.745376000599692 19
    endloop
  endfacet
  facet normal 0 0 -1
    outer loop
      vertex 17.117688643591766 7.745376000599692 19
      vertex 17.235377287183535 9.240752001199384 19
      vertex 17.234651697560345 7.731532510892706 19
    endloop
  endfacet
  facet normal 0 0 -1
    outer loop
      vertex 17.234651697560345 7.731532510892706 19
      vertex 17.469303395120694 9.213065021785413 19
      vertex 17.350168045783857 7.708554880596514 19
    endloop
  endfacet
  facet normal 0 0 -1
    outer loop
      vertex 17.46352549156242 7.6765847744427305 19
      vertex 17.700336091567717 9.167109761193029 19
      vertex 17.574025148547634 7.63581929876693 19
    endloop
  endfacet
  facet normal 0 0 -1
    outer loop
      vertex 17.574025148547634 7.63581929876693 19
      vertex 17.700336091567717 9.167109761193029 19
      vertex 17.68098574960932 7.5865097862825515 19
    endloop
  endfacet
  facet normal 0 0 -1
    outer loop
      vertex 17.350168045783857 7.708554880596514 19
      vertex 17.469303395120694 9.213065021785413 19
      vertex 17.46352549156242 7.6765847744427305 19
    endloop
  endfacet
  facet normal 0 0 -1
    outer loop
      vertex 17.88167787843871 7.463525491562422 19
      vertex 17.927050983124843 9.103169548885461 19
      vertex 17.974172072495275 7.390608948400047 19
    endloop
  endfacet
  facet normal 0 0 -1
    outer loop
      vertex 18.21352549156242 7.13167787843871 19
      vertex 18.140608948400047 7.224172072495276 19
      vertex 18.14805029709527 9.02163859753386 19
    endloop
  endfacet
  facet normal 0 0 -1
    outer loop
      vertex 18.27896024653114 7.033747847073923 19
      vertex 18.21352549156242 7.13167787843871 19
      vertex 18.36197149921864 8.923019572565103 19
    endloop
  endfacet
  facet normal 0 0 -1
    outer loop
      vertex 18.060660171779823 7.310660171779821 19
      vertex 18.14805029709527 9.02163859753386 19
      vertex 18.140608948400047 7.224172072495276 19
    endloop
  endfacet
  facet normal 0 0 -1
    outer loop
      vertex 18.060660171779823 7.310660171779821 19
      vertex 17.974172072495275 7.390608948400047 19
      vertex 18.14805029709527 9.02163859753386 19
    endloop
  endfacet
  facet normal 0 0 -1
    outer loop
      vertex 17.68098574960932 7.5865097862825515 19
      vertex 17.927050983124843 9.103169548885461 19
      vertex 17.783747847073922 7.528960246531138 19
    endloop
  endfacet
  facet normal 0 0 -1
    outer loop
      vertex 17.88167787843871 7.463525491562422 19
      vertex 17.783747847073922 7.528960246531138 19
      vertex 17.927050983124843 9.103169548885461 19
    endloop
  endfacet
  facet normal 0 0 -1
    outer loop
      vertex 17 7.75 19
      vertex 17 9.25 19
      vertex 17.235377287183535 9.240752001199384 19
    endloop
  endfacet
  facet normal 0 0 -1
    outer loop
      vertex 17.234651697560345 7.731532510892706 19
      vertex 17.235377287183535 9.240752001199384 19
      vertex 17.469303395120694 9.213065021785413 19
    endloop
  endfacet
  facet normal 0 0 -1
    outer loop
      vertex 17.46352549156242 7.6765847744427305 19
      vertex 17.469303395120694 9.213065021785413 19
      vertex 17.700336091567717 9.167109761193029 19
    endloop
  endfacet
  facet normal 0 0 -1
    outer loop
      vertex 17.68098574960932 7.5865097862825515 19
      vertex 17.700336091567717 9.167109761193029 19
      vertex 17.927050983124843 9.103169548885461 19
    endloop
  endfacet
  facet normal 0 0 -1
    outer loop
      vertex 17.974172072495275 7.390608948400047 19
      vertex 17.927050983124843 9.103169548885461 19
      vertex 18.14805029709527 9.02163859753386 19
    endloop
  endfacet
  facet normal 0 0 -1
    outer loop
      vertex 18.21352549156242 7.13167787843871 19
      vertex 18.14805029709527 9.02163859753386 19
      vertex 18.36197149921864 8.923019572565103 19
    endloop
  endfacet
  facet normal -0.628427919916768 -0.4954126257809118 0.5997038266394057
    outer loop
      vertex 18.140608948400047 7.224172072495276 17
      vertex 19.427050983124843 8.01335575687742 19
      vertex 19.281217896800094 8.198344144990552 19
    endloop
  endfacet
  facet normal -0.5876210597359487 -0.5431913203180391 0.5997038266394055
    outer loop
      vertex 18.140608948400047 7.224172072495276 17
      vertex 19.281217896800094 8.198344144990552 19
      vertex 19.121320343559642 8.371320343559642 19
    endloop
  endfacet
  facet normal -0.4445795476644318 -0.6653603129978092 0.5997038266394058
    outer loop
      vertex 17.88167787843871 7.463525491562422 17
      vertex 18.76335575687742 8.677050983124843 19
      vertex 18.567495694147848 8.807920493062277 19
    endloop
  endfacet
  facet normal -0.49541262578091483 -0.6284279199167659 0.5997038266394055
    outer loop
      vertex 17.974172072495275 7.390608948400047 17
      vertex 18.94834414499055 8.531217896800094 19
      vertex 18.76335575687742 8.677050983124843 19
    endloop
  endfacet
  facet normal -0.5431913203180363 -0.5876210597359517 0.5997038266394051
    outer loop
      vertex 18.060660171779823 7.310660171779821 17
      vertex 19.121320343559642 8.371320343559642 19
      vertex 18.94834414499055 8.531217896800094 19
    endloop
  endfacet
  facet normal 0 0 -1
    outer loop
      vertex 18.42658477444273 6.713525491562421 19
      vertex 18.36197149921864 8.923019572565103 19
      vertex 18.567495694147848 8.807920493062277 19
    endloop
  endfacet
  facet normal 0 0 -1
    outer loop
      vertex -18.235377287183535 -10.240752001199384 0
      vertex -18.481532510892706 -6.484651697560347 0
      vertex -18.458554880596516 -6.6001680457838585 0
    endloop
  endfacet
  facet normal 0 0 -1
    outer loop
      vertex -18.235377287183535 -10.240752001199384 0
      vertex -18.49537600059969 -6.367688643591768 0
      vertex -18.481532510892706 -6.484651697560347 0
    endloop
  endfacet
  facet normal 0 0 -1
    outer loop
      vertex -18.235377287183535 -10.240752001199384 0
      vertex -18.27896024653114 -7.033747847073923 0
      vertex -18 -10.25 0
    endloop
  endfacet
  facet normal 0 0 -1
    outer loop
      vertex -18 -10.25 0
      vertex -17.68098574960932 -7.5865097862825515 0
      vertex -17.574025148547634 -7.63581929876693 0
    endloop
  endfacet
  facet normal 0 0 -1
    outer loop
      vertex -18 -10.25 0
      vertex -17.88167787843871 -7.463525491562422 0
      vertex -17.783747847073922 -7.528960246531138 0
    endloop
  endfacet
  facet normal 0 0 -1
    outer loop
      vertex -18 -10.25 0
      vertex -17.974172072495275 -7.390608948400047 0
      vertex -17.88167787843871 -7.463525491562422 0
    endloop
  endfacet
  facet normal 0 0 -1
    outer loop
      vertex -18 -10.25 0
      vertex -17.783747847073922 -7.528960246531138 0
      vertex -17.68098574960932 -7.5865097862825515 0
    endloop
  endfacet
  facet normal 0 0 -1
    outer loop
      vertex -18 -10.25 0
      vertex -17.574025148547634 -7.63581929876693 0
      vertex -17.46352549156242 -7.6765847744427305 0
    endloop
  endfacet
  facet normal 0 0 -1
    outer loop
      vertex -18 -10.25 0
      vertex -17.46352549156242 -7.6765847744427305 0
      vertex -17.350168045783857 -7.708554880596514 0
    endloop
  endfacet
  facet normal 0 0 -1
    outer loop
      vertex -18 -10.25 0
      vertex -17.234651697560345 -7.731532510892706 0
      vertex -17.117688643591766 -7.745376000599692 0
    endloop
  endfacet
  facet normal 0 0 -1
    outer loop
      vertex -18 -10.25 0
      vertex -17.350168045783857 -7.708554880596514 0
      vertex -17.234651697560345 -7.731532510892706 0
    endloop
  endfacet
  facet normal 0 0 -1
    outer loop
      vertex -18 -10.25 0
      vertex -17.117688643591766 -7.745376000599692 0
      vertex -17 -7.75 0
    endloop
  endfacet
  facet normal 0 0 -1
    outer loop
      vertex -18 -10.25 0
      vertex -17 -7.75 0
      vertex -16.882311356408234 -7.745376000599692 0
    endloop
  endfacet
  facet normal 0 0 -1
    outer loop
      vertex -18 -10.25 0
      vertex -16.882311356408234 -7.745376000599692 0
      vertex -16.765348302439655 -7.731532510892706 0
    endloop
  endfacet
  facet normal 0 0 -1
    outer loop
      vertex -18 -10.25 0
      vertex -16.765348302439655 -7.731532510892706 0
      vertex -16.649831954216143 -7.708554880596514 0
    endloop
  endfacet
  facet normal 0 0 -1
    outer loop
      vertex -18 -10.25 0
      vertex -18.140608948400047 -7.224172072495276 0
      vertex -18.060660171779823 -7.310660171779821 0
    endloop
  endfacet
  facet normal 0 0 -1
    outer loop
      vertex -18 -10.25 0
      vertex -18.21352549156242 -7.13167787843871 0
      vertex -18.140608948400047 -7.224172072495276 0
    endloop
  endfacet
  facet normal 0 0 -1
    outer loop
      vertex -18.235377287183535 -10.240752001199384 0
      vertex -18.33650978628255 -6.93098574960932 0
      vertex -18.27896024653114 -7.033747847073923 0
    endloop
  endfacet
  facet normal 0 0 -1
    outer loop
      vertex -18 -10.25 0
      vertex -18.27896024653114 -7.033747847073923 0
      vertex -18.21352549156242 -7.13167787843871 0
    endloop
  endfacet
  facet normal 0 0 -1
    outer loop
      vertex -18 -10.25 0
      vertex -18.060660171779823 -7.310660171779821 0
      vertex -17.974172072495275 -7.390608948400047 0
    endloop
  endfacet
  facet normal 0 0 -1
    outer loop
      vertex -18.235377287183535 -10.240752001199384 0
      vertex -18.38581929876693 -6.824025148547634 0
      vertex -18.33650978628255 -6.93098574960932 0
    endloop
  endfacet
  facet normal 0 0 -1
    outer loop
      vertex -18.235377287183535 -10.240752001199384 0
      vertex -18.42658477444273 -6.713525491562421 0
      vertex -18.38581929876693 -6.824025148547634 0
    endloop
  endfacet
  facet normal 0 0 -1
    outer loop
      vertex -18.235377287183535 -10.240752001199384 0
      vertex -18.458554880596516 -6.6001680457838585 0
      vertex -18.42658477444273 -6.713525491562421 0
    endloop
  endfacet
  facet normal 0 0 -1
    outer loop
      vertex -18 -10.25 0
      vertex -16.649831954216143 -7.708554880596514 0
      vertex -16.53647450843758 -7.6765847744427305 0
    endloop
  endfacet
  facet normal 0 0 -1
    outer loop
      vertex -18 -10.25 0
      vertex -16.53647450843758 -7.6765847744427305 0
      vertex -16.425974851452366 -7.63581929876693 0
    endloop
  endfacet
  facet normal 0 0 -1
    outer loop
      vertex -18 -10.25 0
      vertex -16.425974851452366 -7.63581929876693 0
      vertex -16.31901425039068 -7.5865097862825515 0
    endloop
  endfacet
  facet normal 0 0 -1
    outer loop
      vertex -18 -10.25 0
      vertex -16.31901425039068 -7.5865097862825515 0
      vertex -16.216252152926078 -7.528960246531138 0
    endloop
  endfacet
  facet normal 0 0 -1
    outer loop
      vertex -16.11832212156129 -7.463525491562422 0
      vertex -11.7 -6.45 0
      vertex -16.216252152926078 -7.528960246531138 0
    endloop
  endfacet
  facet normal 0 0 -1
    outer loop
      vertex -16.025827927504725 -7.390608948400047 0
      vertex -11.7 -6.45 0
      vertex -16.11832212156129 -7.463525491562422 0
    endloop
  endfacet
  facet normal 0 0 -1
    outer loop
      vertex -15.939339828220179 -7.310660171779821 0
      vertex -11.7 -6.45 0
      vertex -16.025827927504725 -7.390608948400047 0
    endloop
  endfacet
  facet normal 0 0 -1
    outer loop
      vertex -15.859391051599953 -7.224172072495276 0
      vertex -11.7 -6.45 0
      vertex -15.939339828220179 -7.310660171779821 0
    endloop
  endfacet
  facet normal 0 0 -1
    outer loop
      vertex -15.786474508437578 -7.13167787843871 0
      vertex -11.7 -6.45 0
      vertex -15.859391051599953 -7.224172072495276 0
    endloop
  endfacet
  facet normal 0 0 -1
    outer loop
      vertex -15.721039753468862 -7.033747847073923 0
      vertex -11.7 -6.45 0
      vertex -15.786474508437578 -7.13167787843871 0
    endloop
  endfacet
  facet normal 0 0 -1
    outer loop
      vertex -15.663490213717449 -6.93098574960932 0
      vertex -11.7 -6.45 0
      vertex -15.721039753468862 -7.033747847073923 0
    endloop
  endfacet
  facet normal 0 0 -1
    outer loop
      vertex -15.614180701233071 -6.824025148547634 0
      vertex -11.7 -6.45 0
      vertex -15.663490213717449 -6.93098574960932 0
    endloop
  endfacet
  facet normal 0 0 -1
    outer loop
      vertex -15.57341522555727 -6.713525491562421 0
      vertex -11.7 -6.45 0
      vertex -15.614180701233071 -6.824025148547634 0
    endloop
  endfacet
  facet normal 0 0 -1
    outer loop
      vertex -15.541445119403486 -6.6001680457838585 0
      vertex -11.7 -6.45 0
      vertex -15.57341522555727 -6.713525491562421 0
    endloop
  endfacet
  facet normal 0 0 -1
    outer loop
      vertex -15.518467489107293 -6.484651697560347 0
      vertex -11.7 -6.45 0
      vertex -15.541445119403486 -6.6001680457838585 0
    endloop
  endfacet
  facet normal 0 0 -1
    outer loop
      vertex -15.504623999400309 -6.367688643591768 0
      vertex -11.7 -6.45 0
      vertex -15.518467489107293 -6.484651697560347 0
    endloop
  endfacet
  facet normal 0 0 -1
    outer loop
      vertex -15.5 -6.25 0
      vertex -11.7 -6.45 0
      vertex -15.504623999400309 -6.367688643591768 0
    endloop
  endfacet
  facet normal 0 0 -1
    outer loop
      vertex -15.504623999400309 -6.132311356408232 0
      vertex -11.7 -6.45 0
      vertex -15.5 -6.25 0
    endloop
  endfacet
  facet normal -0.7853169308807445 -0.6190939493098346 0
    outer loop
      vertex -20.427050983124843 -9.01335575687742 0
      vertex -20.281217896800094 -9.198344144990552 0
      vertex -20.427050983124843 -9.01335575687742 20
    endloop
  endfacet
  facet normal -0.678800745532944 -0.7343225094356836 0
    outer loop
      vertex -20.121320343559642 -9.371320343559642 0
      vertex -19.94834414499055 -9.531217896800094 0
      vertex -20.121320343559642 -9.371320343559642 20
    endloop
  endfacet
  facet normal -0.73432250943568 -0.6788007455329477 0
    outer loop
      vertex -20.121320343559642 -9.371320343559642 0
      vertex -20.121320343559642 -9.371320343559642 20
      vertex -20.281217896800094 -9.198344144990552 0
    endloop
  endfacet
  facet normal -0.6190939493098382 -0.7853169308807415 0
    outer loop
      vertex -19.76335575687742 -9.677050983124843 0
      vertex -19.94834414499055 -9.531217896800094 20
      vertex -19.94834414499055 -9.531217896800094 0
    endloop
  endfacet
  facet normal -0.41865973753743174 -0.9081431738250796 0
    outer loop
      vertex -19.14805029709527 -10.02163859753386 0
      vertex -19.36197149921864 -9.923019572565103 20
      vertex -19.36197149921864 -9.923019572565103 0
    endloop
  endfacet
  facet normal -0.48862124149695096 -0.8724960070727994 0
    outer loop
      vertex -19.567495694147848 -9.807920493062277 0
      vertex -19.36197149921864 -9.923019572565103 0
      vertex -19.567495694147848 -9.807920493062277 20
    endloop
  endfacet
  facet normal -0.5555702330196 -0.8314696123025469 0
    outer loop
      vertex -19.76335575687742 -9.677050983124843 0
      vertex -19.567495694147848 -9.807920493062277 0
      vertex -19.567495694147848 -9.807920493062277 20
    endloop
  endfacet
  facet normal -0.2714404498650684 -0.9624552364536489 0
    outer loop
      vertex -18.927050983124843 -10.103169548885461 0
      vertex -18.700336091567717 -10.167109761193029 0
      vertex -18.927050983124843 -10.103169548885461 20
    endloop
  endfacet
  facet normal -0.34611705707749435 -0.9381913359224837 0
    outer loop
      vertex -19.14805029709527 -10.02163859753386 0
      vertex -18.927050983124843 -10.103169548885461 0
      vertex -18.927050983124843 -10.103169548885461 20
    endloop
  endfacet
  facet normal -0.19509032201613216 -0.9807852804032297 0
    outer loop
      vertex -18.700336091567717 -10.167109761193029 0
      vertex -18.469303395120694 -10.213065021785413 0
      vertex -18.469303395120694 -10.213065021785413 20
    endloop
  endfacet
  facet normal -0.11753739745783999 -0.9930684569549261 0
    outer loop
      vertex -18.469303395120694 -10.213065021785413 0
      vertex -18.235377287183535 -10.240752001199384 0
      vertex -18.469303395120694 -10.213065021785413 20
    endloop
  endfacet
  facet normal -0.8314696123025492 -0.5555702330195964 0
    outer loop
      vertex -20.427050983124843 -9.01335575687742 0
      vertex -20.427050983124843 -9.01335575687742 20
      vertex -20.557920493062277 -8.817495694147846 0
    endloop
  endfacet
  facet normal -0.8724960070727976 -0.4886212414969542 0
    outer loop
      vertex -20.557920493062277 -8.817495694147846 0
      vertex -20.673019572565103 -8.61197149921864 20
      vertex -20.673019572565103 -8.61197149921864 0
    endloop
  endfacet
  facet normal -0.9081431738250838 -0.4186597375374227 0
    outer loop
      vertex -20.673019572565103 -8.61197149921864 0
      vertex -20.673019572565103 -8.61197149921864 20
      vertex -20.771638597533858 -8.398050297095269 0
    endloop
  endfacet
  facet normal -0.9381913359224813 -0.34611705707750096 0
    outer loop
      vertex -20.771638597533858 -8.398050297095269 0
      vertex -20.85316954888546 -8.177050983124841 20
      vertex -20.85316954888546 -8.177050983124841 0
    endloop
  endfacet
  facet normal -0.9624552364536487 -0.2714404498650693 0
    outer loop
      vertex -20.85316954888546 -8.177050983124841 0
      vertex -20.85316954888546 -8.177050983124841 20
      vertex -20.91710976119303 -7.950336091567716 0
    endloop
  endfacet
  facet normal -0.9807852804032283 -0.19509032201613946 0
    outer loop
      vertex -20.91710976119303 -7.950336091567716 0
      vertex -20.963065021785415 -7.719303395120693 20
      vertex -20.963065021785415 -7.719303395120693 0
    endloop
  endfacet
  facet normal -0.03925981575906727 -0.9992290362407231 0
    outer loop
      vertex -18.235377287183535 -10.240752001199384 0
      vertex -18 -10.25 0
      vertex -18 -10.25 20
    endloop
  endfacet
  facet normal -0.9930684569549277 -0.11753739745782511 0
    outer loop
      vertex -20.963065021785415 -7.719303395120693 0
      vertex -20.963065021785415 -7.719303395120693 20
      vertex -20.990752001199382 -7.4853772871835345 0
    endloop
  endfacet
  facet normal -0.9992290362407227 -0.039259815759074945 0
    outer loop
      vertex -20.990752001199382 -7.4853772871835345 0
      vertex -21 -7.25 20
      vertex -21 -7.25 0
    endloop
  endfacet
  facet normal 0 0 -1
    outer loop
      vertex -19.76335575687742 -9.677050983124843 0
      vertex -19.94834414499055 -9.531217896800094 0
      vertex -19.94834414499055 9.531217896800094 0
    endloop
  endfacet
  facet normal 0 0 -1
    outer loop
      vertex -19.76335575687742 -9.677050983124843 0
      vertex -19.94834414499055 9.531217896800094 0
      vertex -19.567495694147848 -9.807920493062277 0
    endloop
  endfacet
  facet normal 0 0 -1
    outer loop
      vertex -20.557920493062277 -8.817495694147846 0
      vertex -20.673019572565103 -8.61197149921864 0
      vertex -19.94834414499055 9.531217896800094 0
    endloop
  endfacet
  facet normal 0 0 -1
    outer loop
      vertex -20.427050983124843 -9.01335575687742 0
      vertex -19.94834414499055 9.531217896800094 0
      vertex -20.281217896800094 -9.198344144990552 0
    endloop
  endfacet
  facet normal 0 0 -1
    outer loop
      vertex -20.121320343559642 -9.371320343559642 0
      vertex -20.281217896800094 -9.198344144990552 0
      vertex -19.94834414499055 9.531217896800094 0
    endloop
  endfacet
  facet normal 0 0 -1
    outer loop
      vertex -20.121320343559642 -9.371320343559642 0
      vertex -19.94834414499055 9.531217896800094 0
      vertex -19.94834414499055 -9.531217896800094 0
    endloop
  endfacet
  facet normal 0 0 -1
    outer loop
      vertex -20.427050983124843 -9.01335575687742 0
      vertex -20.557920493062277 -8.817495694147846 0
      vertex -19.94834414499055 9.531217896800094 0
    endloop
  endfacet
  facet normal 0 0 -1
    outer loop
      vertex -19.14805029709527 -10.02163859753386 0
      vertex -19.94834414499055 9.531217896800094 0
      vertex -18.927050983124843 -10.103169548885461 0
    endloop
  endfacet
  facet normal 0 0 -1
    outer loop
      vertex -18.700336091567717 -10.167109761193029 0
      vertex -19.94834414499055 9.531217896800094 0
      vertex -18.469303395120694 -10.213065021785413 0
    endloop
  endfacet
  facet normal 0 0 -1
    outer loop
      vertex -18.927050983124843 -10.103169548885461 0
      vertex -19.94834414499055 9.531217896800094 0
      vertex -18.700336091567717 -10.167109761193029 0
    endloop
  endfacet
  facet normal 0 0 -1
    outer loop
      vertex -19.567495694147848 -9.807920493062277 0
      vertex -19.94834414499055 9.531217896800094 0
      vertex -19.36197149921864 -9.923019572565103 0
    endloop
  endfacet
  facet normal 0 0 -1
    outer loop
      vertex -19.14805029709527 -10.02163859753386 0
      vertex -19.36197149921864 -9.923019572565103 0
      vertex -19.94834414499055 9.531217896800094 0
    endloop
  endfacet
  facet normal 0 0 -1
    outer loop
      vertex -18.469303395120694 -10.213065021785413 0
      vertex -19.94834414499055 9.531217896800094 0
      vertex -18.235377287183535 -10.240752001199384 0
    endloop
  endfacet
  facet normal 0 0 -1
    outer loop
      vertex -18.27896024653114 -5.466252152926077 0
      vertex -15 0 0
      vertex -18.21352549156242 -5.36832212156129 0
    endloop
  endfacet
  facet normal 0 0 -1
    outer loop
      vertex -18.21352549156242 -5.36832212156129 0
      vertex -15 0 0
      vertex -18.140608948400047 -5.275827927504724 0
    endloop
  endfacet
  facet normal 0 0 -1
    outer loop
      vertex -18.140608948400047 -5.275827927504724 0
      vertex -15 0 0
      vertex -18.060660171779823 -5.189339828220179 0
    endloop
  endfacet
  facet normal 0 0 -1
    outer loop
      vertex -18.060660171779823 -5.189339828220179 0
      vertex -15 0 0
      vertex -17.974172072495275 -5.109391051599953 0
    endloop
  endfacet
  facet normal 0 0 -1
    outer loop
      vertex -17.974172072495275 -5.109391051599953 0
      vertex -15 0 0
      vertex -17.88167787843871 -5.036474508437578 0
    endloop
  endfacet
  facet normal 0 0 -1
    outer loop
      vertex -17.88167787843871 -5.036474508437578 0
      vertex -15 0 0
      vertex -17.783747847073922 -4.971039753468862 0
    endloop
  endfacet
  facet normal 0 0 -1
    outer loop
      vertex -17.783747847073922 -4.971039753468862 0
      vertex -15 0 0
      vertex -17.68098574960932 -4.9134902137174485 0
    endloop
  endfacet
  facet normal 0 0 -1
    outer loop
      vertex -17.68098574960932 -4.9134902137174485 0
      vertex -14.996917333733128 -0.07845909572784494 0
      vertex -17.574025148547634 -4.86418070123307 0
    endloop
  endfacet
  facet normal 0 0 -1
    outer loop
      vertex -17.574025148547634 -4.86418070123307 0
      vertex -14.987688340595138 -0.15643446504023087 0
      vertex -17.46352549156242 -4.8234152255572695 0
    endloop
  endfacet
  facet normal 0 0 -1
    outer loop
      vertex -17.46352549156242 -4.8234152255572695 0
      vertex -14.972369920397677 -0.2334453638559054 0
      vertex -17.350168045783857 -4.791445119403486 0
    endloop
  endfacet
  facet normal 0 0 -1
    outer loop
      vertex -17.350168045783857 -4.791445119403486 0
      vertex -14.923879532511286 -0.3826834323650898 0
      vertex -17.234651697560345 -4.768467489107294 0
    endloop
  endfacet
  facet normal 0 0 -1
    outer loop
      vertex -17.234651697560345 -4.768467489107294 0
      vertex -14.891006524188368 -0.45399049973954675 0
      vertex -17.117688643591766 -4.754623999400308 0
    endloop
  endfacet
  facet normal 0 0 -1
    outer loop
      vertex -17 -4.75 0
      vertex -14.809016994374947 -0.5877852522924731 0
      vertex -16.882311356408234 -4.754623999400308 0
    endloop
  endfacet
  facet normal 0 0 -1
    outer loop
      vertex -16.882311356408234 -4.754623999400308 0
      vertex -14.707106781186548 -0.7071067811865476 0
      vertex -16.765348302439655 -4.768467489107294 0
    endloop
  endfacet
  facet normal 0 0 -1
    outer loop
      vertex -17.117688643591766 -4.754623999400308 0
      vertex -14.852640164354092 -0.5224985647159488 0
      vertex -17 -4.75 0
    endloop
  endfacet
  facet normal 0 0 -1
    outer loop
      vertex -16.649831954216143 -4.791445119403486 0
      vertex -14.587785252292473 -0.8090169943749475 0
      vertex -16.53647450843758 -4.8234152255572695 0
    endloop
  endfacet
  facet normal 0 0 -1
    outer loop
      vertex -16.765348302439655 -4.768467489107294 0
      vertex -14.649448048330184 -0.7604059656000309 0
      vertex -16.649831954216143 -4.791445119403486 0
    endloop
  endfacet
  facet normal 0 0 -1
    outer loop
      vertex -16.53647450843758 -4.8234152255572695 0
      vertex -14.52249856471595 -0.8526401643540922 0
      vertex -16.425974851452366 -4.86418070123307 0
    endloop
  endfacet
  facet normal 0 0 -1
    outer loop
      vertex -20.673019572565103 -8.61197149921864 0
      vertex -20.771638597533858 -8.398050297095269 0
      vertex -19.94834414499055 9.531217896800094 0
    endloop
  endfacet
  facet normal 0 0 -1
    outer loop
      vertex -20.771638597533858 -8.398050297095269 0
      vertex -20.85316954888546 -8.177050983124841 0
      vertex -19.94834414499055 9.531217896800094 0
    endloop
  endfacet
  facet normal 0 0 -1
    outer loop
      vertex -20.85316954888546 -8.177050983124841 0
      vertex -20.91710976119303 -7.950336091567716 0
      vertex -19.94834414499055 9.531217896800094 0
    endloop
  endfacet
  facet normal 0 0 -1
    outer loop
      vertex -20.91710976119303 -7.950336091567716 0
      vertex -20.963065021785415 -7.719303395120693 0
      vertex -19.94834414499055 9.531217896800094 0
    endloop
  endfacet
  facet normal 0 0 -1
    outer loop
      vertex -20.963065021785415 -7.719303395120693 0
      vertex -20.990752001199382 -7.4853772871835345 0
      vertex -19.94834414499055 9.531217896800094 0
    endloop
  endfacet
  facet normal 0 0 -1
    outer loop
      vertex -20.990752001199382 -7.4853772871835345 0
      vertex -21 -7.25 0
      vertex -19.94834414499055 9.531217896800094 0
    endloop
  endfacet
  facet normal 0 0 -1
    outer loop
      vertex -18.235377287183535 -10.240752001199384 0
      vertex -19.94834414499055 9.531217896800094 0
      vertex -18.49537600059969 -6.367688643591768 0
    endloop
  endfacet
  facet normal 0 0 -1
    outer loop
      vertex -18.458554880596516 -5.8998319542161415 0
      vertex -18.42658477444273 5.786474508437579 0
      vertex -18.42658477444273 -5.786474508437579 0
    endloop
  endfacet
  facet normal 0 0 -1
    outer loop
      vertex -18.42658477444273 -5.786474508437579 0
      vertex -18.42658477444273 5.786474508437579 0
      vertex -18.38581929876693 -5.675974851452366 0
    endloop
  endfacet
  facet normal 0 0 -1
    outer loop
      vertex -19.94834414499055 9.531217896800094 0
      vertex -18.5 -6.25 0
      vertex -18.49537600059969 -6.367688643591768 0
    endloop
  endfacet
  facet normal 0 0 -1
    outer loop
      vertex -19.94834414499055 9.531217896800094 0
      vertex -18.49537600059969 -6.132311356408232 0
      vertex -18.5 -6.25 0
    endloop
  endfacet
  facet normal 0 0 -1
    outer loop
      vertex -19.94834414499055 9.531217896800094 0
      vertex -18.481532510892706 -6.015348302439653 0
      vertex -18.49537600059969 -6.132311356408232 0
    endloop
  endfacet
  facet normal 0 0 -1
    outer loop
      vertex -19.94834414499055 9.531217896800094 0
      vertex -18.458554880596516 -5.8998319542161415 0
      vertex -18.481532510892706 -6.015348302439653 0
    endloop
  endfacet
  facet normal 0 0 -1
    outer loop
      vertex -18.38581929876693 -5.675974851452366 0
      vertex -18.38581929876693 5.675974851452366 0
      vertex -18.33650978628255 -5.56901425039068 0
    endloop
  endfacet
  facet normal 0 0 -1
    outer loop
      vertex -18.33650978628255 -5.56901425039068 0
      vertex -18.33650978628255 5.56901425039068 0
      vertex -18.27896024653114 -5.466252152926077 0
    endloop
  endfacet
  facet normal 0 0 -1
    outer loop
      vertex -14.951056516295154 -0.3090169943749474 0
      vertex -17.350168045783857 -4.791445119403486 0
      vertex -14.972369920397677 -0.2334453638559054 0
    endloop
  endfacet
  facet normal 0 0 -1
    outer loop
      vertex -17.574025148547634 -4.86418070123307 0
      vertex -14.996917333733128 -0.07845909572784494 0
      vertex -14.987688340595138 -0.15643446504023087 0
    endloop
  endfacet
  facet normal 0 0 -1
    outer loop
      vertex -14.972369920397677 -0.2334453638559054 0
      vertex -17.46352549156242 -4.8234152255572695 0
      vertex -14.987688340595138 -0.15643446504023087 0
    endloop
  endfacet
  facet normal 0 0 -1
    outer loop
      vertex -17.68098574960932 -4.9134902137174485 0
      vertex -15 0 0
      vertex -14.996917333733128 -0.07845909572784494 0
    endloop
  endfacet
  facet normal 0 0 -1
    outer loop
      vertex -15.786474508437578 -5.36832212156129 0
      vertex -13.843565534959769 -0.9876883405951378 0
      vertex -15.721039753468862 -5.466252152926077 0
    endloop
  endfacet
  facet normal 0 0 -1
    outer loop
      vertex -15.859391051599953 -5.275827927504724 0
      vertex -13.921540904272154 -0.996917333733128 0
      vertex -15.786474508437578 -5.36832212156129 0
    endloop
  endfacet
  facet normal 0 0 -1
    outer loop
      vertex -15.518467489107293 -6.015348302439653 0
      vertex -13.350551951669816 -0.7604059656000309 0
      vertex -15.504623999400309 -6.132311356408232 0
    endloop
  endfacet
  facet normal 0 0 -1
    outer loop
      vertex -15.57341522555727 -5.786474508437579 0
      vertex -13.47750143528405 -0.8526401643540922 0
      vertex -15.541445119403486 -5.8998319542161415 0
    endloop
  endfacet
  facet normal 0 0 -1
    outer loop
      vertex -15.541445119403486 -5.8998319542161415 0
      vertex -13.412214747707527 -0.8090169943749475 0
      vertex -15.518467489107293 -6.015348302439653 0
    endloop
  endfacet
  facet normal 0 0 -1
    outer loop
      vertex -15.663490213717449 -5.56901425039068 0
      vertex -13.690983005625053 -0.9510565162951535 0
      vertex -15.614180701233071 -5.675974851452366 0
    endloop
  endfacet
  facet normal 0 0 -1
    outer loop
      vertex -15.614180701233071 -5.675974851452366 0
      vertex -13.546009500260453 -0.8910065241883679 0
      vertex -15.57341522555727 -5.786474508437579 0
    endloop
  endfacet
  facet normal 0 0 -1
    outer loop
      vertex -15.721039753468862 -5.466252152926077 0
      vertex -13.766554636144095 -0.9723699203976766 0
      vertex -15.663490213717449 -5.56901425039068 0
    endloop
  endfacet
  facet normal 0 0 -1
    outer loop
      vertex -13.350551951669816 -0.7604059656000309 0
      vertex -11.7 -6.45 0
      vertex -15.504623999400309 -6.132311356408232 0
    endloop
  endfacet
  facet normal 0 0 -1
    outer loop
      vertex -16.11832212156129 -5.036474508437578 0
      vertex -14.156434465040231 -0.9876883405951378 0
      vertex -16.025827927504725 -5.109391051599953 0
    endloop
  endfacet
  facet normal 0 0 -1
    outer loop
      vertex -16.425974851452366 -4.86418070123307 0
      vertex -14.453990499739547 -0.8910065241883679 0
      vertex -16.31901425039068 -4.9134902137174485 0
    endloop
  endfacet
  facet normal 0 0 -1
    outer loop
      vertex -16.31901425039068 -4.9134902137174485 0
      vertex -14.38268343236509 -0.9238795325112867 0
      vertex -16.216252152926078 -4.971039753468862 0
    endloop
  endfacet
  facet normal 0 0 -1
    outer loop
      vertex -16.216252152926078 -4.971039753468862 0
      vertex -14.233445363855905 -0.9723699203976766 0
      vertex -16.11832212156129 -5.036474508437578 0
    endloop
  endfacet
  facet normal 0 0 -1
    outer loop
      vertex -16.025827927504725 -5.109391051599953 0
      vertex -14.078459095727846 -0.996917333733128 0
      vertex -15.939339828220179 -5.189339828220179 0
    endloop
  endfacet
  facet normal 0 0 -1
    outer loop
      vertex -15.939339828220179 -5.189339828220179 0
      vertex -14 -1 0
      vertex -15.859391051599953 -5.275827927504724 0
    endloop
  endfacet
  facet normal 0 0 -1
    outer loop
      vertex -13.350551951669816 -0.7604059656000309 0
      vertex -13.292893218813452 -0.7071067811865476 0
      vertex -11.7 -6.45 0
    endloop
  endfacet
  facet normal 0 0 -1
    outer loop
      vertex -13.292893218813452 -0.7071067811865476 0
      vertex -13.23959403439997 -0.6494480483301837 0
      vertex -11.7 -6.45 0
    endloop
  endfacet
  facet normal 0 0 -1
    outer loop
      vertex -16.882311356408234 -4.754623999400308 0
      vertex -14.76040596560003 -0.6494480483301837 0
      vertex -14.707106781186548 -0.7071067811865476 0
    endloop
  endfacet
  facet normal 0 0 -1
    outer loop
      vertex -14.809016994374947 -0.5877852522924731 0
      vertex -17 -4.75 0
      vertex -14.852640164354092 -0.5224985647159488 0
    endloop
  endfacet
  facet normal 0 0 -1
    outer loop
      vertex -14.76040596560003 -0.6494480483301837 0
      vertex -16.882311356408234 -4.754623999400308 0
      vertex -14.809016994374947 -0.5877852522924731 0
    endloop
  endfacet
  facet normal 0 0 -1
    outer loop
      vertex -16.649831954216143 -4.791445119403486 0
      vertex -14.649448048330184 -0.7604059656000309 0
      vertex -14.587785252292473 -0.8090169943749475 0
    endloop
  endfacet
  facet normal 0 0 -1
    outer loop
      vertex -14.52249856471595 -0.8526401643540922 0
      vertex -14.453990499739547 -0.8910065241883679 0
      vertex -16.425974851452366 -4.86418070123307 0
    endloop
  endfacet
  facet normal 0 0 -1
    outer loop
      vertex -14.587785252292473 -0.8090169943749475 0
      vertex -14.52249856471595 -0.8526401643540922 0
      vertex -16.53647450843758 -4.8234152255572695 0
    endloop
  endfacet
  facet normal 0 0 -1
    outer loop
      vertex -16.765348302439655 -4.768467489107294 0
      vertex -14.707106781186548 -0.7071067811865476 0
      vertex -14.649448048330184 -0.7604059656000309 0
    endloop
  endfacet
  facet normal 0 0 -1
    outer loop
      vertex -14.453990499739547 -0.8910065241883679 0
      vertex -14.38268343236509 -0.9238795325112867 0
      vertex -16.31901425039068 -4.9134902137174485 0
    endloop
  endfacet
  facet normal 0 0 -1
    outer loop
      vertex -14.38268343236509 -0.9238795325112867 0
      vertex -14.309016994374947 -0.9510565162951535 0
      vertex -16.216252152926078 -4.971039753468862 0
    endloop
  endfacet
  facet normal 0 0 -1
    outer loop
      vertex -16.11832212156129 -5.036474508437578 0
      vertex -14.233445363855905 -0.9723699203976766 0
      vertex -14.156434465040231 -0.9876883405951378 0
    endloop
  endfacet
  facet normal 0 0 -1
    outer loop
      vertex -16.216252152926078 -4.971039753468862 0
      vertex -14.309016994374947 -0.9510565162951535 0
      vertex -14.233445363855905 -0.9723699203976766 0
    endloop
  endfacet
  facet normal 0 0 -1
    outer loop
      vertex -14 -1 0
      vertex -13.921540904272154 -0.996917333733128 0
      vertex -15.859391051599953 -5.275827927504724 0
    endloop
  endfacet
  facet normal 0 0 -1
    outer loop
      vertex -13.921540904272154 -0.996917333733128 0
      vertex -13.843565534959769 -0.9876883405951378 0
      vertex -15.786474508437578 -5.36832212156129 0
    endloop
  endfacet
  facet normal 0 0 -1
    outer loop
      vertex -13.843565534959769 -0.9876883405951378 0
      vertex -13.766554636144095 -0.9723699203976766 0
      vertex -15.721039753468862 -5.466252152926077 0
    endloop
  endfacet
  facet normal 0 0 -1
    outer loop
      vertex -14.156434465040231 -0.9876883405951378 0
      vertex -14.078459095727846 -0.996917333733128 0
      vertex -16.025827927504725 -5.109391051599953 0
    endloop
  endfacet
  facet normal 0 0 -1
    outer loop
      vertex -14.078459095727846 -0.996917333733128 0
      vertex -14 -1 0
      vertex -15.939339828220179 -5.189339828220179 0
    endloop
  endfacet
  facet normal 0 0 -1
    outer loop
      vertex -17.234651697560345 -4.768467489107294 0
      vertex -14.923879532511286 -0.3826834323650898 0
      vertex -14.891006524188368 -0.45399049973954675 0
    endloop
  endfacet
  facet normal 0 0 -1
    outer loop
      vertex -17.117688643591766 -4.754623999400308 0
      vertex -14.891006524188368 -0.45399049973954675 0
      vertex -14.852640164354092 -0.5224985647159488 0
    endloop
  endfacet
  facet normal 0 0 -1
    outer loop
      vertex -17.350168045783857 -4.791445119403486 0
      vertex -14.951056516295154 -0.3090169943749474 0
      vertex -14.923879532511286 -0.3826834323650898 0
    endloop
  endfacet
  facet normal 0 0 -1
    outer loop
      vertex -13.766554636144095 -0.9723699203976766 0
      vertex -13.690983005625053 -0.9510565162951535 0
      vertex -15.663490213717449 -5.56901425039068 0
    endloop
  endfacet
  facet normal 0 0 -1
    outer loop
      vertex -13.690983005625053 -0.9510565162951535 0
      vertex -13.61731656763491 -0.9238795325112867 0
      vertex -15.614180701233071 -5.675974851452366 0
    endloop
  endfacet
  facet normal 0 0 -1
    outer loop
      vertex -15.614180701233071 -5.675974851452366 0
      vertex -13.61731656763491 -0.9238795325112867 0
      vertex -13.546009500260453 -0.8910065241883679 0
    endloop
  endfacet
  facet normal 0 0 -1
    outer loop
      vertex -13.546009500260453 -0.8910065241883679 0
      vertex -13.47750143528405 -0.8526401643540922 0
      vertex -15.57341522555727 -5.786474508437579 0
    endloop
  endfacet
  facet normal 0 0 -1
    outer loop
      vertex -13.47750143528405 -0.8526401643540922 0
      vertex -13.412214747707527 -0.8090169943749475 0
      vertex -15.541445119403486 -5.8998319542161415 0
    endloop
  endfacet
  facet normal 0 0 -1
    outer loop
      vertex -13.412214747707527 -0.8090169943749475 0
      vertex -13.350551951669816 -0.7604059656000309 0
      vertex -15.518467489107293 -6.015348302439653 0
    endloop
  endfacet
  facet normal 0 0 -1
    outer loop
      vertex -13.190983005625053 -0.5877852522924731 0
      vertex -11.7 -6.45 0
      vertex -13.23959403439997 -0.6494480483301837 0
    endloop
  endfacet
  facet normal 0 0 -1
    outer loop
      vertex -13.190983005625053 -0.5877852522924731 0
      vertex -11.7 0.2580000000000009 0
      vertex -11.7 -6.45 0
    endloop
  endfacet
  facet normal 0 0 -1
    outer loop
      vertex -13.147359835645908 -0.5224985647159488 0
      vertex -11.7 0.2580000000000009 0
      vertex -13.190983005625053 -0.5877852522924731 0
    endloop
  endfacet
  facet normal 0 0 -1
    outer loop
      vertex -13.108993475811632 -0.45399049973954675 0
      vertex -11.7 0.2580000000000009 0
      vertex -13.147359835645908 -0.5224985647159488 0
    endloop
  endfacet
  facet normal 0 0 -1
    outer loop
      vertex -13.076120467488714 -0.3826834323650898 0
      vertex -11.7 0.2580000000000009 0
      vertex -13.108993475811632 -0.45399049973954675 0
    endloop
  endfacet
  facet normal 0 0 -1
    outer loop
      vertex -13.048943483704846 -0.3090169943749474 0
      vertex -11.7 0.2580000000000009 0
      vertex -13.076120467488714 -0.3826834323650898 0
    endloop
  endfacet
  facet normal 0 0 -1
    outer loop
      vertex -13.027630079602323 -0.2334453638559054 0
      vertex -11.7 0.2580000000000009 0
      vertex -13.048943483704846 -0.3090169943749474 0
    endloop
  endfacet
  facet normal 0 0 -1
    outer loop
      vertex -13.012311659404862 -0.15643446504023087 0
      vertex -11.7 0.2580000000000009 0
      vertex -13.027630079602323 -0.2334453638559054 0
    endloop
  endfacet
  facet normal -1 0 0
    outer loop
      vertex -21 -7.25 0
      vertex -21 -7.25 20
      vertex -21 7.25 0
    endloop
  endfacet
  facet normal 0 0 -1
    outer loop
      vertex -18 -10.25 0
      vertex -16.216252152926078 -7.528960246531138 0
      vertex 11.7 -6.45 0
    endloop
  endfacet
  facet normal 0 0 -1
    outer loop
      vertex -16.216252152926078 -7.528960246531138 0
      vertex -11.7 -6.45 0
      vertex 11.7 -6.45 0
    endloop
  endfacet
  facet normal -0.5555702330196 -0.8314696123025469 0
    outer loop
      vertex -19.76335575687742 -9.677050983124843 0
      vertex -19.567495694147848 -9.807920493062277 20
      vertex -19.76335575687742 -9.677050983124843 20
    endloop
  endfacet
  facet normal -0.6190939493098382 -0.7853169308807415 0
    outer loop
      vertex -19.76335575687742 -9.677050983124843 0
      vertex -19.76335575687742 -9.677050983124843 20
      vertex -19.94834414499055 -9.531217896800094 20
    endloop
  endfacet
  facet normal -0.678800745532944 -0.7343225094356836 0
    outer loop
      vertex -19.94834414499055 -9.531217896800094 0
      vertex -19.94834414499055 -9.531217896800094 20
      vertex -20.121320343559642 -9.371320343559642 20
    endloop
  endfacet
  facet normal -0.73432250943568 -0.6788007455329477 0
    outer loop
      vertex -20.281217896800094 -9.198344144990552 0
      vertex -20.121320343559642 -9.371320343559642 20
      vertex -20.281217896800094 -9.198344144990552 20
    endloop
  endfacet
  facet normal -0.7853169308807445 -0.6190939493098346 0
    outer loop
      vertex -20.281217896800094 -9.198344144990552 0
      vertex -20.281217896800094 -9.198344144990552 20
      vertex -20.427050983124843 -9.01335575687742 20
    endloop
  endfacet
  facet normal -0.41865973753743174 -0.9081431738250796 0
    outer loop
      vertex -19.14805029709527 -10.02163859753386 0
      vertex -19.14805029709527 -10.02163859753386 20
      vertex -19.36197149921864 -9.923019572565103 20
    endloop
  endfacet
  facet normal -0.34611705707749435 -0.9381913359224837 0
    outer loop
      vertex -19.14805029709527 -10.02163859753386 0
      vertex -18.927050983124843 -10.103169548885461 20
      vertex -19.14805029709527 -10.02163859753386 20
    endloop
  endfacet
  facet normal -0.48862124149695096 -0.8724960070727994 0
    outer loop
      vertex -19.36197149921864 -9.923019572565103 0
      vertex -19.36197149921864 -9.923019572565103 20
      vertex -19.567495694147848 -9.807920493062277 20
    endloop
  endfacet
  facet normal -0.2714404498650684 -0.9624552364536489 0
    outer loop
      vertex -18.700336091567717 -10.167109761193029 0
      vertex -18.700336091567717 -10.167109761193029 20
      vertex -18.927050983124843 -10.103169548885461 20
    endloop
  endfacet
  facet normal -0.19509032201613216 -0.9807852804032297 0
    outer loop
      vertex -18.700336091567717 -10.167109761193029 0
      vertex -18.469303395120694 -10.213065021785413 20
      vertex -18.700336091567717 -10.167109761193029 20
    endloop
  endfacet
  facet normal -0.8314696123025492 -0.5555702330195964 0
    outer loop
      vertex -20.557920493062277 -8.817495694147846 0
      vertex -20.427050983124843 -9.01335575687742 20
      vertex -20.557920493062277 -8.817495694147846 20
    endloop
  endfacet
  facet normal -0.8724960070727976 -0.4886212414969542 0
    outer loop
      vertex -20.557920493062277 -8.817495694147846 0
      vertex -20.557920493062277 -8.817495694147846 20
      vertex -20.673019572565103 -8.61197149921864 20
    endloop
  endfacet
  facet normal -0.9081431738250838 -0.4186597375374227 0
    outer loop
      vertex -20.771638597533858 -8.398050297095269 0
      vertex -20.673019572565103 -8.61197149921864 20
      vertex -20.771638597533858 -8.398050297095269 20
    endloop
  endfacet
  facet normal -0.9381913359224813 -0.34611705707750096 0
    outer loop
      vertex -20.771638597533858 -8.398050297095269 0
      vertex -20.771638597533858 -8.398050297095269 20
      vertex -20.85316954888546 -8.177050983124841 20
    endloop
  endfacet
  facet normal -0.9624552364536487 -0.2714404498650693 0
    outer loop
      vertex -20.91710976119303 -7.950336091567716 0
      vertex -20.85316954888546 -8.177050983124841 20
      vertex -20.91710976119303 -7.950336091567716 20
    endloop
  endfacet
  facet normal -0.9807852804032283 -0.19509032201613946 0
    outer loop
      vertex -20.91710976119303 -7.950336091567716 0
      vertex -20.91710976119303 -7.950336091567716 20
      vertex -20.963065021785415 -7.719303395120693 20
    endloop
  endfacet
  facet normal -0.11753739745783999 -0.9930684569549261 0
    outer loop
      vertex -18.235377287183535 -10.240752001199384 0
      vertex -18.235377287183535 -10.240752001199384 20
      vertex -18.469303395120694 -10.213065021785413 20
    endloop
  endfacet
  facet normal -0.03925981575906727 -0.9992290362407231 0
    outer loop
      vertex -18.235377287183535 -10.240752001199384 0
      vertex -18 -10.25 20
      vertex -18.235377287183535 -10.240752001199384 20
    endloop
  endfacet
  facet normal -0.9930684569549277 -0.11753739745782511 0
    outer loop
      vertex -20.990752001199382 -7.4853772871835345 0
      vertex -20.963065021785415 -7.719303395120693 20
      vertex -20.990752001199382 -7.4853772871835345 20
    endloop
  endfacet
  facet normal -0.9992290362407227 -0.039259815759074945 0
    outer loop
      vertex -20.990752001199382 -7.4853772871835345 0
      vertex -20.990752001199382 -7.4853772871835345 20
      vertex -21 -7.25 20
    endloop
  endfacet
  facet normal 0 0 1
    outer loop
      vertex -20.557920493062277 -8.817495694147846 20
      vertex -18.060660171779823 -7.310660171779821 20
      vertex -20.673019572565103 -8.61197149921864 20
    endloop
  endfacet
  facet normal 0 0 1
    outer loop
      vertex -20.673019572565103 -8.61197149921864 20
      vertex -18.21352549156242 -7.13167787843871 20
      vertex -20.771638597533858 -8.398050297095269 20
    endloop
  endfacet
  facet normal 0 0 1
    outer loop
      vertex -20.771638597533858 -8.398050297095269 20
      vertex -18.27896024653114 -7.033747847073923 20
      vertex -20.85316954888546 -8.177050983124841 20
    endloop
  endfacet
  facet normal 0 0 1
    outer loop
      vertex -20.121320343559642 -9.371320343559642 20
      vertex -17.350168045783857 -7.708554880596514 20
      vertex -20.281217896800094 -9.198344144990552 20
    endloop
  endfacet
  facet normal 0 0 1
    outer loop
      vertex -20.427050983124843 -9.01335575687742 20
      vertex -20.281217896800094 -9.198344144990552 20
      vertex -17.574025148547634 -7.63581929876693 20
    endloop
  endfacet
  facet normal 0 0 1
    outer loop
      vertex -20.427050983124843 -9.01335575687742 20
      vertex -17.88167787843871 -7.463525491562422 20
      vertex -20.557920493062277 -8.817495694147846 20
    endloop
  endfacet
  facet normal 0 0 1
    outer loop
      vertex -20.121320343559642 -9.371320343559642 20
      vertex -19.94834414499055 -9.531217896800094 20
      vertex -16.882311356408234 -7.745376000599692 20
    endloop
  endfacet
  facet normal 0 0 1
    outer loop
      vertex -20.281217896800094 -9.198344144990552 20
      vertex -17.46352549156242 -7.6765847744427305 20
      vertex -17.574025148547634 -7.63581929876693 20
    endloop
  endfacet
  facet normal 0 0 1
    outer loop
      vertex -20.427050983124843 -9.01335575687742 20
      vertex -17.68098574960932 -7.5865097862825515 20
      vertex -17.783747847073922 -7.528960246531138 20
    endloop
  endfacet
  facet normal 0 0 1
    outer loop
      vertex -20.427050983124843 -9.01335575687742 20
      vertex -17.574025148547634 -7.63581929876693 20
      vertex -17.68098574960932 -7.5865097862825515 20
    endloop
  endfacet
  facet normal 0 0 1
    outer loop
      vertex -20.557920493062277 -8.817495694147846 20
      vertex -17.88167787843871 -7.463525491562422 20
      vertex -17.974172072495275 -7.390608948400047 20
    endloop
  endfacet
  facet normal 0 0 1
    outer loop
      vertex -20.673019572565103 -8.61197149921864 20
      vertex -18.060660171779823 -7.310660171779821 20
      vertex -18.140608948400047 -7.224172072495276 20
    endloop
  endfacet
  facet normal 0 0 1
    outer loop
      vertex -20.557920493062277 -8.817495694147846 20
      vertex -17.974172072495275 -7.390608948400047 20
      vertex -18.060660171779823 -7.310660171779821 20
    endloop
  endfacet
  facet normal 0 0 1
    outer loop
      vertex -20.427050983124843 -9.01335575687742 20
      vertex -17.783747847073922 -7.528960246531138 20
      vertex -17.88167787843871 -7.463525491562422 20
    endloop
  endfacet
  facet normal 0 0 1
    outer loop
      vertex -18.235377287183535 -10.240752001199384 20
      vertex -18 -10.25 20
      vertex -11.7 -6.45 20
    endloop
  endfacet
  facet normal 0 0 1
    outer loop
      vertex -19.94834414499055 -9.531217896800094 20
      vertex -16.765348302439655 -7.731532510892706 20
      vertex -16.882311356408234 -7.745376000599692 20
    endloop
  endfacet
  facet normal 0 0 1
    outer loop
      vertex -19.76335575687742 -9.677050983124843 20
      vertex -11.7 -6.45 20
      vertex -19.94834414499055 -9.531217896800094 20
    endloop
  endfacet
  facet normal 0 0 1
    outer loop
      vertex -20.121320343559642 -9.371320343559642 20
      vertex -17.234651697560345 -7.731532510892706 20
      vertex -17.350168045783857 -7.708554880596514 20
    endloop
  endfacet
  facet normal 0 0 1
    outer loop
      vertex -20.281217896800094 -9.198344144990552 20
      vertex -17.350168045783857 -7.708554880596514 20
      vertex -17.46352549156242 -7.6765847744427305 20
    endloop
  endfacet
  facet normal 0 0 1
    outer loop
      vertex -20.121320343559642 -9.371320343559642 20
      vertex -17.117688643591766 -7.745376000599692 20
      vertex -17.234651697560345 -7.731532510892706 20
    endloop
  endfacet
  facet normal 0 0 1
    outer loop
      vertex -20.121320343559642 -9.371320343559642 20
      vertex -17 -7.75 20
      vertex -17.117688643591766 -7.745376000599692 20
    endloop
  endfacet
  facet normal 0 0 1
    outer loop
      vertex -20.121320343559642 -9.371320343559642 20
      vertex -16.882311356408234 -7.745376000599692 20
      vertex -17 -7.75 20
    endloop
  endfacet
  facet normal 0 0 1
    outer loop
      vertex -19.94834414499055 -9.531217896800094 20
      vertex -16.649831954216143 -7.708554880596514 20
      vertex -16.765348302439655 -7.731532510892706 20
    endloop
  endfacet
  facet normal 0 0 1
    outer loop
      vertex -19.94834414499055 -9.531217896800094 20
      vertex -16.53647450843758 -7.6765847744427305 20
      vertex -16.649831954216143 -7.708554880596514 20
    endloop
  endfacet
  facet normal 0 0 1
    outer loop
      vertex -19.94834414499055 -9.531217896800094 20
      vertex -16.425974851452366 -7.63581929876693 20
      vertex -16.53647450843758 -7.6765847744427305 20
    endloop
  endfacet
  facet normal 0 0 1
    outer loop
      vertex -19.94834414499055 -9.531217896800094 20
      vertex -16.31901425039068 -7.5865097862825515 20
      vertex -16.425974851452366 -7.63581929876693 20
    endloop
  endfacet
  facet normal 0 0 1
    outer loop
      vertex -19.14805029709527 -10.02163859753386 20
      vertex -11.7 -6.45 20
      vertex -19.36197149921864 -9.923019572565103 20
    endloop
  endfacet
  facet normal 0 0 1
    outer loop
      vertex -19.567495694147848 -9.807920493062277 20
      vertex -19.36197149921864 -9.923019572565103 20
      vertex -11.7 -6.45 20
    endloop
  endfacet
  facet normal 0 0 1
    outer loop
      vertex -19.14805029709527 -10.02163859753386 20
      vertex -18.927050983124843 -10.103169548885461 20
      vertex -11.7 -6.45 20
    endloop
  endfacet
  facet normal 0 0 1
    outer loop
      vertex -18.927050983124843 -10.103169548885461 20
      vertex -18.700336091567717 -10.167109761193029 20
      vertex -11.7 -6.45 20
    endloop
  endfacet
  facet normal 0 0 1
    outer loop
      vertex -19.76335575687742 -9.677050983124843 20
      vertex -19.567495694147848 -9.807920493062277 20
      vertex -11.7 -6.45 20
    endloop
  endfacet
  facet normal 0 0 1
    outer loop
      vertex -18.700336091567717 -10.167109761193029 20
      vertex -18.469303395120694 -10.213065021785413 20
      vertex -11.7 -6.45 20
    endloop
  endfacet
  facet normal 0 0 1
    outer loop
      vertex -18.469303395120694 -10.213065021785413 20
      vertex -18.235377287183535 -10.240752001199384 20
      vertex -11.7 -6.45 20
    endloop
  endfacet
  facet normal 0 0 1
    outer loop
      vertex -19.94834414499055 -9.531217896800094 20
      vertex -11.7 -6.45 20
      vertex -16.31901425039068 -7.5865097862825515 20
    endloop
  endfacet
  facet normal 0 0 1
    outer loop
      vertex -20.85316954888546 -8.177050983124841 20
      vertex -18.33650978628255 -6.93098574960932 20
      vertex -20.91710976119303 -7.950336091567716 20
    endloop
  endfacet
  facet normal 0 0 1
    outer loop
      vertex -20.91710976119303 -7.950336091567716 20
      vertex -18.38581929876693 -6.824025148547634 20
      vertex -20.963065021785415 -7.719303395120693 20
    endloop
  endfacet
  facet normal 0 0 1
    outer loop
      vertex -20.963065021785415 -7.719303395120693 20
      vertex -18.458554880596516 -6.6001680457838585 20
      vertex -20.990752001199382 -7.4853772871835345 20
    endloop
  endfacet
  facet normal 0 0 1
    outer loop
      vertex -20.990752001199382 -7.4853772871835345 20
      vertex -18.49537600059969 -6.367688643591768 20
      vertex -21 -7.25 20
    endloop
  endfacet
  facet normal 0 0 1
    outer loop
      vertex -20.771638597533858 -8.398050297095269 20
      vertex -18.21352549156242 -7.13167787843871 20
      vertex -18.27896024653114 -7.033747847073923 20
    endloop
  endfacet
  facet normal 0 0 1
    outer loop
      vertex -20.85316954888546 -8.177050983124841 20
      vertex -18.27896024653114 -7.033747847073923 20
      vertex -18.33650978628255 -6.93098574960932 20
    endloop
  endfacet
  facet normal 0 0 1
    outer loop
      vertex -20.91710976119303 -7.950336091567716 20
      vertex -18.33650978628255 -6.93098574960932 20
      vertex -18.38581929876693 -6.824025148547634 20
    endloop
  endfacet
  facet normal 0 0 1
    outer loop
      vertex -20.963065021785415 -7.719303395120693 20
      vertex -18.38581929876693 -6.824025148547634 20
      vertex -18.42658477444273 -6.713525491562421 20
    endloop
  endfacet
  facet normal 0 0 1
    outer loop
      vertex -20.673019572565103 -8.61197149921864 20
      vertex -18.140608948400047 -7.224172072495276 20
      vertex -18.21352549156242 -7.13167787843871 20
    endloop
  endfacet
  facet normal 0 0 1
    outer loop
      vertex -20.963065021785415 -7.719303395120693 20
      vertex -18.42658477444273 -6.713525491562421 20
      vertex -18.458554880596516 -6.6001680457838585 20
    endloop
  endfacet
  facet normal 0 0 1
    outer loop
      vertex -20.990752001199382 -7.4853772871835345 20
      vertex -18.458554880596516 -6.6001680457838585 20
      vertex -18.481532510892706 -6.484651697560347 20
    endloop
  endfacet
  facet normal 0 0 1
    outer loop
      vertex -20.990752001199382 -7.4853772871835345 20
      vertex -18.481532510892706 -6.484651697560347 20
      vertex -18.49537600059969 -6.367688643591768 20
    endloop
  endfacet
  facet normal 0 0 1
    outer loop
      vertex -21 -7.25 20
      vertex -18.49537600059969 -6.367688643591768 20
      vertex -18.5 -6.25 20
    endloop
  endfacet
  facet normal 0 0 1
    outer loop
      vertex -21 -7.25 20
      vertex -18.5 -6.25 20
      vertex -18.49537600059969 -6.132311356408232 20
    endloop
  endfacet
  facet normal 0 0 1
    outer loop
      vertex -11.7 -6.45 20
      vertex -16.216252152926078 -7.528960246531138 20
      vertex -16.31901425039068 -7.5865097862825515 20
    endloop
  endfacet
  facet normal 0 0 1
    outer loop
      vertex -11.7 -6.45 20
      vertex -16.11832212156129 -7.463525491562422 20
      vertex -16.216252152926078 -7.528960246531138 20
    endloop
  endfacet
  facet normal 0 0 1
    outer loop
      vertex -11.7 -6.45 20
      vertex -16.025827927504725 -7.390608948400047 20
      vertex -16.11832212156129 -7.463525491562422 20
    endloop
  endfacet
  facet normal 0 0 1
    outer loop
      vertex -11.7 -6.45 20
      vertex -15.939339828220179 -7.310660171779821 20
      vertex -16.025827927504725 -7.390608948400047 20
    endloop
  endfacet
  facet normal 0 0 1
    outer loop
      vertex -11.7 -6.45 20
      vertex -15.859391051599953 -7.224172072495276 20
      vertex -15.939339828220179 -7.310660171779821 20
    endloop
  endfacet
  facet normal 0 0 1
    outer loop
      vertex -11.7 -6.45 20
      vertex -15.786474508437578 -7.13167787843871 20
      vertex -15.859391051599953 -7.224172072495276 20
    endloop
  endfacet
  facet normal 0 0 1
    outer loop
      vertex -11.7 -6.45 20
      vertex -15.721039753468862 -7.033747847073923 20
      vertex -15.786474508437578 -7.13167787843871 20
    endloop
  endfacet
  facet normal 0 0 1
    outer loop
      vertex -11.7 -6.45 20
      vertex -15.663490213717449 -6.93098574960932 20
      vertex -15.721039753468862 -7.033747847073923 20
    endloop
  endfacet
  facet normal 0 0 1
    outer loop
      vertex -11.7 -6.45 20
      vertex -15.614180701233071 -6.824025148547634 20
      vertex -15.663490213717449 -6.93098574960932 20
    endloop
  endfacet
  facet normal 0 0 1
    outer loop
      vertex -11.7 -6.45 20
      vertex -15.57341522555727 -6.713525491562421 20
      vertex -15.614180701233071 -6.824025148547634 20
    endloop
  endfacet
  facet normal 0 0 1
    outer loop
      vertex -11.7 -6.45 20
      vertex -15.541445119403486 -6.6001680457838585 20
      vertex -15.57341522555727 -6.713525491562421 20
    endloop
  endfacet
  facet normal 0 0 1
    outer loop
      vertex -11.7 -6.45 20
      vertex -15.518467489107293 -6.484651697560347 20
      vertex -15.541445119403486 -6.6001680457838585 20
    endloop
  endfacet
  facet normal 0 0 1
    outer loop
      vertex -11.7 -6.45 20
      vertex -15.504623999400309 -6.367688643591768 20
      vertex -15.518467489107293 -6.484651697560347 20
    endloop
  endfacet
  facet normal 0 0 1
    outer loop
      vertex -11.7 -6.45 20
      vertex -15.859391051599953 -5.275827927504724 20
      vertex -15.786474508437578 -5.36832212156129 20
    endloop
  endfacet
  facet normal 0 0 1
    outer loop
      vertex -11.7 -6.45 20
      vertex -15.939339828220179 -5.189339828220179 20
      vertex -15.859391051599953 -5.275827927504724 20
    endloop
  endfacet
  facet normal 0 0 1
    outer loop
      vertex -11.7 -6.45 20
      vertex -15.5 -6.25 20
      vertex -15.504623999400309 -6.367688643591768 20
    endloop
  endfacet
  facet normal 0 0 1
    outer loop
      vertex -11.7 -6.45 20
      vertex -15.504623999400309 -6.132311356408232 20
      vertex -15.5 -6.25 20
    endloop
  endfacet
  facet normal 0 0 1
    outer loop
      vertex -11.7 -6.45 20
      vertex -15.518467489107293 -6.015348302439653 20
      vertex -15.504623999400309 -6.132311356408232 20
    endloop
  endfacet
  facet normal 0 0 1
    outer loop
      vertex -11.7 -6.45 20
      vertex -15.541445119403486 -5.8998319542161415 20
      vertex -15.518467489107293 -6.015348302439653 20
    endloop
  endfacet
  facet normal 0 0 1
    outer loop
      vertex -11.7 -6.45 20
      vertex -15.614180701233071 -5.675974851452366 20
      vertex -15.57341522555727 -5.786474508437579 20
    endloop
  endfacet
  facet normal 0 0 1
    outer loop
      vertex -15.541445119403486 -5.8998319542161415 20
      vertex -11.7 -6.45 20
      vertex -15.57341522555727 -5.786474508437579 20
    endloop
  endfacet
  facet normal 0 0 1
    outer loop
      vertex -11.7 -6.45 20
      vertex -15.663490213717449 -5.56901425039068 20
      vertex -15.614180701233071 -5.675974851452366 20
    endloop
  endfacet
  facet normal 0 0 1
    outer loop
      vertex -11.7 -6.45 20
      vertex -15.721039753468862 -5.466252152926077 20
      vertex -15.663490213717449 -5.56901425039068 20
    endloop
  endfacet
  facet normal 0 0 1
    outer loop
      vertex -11.7 -6.45 20
      vertex -15.786474508437578 -5.36832212156129 20
      vertex -15.721039753468862 -5.466252152926077 20
    endloop
  endfacet
  facet normal 0 0 1
    outer loop
      vertex -17.117688643591766 -4.754623999400308 20
      vertex -14.891006524188368 -0.45399049973954675 20
      vertex -17.234651697560345 -4.768467489107294 20
    endloop
  endfacet
  facet normal 0 0 1
    outer loop
      vertex -16.882311356408234 -4.754623999400308 20
      vertex -14.809016994374947 -0.5877852522924731 20
      vertex -17 -4.75 20
    endloop
  endfacet
  facet normal 0 0 1
    outer loop
      vertex -16.765348302439655 -4.768467489107294 20
      vertex -14.76040596560003 -0.6494480483301837 20
      vertex -16.882311356408234 -4.754623999400308 20
    endloop
  endfacet
  facet normal 0 0 1
    outer loop
      vertex -17 -4.75 20
      vertex -14.852640164354092 -0.5224985647159488 20
      vertex -17.117688643591766 -4.754623999400308 20
    endloop
  endfacet
  facet normal 0 0 1
    outer loop
      vertex -14.649448048330184 -0.7604059656000309 20
      vertex -16.649831954216143 -4.791445119403486 20
      vertex -16.53647450843758 -4.8234152255572695 20
    endloop
  endfacet
  facet normal 0 0 1
    outer loop
      vertex -16.649831954216143 -4.791445119403486 20
      vertex -14.707106781186548 -0.7071067811865476 20
      vertex -16.765348302439655 -4.768467489107294 20
    endloop
  endfacet
  facet normal 0 0 1
    outer loop
      vertex -14.52249856471595 -0.8526401643540922 20
      vertex -16.53647450843758 -4.8234152255572695 20
      vertex -16.425974851452366 -4.86418070123307 20
    endloop
  endfacet
  facet normal 0 0 1
    outer loop
      vertex -21 -7.25 20
      vertex -18.49537600059969 -6.132311356408232 20
      vertex -21 7.25 20
    endloop
  endfacet
  facet normal 0 0 1
    outer loop
      vertex -21 7.25 20
      vertex -18.49537600059969 -6.132311356408232 20
      vertex -18.481532510892706 -6.015348302439653 20
    endloop
  endfacet
  facet normal 0 0 1
    outer loop
      vertex -21 7.25 20
      vertex -18.481532510892706 -6.015348302439653 20
      vertex -18.458554880596516 -5.8998319542161415 20
    endloop
  endfacet
  facet normal 0 0 1
    outer loop
      vertex -21 7.25 20
      vertex -18.458554880596516 -5.8998319542161415 20
      vertex -18.42658477444273 -5.786474508437579 20
    endloop
  endfacet
  facet normal 0 0 1
    outer loop
      vertex -21 7.25 20
      vertex -18.42658477444273 -5.786474508437579 20
      vertex -18.38581929876693 -5.675974851452366 20
    endloop
  endfacet
  facet normal 0 0 1
    outer loop
      vertex -21 7.25 20
      vertex -18.38581929876693 -5.675974851452366 20
      vertex -18.33650978628255 -5.56901425039068 20
    endloop
  endfacet
  facet normal 0 0 1
    outer loop
      vertex -21 7.25 20
      vertex -18.33650978628255 -5.56901425039068 20
      vertex -18.27896024653114 -5.466252152926077 20
    endloop
  endfacet
  facet normal 0 0 1
    outer loop
      vertex -21 7.25 20
      vertex -18.27896024653114 -5.466252152926077 20
      vertex -18.21352549156242 -5.36832212156129 20
    endloop
  endfacet
  facet normal 0 0 1
    outer loop
      vertex -21 7.25 20
      vertex -18.21352549156242 -5.36832212156129 20
      vertex -18.140608948400047 -5.275827927504724 20
    endloop
  endfacet
  facet normal 0 0 1
    outer loop
      vertex -21 7.25 20
      vertex -18.140608948400047 -5.275827927504724 20
      vertex -18.060660171779823 -5.189339828220179 20
    endloop
  endfacet
  facet normal 0 0 1
    outer loop
      vertex -21 7.25 20
      vertex -18.060660171779823 -5.189339828220179 20
      vertex -17.974172072495275 -5.109391051599953 20
    endloop
  endfacet
  facet normal 0 0 1
    outer loop
      vertex -21 7.25 20
      vertex -17.974172072495275 -5.109391051599953 20
      vertex -17.88167787843871 -5.036474508437578 20
    endloop
  endfacet
  facet normal 0 0 1
    outer loop
      vertex -21 7.25 20
      vertex -17.88167787843871 -5.036474508437578 20
      vertex -17.783747847073922 -4.971039753468862 20
    endloop
  endfacet
  facet normal 0 0 1
    outer loop
      vertex -21 7.25 20
      vertex -17.783747847073922 -4.971039753468862 20
      vertex -17.68098574960932 -4.9134902137174485 20
    endloop
  endfacet
  facet normal 0 0 1
    outer loop
      vertex -21 7.25 20
      vertex -17.68098574960932 -4.9134902137174485 20
      vertex -17.574025148547634 -4.86418070123307 20
    endloop
  endfacet
  facet normal 0 0 1
    outer loop
      vertex -21 7.25 20
      vertex -17.574025148547634 -4.86418070123307 20
      vertex -17.46352549156242 -4.8234152255572695 20
    endloop
  endfacet
  facet normal 0 0 1
    outer loop
      vertex -21 7.25 20
      vertex -17.46352549156242 -4.8234152255572695 20
      vertex -17.350168045783857 -4.791445119403486 20
    endloop
  endfacet
  facet normal 0 0 1
    outer loop
      vertex -21 7.25 20
      vertex -17.350168045783857 -4.791445119403486 20
      vertex -17.234651697560345 -4.768467489107294 20
    endloop
  endfacet
  facet normal 0 0 1
    outer loop
      vertex -15.939339828220179 -5.189339828220179 20
      vertex -11.7 -6.45 20
      vertex -13.61731656763491 -0.9238795325112867 20
    endloop
  endfacet
  facet normal 0 0 1
    outer loop
      vertex -14.233445363855905 -0.9723699203976766 20
      vertex -16.11832212156129 -5.036474508437578 20
      vertex -16.025827927504725 -5.109391051599953 20
    endloop
  endfacet
  facet normal 0 0 1
    outer loop
      vertex -14.453990499739547 -0.8910065241883679 20
      vertex -16.425974851452366 -4.86418070123307 20
      vertex -16.31901425039068 -4.9134902137174485 20
    endloop
  endfacet
  facet normal 0 0 1
    outer loop
      vertex -14.38268343236509 -0.9238795325112867 20
      vertex -16.31901425039068 -4.9134902137174485 20
      vertex -16.216252152926078 -4.971039753468862 20
    endloop
  endfacet
  facet normal 0 0 1
    outer loop
      vertex -14.309016994374947 -0.9510565162951535 20
      vertex -16.216252152926078 -4.971039753468862 20
      vertex -16.11832212156129 -5.036474508437578 20
    endloop
  endfacet
  facet normal 0 0 1
    outer loop
      vertex -14.156434465040231 -0.9876883405951378 20
      vertex -16.025827927504725 -5.109391051599953 20
      vertex -15.939339828220179 -5.189339828220179 20
    endloop
  endfacet
  facet normal 0 0 1
    outer loop
      vertex -11.7 -6.45 20
      vertex -13.546009500260453 -0.8910065241883679 20
      vertex -13.61731656763491 -0.9238795325112867 20
    endloop
  endfacet
  facet normal 0 0 1
    outer loop
      vertex -11.7 -6.45 20
      vertex -13.47750143528405 -0.8526401643540922 20
      vertex -13.546009500260453 -0.8910065241883679 20
    endloop
  endfacet
  facet normal 0 0 1
    outer loop
      vertex -11.7 -6.45 20
      vertex -13.412214747707527 -0.8090169943749475 20
      vertex -13.47750143528405 -0.8526401643540922 20
    endloop
  endfacet
  facet normal 0 0 1
    outer loop
      vertex -11.7 -6.45 20
      vertex -13.350551951669816 -0.7604059656000309 20
      vertex -13.412214747707527 -0.8090169943749475 20
    endloop
  endfacet
  facet normal 0 0 1
    outer loop
      vertex -11.7 -6.45 20
      vertex -13.292893218813452 -0.7071067811865476 20
      vertex -13.350551951669816 -0.7604059656000309 20
    endloop
  endfacet
  facet normal 0 0 1
    outer loop
      vertex -11.7 -6.45 20
      vertex -13.23959403439997 -0.6494480483301837 20
      vertex -13.292893218813452 -0.7071067811865476 20
    endloop
  endfacet
  facet normal 0 0 1
    outer loop
      vertex -14.852640164354092 -0.5224985647159488 20
      vertex -17 -4.75 20
      vertex -14.809016994374947 -0.5877852522924731 20
    endloop
  endfacet
  facet normal 0 0 1
    outer loop
      vertex -14.809016994374947 -0.5877852522924731 20
      vertex -16.882311356408234 -4.754623999400308 20
      vertex -14.76040596560003 -0.6494480483301837 20
    endloop
  endfacet
  facet normal 0 0 1
    outer loop
      vertex -14.587785252292473 -0.8090169943749475 20
      vertex -14.649448048330184 -0.7604059656000309 20
      vertex -16.53647450843758 -4.8234152255572695 20
    endloop
  endfacet
  facet normal 0 0 1
    outer loop
      vertex -14.649448048330184 -0.7604059656000309 20
      vertex -14.707106781186548 -0.7071067811865476 20
      vertex -16.649831954216143 -4.791445119403486 20
    endloop
  endfacet
  facet normal 0 0 1
    outer loop
      vertex -14.453990499739547 -0.8910065241883679 20
      vertex -14.52249856471595 -0.8526401643540922 20
      vertex -16.425974851452366 -4.86418070123307 20
    endloop
  endfacet
  facet normal 0 0 1
    outer loop
      vertex -14.52249856471595 -0.8526401643540922 20
      vertex -14.587785252292473 -0.8090169943749475 20
      vertex -16.53647450843758 -4.8234152255572695 20
    endloop
  endfacet
  facet normal 0 0 1
    outer loop
      vertex -14.76040596560003 -0.6494480483301837 20
      vertex -16.765348302439655 -4.768467489107294 20
      vertex -14.707106781186548 -0.7071067811865476 20
    endloop
  endfacet
  facet normal 0 0 1
    outer loop
      vertex -14.38268343236509 -0.9238795325112867 20
      vertex -14.453990499739547 -0.8910065241883679 20
      vertex -16.31901425039068 -4.9134902137174485 20
    endloop
  endfacet
  facet normal 0 0 1
    outer loop
      vertex -14.309016994374947 -0.9510565162951535 20
      vertex -14.38268343236509 -0.9238795325112867 20
      vertex -16.216252152926078 -4.971039753468862 20
    endloop
  endfacet
  facet normal 0 0 1
    outer loop
      vertex -14.156434465040231 -0.9876883405951378 20
      vertex -14.233445363855905 -0.9723699203976766 20
      vertex -16.025827927504725 -5.109391051599953 20
    endloop
  endfacet
  facet normal 0 0 1
    outer loop
      vertex -14.233445363855905 -0.9723699203976766 20
      vertex -14.309016994374947 -0.9510565162951535 20
      vertex -16.11832212156129 -5.036474508437578 20
    endloop
  endfacet
  facet normal 0 0 1
    outer loop
      vertex -15.939339828220179 -5.189339828220179 20
      vertex -14.078459095727846 -0.996917333733128 20
      vertex -14.156434465040231 -0.9876883405951378 20
    endloop
  endfacet
  facet normal 0 0 1
    outer loop
      vertex -15.939339828220179 -5.189339828220179 20
      vertex -14 -1 20
      vertex -14.078459095727846 -0.996917333733128 20
    endloop
  endfacet
  facet normal 0 0 1
    outer loop
      vertex -15.939339828220179 -5.189339828220179 20
      vertex -13.921540904272154 -0.996917333733128 20
      vertex -14 -1 20
    endloop
  endfacet
  facet normal 0 0 1
    outer loop
      vertex -15.939339828220179 -5.189339828220179 20
      vertex -13.843565534959769 -0.9876883405951378 20
      vertex -13.921540904272154 -0.996917333733128 20
    endloop
  endfacet
  facet normal 0 0 1
    outer loop
      vertex -15.939339828220179 -5.189339828220179 20
      vertex -13.766554636144095 -0.9723699203976766 20
      vertex -13.843565534959769 -0.9876883405951378 20
    endloop
  endfacet
  facet normal 0 0 1
    outer loop
      vertex -15.939339828220179 -5.189339828220179 20
      vertex -13.690983005625053 -0.9510565162951535 20
      vertex -13.766554636144095 -0.9723699203976766 20
    endloop
  endfacet
  facet normal 0 0 1
    outer loop
      vertex -14.923879532511286 -0.3826834323650898 20
      vertex -17.234651697560345 -4.768467489107294 20
      vertex -14.891006524188368 -0.45399049973954675 20
    endloop
  endfacet
  facet normal 0 0 1
    outer loop
      vertex -14.891006524188368 -0.45399049973954675 20
      vertex -17.117688643591766 -4.754623999400308 20
      vertex -14.852640164354092 -0.5224985647159488 20
    endloop
  endfacet
  facet normal 0 0 1
    outer loop
      vertex -14.951056516295154 -0.3090169943749474 20
      vertex -17.234651697560345 -4.768467489107294 20
      vertex -14.923879532511286 -0.3826834323650898 20
    endloop
  endfacet
  facet normal 0 0 1
    outer loop
      vertex -15.939339828220179 -5.189339828220179 20
      vertex -13.61731656763491 -0.9238795325112867 20
      vertex -13.690983005625053 -0.9510565162951535 20
    endloop
  endfacet
  facet normal 0 0 1
    outer loop
      vertex -11.7 -6.45 20
      vertex -13.190983005625053 -0.5877852522924731 20
      vertex -13.23959403439997 -0.6494480483301837 20
    endloop
  endfacet
  facet normal 0 0 1
    outer loop
      vertex -11.7 -6.45 20
      vertex -13.147359835645908 -0.5224985647159488 20
      vertex -13.190983005625053 -0.5877852522924731 20
    endloop
  endfacet
  facet normal 0 0 1
    outer loop
      vertex -11.7 -6.45 20
      vertex -13.108993475811632 -0.45399049973954675 20
      vertex -13.147359835645908 -0.5224985647159488 20
    endloop
  endfacet
  facet normal 0 0 1
    outer loop
      vertex -11.7 -6.45 20
      vertex -13.076120467488714 -0.3826834323650898 20
      vertex -13.108993475811632 -0.45399049973954675 20
    endloop
  endfacet
  facet normal 0 0 1
    outer loop
      vertex -11.7 -6.45 20
      vertex -13.048943483704846 -0.3090169943749474 20
      vertex -13.076120467488714 -0.3826834323650898 20
    endloop
  endfacet
  facet normal 0 0 1
    outer loop
      vertex -11.7 -6.45 20
      vertex -13.027630079602323 -0.2334453638559054 20
      vertex -13.048943483704846 -0.3090169943749474 20
    endloop
  endfacet
  facet normal 0 0 1
    outer loop
      vertex -11.7 -6.45 20
      vertex -13.012311659404862 -0.15643446504023087 20
      vertex -13.027630079602323 -0.2334453638559054 20
    endloop
  endfacet
  facet normal 0 0 1
    outer loop
      vertex -11.7 -6.45 20
      vertex -13.003082666266872 -0.07845909572784494 20
      vertex -13.012311659404862 -0.15643446504023087 20
    endloop
  endfacet
  facet normal 0 0 1
    outer loop
      vertex -11.7 -6.45 20
      vertex -13 0 20
      vertex -13.003082666266872 -0.07845909572784494 20
    endloop
  endfacet
  facet normal 0 -1 0
    outer loop
      vertex -18 -10.25 0
      vertex 18 -10.25 20
      vertex -18 -10.25 20
    endloop
  endfacet
  facet normal 0 0 1
    outer loop
      vertex -18 -10.25 20
      vertex 11.7 -6.45 20
      vertex -11.7 -6.45 20
    endloop
  endfacet
  facet normal 0 0 -1
    outer loop
      vertex -18.458554880596516 -5.8998319542161415 0
      vertex -18.458554880596516 5.8998319542161415 0
      vertex -18.42658477444273 5.786474508437579 0
    endloop
  endfacet
  facet normal 0 0 -1
    outer loop
      vertex -18.38581929876693 -5.675974851452366 0
      vertex -18.42658477444273 5.786474508437579 0
      vertex -18.38581929876693 5.675974851452366 0
    endloop
  endfacet
  facet normal 0 0 -1
    outer loop
      vertex -18.458554880596516 -5.8998319542161415 0
      vertex -18.481532510892706 6.015348302439653 0
      vertex -18.458554880596516 5.8998319542161415 0
    endloop
  endfacet
  facet normal 0 0 -1
    outer loop
      vertex -18.458554880596516 -5.8998319542161415 0
      vertex -18.49537600059969 6.132311356408232 0
      vertex -18.481532510892706 6.015348302439653 0
    endloop
  endfacet
  facet normal 0 0 -1
    outer loop
      vertex -18.458554880596516 -5.8998319542161415 0
      vertex -18.5 6.25 0
      vertex -18.49537600059969 6.132311356408232 0
    endloop
  endfacet
  facet normal 0 0 -1
    outer loop
      vertex -18.27896024653114 -5.466252152926077 0
      vertex -18.27896024653114 5.466252152926077 0
      vertex -15 0 0
    endloop
  endfacet
  facet normal 0 0 -1
    outer loop
      vertex -18.27896024653114 -5.466252152926077 0
      vertex -18.33650978628255 5.56901425039068 0
      vertex -18.27896024653114 5.466252152926077 0
    endloop
  endfacet
  facet normal 0 0 -1
    outer loop
      vertex -18.33650978628255 -5.56901425039068 0
      vertex -18.38581929876693 5.675974851452366 0
      vertex -18.33650978628255 5.56901425039068 0
    endloop
  endfacet
  facet normal 0 0 -1
    outer loop
      vertex -15 0 0
      vertex -17.574025148547634 4.86418070123307 0
      vertex -14.996917333733128 0.07845909572784494 0
    endloop
  endfacet
  facet normal 0 0 -1
    outer loop
      vertex -14.996917333733128 0.07845909572784494 0
      vertex -17.46352549156242 4.8234152255572695 0
      vertex -14.987688340595138 0.15643446504023087 0
    endloop
  endfacet
  facet normal 0 0 -1
    outer loop
      vertex -14.987688340595138 0.15643446504023087 0
      vertex -17.350168045783857 4.791445119403486 0
      vertex -14.972369920397677 0.2334453638559054 0
    endloop
  endfacet
  facet normal 0 0 -1
    outer loop
      vertex -21 -7.25 0
      vertex -21 7.25 0
      vertex -19.94834414499055 9.531217896800094 0
    endloop
  endfacet
  facet normal 0 0 -1
    outer loop
      vertex -19.94834414499055 9.531217896800094 0
      vertex -18.5 6.25 0
      vertex -18.458554880596516 -5.8998319542161415 0
    endloop
  endfacet
  facet normal 0 0 -1
    outer loop
      vertex -18.060660171779823 5.189339828220179 0
      vertex -15 0 0
      vertex -18.140608948400047 5.275827927504724 0
    endloop
  endfacet
  facet normal 0 0 -1
    outer loop
      vertex -18.140608948400047 5.275827927504724 0
      vertex -15 0 0
      vertex -18.21352549156242 5.36832212156129 0
    endloop
  endfacet
  facet normal 0 0 -1
    outer loop
      vertex -18.21352549156242 5.36832212156129 0
      vertex -15 0 0
      vertex -18.27896024653114 5.466252152926077 0
    endloop
  endfacet
  facet normal 0 0 -1
    outer loop
      vertex -17.574025148547634 4.86418070123307 0
      vertex -15 0 0
      vertex -17.68098574960932 4.9134902137174485 0
    endloop
  endfacet
  facet normal 0 0 -1
    outer loop
      vertex -17.68098574960932 4.9134902137174485 0
      vertex -15 0 0
      vertex -17.783747847073922 4.971039753468862 0
    endloop
  endfacet
  facet normal 0 0 -1
    outer loop
      vertex -17.783747847073922 4.971039753468862 0
      vertex -15 0 0
      vertex -17.88167787843871 5.036474508437578 0
    endloop
  endfacet
  facet normal 0 0 -1
    outer loop
      vertex -17.974172072495275 5.109391051599953 0
      vertex -15 0 0
      vertex -18.060660171779823 5.189339828220179 0
    endloop
  endfacet
  facet normal 0 0 -1
    outer loop
      vertex -17.88167787843871 5.036474508437578 0
      vertex -15 0 0
      vertex -17.974172072495275 5.109391051599953 0
    endloop
  endfacet
  facet normal 0 0 -1
    outer loop
      vertex -17.46352549156242 4.8234152255572695 0
      vertex -14.996917333733128 0.07845909572784494 0
      vertex -17.574025148547634 4.86418070123307 0
    endloop
  endfacet
  facet normal 0 0 -1
    outer loop
      vertex -14.987688340595138 0.15643446504023087 0
      vertex -17.46352549156242 4.8234152255572695 0
      vertex -17.350168045783857 4.791445119403486 0
    endloop
  endfacet
  facet normal 0 0 -1
    outer loop
      vertex -14.972369920397677 0.2334453638559054 0
      vertex -17.350168045783857 4.791445119403486 0
      vertex -17.234651697560345 4.768467489107294 0
    endloop
  endfacet
  facet normal 0 0 -1
    outer loop
      vertex -17.117688643591766 4.754623999400308 0
      vertex -14.923879532511286 0.3826834323650898 0
      vertex -17.234651697560345 4.768467489107294 0
    endloop
  endfacet
  facet normal 0 0 -1
    outer loop
      vertex -17 4.75 0
      vertex -14.891006524188368 0.45399049973954675 0
      vertex -17.117688643591766 4.754623999400308 0
    endloop
  endfacet
  facet normal 0 0 -1
    outer loop
      vertex -14.852640164354092 0.5224985647159488 0
      vertex -17 4.75 0
      vertex -16.882311356408234 4.754623999400308 0
    endloop
  endfacet
  facet normal 0 0 -1
    outer loop
      vertex -14.809016994374947 0.5877852522924731 0
      vertex -16.882311356408234 4.754623999400308 0
      vertex -16.765348302439655 4.768467489107294 0
    endloop
  endfacet
  facet normal 0 0 -1
    outer loop
      vertex -14.707106781186548 0.7071067811865476 0
      vertex -16.765348302439655 4.768467489107294 0
      vertex -16.649831954216143 4.791445119403486 0
    endloop
  endfacet
  facet normal 0 0 -1
    outer loop
      vertex -14.649448048330184 0.7604059656000309 0
      vertex -16.649831954216143 4.791445119403486 0
      vertex -16.53647450843758 4.8234152255572695 0
    endloop
  endfacet
  facet normal 0 0 -1
    outer loop
      vertex -16.425974851452366 4.86418070123307 0
      vertex -14.587785252292473 0.8090169943749475 0
      vertex -16.53647450843758 4.8234152255572695 0
    endloop
  endfacet
  facet normal 0 0 -1
    outer loop
      vertex -14.972369920397677 0.2334453638559054 0
      vertex -17.234651697560345 4.768467489107294 0
      vertex -14.951056516295154 0.3090169943749474 0
    endloop
  endfacet
  facet normal 0 0 -1
    outer loop
      vertex -14.951056516295154 0.3090169943749474 0
      vertex -17.234651697560345 4.768467489107294 0
      vertex -14.923879532511286 0.3826834323650898 0
    endloop
  endfacet
  facet normal 0 0 -1
    outer loop
      vertex -14.923879532511286 0.3826834323650898 0
      vertex -17.117688643591766 4.754623999400308 0
      vertex -14.891006524188368 0.45399049973954675 0
    endloop
  endfacet
  facet normal 0 0 -1
    outer loop
      vertex -14.891006524188368 0.45399049973954675 0
      vertex -17 4.75 0
      vertex -14.852640164354092 0.5224985647159488 0
    endloop
  endfacet
  facet normal 0 0 -1
    outer loop
      vertex -14.852640164354092 0.5224985647159488 0
      vertex -16.882311356408234 4.754623999400308 0
      vertex -14.809016994374947 0.5877852522924731 0
    endloop
  endfacet
  facet normal 0 0 -1
    outer loop
      vertex -14.809016994374947 0.5877852522924731 0
      vertex -16.765348302439655 4.768467489107294 0
      vertex -14.76040596560003 0.6494480483301837 0
    endloop
  endfacet
  facet normal 0 0 -1
    outer loop
      vertex -14.76040596560003 0.6494480483301837 0
      vertex -16.765348302439655 4.768467489107294 0
      vertex -14.707106781186548 0.7071067811865476 0
    endloop
  endfacet
  facet normal 0 0 -1
    outer loop
      vertex -14.649448048330184 0.7604059656000309 0
      vertex -14.707106781186548 0.7071067811865476 0
      vertex -16.649831954216143 4.791445119403486 0
    endloop
  endfacet
  facet normal 0 0 -1
    outer loop
      vertex -14.587785252292473 0.8090169943749475 0
      vertex -14.649448048330184 0.7604059656000309 0
      vertex -16.53647450843758 4.8234152255572695 0
    endloop
  endfacet
  facet normal 0 0 -1
    outer loop
      vertex -14.52249856471595 0.8526401643540922 0
      vertex -14.587785252292473 0.8090169943749475 0
      vertex -16.425974851452366 4.86418070123307 0
    endloop
  endfacet
  facet normal 0 0 -1
    outer loop
      vertex -14.453990499739547 0.8910065241883679 0
      vertex -14.52249856471595 0.8526401643540922 0
      vertex -16.425974851452366 4.86418070123307 0
    endloop
  endfacet
  facet normal 0 0 -1
    outer loop
      vertex -14.38268343236509 0.9238795325112867 0
      vertex -14.453990499739547 0.8910065241883679 0
      vertex -16.31901425039068 4.9134902137174485 0
    endloop
  endfacet
  facet normal 0 0 -1
    outer loop
      vertex -14.309016994374947 0.9510565162951535 0
      vertex -14.38268343236509 0.9238795325112867 0
      vertex -16.216252152926078 4.971039753468862 0
    endloop
  endfacet
  facet normal 0 0 -1
    outer loop
      vertex -14.233445363855905 0.9723699203976766 0
      vertex -14.309016994374947 0.9510565162951535 0
      vertex -16.11832212156129 5.036474508437578 0
    endloop
  endfacet
  facet normal 0 0 -1
    outer loop
      vertex -14.156434465040231 0.9876883405951378 0
      vertex -14.233445363855905 0.9723699203976766 0
      vertex -16.025827927504725 5.109391051599953 0
    endloop
  endfacet
  facet normal 0 0 -1
    outer loop
      vertex -14.078459095727846 0.996917333733128 0
      vertex -14.156434465040231 0.9876883405951378 0
      vertex -15.939339828220179 5.189339828220179 0
    endloop
  endfacet
  facet normal 0 0 -1
    outer loop
      vertex -14 1 0
      vertex -14.078459095727846 0.996917333733128 0
      vertex -15.939339828220179 5.189339828220179 0
    endloop
  endfacet
  facet normal 0 0 -1
    outer loop
      vertex -13.921540904272154 0.996917333733128 0
      vertex -14 1 0
      vertex -15.859391051599953 5.275827927504724 0
    endloop
  endfacet
  facet normal 0 0 -1
    outer loop
      vertex -13.843565534959769 0.9876883405951378 0
      vertex -13.921540904272154 0.996917333733128 0
      vertex -15.786474508437578 5.36832212156129 0
    endloop
  endfacet
  facet normal 0 0 -1
    outer loop
      vertex -13.766554636144095 0.9723699203976766 0
      vertex -13.843565534959769 0.9876883405951378 0
      vertex -15.721039753468862 5.466252152926077 0
    endloop
  endfacet
  facet normal 0 0 -1
    outer loop
      vertex -13.690983005625053 0.9510565162951535 0
      vertex -13.766554636144095 0.9723699203976766 0
      vertex -15.663490213717449 5.56901425039068 0
    endloop
  endfacet
  facet normal 0 0 -1
    outer loop
      vertex -13.61731656763491 0.9238795325112867 0
      vertex -13.690983005625053 0.9510565162951535 0
      vertex -15.614180701233071 5.675974851452366 0
    endloop
  endfacet
  facet normal 0 0 -1
    outer loop
      vertex -13.546009500260453 0.8910065241883679 0
      vertex -13.61731656763491 0.9238795325112867 0
      vertex -15.57341522555727 5.786474508437579 0
    endloop
  endfacet
  facet normal 0 0 -1
    outer loop
      vertex -13.412214747707527 0.8090169943749475 0
      vertex -13.47750143528405 0.8526401643540922 0
      vertex -15.541445119403486 5.8998319542161415 0
    endloop
  endfacet
  facet normal 0 0 -1
    outer loop
      vertex -13.47750143528405 0.8526401643540922 0
      vertex -13.546009500260453 0.8910065241883679 0
      vertex -15.541445119403486 5.8998319542161415 0
    endloop
  endfacet
  facet normal 0 0 -1
    outer loop
      vertex -13.350551951669816 0.7604059656000309 0
      vertex -13.412214747707527 0.8090169943749475 0
      vertex -15.518467489107293 6.015348302439653 0
    endloop
  endfacet
  facet normal 0 0 -1
    outer loop
      vertex -13.003082666266872 -0.07845909572784494 0
      vertex -11.7 0.2580000000000009 0
      vertex -13.012311659404862 -0.15643446504023087 0
    endloop
  endfacet
  facet normal 0 0 -1
    outer loop
      vertex -13.003082666266872 -0.07845909572784494 0
      vertex -13 0 0
      vertex -11.7 0.2580000000000009 0
    endloop
  endfacet
  facet normal 0 0 -1
    outer loop
      vertex -13 0 0
      vertex -13.003082666266872 0.07845909572784494 0
      vertex -11.7 0.2580000000000009 0
    endloop
  endfacet
  facet normal 0 0 -1
    outer loop
      vertex -13.012311659404862 0.15643446504023087 0
      vertex -11.7 0.2580000000000009 0
      vertex -13.003082666266872 0.07845909572784494 0
    endloop
  endfacet
  facet normal 0 0 -1
    outer loop
      vertex -13.027630079602323 0.2334453638559054 0
      vertex -11.7 0.2580000000000009 0
      vertex -13.012311659404862 0.15643446504023087 0
    endloop
  endfacet
  facet normal 0 0 -1
    outer loop
      vertex -13.048943483704846 0.3090169943749474 0
      vertex -11.7 0.2580000000000009 0
      vertex -13.027630079602323 0.2334453638559054 0
    endloop
  endfacet
  facet normal 0 0 -1
    outer loop
      vertex -11.7 6.45 0
      vertex -13.048943483704846 0.3090169943749474 0
      vertex -13.076120467488714 0.3826834323650898 0
    endloop
  endfacet
  facet normal 0 0 -1
    outer loop
      vertex -11.7 6.45 0
      vertex -13.108993475811632 0.45399049973954675 0
      vertex -13.147359835645908 0.5224985647159488 0
    endloop
  endfacet
  facet normal 0 0 -1
    outer loop
      vertex -11.7 6.45 0
      vertex -13.147359835645908 0.5224985647159488 0
      vertex -13.190983005625053 0.5877852522924731 0
    endloop
  endfacet
  facet normal 0 0 -1
    outer loop
      vertex -11.7 6.45 0
      vertex -13.190983005625053 0.5877852522924731 0
      vertex -13.23959403439997 0.6494480483301837 0
    endloop
  endfacet
  facet normal 0 0 -1
    outer loop
      vertex -11.7 6.45 0
      vertex -13.076120467488714 0.3826834323650898 0
      vertex -13.108993475811632 0.45399049973954675 0
    endloop
  endfacet
  facet normal 0 0 -1
    outer loop
      vertex -11.7 6.45 0
      vertex -11.7 0.2580000000000009 0
      vertex -13.048943483704846 0.3090169943749474 0
    endloop
  endfacet
  facet normal 0 0 -1
    outer loop
      vertex -14.453990499739547 0.8910065241883679 0
      vertex -16.425974851452366 4.86418070123307 0
      vertex -16.31901425039068 4.9134902137174485 0
    endloop
  endfacet
  facet normal 0 0 -1
    outer loop
      vertex -14.38268343236509 0.9238795325112867 0
      vertex -16.31901425039068 4.9134902137174485 0
      vertex -16.216252152926078 4.971039753468862 0
    endloop
  endfacet
  facet normal 0 0 -1
    outer loop
      vertex -14.309016994374947 0.9510565162951535 0
      vertex -16.216252152926078 4.971039753468862 0
      vertex -16.11832212156129 5.036474508437578 0
    endloop
  endfacet
  facet normal 0 0 -1
    outer loop
      vertex -14.233445363855905 0.9723699203976766 0
      vertex -16.11832212156129 5.036474508437578 0
      vertex -16.025827927504725 5.109391051599953 0
    endloop
  endfacet
  facet normal 0 0 -1
    outer loop
      vertex -15.939339828220179 5.189339828220179 0
      vertex -14.156434465040231 0.9876883405951378 0
      vertex -16.025827927504725 5.109391051599953 0
    endloop
  endfacet
  facet normal 0 0 -1
    outer loop
      vertex -14 1 0
      vertex -15.939339828220179 5.189339828220179 0
      vertex -15.859391051599953 5.275827927504724 0
    endloop
  endfacet
  facet normal 0 0 -1
    outer loop
      vertex -13.921540904272154 0.996917333733128 0
      vertex -15.859391051599953 5.275827927504724 0
      vertex -15.786474508437578 5.36832212156129 0
    endloop
  endfacet
  facet normal 0 0 -1
    outer loop
      vertex -13.843565534959769 0.9876883405951378 0
      vertex -15.786474508437578 5.36832212156129 0
      vertex -15.721039753468862 5.466252152926077 0
    endloop
  endfacet
  facet normal 0 0 -1
    outer loop
      vertex -13.766554636144095 0.9723699203976766 0
      vertex -15.721039753468862 5.466252152926077 0
      vertex -15.663490213717449 5.56901425039068 0
    endloop
  endfacet
  facet normal 0 0 -1
    outer loop
      vertex -13.690983005625053 0.9510565162951535 0
      vertex -15.663490213717449 5.56901425039068 0
      vertex -15.614180701233071 5.675974851452366 0
    endloop
  endfacet
  facet normal 0 0 -1
    outer loop
      vertex -13.61731656763491 0.9238795325112867 0
      vertex -15.614180701233071 5.675974851452366 0
      vertex -15.57341522555727 5.786474508437579 0
    endloop
  endfacet
  facet normal 0 0 -1
    outer loop
      vertex -15.541445119403486 5.8998319542161415 0
      vertex -13.546009500260453 0.8910065241883679 0
      vertex -15.57341522555727 5.786474508437579 0
    endloop
  endfacet
  facet normal 0 0 -1
    outer loop
      vertex -13.412214747707527 0.8090169943749475 0
      vertex -15.541445119403486 5.8998319542161415 0
      vertex -15.518467489107293 6.015348302439653 0
    endloop
  endfacet
  facet normal 0 0 -1
    outer loop
      vertex -13.350551951669816 0.7604059656000309 0
      vertex -15.518467489107293 6.015348302439653 0
      vertex -15.504623999400309 6.132311356408232 0
    endloop
  endfacet
  facet normal 0 0 -1
    outer loop
      vertex -11.7 6.45 0
      vertex -13.350551951669816 0.7604059656000309 0
      vertex -15.504623999400309 6.132311356408232 0
    endloop
  endfacet
  facet normal 0 0 -1
    outer loop
      vertex -11.7 6.45 0
      vertex -13.23959403439997 0.6494480483301837 0
      vertex -13.292893218813452 0.7071067811865476 0
    endloop
  endfacet
  facet normal 0 0 -1
    outer loop
      vertex -11.7 6.45 0
      vertex -13.292893218813452 0.7071067811865476 0
      vertex -13.350551951669816 0.7604059656000309 0
    endloop
  endfacet
  facet normal 0 0 -1
    outer loop
      vertex -19.94834414499055 9.531217896800094 0
      vertex -18.49537600059969 6.367688643591768 0
      vertex -18.5 6.25 0
    endloop
  endfacet
  facet normal 0 0 -1
    outer loop
      vertex -19.94834414499055 9.531217896800094 0
      vertex -18.481532510892706 6.484651697560347 0
      vertex -18.49537600059969 6.367688643591768 0
    endloop
  endfacet
  facet normal 0 0 -1
    outer loop
      vertex -19.94834414499055 9.531217896800094 0
      vertex -18.458554880596516 6.6001680457838585 0
      vertex -18.481532510892706 6.484651697560347 0
    endloop
  endfacet
  facet normal 0 0 -1
    outer loop
      vertex -19.94834414499055 9.531217896800094 0
      vertex -18.42658477444273 6.713525491562421 0
      vertex -18.458554880596516 6.6001680457838585 0
    endloop
  endfacet
  facet normal 0 0 -1
    outer loop
      vertex -21 7.25 0
      vertex -20.990752001199382 7.4853772871835345 0
      vertex -19.94834414499055 9.531217896800094 0
    endloop
  endfacet
  facet normal 0 0 -1
    outer loop
      vertex -20.990752001199382 7.4853772871835345 0
      vertex -20.963065021785415 7.719303395120693 0
      vertex -19.94834414499055 9.531217896800094 0
    endloop
  endfacet
  facet normal 0 0 -1
    outer loop
      vertex -20.963065021785415 7.719303395120693 0
      vertex -20.91710976119303 7.950336091567716 0
      vertex -19.94834414499055 9.531217896800094 0
    endloop
  endfacet
  facet normal 0 0 -1
    outer loop
      vertex -20.91710976119303 7.950336091567716 0
      vertex -20.85316954888546 8.177050983124841 0
      vertex -19.94834414499055 9.531217896800094 0
    endloop
  endfacet
  facet normal 0 0 -1
    outer loop
      vertex -20.85316954888546 8.177050983124841 0
      vertex -20.771638597533858 8.398050297095269 0
      vertex -19.94834414499055 9.531217896800094 0
    endloop
  endfacet
  facet normal 0 0 -1
    outer loop
      vertex -20.771638597533858 8.398050297095269 0
      vertex -20.673019572565103 8.61197149921864 0
      vertex -19.94834414499055 9.531217896800094 0
    endloop
  endfacet
  facet normal 0 0 -1
    outer loop
      vertex -19.94834414499055 9.531217896800094 0
      vertex -18.38581929876693 6.824025148547634 0
      vertex -18.42658477444273 6.713525491562421 0
    endloop
  endfacet
  facet normal 0 0 -1
    outer loop
      vertex -19.94834414499055 9.531217896800094 0
      vertex -18.33650978628255 6.93098574960932 0
      vertex -18.38581929876693 6.824025148547634 0
    endloop
  endfacet
  facet normal 0 0 -1
    outer loop
      vertex -19.94834414499055 9.531217896800094 0
      vertex -18.27896024653114 7.033747847073923 0
      vertex -18.33650978628255 6.93098574960932 0
    endloop
  endfacet
  facet normal 0 0 -1
    outer loop
      vertex -19.94834414499055 9.531217896800094 0
      vertex -18.21352549156242 7.13167787843871 0
      vertex -18.27896024653114 7.033747847073923 0
    endloop
  endfacet
  facet normal 0 0 -1
    outer loop
      vertex -19.94834414499055 9.531217896800094 0
      vertex -18.140608948400047 7.224172072495276 0
      vertex -18.21352549156242 7.13167787843871 0
    endloop
  endfacet
  facet normal 0 0 -1
    outer loop
      vertex -19.94834414499055 9.531217896800094 0
      vertex -18.060660171779823 7.310660171779821 0
      vertex -18.140608948400047 7.224172072495276 0
    endloop
  endfacet
  facet normal 0 0 -1
    outer loop
      vertex -19.94834414499055 9.531217896800094 0
      vertex -17.974172072495275 7.390608948400047 0
      vertex -18.060660171779823 7.310660171779821 0
    endloop
  endfacet
  facet normal 0 0 -1
    outer loop
      vertex -19.94834414499055 9.531217896800094 0
      vertex -17.88167787843871 7.463525491562422 0
      vertex -17.974172072495275 7.390608948400047 0
    endloop
  endfacet
  facet normal 0 0 -1
    outer loop
      vertex -19.94834414499055 9.531217896800094 0
      vertex -17.783747847073922 7.528960246531138 0
      vertex -17.88167787843871 7.463525491562422 0
    endloop
  endfacet
  facet normal 0 0 -1
    outer loop
      vertex -19.94834414499055 9.531217896800094 0
      vertex -17.68098574960932 7.5865097862825515 0
      vertex -17.783747847073922 7.528960246531138 0
    endloop
  endfacet
  facet normal 0 0 -1
    outer loop
      vertex -19.94834414499055 9.531217896800094 0
      vertex -17.574025148547634 7.63581929876693 0
      vertex -17.68098574960932 7.5865097862825515 0
    endloop
  endfacet
  facet normal 0 0 -1
    outer loop
      vertex -20.673019572565103 8.61197149921864 0
      vertex -20.557920493062277 8.817495694147846 0
      vertex -19.94834414499055 9.531217896800094 0
    endloop
  endfacet
  facet normal 0 0 -1
    outer loop
      vertex -20.557920493062277 8.817495694147846 0
      vertex -20.427050983124843 9.01335575687742 0
      vertex -19.94834414499055 9.531217896800094 0
    endloop
  endfacet
  facet normal 0 0 -1
    outer loop
      vertex -20.427050983124843 9.01335575687742 0
      vertex -20.281217896800094 9.198344144990552 0
      vertex -19.94834414499055 9.531217896800094 0
    endloop
  endfacet
  facet normal 0 0 -1
    outer loop
      vertex -20.281217896800094 9.198344144990552 0
      vertex -20.121320343559642 9.371320343559642 0
      vertex -19.94834414499055 9.531217896800094 0
    endloop
  endfacet
  facet normal 0 0 -1
    outer loop
      vertex -19.94834414499055 9.531217896800094 0
      vertex -19.76335575687742 9.677050983124843 0
      vertex -19.567495694147848 9.807920493062277 0
    endloop
  endfacet
  facet normal 0 0 -1
    outer loop
      vertex -19.94834414499055 9.531217896800094 0
      vertex -19.567495694147848 9.807920493062277 0
      vertex -19.36197149921864 9.923019572565103 0
    endloop
  endfacet
  facet normal 0 0 -1
    outer loop
      vertex -19.94834414499055 9.531217896800094 0
      vertex -19.36197149921864 9.923019572565103 0
      vertex -19.14805029709527 10.02163859753386 0
    endloop
  endfacet
  facet normal 0 0 -1
    outer loop
      vertex -19.94834414499055 9.531217896800094 0
      vertex -19.14805029709527 10.02163859753386 0
      vertex -18.927050983124843 10.103169548885461 0
    endloop
  endfacet
  facet normal 0 0 -1
    outer loop
      vertex -19.94834414499055 9.531217896800094 0
      vertex -18.927050983124843 10.103169548885461 0
      vertex -18.700336091567717 10.167109761193029 0
    endloop
  endfacet
  facet normal 0 0 -1
    outer loop
      vertex -19.94834414499055 9.531217896800094 0
      vertex -18.700336091567717 10.167109761193029 0
      vertex -18.469303395120694 10.213065021785413 0
    endloop
  endfacet
  facet normal 0 0 -1
    outer loop
      vertex -19.94834414499055 9.531217896800094 0
      vertex -18.469303395120694 10.213065021785413 0
      vertex -18.235377287183535 10.240752001199384 0
    endloop
  endfacet
  facet normal 0 0 -1
    outer loop
      vertex -19.94834414499055 9.531217896800094 0
      vertex -18.235377287183535 10.240752001199384 0
      vertex -18 10.25 0
    endloop
  endfacet
  facet normal 0 0 -1
    outer loop
      vertex -19.94834414499055 9.531217896800094 0
      vertex -17.46352549156242 7.6765847744427305 0
      vertex -17.574025148547634 7.63581929876693 0
    endloop
  endfacet
  facet normal 0 0 -1
    outer loop
      vertex -19.94834414499055 9.531217896800094 0
      vertex -17.350168045783857 7.708554880596514 0
      vertex -17.46352549156242 7.6765847744427305 0
    endloop
  endfacet
  facet normal 0 0 -1
    outer loop
      vertex -19.94834414499055 9.531217896800094 0
      vertex -17.234651697560345 7.731532510892706 0
      vertex -17.350168045783857 7.708554880596514 0
    endloop
  endfacet
  facet normal 0 0 -1
    outer loop
      vertex -19.94834414499055 9.531217896800094 0
      vertex -16.649831954216143 7.708554880596514 0
      vertex -16.765348302439655 7.731532510892706 0
    endloop
  endfacet
  facet normal 0 0 -1
    outer loop
      vertex -19.94834414499055 9.531217896800094 0
      vertex -16.425974851452366 7.63581929876693 0
      vertex -16.53647450843758 7.6765847744427305 0
    endloop
  endfacet
  facet normal 0 0 -1
    outer loop
      vertex -19.94834414499055 9.531217896800094 0
      vertex -16.53647450843758 7.6765847744427305 0
      vertex -16.649831954216143 7.708554880596514 0
    endloop
  endfacet
  facet normal 0 0 -1
    outer loop
      vertex -19.94834414499055 9.531217896800094 0
      vertex -16.31901425039068 7.5865097862825515 0
      vertex -16.425974851452366 7.63581929876693 0
    endloop
  endfacet
  facet normal 0 0 -1
    outer loop
      vertex -19.94834414499055 9.531217896800094 0
      vertex -17.117688643591766 7.745376000599692 0
      vertex -17.234651697560345 7.731532510892706 0
    endloop
  endfacet
  facet normal 0 0 -1
    outer loop
      vertex -19.94834414499055 9.531217896800094 0
      vertex -17 7.75 0
      vertex -17.117688643591766 7.745376000599692 0
    endloop
  endfacet
  facet normal 0 0 -1
    outer loop
      vertex -19.94834414499055 9.531217896800094 0
      vertex -16.882311356408234 7.745376000599692 0
      vertex -17 7.75 0
    endloop
  endfacet
  facet normal 0 0 -1
    outer loop
      vertex -19.94834414499055 9.531217896800094 0
      vertex -16.765348302439655 7.731532510892706 0
      vertex -16.882311356408234 7.745376000599692 0
    endloop
  endfacet
  facet normal 0 0 -1
    outer loop
      vertex -19.94834414499055 9.531217896800094 0
      vertex -11.7 6.45 0
      vertex -16.31901425039068 7.5865097862825515 0
    endloop
  endfacet
  facet normal 0 0 -1
    outer loop
      vertex -11.7 6.45 0
      vertex -15.504623999400309 6.132311356408232 0
      vertex -15.5 6.25 0
    endloop
  endfacet
  facet normal 0 0 -1
    outer loop
      vertex -11.7 6.45 0
      vertex -15.5 6.25 0
      vertex -15.504623999400309 6.367688643591768 0
    endloop
  endfacet
  facet normal 0 0 -1
    outer loop
      vertex -11.7 6.45 0
      vertex -15.786474508437578 7.13167787843871 0
      vertex -15.859391051599953 7.224172072495276 0
    endloop
  endfacet
  facet normal 0 0 -1
    outer loop
      vertex -11.7 6.45 0
      vertex -15.859391051599953 7.224172072495276 0
      vertex -15.939339828220179 7.310660171779821 0
    endloop
  endfacet
  facet normal 0 0 -1
    outer loop
      vertex -11.7 6.45 0
      vertex -16.025827927504725 7.390608948400047 0
      vertex -16.11832212156129 7.463525491562422 0
    endloop
  endfacet
  facet normal 0 0 -1
    outer loop
      vertex -11.7 6.45 0
      vertex -16.216252152926078 7.528960246531138 0
      vertex -16.31901425039068 7.5865097862825515 0
    endloop
  endfacet
  facet normal 0 0 -1
    outer loop
      vertex -11.7 6.45 0
      vertex -16.11832212156129 7.463525491562422 0
      vertex -16.216252152926078 7.528960246531138 0
    endloop
  endfacet
  facet normal 0 0 -1
    outer loop
      vertex -11.7 6.45 0
      vertex -15.939339828220179 7.310660171779821 0
      vertex -16.025827927504725 7.390608948400047 0
    endloop
  endfacet
  facet normal 0 0 -1
    outer loop
      vertex -11.7 6.45 0
      vertex -15.504623999400309 6.367688643591768 0
      vertex -15.518467489107293 6.484651697560347 0
    endloop
  endfacet
  facet normal 0 0 -1
    outer loop
      vertex -11.7 6.45 0
      vertex -15.518467489107293 6.484651697560347 0
      vertex -15.541445119403486 6.6001680457838585 0
    endloop
  endfacet
  facet normal 0 0 -1
    outer loop
      vertex -11.7 6.45 0
      vertex -15.57341522555727 6.713525491562421 0
      vertex -15.614180701233071 6.824025148547634 0
    endloop
  endfacet
  facet normal 0 0 -1
    outer loop
      vertex -11.7 6.45 0
      vertex -15.541445119403486 6.6001680457838585 0
      vertex -15.57341522555727 6.713525491562421 0
    endloop
  endfacet
  facet normal 0 0 -1
    outer loop
      vertex -11.7 6.45 0
      vertex -15.663490213717449 6.93098574960932 0
      vertex -15.721039753468862 7.033747847073923 0
    endloop
  endfacet
  facet normal 0 0 -1
    outer loop
      vertex -11.7 6.45 0
      vertex -15.614180701233071 6.824025148547634 0
      vertex -15.663490213717449 6.93098574960932 0
    endloop
  endfacet
  facet normal 0 0 -1
    outer loop
      vertex -11.7 6.45 0
      vertex -15.721039753468862 7.033747847073923 0
      vertex -15.786474508437578 7.13167787843871 0
    endloop
  endfacet
  facet normal -0.9992290362407227 0.039259815759074945 0
    outer loop
      vertex -21 7.25 0
      vertex -20.990752001199382 7.4853772871835345 20
      vertex -20.990752001199382 7.4853772871835345 0
    endloop
  endfacet
  facet normal -0.9930684569549277 0.11753739745782511 0
    outer loop
      vertex -20.990752001199382 7.4853772871835345 0
      vertex -20.963065021785415 7.719303395120693 20
      vertex -20.963065021785415 7.719303395120693 0
    endloop
  endfacet
  facet normal -0.9807852804032283 0.19509032201613946 0
    outer loop
      vertex -20.963065021785415 7.719303395120693 0
      vertex -20.91710976119303 7.950336091567716 20
      vertex -20.91710976119303 7.950336091567716 0
    endloop
  endfacet
  facet normal -0.9624552364536487 0.2714404498650693 0
    outer loop
      vertex -20.91710976119303 7.950336091567716 0
      vertex -20.91710976119303 7.950336091567716 20
      vertex -20.85316954888546 8.177050983124841 0
    endloop
  endfacet
  facet normal -0.9381913359224813 0.34611705707750096 0
    outer loop
      vertex -20.85316954888546 8.177050983124841 0
      vertex -20.85316954888546 8.177050983124841 20
      vertex -20.771638597533858 8.398050297095269 0
    endloop
  endfacet
  facet normal -0.9081431738250838 0.4186597375374227 0
    outer loop
      vertex -20.771638597533858 8.398050297095269 0
      vertex -20.673019572565103 8.61197149921864 20
      vertex -20.673019572565103 8.61197149921864 0
    endloop
  endfacet
  facet normal -0.8724960070727976 0.4886212414969542 0
    outer loop
      vertex -20.673019572565103 8.61197149921864 0
      vertex -20.557920493062277 8.817495694147846 20
      vertex -20.557920493062277 8.817495694147846 0
    endloop
  endfacet
  facet normal -0.8314696123025492 0.5555702330195964 0
    outer loop
      vertex -20.557920493062277 8.817495694147846 0
      vertex -20.557920493062277 8.817495694147846 20
      vertex -20.427050983124843 9.01335575687742 0
    endloop
  endfacet
  facet normal -0.7853169308807445 0.6190939493098346 0
    outer loop
      vertex -20.427050983124843 9.01335575687742 0
      vertex -20.281217896800094 9.198344144990552 20
      vertex -20.281217896800094 9.198344144990552 0
    endloop
  endfacet
  facet normal -0.73432250943568 0.6788007455329477 0
    outer loop
      vertex -20.281217896800094 9.198344144990552 0
      vertex -20.281217896800094 9.198344144990552 20
      vertex -20.121320343559642 9.371320343559642 0
    endloop
  endfacet
  facet normal -0.678800745532944 0.7343225094356836 0
    outer loop
      vertex -20.121320343559642 9.371320343559642 0
      vertex -20.121320343559642 9.371320343559642 20
      vertex -19.94834414499055 9.531217896800094 0
    endloop
  endfacet
  facet normal -0.6190939493098382 0.7853169308807415 0
    outer loop
      vertex -19.94834414499055 9.531217896800094 0
      vertex -19.76335575687742 9.677050983124843 20
      vertex -19.76335575687742 9.677050983124843 0
    endloop
  endfacet
  facet normal -0.5555702330196 0.8314696123025469 0
    outer loop
      vertex -19.76335575687742 9.677050983124843 0
      vertex -19.76335575687742 9.677050983124843 20
      vertex -19.567495694147848 9.807920493062277 0
    endloop
  endfacet
  facet normal -0.48862124149695096 0.8724960070727994 0
    outer loop
      vertex -19.567495694147848 9.807920493062277 0
      vertex -19.567495694147848 9.807920493062277 20
      vertex -19.36197149921864 9.923019572565103 0
    endloop
  endfacet
  facet normal -0.41865973753743174 0.9081431738250796 0
    outer loop
      vertex -19.36197149921864 9.923019572565103 0
      vertex -19.14805029709527 10.02163859753386 20
      vertex -19.14805029709527 10.02163859753386 0
    endloop
  endfacet
  facet normal -0.34611705707749435 0.9381913359224837 0
    outer loop
      vertex -19.14805029709527 10.02163859753386 0
      vertex -18.927050983124843 10.103169548885461 20
      vertex -18.927050983124843 10.103169548885461 0
    endloop
  endfacet
  facet normal -0.2714404498650684 0.9624552364536489 0
    outer loop
      vertex -18.927050983124843 10.103169548885461 0
      vertex -18.700336091567717 10.167109761193029 20
      vertex -18.700336091567717 10.167109761193029 0
    endloop
  endfacet
  facet normal -0.19509032201613216 0.9807852804032297 0
    outer loop
      vertex -18.700336091567717 10.167109761193029 0
      vertex -18.700336091567717 10.167109761193029 20
      vertex -18.469303395120694 10.213065021785413 0
    endloop
  endfacet
  facet normal -0.11753739745783999 0.9930684569549261 0
    outer loop
      vertex -18.469303395120694 10.213065021785413 0
      vertex -18.235377287183535 10.240752001199384 20
      vertex -18.235377287183535 10.240752001199384 0
    endloop
  endfacet
  facet normal -0.03925981575906727 0.9992290362407231 0
    outer loop
      vertex -18.235377287183535 10.240752001199384 0
      vertex -18.235377287183535 10.240752001199384 20
      vertex -18 10.25 0
    endloop
  endfacet
  facet normal 0 0 -1
    outer loop
      vertex -19.94834414499055 9.531217896800094 0
      vertex -18 10.25 0
      vertex 18 10.25 0
    endloop
  endfacet
  facet normal 0 0 -1
    outer loop
      vertex -19.94834414499055 9.531217896800094 0
      vertex 16.11832212156129 7.463525491562422 0
      vertex -11.7 6.45 0
    endloop
  endfacet
  facet normal -1 0 0
    outer loop
      vertex -21 -7.25 20
      vertex -21 7.25 20
      vertex -21 7.25 0
    endloop
  endfacet
  facet normal 0 0 1
    outer loop
      vertex -17.234651697560345 -4.768467489107294 20
      vertex -14.951056516295154 -0.3090169943749474 20
      vertex -18.27896024653114 5.466252152926077 20
    endloop
  endfacet
  facet normal 0 0 1
    outer loop
      vertex -17.234651697560345 -4.768467489107294 20
      vertex -18.33650978628255 5.56901425039068 20
      vertex -18.38581929876693 5.675974851452366 20
    endloop
  endfacet
  facet normal 0 0 1
    outer loop
      vertex -17.234651697560345 -4.768467489107294 20
      vertex -18.27896024653114 5.466252152926077 20
      vertex -18.33650978628255 5.56901425039068 20
    endloop
  endfacet
  facet normal 0 0 1
    outer loop
      vertex -17.234651697560345 -4.768467489107294 20
      vertex -18.38581929876693 5.675974851452366 20
      vertex -18.42658477444273 5.786474508437579 20
    endloop
  endfacet
  facet normal 0 0 1
    outer loop
      vertex -14.972369920397677 -0.2334453638559054 20
      vertex -17.974172072495275 5.109391051599953 20
      vertex -14.951056516295154 -0.3090169943749474 20
    endloop
  endfacet
  facet normal 0 0 1
    outer loop
      vertex -14.987688340595138 -0.15643446504023087 20
      vertex -17.88167787843871 5.036474508437578 20
      vertex -14.972369920397677 -0.2334453638559054 20
    endloop
  endfacet
  facet normal 0 0 1
    outer loop
      vertex -14.996917333733128 -0.07845909572784494 20
      vertex -17.783747847073922 4.971039753468862 20
      vertex -14.987688340595138 -0.15643446504023087 20
    endloop
  endfacet
  facet normal 0 0 1
    outer loop
      vertex -15 0 20
      vertex -17.783747847073922 4.971039753468862 20
      vertex -14.996917333733128 -0.07845909572784494 20
    endloop
  endfacet
  facet normal 0 0 1
    outer loop
      vertex -14.996917333733128 0.07845909572784494 20
      vertex -17.68098574960932 4.9134902137174485 20
      vertex -15 0 20
    endloop
  endfacet
  facet normal 0 0 1
    outer loop
      vertex -14.987688340595138 0.15643446504023087 20
      vertex -17.574025148547634 4.86418070123307 20
      vertex -14.996917333733128 0.07845909572784494 20
    endloop
  endfacet
  facet normal 0 0 1
    outer loop
      vertex -14.972369920397677 0.2334453638559054 20
      vertex -17.46352549156242 4.8234152255572695 20
      vertex -14.987688340595138 0.15643446504023087 20
    endloop
  endfacet
  facet normal 0 0 1
    outer loop
      vertex -14.951056516295154 0.3090169943749474 20
      vertex -17.350168045783857 4.791445119403486 20
      vertex -14.972369920397677 0.2334453638559054 20
    endloop
  endfacet
  facet normal 0 0 1
    outer loop
      vertex -21 7.25 20
      vertex -17.234651697560345 -4.768467489107294 20
      vertex -18.42658477444273 5.786474508437579 20
    endloop
  endfacet
  facet normal 0 0 1
    outer loop
      vertex -14.951056516295154 -0.3090169943749474 20
      vertex -18.21352549156242 5.36832212156129 20
      vertex -18.27896024653114 5.466252152926077 20
    endloop
  endfacet
  facet normal 0 0 1
    outer loop
      vertex -14.951056516295154 -0.3090169943749474 20
      vertex -18.140608948400047 5.275827927504724 20
      vertex -18.21352549156242 5.36832212156129 20
    endloop
  endfacet
  facet normal 0 0 1
    outer loop
      vertex -14.951056516295154 -0.3090169943749474 20
      vertex -17.974172072495275 5.109391051599953 20
      vertex -18.060660171779823 5.189339828220179 20
    endloop
  endfacet
  facet normal 0 0 1
    outer loop
      vertex -14.972369920397677 -0.2334453638559054 20
      vertex -17.88167787843871 5.036474508437578 20
      vertex -17.974172072495275 5.109391051599953 20
    endloop
  endfacet
  facet normal 0 0 1
    outer loop
      vertex -14.987688340595138 -0.15643446504023087 20
      vertex -17.783747847073922 4.971039753468862 20
      vertex -17.88167787843871 5.036474508437578 20
    endloop
  endfacet
  facet normal 0 0 1
    outer loop
      vertex -15 0 20
      vertex -17.68098574960932 4.9134902137174485 20
      vertex -17.783747847073922 4.971039753468862 20
    endloop
  endfacet
  facet normal 0 0 1
    outer loop
      vertex -14.996917333733128 0.07845909572784494 20
      vertex -17.574025148547634 4.86418070123307 20
      vertex -17.68098574960932 4.9134902137174485 20
    endloop
  endfacet
  facet normal 0 0 1
    outer loop
      vertex -14.951056516295154 -0.3090169943749474 20
      vertex -18.060660171779823 5.189339828220179 20
      vertex -18.140608948400047 5.275827927504724 20
    endloop
  endfacet
  facet normal 0 0 1
    outer loop
      vertex -14.987688340595138 0.15643446504023087 20
      vertex -17.46352549156242 4.8234152255572695 20
      vertex -17.574025148547634 4.86418070123307 20
    endloop
  endfacet
  facet normal 0 0 1
    outer loop
      vertex -14.972369920397677 0.2334453638559054 20
      vertex -17.350168045783857 4.791445119403486 20
      vertex -17.46352549156242 4.8234152255572695 20
    endloop
  endfacet
  facet normal 0 0 1
    outer loop
      vertex -14.923879532511286 0.3826834323650898 20
      vertex -17.234651697560345 4.768467489107294 20
      vertex -17.350168045783857 4.791445119403486 20
    endloop
  endfacet
  facet normal 0 0 1
    outer loop
      vertex -14.891006524188368 0.45399049973954675 20
      vertex -17.117688643591766 4.754623999400308 20
      vertex -17.234651697560345 4.768467489107294 20
    endloop
  endfacet
  facet normal 0 0 1
    outer loop
      vertex -14.852640164354092 0.5224985647159488 20
      vertex -17 4.75 20
      vertex -17.117688643591766 4.754623999400308 20
    endloop
  endfacet
  facet normal 0 0 1
    outer loop
      vertex -14.76040596560003 0.6494480483301837 20
      vertex -16.882311356408234 4.754623999400308 20
      vertex -17 4.75 20
    endloop
  endfacet
  facet normal 0 0 1
    outer loop
      vertex -14.707106781186548 0.7071067811865476 20
      vertex -16.765348302439655 4.768467489107294 20
      vertex -16.882311356408234 4.754623999400308 20
    endloop
  endfacet
  facet normal 0 0 1
    outer loop
      vertex -14.649448048330184 0.7604059656000309 20
      vertex -16.649831954216143 4.791445119403486 20
      vertex -16.765348302439655 4.768467489107294 20
    endloop
  endfacet
  facet normal 0 0 1
    outer loop
      vertex -14.587785252292473 0.8090169943749475 20
      vertex -16.53647450843758 4.8234152255572695 20
      vertex -16.649831954216143 4.791445119403486 20
    endloop
  endfacet
  facet normal 0 0 1
    outer loop
      vertex -14.453990499739547 0.8910065241883679 20
      vertex -16.425974851452366 4.86418070123307 20
      vertex -16.53647450843758 4.8234152255572695 20
    endloop
  endfacet
  facet normal 0 0 1
    outer loop
      vertex -14.923879532511286 0.3826834323650898 20
      vertex -17.350168045783857 4.791445119403486 20
      vertex -14.951056516295154 0.3090169943749474 20
    endloop
  endfacet
  facet normal 0 0 1
    outer loop
      vertex -14.891006524188368 0.45399049973954675 20
      vertex -17.234651697560345 4.768467489107294 20
      vertex -14.923879532511286 0.3826834323650898 20
    endloop
  endfacet
  facet normal 0 0 1
    outer loop
      vertex -14.852640164354092 0.5224985647159488 20
      vertex -17.117688643591766 4.754623999400308 20
      vertex -14.891006524188368 0.45399049973954675 20
    endloop
  endfacet
  facet normal 0 0 1
    outer loop
      vertex -14.809016994374947 0.5877852522924731 20
      vertex -17 4.75 20
      vertex -14.852640164354092 0.5224985647159488 20
    endloop
  endfacet
  facet normal 0 0 1
    outer loop
      vertex -14.76040596560003 0.6494480483301837 20
      vertex -17 4.75 20
      vertex -14.809016994374947 0.5877852522924731 20
    endloop
  endfacet
  facet normal 0 0 1
    outer loop
      vertex -14.707106781186548 0.7071067811865476 20
      vertex -16.882311356408234 4.754623999400308 20
      vertex -14.76040596560003 0.6494480483301837 20
    endloop
  endfacet
  facet normal 0 0 1
    outer loop
      vertex -14.707106781186548 0.7071067811865476 20
      vertex -14.649448048330184 0.7604059656000309 20
      vertex -16.765348302439655 4.768467489107294 20
    endloop
  endfacet
  facet normal 0 0 1
    outer loop
      vertex -14.649448048330184 0.7604059656000309 20
      vertex -14.587785252292473 0.8090169943749475 20
      vertex -16.649831954216143 4.791445119403486 20
    endloop
  endfacet
  facet normal 0 0 1
    outer loop
      vertex -14.587785252292473 0.8090169943749475 20
      vertex -14.52249856471595 0.8526401643540922 20
      vertex -16.53647450843758 4.8234152255572695 20
    endloop
  endfacet
  facet normal 0 0 1
    outer loop
      vertex -14.52249856471595 0.8526401643540922 20
      vertex -14.453990499739547 0.8910065241883679 20
      vertex -16.53647450843758 4.8234152255572695 20
    endloop
  endfacet
  facet normal 0 0 1
    outer loop
      vertex -14.453990499739547 0.8910065241883679 20
      vertex -14.38268343236509 0.9238795325112867 20
      vertex -16.31901425039068 4.9134902137174485 20
    endloop
  endfacet
  facet normal 0 0 1
    outer loop
      vertex -14.38268343236509 0.9238795325112867 20
      vertex -14.309016994374947 0.9510565162951535 20
      vertex -16.31901425039068 4.9134902137174485 20
    endloop
  endfacet
  facet normal 0 0 1
    outer loop
      vertex -14.309016994374947 0.9510565162951535 20
      vertex -14.233445363855905 0.9723699203976766 20
      vertex -16.216252152926078 4.971039753468862 20
    endloop
  endfacet
  facet normal 0 0 1
    outer loop
      vertex -11.7 -6.45 20
      vertex -11.7 6.45 20
      vertex -13 0 20
    endloop
  endfacet
  facet normal 0 0 1
    outer loop
      vertex -13 0 20
      vertex -11.7 6.45 20
      vertex -13.003082666266872 0.07845909572784494 20
    endloop
  endfacet
  facet normal 0 0 1
    outer loop
      vertex -13.003082666266872 0.07845909572784494 20
      vertex -11.7 6.45 20
      vertex -13.012311659404862 0.15643446504023087 20
    endloop
  endfacet
  facet normal 0 0 1
    outer loop
      vertex -13.012311659404862 0.15643446504023087 20
      vertex -11.7 6.45 20
      vertex -13.027630079602323 0.2334453638559054 20
    endloop
  endfacet
  facet normal 0 0 1
    outer loop
      vertex -13.027630079602323 0.2334453638559054 20
      vertex -11.7 6.45 20
      vertex -13.048943483704846 0.3090169943749474 20
    endloop
  endfacet
  facet normal 0 0 1
    outer loop
      vertex -13.048943483704846 0.3090169943749474 20
      vertex -11.7 6.45 20
      vertex -13.076120467488714 0.3826834323650898 20
    endloop
  endfacet
  facet normal 0 0 1
    outer loop
      vertex -13.108993475811632 0.45399049973954675 20
      vertex -11.7 6.45 20
      vertex -13.147359835645908 0.5224985647159488 20
    endloop
  endfacet
  facet normal 0 0 1
    outer loop
      vertex -13.147359835645908 0.5224985647159488 20
      vertex -11.7 6.45 20
      vertex -13.190983005625053 0.5877852522924731 20
    endloop
  endfacet
  facet normal 0 0 1
    outer loop
      vertex -13.190983005625053 0.5877852522924731 20
      vertex -11.7 6.45 20
      vertex -13.23959403439997 0.6494480483301837 20
    endloop
  endfacet
  facet normal 0 0 1
    outer loop
      vertex -13.076120467488714 0.3826834323650898 20
      vertex -11.7 6.45 20
      vertex -13.108993475811632 0.45399049973954675 20
    endloop
  endfacet
  facet normal 0 0 1
    outer loop
      vertex -14.453990499739547 0.8910065241883679 20
      vertex -16.31901425039068 4.9134902137174485 20
      vertex -16.425974851452366 4.86418070123307 20
    endloop
  endfacet
  facet normal 0 0 1
    outer loop
      vertex -14.309016994374947 0.9510565162951535 20
      vertex -16.216252152926078 4.971039753468862 20
      vertex -16.31901425039068 4.9134902137174485 20
    endloop
  endfacet
  facet normal 0 0 1
    outer loop
      vertex -14.233445363855905 0.9723699203976766 20
      vertex -16.11832212156129 5.036474508437578 20
      vertex -16.216252152926078 4.971039753468862 20
    endloop
  endfacet
  facet normal 0 0 1
    outer loop
      vertex -14.233445363855905 0.9723699203976766 20
      vertex -16.025827927504725 5.109391051599953 20
      vertex -16.11832212156129 5.036474508437578 20
    endloop
  endfacet
  facet normal 0 0 1
    outer loop
      vertex -14.233445363855905 0.9723699203976766 20
      vertex -14.156434465040231 0.9876883405951378 20
      vertex -11.7 6.45 20
    endloop
  endfacet
  facet normal 0 0 1
    outer loop
      vertex -14.156434465040231 0.9876883405951378 20
      vertex -14.078459095727846 0.996917333733128 20
      vertex -11.7 6.45 20
    endloop
  endfacet
  facet normal 0 0 1
    outer loop
      vertex -14.078459095727846 0.996917333733128 20
      vertex -14 1 20
      vertex -11.7 6.45 20
    endloop
  endfacet
  facet normal 0 0 1
    outer loop
      vertex -14 1 20
      vertex -13.921540904272154 0.996917333733128 20
      vertex -11.7 6.45 20
    endloop
  endfacet
  facet normal 0 0 1
    outer loop
      vertex -13.921540904272154 0.996917333733128 20
      vertex -13.843565534959769 0.9876883405951378 20
      vertex -11.7 6.45 20
    endloop
  endfacet
  facet normal 0 0 1
    outer loop
      vertex -14.233445363855905 0.9723699203976766 20
      vertex -11.7 6.45 20
      vertex -16.025827927504725 5.109391051599953 20
    endloop
  endfacet
  facet normal 0 0 1
    outer loop
      vertex -13.412214747707527 0.8090169943749475 20
      vertex -13.350551951669816 0.7604059656000309 20
      vertex -11.7 6.45 20
    endloop
  endfacet
  facet normal 0 0 1
    outer loop
      vertex -13.47750143528405 0.8526401643540922 20
      vertex -13.412214747707527 0.8090169943749475 20
      vertex -11.7 6.45 20
    endloop
  endfacet
  facet normal 0 0 1
    outer loop
      vertex -13.766554636144095 0.9723699203976766 20
      vertex -13.690983005625053 0.9510565162951535 20
      vertex -11.7 6.45 20
    endloop
  endfacet
  facet normal 0 0 1
    outer loop
      vertex -13.690983005625053 0.9510565162951535 20
      vertex -13.61731656763491 0.9238795325112867 20
      vertex -11.7 6.45 20
    endloop
  endfacet
  facet normal 0 0 1
    outer loop
      vertex -13.843565534959769 0.9876883405951378 20
      vertex -13.766554636144095 0.9723699203976766 20
      vertex -11.7 6.45 20
    endloop
  endfacet
  facet normal 0 0 1
    outer loop
      vertex -13.61731656763491 0.9238795325112867 20
      vertex -13.546009500260453 0.8910065241883679 20
      vertex -11.7 6.45 20
    endloop
  endfacet
  facet normal 0 0 1
    outer loop
      vertex -13.546009500260453 0.8910065241883679 20
      vertex -13.47750143528405 0.8526401643540922 20
      vertex -11.7 6.45 20
    endloop
  endfacet
  facet normal 0 0 1
    outer loop
      vertex -13.23959403439997 0.6494480483301837 20
      vertex -11.7 6.45 20
      vertex -13.292893218813452 0.7071067811865476 20
    endloop
  endfacet
  facet normal 0 0 1
    outer loop
      vertex -13.350551951669816 0.7604059656000309 20
      vertex -13.292893218813452 0.7071067811865476 20
      vertex -11.7 6.45 20
    endloop
  endfacet
  facet normal -0.9992290362407227 0.039259815759074945 0
    outer loop
      vertex -21 7.25 0
      vertex -21 7.25 20
      vertex -20.990752001199382 7.4853772871835345 20
    endloop
  endfacet
  facet normal -0.9930684569549277 0.11753739745782511 0
    outer loop
      vertex -20.990752001199382 7.4853772871835345 0
      vertex -20.990752001199382 7.4853772871835345 20
      vertex -20.963065021785415 7.719303395120693 20
    endloop
  endfacet
  facet normal -0.9807852804032283 0.19509032201613946 0
    outer loop
      vertex -20.963065021785415 7.719303395120693 0
      vertex -20.963065021785415 7.719303395120693 20
      vertex -20.91710976119303 7.950336091567716 20
    endloop
  endfacet
  facet normal -0.9624552364536487 0.2714404498650693 0
    outer loop
      vertex -20.85316954888546 8.177050983124841 0
      vertex -20.91710976119303 7.950336091567716 20
      vertex -20.85316954888546 8.177050983124841 20
    endloop
  endfacet
  facet normal -0.9381913359224813 0.34611705707750096 0
    outer loop
      vertex -20.771638597533858 8.398050297095269 0
      vertex -20.85316954888546 8.177050983124841 20
      vertex -20.771638597533858 8.398050297095269 20
    endloop
  endfacet
  facet normal -0.9081431738250838 0.4186597375374227 0
    outer loop
      vertex -20.771638597533858 8.398050297095269 0
      vertex -20.771638597533858 8.398050297095269 20
      vertex -20.673019572565103 8.61197149921864 20
    endloop
  endfacet
  facet normal -0.8724960070727976 0.4886212414969542 0
    outer loop
      vertex -20.673019572565103 8.61197149921864 0
      vertex -20.673019572565103 8.61197149921864 20
      vertex -20.557920493062277 8.817495694147846 20
    endloop
  endfacet
  facet normal -0.8314696123025492 0.5555702330195964 0
    outer loop
      vertex -20.427050983124843 9.01335575687742 0
      vertex -20.557920493062277 8.817495694147846 20
      vertex -20.427050983124843 9.01335575687742 20
    endloop
  endfacet
  facet normal -0.7853169308807445 0.6190939493098346 0
    outer loop
      vertex -20.427050983124843 9.01335575687742 0
      vertex -20.427050983124843 9.01335575687742 20
      vertex -20.281217896800094 9.198344144990552 20
    endloop
  endfacet
  facet normal -0.73432250943568 0.6788007455329477 0
    outer loop
      vertex -20.121320343559642 9.371320343559642 0
      vertex -20.281217896800094 9.198344144990552 20
      vertex -20.121320343559642 9.371320343559642 20
    endloop
  endfacet
  facet normal -0.678800745532944 0.7343225094356836 0
    outer loop
      vertex -19.94834414499055 9.531217896800094 0
      vertex -20.121320343559642 9.371320343559642 20
      vertex -19.94834414499055 9.531217896800094 20
    endloop
  endfacet
  facet normal -0.6190939493098382 0.7853169308807415 0
    outer loop
      vertex -19.94834414499055 9.531217896800094 0
      vertex -19.94834414499055 9.531217896800094 20
      vertex -19.76335575687742 9.677050983124843 20
    endloop
  endfacet
  facet normal -0.5555702330196 0.8314696123025469 0
    outer loop
      vertex -19.567495694147848 9.807920493062277 0
      vertex -19.76335575687742 9.677050983124843 20
      vertex -19.567495694147848 9.807920493062277 20
    endloop
  endfacet
  facet normal -0.48862124149695096 0.8724960070727994 0
    outer loop
      vertex -19.36197149921864 9.923019572565103 0
      vertex -19.567495694147848 9.807920493062277 20
      vertex -19.36197149921864 9.923019572565103 20
    endloop
  endfacet
  facet normal -0.41865973753743174 0.9081431738250796 0
    outer loop
      vertex -19.36197149921864 9.923019572565103 0
      vertex -19.36197149921864 9.923019572565103 20
      vertex -19.14805029709527 10.02163859753386 20
    endloop
  endfacet
  facet normal -0.34611705707749435 0.9381913359224837 0
    outer loop
      vertex -19.14805029709527 10.02163859753386 0
      vertex -19.14805029709527 10.02163859753386 20
      vertex -18.927050983124843 10.103169548885461 20
    endloop
  endfacet
  facet normal -0.2714404498650684 0.9624552364536489 0
    outer loop
      vertex -18.927050983124843 10.103169548885461 0
      vertex -18.927050983124843 10.103169548885461 20
      vertex -18.700336091567717 10.167109761193029 20
    endloop
  endfacet
  facet normal -0.19509032201613216 0.9807852804032297 0
    outer loop
      vertex -18.469303395120694 10.213065021785413 0
      vertex -18.700336091567717 10.167109761193029 20
      vertex -18.469303395120694 10.213065021785413 20
    endloop
  endfacet
  facet normal -0.11753739745783999 0.9930684569549261 0
    outer loop
      vertex -18.469303395120694 10.213065021785413 0
      vertex -18.469303395120694 10.213065021785413 20
      vertex -18.235377287183535 10.240752001199384 20
    endloop
  endfacet
  facet normal -0.03925981575906727 0.9992290362407231 0
    outer loop
      vertex -18 10.25 0
      vertex -18.235377287183535 10.240752001199384 20
      vertex -18 10.25 20
    endloop
  endfacet
  facet normal 0 0 1
    outer loop
      vertex -21 7.25 20
      vertex -18.42658477444273 5.786474508437579 20
      vertex -18.458554880596516 5.8998319542161415 20
    endloop
  endfacet
  facet normal 0 0 1
    outer loop
      vertex -21 7.25 20
      vertex -18.458554880596516 5.8998319542161415 20
      vertex -18.481532510892706 6.015348302439653 20
    endloop
  endfacet
  facet normal 0 0 1
    outer loop
      vertex -21 7.25 20
      vertex -17.88167787843871 7.463525491562422 20
      vertex -20.990752001199382 7.4853772871835345 20
    endloop
  endfacet
  facet normal 0 0 1
    outer loop
      vertex -20.990752001199382 7.4853772871835345 20
      vertex -17.350168045783857 7.708554880596514 20
      vertex -20.963065021785415 7.719303395120693 20
    endloop
  endfacet
  facet normal 0 0 1
    outer loop
      vertex -21 7.25 20
      vertex -18.481532510892706 6.015348302439653 20
      vertex -18.49537600059969 6.132311356408232 20
    endloop
  endfacet
  facet normal 0 0 1
    outer loop
      vertex -21 7.25 20
      vertex -18.49537600059969 6.132311356408232 20
      vertex -18.5 6.25 20
    endloop
  endfacet
  facet normal 0 0 1
    outer loop
      vertex -21 7.25 20
      vertex -18.5 6.25 20
      vertex -18.49537600059969 6.367688643591768 20
    endloop
  endfacet
  facet normal 0 0 1
    outer loop
      vertex -21 7.25 20
      vertex -18.49537600059969 6.367688643591768 20
      vertex -18.481532510892706 6.484651697560347 20
    endloop
  endfacet
  facet normal 0 0 1
    outer loop
      vertex -21 7.25 20
      vertex -18.481532510892706 6.484651697560347 20
      vertex -18.458554880596516 6.6001680457838585 20
    endloop
  endfacet
  facet normal 0 0 1
    outer loop
      vertex -21 7.25 20
      vertex -18.458554880596516 6.6001680457838585 20
      vertex -18.42658477444273 6.713525491562421 20
    endloop
  endfacet
  facet normal 0 0 1
    outer loop
      vertex -21 7.25 20
      vertex -18.42658477444273 6.713525491562421 20
      vertex -18.38581929876693 6.824025148547634 20
    endloop
  endfacet
  facet normal 0 0 1
    outer loop
      vertex -21 7.25 20
      vertex -18.38581929876693 6.824025148547634 20
      vertex -18.33650978628255 6.93098574960932 20
    endloop
  endfacet
  facet normal 0 0 1
    outer loop
      vertex -21 7.25 20
      vertex -18.33650978628255 6.93098574960932 20
      vertex -18.27896024653114 7.033747847073923 20
    endloop
  endfacet
  facet normal 0 0 1
    outer loop
      vertex -21 7.25 20
      vertex -18.27896024653114 7.033747847073923 20
      vertex -18.21352549156242 7.13167787843871 20
    endloop
  endfacet
  facet normal 0 0 1
    outer loop
      vertex -21 7.25 20
      vertex -18.21352549156242 7.13167787843871 20
      vertex -18.140608948400047 7.224172072495276 20
    endloop
  endfacet
  facet normal 0 0 1
    outer loop
      vertex -21 7.25 20
      vertex -18.140608948400047 7.224172072495276 20
      vertex -18.060660171779823 7.310660171779821 20
    endloop
  endfacet
  facet normal 0 0 1
    outer loop
      vertex -21 7.25 20
      vertex -18.060660171779823 7.310660171779821 20
      vertex -17.974172072495275 7.390608948400047 20
    endloop
  endfacet
  facet normal 0 0 1
    outer loop
      vertex -21 7.25 20
      vertex -17.974172072495275 7.390608948400047 20
      vertex -17.88167787843871 7.463525491562422 20
    endloop
  endfacet
  facet normal 0 0 1
    outer loop
      vertex -20.990752001199382 7.4853772871835345 20
      vertex -17.88167787843871 7.463525491562422 20
      vertex -17.783747847073922 7.528960246531138 20
    endloop
  endfacet
  facet normal 0 0 1
    outer loop
      vertex -20.990752001199382 7.4853772871835345 20
      vertex -17.783747847073922 7.528960246531138 20
      vertex -17.68098574960932 7.5865097862825515 20
    endloop
  endfacet
  facet normal 0 0 1
    outer loop
      vertex -20.990752001199382 7.4853772871835345 20
      vertex -17.68098574960932 7.5865097862825515 20
      vertex -17.574025148547634 7.63581929876693 20
    endloop
  endfacet
  facet normal 0 0 1
    outer loop
      vertex -20.990752001199382 7.4853772871835345 20
      vertex -17.574025148547634 7.63581929876693 20
      vertex -17.46352549156242 7.6765847744427305 20
    endloop
  endfacet
  facet normal 0 0 1
    outer loop
      vertex -20.990752001199382 7.4853772871835345 20
      vertex -17.46352549156242 7.6765847744427305 20
      vertex -17.350168045783857 7.708554880596514 20
    endloop
  endfacet
  facet normal 0 0 1
    outer loop
      vertex -20.963065021785415 7.719303395120693 20
      vertex -17.350168045783857 7.708554880596514 20
      vertex -17.234651697560345 7.731532510892706 20
    endloop
  endfacet
  facet normal 0 0 1
    outer loop
      vertex -20.963065021785415 7.719303395120693 20
      vertex -17.234651697560345 7.731532510892706 20
      vertex -17.117688643591766 7.745376000599692 20
    endloop
  endfacet
  facet normal 0 0 1
    outer loop
      vertex -11.7 6.45 20
      vertex -15.939339828220179 5.189339828220179 20
      vertex -16.025827927504725 5.109391051599953 20
    endloop
  endfacet
  facet normal 0 0 1
    outer loop
      vertex -11.7 6.45 20
      vertex -15.859391051599953 5.275827927504724 20
      vertex -15.939339828220179 5.189339828220179 20
    endloop
  endfacet
  facet normal 0 0 1
    outer loop
      vertex -11.7 6.45 20
      vertex -15.786474508437578 5.36832212156129 20
      vertex -15.859391051599953 5.275827927504724 20
    endloop
  endfacet
  facet normal 0 0 1
    outer loop
      vertex -11.7 6.45 20
      vertex -15.721039753468862 5.466252152926077 20
      vertex -15.786474508437578 5.36832212156129 20
    endloop
  endfacet
  facet normal 0 0 1
    outer loop
      vertex -11.7 6.45 20
      vertex -15.663490213717449 5.56901425039068 20
      vertex -15.721039753468862 5.466252152926077 20
    endloop
  endfacet
  facet normal 0 0 1
    outer loop
      vertex -11.7 6.45 20
      vertex -15.614180701233071 5.675974851452366 20
      vertex -15.663490213717449 5.56901425039068 20
    endloop
  endfacet
  facet normal 0 0 1
    outer loop
      vertex -11.7 6.45 20
      vertex -15.57341522555727 5.786474508437579 20
      vertex -15.614180701233071 5.675974851452366 20
    endloop
  endfacet
  facet normal 0 0 1
    outer loop
      vertex -11.7 6.45 20
      vertex -15.541445119403486 5.8998319542161415 20
      vertex -15.57341522555727 5.786474508437579 20
    endloop
  endfacet
  facet normal 0 0 1
    outer loop
      vertex -11.7 6.45 20
      vertex -15.518467489107293 6.015348302439653 20
      vertex -15.541445119403486 5.8998319542161415 20
    endloop
  endfacet
  facet normal 0 0 1
    outer loop
      vertex -11.7 6.45 20
      vertex -15.504623999400309 6.132311356408232 20
      vertex -15.518467489107293 6.015348302439653 20
    endloop
  endfacet
  facet normal 0 0 1
    outer loop
      vertex -11.7 6.45 20
      vertex -15.5 6.25 20
      vertex -15.504623999400309 6.132311356408232 20
    endloop
  endfacet
  facet normal 0 0 1
    outer loop
      vertex -11.7 6.45 20
      vertex -15.504623999400309 6.367688643591768 20
      vertex -15.5 6.25 20
    endloop
  endfacet
  facet normal 0 0 1
    outer loop
      vertex -11.7 6.45 20
      vertex -15.518467489107293 6.484651697560347 20
      vertex -15.504623999400309 6.367688643591768 20
    endloop
  endfacet
  facet normal 0 1 0
    outer loop
      vertex -18 10.25 0
      vertex -18 10.25 20
      vertex 18 10.25 20
    endloop
  endfacet
  facet normal 0 0 1
    outer loop
      vertex 11.7 6.45 20
      vertex -15.786474508437578 7.13167787843871 20
      vertex -15.721039753468862 7.033747847073923 20
    endloop
  endfacet
  facet normal 0 0 1
    outer loop
      vertex 11.7 6.45 20
      vertex -15.859391051599953 7.224172072495276 20
      vertex -15.786474508437578 7.13167787843871 20
    endloop
  endfacet
  facet normal 0 0 1
    outer loop
      vertex 11.7 6.45 20
      vertex -15.939339828220179 7.310660171779821 20
      vertex -15.859391051599953 7.224172072495276 20
    endloop
  endfacet
  facet normal 0 0 1
    outer loop
      vertex 11.7 6.45 20
      vertex -15.541445119403486 6.6001680457838585 20
      vertex -15.518467489107293 6.484651697560347 20
    endloop
  endfacet
  facet normal 0 0 1
    outer loop
      vertex 11.7 6.45 20
      vertex -15.57341522555727 6.713525491562421 20
      vertex -15.541445119403486 6.6001680457838585 20
    endloop
  endfacet
  facet normal 0 0 1
    outer loop
      vertex 11.7 6.45 20
      vertex -15.614180701233071 6.824025148547634 20
      vertex -15.57341522555727 6.713525491562421 20
    endloop
  endfacet
  facet normal 0 0 1
    outer loop
      vertex 11.7 6.45 20
      vertex -15.663490213717449 6.93098574960932 20
      vertex -15.614180701233071 6.824025148547634 20
    endloop
  endfacet
  facet normal 0 0 1
    outer loop
      vertex 11.7 6.45 20
      vertex -15.721039753468862 7.033747847073923 20
      vertex -15.663490213717449 6.93098574960932 20
    endloop
  endfacet
  facet normal 0 0 1
    outer loop
      vertex -20.963065021785415 7.719303395120693 20
      vertex 19.36197149921864 9.923019572565103 20
      vertex -20.91710976119303 7.950336091567716 20
    endloop
  endfacet
  facet normal 0 0 1
    outer loop
      vertex -20.91710976119303 7.950336091567716 20
      vertex 19.36197149921864 9.923019572565103 20
      vertex -20.85316954888546 8.177050983124841 20
    endloop
  endfacet
  facet normal 0 0 1
    outer loop
      vertex -20.85316954888546 8.177050983124841 20
      vertex 19.36197149921864 9.923019572565103 20
      vertex -20.771638597533858 8.398050297095269 20
    endloop
  endfacet
  facet normal 0 0 1
    outer loop
      vertex -20.963065021785415 7.719303395120693 20
      vertex -17.117688643591766 7.745376000599692 20
      vertex 19.36197149921864 9.923019572565103 20
    endloop
  endfacet
  facet normal 0 0 1
    outer loop
      vertex -20.771638597533858 8.398050297095269 20
      vertex 19.36197149921864 9.923019572565103 20
      vertex -20.673019572565103 8.61197149921864 20
    endloop
  endfacet
  facet normal 0 0 1
    outer loop
      vertex -20.673019572565103 8.61197149921864 20
      vertex 19.36197149921864 9.923019572565103 20
      vertex -20.557920493062277 8.817495694147846 20
    endloop
  endfacet
  facet normal 0 0 1
    outer loop
      vertex -20.557920493062277 8.817495694147846 20
      vertex 19.36197149921864 9.923019572565103 20
      vertex -20.427050983124843 9.01335575687742 20
    endloop
  endfacet
  facet normal 0 0 1
    outer loop
      vertex -20.427050983124843 9.01335575687742 20
      vertex 19.36197149921864 9.923019572565103 20
      vertex -20.281217896800094 9.198344144990552 20
    endloop
  endfacet
  facet normal 0 0 1
    outer loop
      vertex -20.281217896800094 9.198344144990552 20
      vertex 19.36197149921864 9.923019572565103 20
      vertex -20.121320343559642 9.371320343559642 20
    endloop
  endfacet
  facet normal 0 0 1
    outer loop
      vertex -20.121320343559642 9.371320343559642 20
      vertex 19.36197149921864 9.923019572565103 20
      vertex -19.94834414499055 9.531217896800094 20
    endloop
  endfacet
  facet normal 0 0 1
    outer loop
      vertex -19.94834414499055 9.531217896800094 20
      vertex 19.36197149921864 9.923019572565103 20
      vertex -19.76335575687742 9.677050983124843 20
    endloop
  endfacet
  facet normal 0 0 1
    outer loop
      vertex -19.76335575687742 9.677050983124843 20
      vertex 19.36197149921864 9.923019572565103 20
      vertex -19.567495694147848 9.807920493062277 20
    endloop
  endfacet
  facet normal 0 0 1
    outer loop
      vertex -19.567495694147848 9.807920493062277 20
      vertex 19.36197149921864 9.923019572565103 20
      vertex -19.36197149921864 9.923019572565103 20
    endloop
  endfacet
  facet normal 0 0 1
    outer loop
      vertex -19.36197149921864 9.923019572565103 20
      vertex 19.36197149921864 9.923019572565103 20
      vertex -19.14805029709527 10.02163859753386 20
    endloop
  endfacet
  facet normal 0 0 1
    outer loop
      vertex -19.14805029709527 10.02163859753386 20
      vertex 19.36197149921864 9.923019572565103 20
      vertex -18.927050983124843 10.103169548885461 20
    endloop
  endfacet
  facet normal 0 0 1
    outer loop
      vertex -18.927050983124843 10.103169548885461 20
      vertex 19.36197149921864 9.923019572565103 20
      vertex -18.700336091567717 10.167109761193029 20
    endloop
  endfacet
  facet normal 0 0 1
    outer loop
      vertex -18.700336091567717 10.167109761193029 20
      vertex 19.36197149921864 9.923019572565103 20
      vertex -18.469303395120694 10.213065021785413 20
    endloop
  endfacet
  facet normal 0 0 1
    outer loop
      vertex -18.469303395120694 10.213065021785413 20
      vertex 19.36197149921864 9.923019572565103 20
      vertex -18.235377287183535 10.240752001199384 20
    endloop
  endfacet
  facet normal 0 0 1
    outer loop
      vertex -18.235377287183535 10.240752001199384 20
      vertex 19.36197149921864 9.923019572565103 20
      vertex -18 10.25 20
    endloop
  endfacet
  facet normal 0 0 1
    outer loop
      vertex -11.7 6.45 20
      vertex 11.7 6.45 20
      vertex -15.518467489107293 6.484651697560347 20
    endloop
  endfacet
  facet normal 0 0 1
    outer loop
      vertex 19.36197149921864 9.923019572565103 20
      vertex -16.216252152926078 7.528960246531138 20
      vertex -16.11832212156129 7.463525491562422 20
    endloop
  endfacet
  facet normal 0 0 1
    outer loop
      vertex 19.36197149921864 9.923019572565103 20
      vertex -16.025827927504725 7.390608948400047 20
      vertex -15.939339828220179 7.310660171779821 20
    endloop
  endfacet
  facet normal 0 0 1
    outer loop
      vertex 19.36197149921864 9.923019572565103 20
      vertex -16.11832212156129 7.463525491562422 20
      vertex -16.025827927504725 7.390608948400047 20
    endloop
  endfacet
  facet normal 0 0 1
    outer loop
      vertex 19.36197149921864 9.923019572565103 20
      vertex -17.117688643591766 7.745376000599692 20
      vertex -17 7.75 20
    endloop
  endfacet
  facet normal 0 0 1
    outer loop
      vertex 19.36197149921864 9.923019572565103 20
      vertex -17 7.75 20
      vertex -16.882311356408234 7.745376000599692 20
    endloop
  endfacet
  facet normal 0 0 1
    outer loop
      vertex 19.36197149921864 9.923019572565103 20
      vertex -16.882311356408234 7.745376000599692 20
      vertex -16.765348302439655 7.731532510892706 20
    endloop
  endfacet
  facet normal 0 0 1
    outer loop
      vertex 19.36197149921864 9.923019572565103 20
      vertex -16.765348302439655 7.731532510892706 20
      vertex -16.649831954216143 7.708554880596514 20
    endloop
  endfacet
  facet normal 0 0 1
    outer loop
      vertex 19.36197149921864 9.923019572565103 20
      vertex -16.649831954216143 7.708554880596514 20
      vertex -16.53647450843758 7.6765847744427305 20
    endloop
  endfacet
  facet normal 0 0 1
    outer loop
      vertex 19.36197149921864 9.923019572565103 20
      vertex -16.425974851452366 7.63581929876693 20
      vertex -16.31901425039068 7.5865097862825515 20
    endloop
  endfacet
  facet normal 0 0 1
    outer loop
      vertex 19.36197149921864 9.923019572565103 20
      vertex -16.53647450843758 7.6765847744427305 20
      vertex -16.425974851452366 7.63581929876693 20
    endloop
  endfacet
  facet normal 0 0 1
    outer loop
      vertex 19.36197149921864 9.923019572565103 20
      vertex -16.31901425039068 7.5865097862825515 20
      vertex -16.216252152926078 7.528960246531138 20
    endloop
  endfacet
  facet normal 0 0 -1
    outer loop
      vertex -18 -10.25 0
      vertex 11.7 -6.45 0
      vertex 18 -10.25 0
    endloop
  endfacet
  facet normal 0 -1 0
    outer loop
      vertex -18 -10.25 0
      vertex 18 -10.25 0
      vertex 18 -10.25 20
    endloop
  endfacet
  facet normal 0 0 -1
    outer loop
      vertex 11.7 -6.45 0
      vertex 15.721039753468862 -7.033747847073923 0
      vertex 15.786474508437578 -7.13167787843871 0
    endloop
  endfacet
  facet normal 0 0 -1
    outer loop
      vertex 11.7 -6.45 0
      vertex 15.614180701233071 -6.824025148547634 0
      vertex 15.663490213717449 -6.93098574960932 0
    endloop
  endfacet
  facet normal 0 0 -1
    outer loop
      vertex 11.7 -6.45 0
      vertex 15.663490213717449 -6.93098574960932 0
      vertex 15.721039753468862 -7.033747847073923 0
    endloop
  endfacet
  facet normal 0 0 -1
    outer loop
      vertex 11.7 -6.45 0
      vertex 15.541445119403486 -6.6001680457838585 0
      vertex 15.57341522555727 -6.713525491562421 0
    endloop
  endfacet
  facet normal 0 0 -1
    outer loop
      vertex 11.7 -6.45 0
      vertex 15.57341522555727 -6.713525491562421 0
      vertex 15.614180701233071 -6.824025148547634 0
    endloop
  endfacet
  facet normal 0 0 -1
    outer loop
      vertex 11.7 -6.45 0
      vertex 15.518467489107293 -6.484651697560347 0
      vertex 15.541445119403486 -6.6001680457838585 0
    endloop
  endfacet
  facet normal 0 0 -1
    outer loop
      vertex 11.7 -6.45 0
      vertex 15.504623999400309 -6.367688643591768 0
      vertex 15.518467489107293 -6.484651697560347 0
    endloop
  endfacet
  facet normal 0 0 -1
    outer loop
      vertex 11.7 -6.45 0
      vertex 15.939339828220179 -7.310660171779821 0
      vertex 16.025827927504725 -7.390608948400047 0
    endloop
  endfacet
  facet normal 0 0 -1
    outer loop
      vertex 11.7 -6.45 0
      vertex 16.11832212156129 -7.463525491562422 0
      vertex 16.216252152926078 -7.528960246531138 0
    endloop
  endfacet
  facet normal 0 0 -1
    outer loop
      vertex 16.31901425039068 -7.5865097862825515 0
      vertex 11.7 -6.45 0
      vertex 16.216252152926078 -7.528960246531138 0
    endloop
  endfacet
  facet normal 0 0 -1
    outer loop
      vertex 11.7 -6.45 0
      vertex 16.025827927504725 -7.390608948400047 0
      vertex 16.11832212156129 -7.463525491562422 0
    endloop
  endfacet
  facet normal 0 0 -1
    outer loop
      vertex 11.7 -6.45 0
      vertex 16.31901425039068 -7.5865097862825515 0
      vertex 16.425974851452366 -7.63581929876693 0
    endloop
  endfacet
  facet normal 0 0 -1
    outer loop
      vertex 11.7 -6.45 0
      vertex 15.859391051599953 -7.224172072495276 0
      vertex 15.939339828220179 -7.310660171779821 0
    endloop
  endfacet
  facet normal 0 0 -1
    outer loop
      vertex 11.7 -6.45 0
      vertex 15.786474508437578 -7.13167787843871 0
      vertex 15.859391051599953 -7.224172072495276 0
    endloop
  endfacet
  facet normal 0 0 -1
    outer loop
      vertex 11.7 -6.45 0
      vertex 15.5 -6.25 0
      vertex 15.504623999400309 -6.367688643591768 0
    endloop
  endfacet
  facet normal 0 0 -1
    outer loop
      vertex 11.7 -6.45 0
      vertex 15.504623999400309 -6.132311356408232 0
      vertex 15.5 -6.25 0
    endloop
  endfacet
  facet normal 0 0 -1
    outer loop
      vertex 11.7 -6.45 0
      vertex 15.518467489107293 -6.015348302439653 0
      vertex 15.504623999400309 -6.132311356408232 0
    endloop
  endfacet
  facet normal 0 0 -1
    outer loop
      vertex 11.7 -6.45 0
      vertex 15.541445119403486 -5.8998319542161415 0
      vertex 15.518467489107293 -6.015348302439653 0
    endloop
  endfacet
  facet normal 0 0 -1
    outer loop
      vertex 11.7 -6.45 0
      vertex 15.57341522555727 -5.786474508437579 0
      vertex 15.541445119403486 -5.8998319542161415 0
    endloop
  endfacet
  facet normal 0 0 -1
    outer loop
      vertex 15.57341522555727 -5.786474508437579 0
      vertex 11.7 -6.45 0
      vertex 15.614180701233071 -5.675974851452366 0
    endloop
  endfacet
  facet normal 0 0 -1
    outer loop
      vertex 11.7 -6.45 0
      vertex 15.663490213717449 -5.56901425039068 0
      vertex 15.614180701233071 -5.675974851452366 0
    endloop
  endfacet
  facet normal 0 0 -1
    outer loop
      vertex 15.663490213717449 -5.56901425039068 0
      vertex 11.7 -6.45 0
      vertex 15.721039753468862 -5.466252152926077 0
    endloop
  endfacet
  facet normal 0 0 -1
    outer loop
      vertex 11.7 -6.45 0
      vertex 15.786474508437578 -5.36832212156129 0
      vertex 15.721039753468862 -5.466252152926077 0
    endloop
  endfacet
  facet normal 0 0 -1
    outer loop
      vertex 11.7 -6.45 0
      vertex 15.859391051599953 -5.275827927504724 0
      vertex 15.786474508437578 -5.36832212156129 0
    endloop
  endfacet
  facet normal 0 0 -1
    outer loop
      vertex 11.7 -6.45 0
      vertex 15.939339828220179 -5.189339828220179 0
      vertex 15.859391051599953 -5.275827927504724 0
    endloop
  endfacet
  facet normal 0 0 -1
    outer loop
      vertex 18 -10.25 0
      vertex 11.7 -6.45 0
      vertex 18.235377287183535 -10.240752001199384 0
    endloop
  endfacet
  facet normal 0 0 -1
    outer loop
      vertex 18.235377287183535 -10.240752001199384 0
      vertex 11.7 -6.45 0
      vertex 18.469303395120694 -10.213065021785413 0
    endloop
  endfacet
  facet normal 0 0 -1
    outer loop
      vertex 18.469303395120694 -10.213065021785413 0
      vertex 11.7 -6.45 0
      vertex 18.700336091567717 -10.167109761193029 0
    endloop
  endfacet
  facet normal 0 0 -1
    outer loop
      vertex 18.700336091567717 -10.167109761193029 0
      vertex 11.7 -6.45 0
      vertex 18.927050983124843 -10.103169548885461 0
    endloop
  endfacet
  facet normal 0 0 -1
    outer loop
      vertex 18.927050983124843 -10.103169548885461 0
      vertex 11.7 -6.45 0
      vertex 19.14805029709527 -10.02163859753386 0
    endloop
  endfacet
  facet normal 0 0 -1
    outer loop
      vertex 19.14805029709527 -10.02163859753386 0
      vertex 11.7 -6.45 0
      vertex 19.36197149921864 -9.923019572565103 0
    endloop
  endfacet
  facet normal 0 0 -1
    outer loop
      vertex 19.36197149921864 -9.923019572565103 0
      vertex 11.7 -6.45 0
      vertex 19.567495694147848 -9.807920493062277 0
    endloop
  endfacet
  facet normal 0 0 -1
    outer loop
      vertex 19.567495694147848 -9.807920493062277 0
      vertex 11.7 -6.45 0
      vertex 19.76335575687742 -9.677050983124843 0
    endloop
  endfacet
  facet normal 0 0 -1
    outer loop
      vertex 19.94834414499055 -9.531217896800094 0
      vertex 11.7 -6.45 0
      vertex 16.425974851452366 -7.63581929876693 0
    endloop
  endfacet
  facet normal 0 0 -1
    outer loop
      vertex 19.76335575687742 -9.677050983124843 0
      vertex 11.7 -6.45 0
      vertex 19.94834414499055 -9.531217896800094 0
    endloop
  endfacet
  facet normal 0 0 -1
    outer loop
      vertex 19.94834414499055 -9.531217896800094 0
      vertex 16.425974851452366 -7.63581929876693 0
      vertex 16.53647450843758 -7.6765847744427305 0
    endloop
  endfacet
  facet normal 0 0 -1
    outer loop
      vertex 20.121320343559642 -9.371320343559642 0
      vertex 16.53647450843758 -7.6765847744427305 0
      vertex 16.649831954216143 -7.708554880596514 0
    endloop
  endfacet
  facet normal 0 0 -1
    outer loop
      vertex 20.121320343559642 -9.371320343559642 0
      vertex 16.649831954216143 -7.708554880596514 0
      vertex 16.765348302439655 -7.731532510892706 0
    endloop
  endfacet
  facet normal 0 0 -1
    outer loop
      vertex 20.121320343559642 -9.371320343559642 0
      vertex 16.765348302439655 -7.731532510892706 0
      vertex 16.882311356408234 -7.745376000599692 0
    endloop
  endfacet
  facet normal 0 0 -1
    outer loop
      vertex 20.121320343559642 -9.371320343559642 0
      vertex 16.882311356408234 -7.745376000599692 0
      vertex 17 -7.75 0
    endloop
  endfacet
  facet normal 0 0 -1
    outer loop
      vertex 20.121320343559642 -9.371320343559642 0
      vertex 17 -7.75 0
      vertex 17.117688643591766 -7.745376000599692 0
    endloop
  endfacet
  facet normal 0 0 -1
    outer loop
      vertex 20.121320343559642 -9.371320343559642 0
      vertex 17.117688643591766 -7.745376000599692 0
      vertex 17.234651697560345 -7.731532510892706 0
    endloop
  endfacet
  facet normal 0 0 -1
    outer loop
      vertex 20.281217896800094 -9.198344144990552 0
      vertex 17.234651697560345 -7.731532510892706 0
      vertex 17.350168045783857 -7.708554880596514 0
    endloop
  endfacet
  facet normal 0 0 -1
    outer loop
      vertex 20.281217896800094 -9.198344144990552 0
      vertex 17.350168045783857 -7.708554880596514 0
      vertex 17.46352549156242 -7.6765847744427305 0
    endloop
  endfacet
  facet normal 0 0 -1
    outer loop
      vertex 19.94834414499055 -9.531217896800094 0
      vertex 16.53647450843758 -7.6765847744427305 0
      vertex 20.121320343559642 -9.371320343559642 0
    endloop
  endfacet
  facet normal 0 0 -1
    outer loop
      vertex 20.121320343559642 -9.371320343559642 0
      vertex 17.234651697560345 -7.731532510892706 0
      vertex 20.281217896800094 -9.198344144990552 0
    endloop
  endfacet
  facet normal 0 0 -1
    outer loop
      vertex 20.281217896800094 -9.198344144990552 0
      vertex 17.574025148547634 -7.63581929876693 0
      vertex 20.427050983124843 -9.01335575687742 0
    endloop
  endfacet
  facet normal 0 0 -1
    outer loop
      vertex 20.427050983124843 -9.01335575687742 0
      vertex 17.783747847073922 -7.528960246531138 0
      vertex 20.557920493062277 -8.817495694147846 0
    endloop
  endfacet
  facet normal 0 0 -1
    outer loop
      vertex 20.281217896800094 -9.198344144990552 0
      vertex 17.46352549156242 -7.6765847744427305 0
      vertex 17.574025148547634 -7.63581929876693 0
    endloop
  endfacet
  facet normal 0 0 -1
    outer loop
      vertex 20.427050983124843 -9.01335575687742 0
      vertex 17.574025148547634 -7.63581929876693 0
      vertex 17.68098574960932 -7.5865097862825515 0
    endloop
  endfacet
  facet normal 0 0 -1
    outer loop
      vertex 20.427050983124843 -9.01335575687742 0
      vertex 17.68098574960932 -7.5865097862825515 0
      vertex 17.783747847073922 -7.528960246531138 0
    endloop
  endfacet
  facet normal 0 0 -1
    outer loop
      vertex 20.557920493062277 -8.817495694147846 0
      vertex 17.783747847073922 -7.528960246531138 0
      vertex 17.88167787843871 -7.463525491562422 0
    endloop
  endfacet
  facet normal 0 0 -1
    outer loop
      vertex 20.557920493062277 -8.817495694147846 0
      vertex 17.88167787843871 -7.463525491562422 0
      vertex 17.974172072495275 -7.390608948400047 0
    endloop
  endfacet
  facet normal 0 0 -1
    outer loop
      vertex 20.673019572565103 -8.61197149921864 0
      vertex 17.974172072495275 -7.390608948400047 0
      vertex 18.060660171779823 -7.310660171779821 0
    endloop
  endfacet
  facet normal 0 0 -1
    outer loop
      vertex 20.673019572565103 -8.61197149921864 0
      vertex 18.060660171779823 -7.310660171779821 0
      vertex 18.140608948400047 -7.224172072495276 0
    endloop
  endfacet
  facet normal 0 0 -1
    outer loop
      vertex 20.557920493062277 -8.817495694147846 0
      vertex 17.974172072495275 -7.390608948400047 0
      vertex 20.673019572565103 -8.61197149921864 0
    endloop
  endfacet
  facet normal 0 0 -1
    outer loop
      vertex 20.673019572565103 -8.61197149921864 0
      vertex 18.140608948400047 -7.224172072495276 0
      vertex 20.771638597533858 -8.398050297095269 0
    endloop
  endfacet
  facet normal 0 0 -1
    outer loop
      vertex 20.771638597533858 -8.398050297095269 0
      vertex 18.27896024653114 -7.033747847073923 0
      vertex 20.85316954888546 -8.177050983124841 0
    endloop
  endfacet
  facet normal 0 0 -1
    outer loop
      vertex 20.85316954888546 -8.177050983124841 0
      vertex 18.27896024653114 -7.033747847073923 0
      vertex 20.91710976119303 -7.950336091567716 0
    endloop
  endfacet
  facet normal 0 0 -1
    outer loop
      vertex 20.771638597533858 -8.398050297095269 0
      vertex 18.140608948400047 -7.224172072495276 0
      vertex 18.21352549156242 -7.13167787843871 0
    endloop
  endfacet
  facet normal 0 0 -1
    outer loop
      vertex 20.771638597533858 -8.398050297095269 0
      vertex 18.21352549156242 -7.13167787843871 0
      vertex 18.27896024653114 -7.033747847073923 0
    endloop
  endfacet
  facet normal 0 0 -1
    outer loop
      vertex 20.91710976119303 -7.950336091567716 0
      vertex 18.27896024653114 -7.033747847073923 0
      vertex 18.33650978628255 -6.93098574960932 0
    endloop
  endfacet
  facet normal 0 0 -1
    outer loop
      vertex 20.91710976119303 -7.950336091567716 0
      vertex 18.33650978628255 -6.93098574960932 0
      vertex 18.38581929876693 -6.824025148547634 0
    endloop
  endfacet
  facet normal 0 0 -1
    outer loop
      vertex 20.963065021785415 -7.719303395120693 0
      vertex 18.38581929876693 -6.824025148547634 0
      vertex 18.42658477444273 -6.713525491562421 0
    endloop
  endfacet
  facet normal 0 0 -1
    outer loop
      vertex 20.963065021785415 -7.719303395120693 0
      vertex 18.42658477444273 -6.713525491562421 0
      vertex 18.458554880596516 -6.6001680457838585 0
    endloop
  endfacet
  facet normal 0 0 -1
    outer loop
      vertex 20.990752001199382 -7.4853772871835345 0
      vertex 18.458554880596516 -6.6001680457838585 0
      vertex 18.481532510892706 -6.484651697560347 0
    endloop
  endfacet
  facet normal 0 0 -1
    outer loop
      vertex 20.990752001199382 -7.4853772871835345 0
      vertex 18.481532510892706 -6.484651697560347 0
      vertex 18.49537600059969 -6.367688643591768 0
    endloop
  endfacet
  facet normal 0 0 -1
    outer loop
      vertex 21 -7.25 0
      vertex 18.49537600059969 -6.367688643591768 0
      vertex 18.5 -6.25 0
    endloop
  endfacet
  facet normal 0 0 -1
    outer loop
      vertex 21 -7.25 0
      vertex 18.5 -6.25 0
      vertex 18.49537600059969 -6.132311356408232 0
    endloop
  endfacet
  facet normal 0 0 -1
    outer loop
      vertex 20.91710976119303 -7.950336091567716 0
      vertex 18.38581929876693 -6.824025148547634 0
      vertex 20.963065021785415 -7.719303395120693 0
    endloop
  endfacet
  facet normal 0 0 -1
    outer loop
      vertex 20.963065021785415 -7.719303395120693 0
      vertex 18.458554880596516 -6.6001680457838585 0
      vertex 20.990752001199382 -7.4853772871835345 0
    endloop
  endfacet
  facet normal 0 0 -1
    outer loop
      vertex 20.990752001199382 -7.4853772871835345 0
      vertex 18.49537600059969 -6.367688643591768 0
      vertex 21 -7.25 0
    endloop
  endfacet
  facet normal 0.03925981575906727 -0.9992290362407231 0
    outer loop
      vertex 18 -10.25 0
      vertex 18.235377287183535 -10.240752001199384 0
      vertex 18 -10.25 20
    endloop
  endfacet
  facet normal 0.11753739745783999 -0.9930684569549261 0
    outer loop
      vertex 18.235377287183535 -10.240752001199384 0
      vertex 18.469303395120694 -10.213065021785413 0
      vertex 18.469303395120694 -10.213065021785413 20
    endloop
  endfacet
  facet normal 0.19509032201613216 -0.9807852804032297 0
    outer loop
      vertex 18.469303395120694 -10.213065021785413 0
      vertex 18.700336091567717 -10.167109761193029 0
      vertex 18.700336091567717 -10.167109761193029 20
    endloop
  endfacet
  facet normal 0.2714404498650684 -0.9624552364536489 0
    outer loop
      vertex 18.700336091567717 -10.167109761193029 0
      vertex 18.927050983124843 -10.103169548885461 0
      vertex 18.700336091567717 -10.167109761193029 20
    endloop
  endfacet
  facet normal 0.34611705707749435 -0.9381913359224837 0
    outer loop
      vertex 18.927050983124843 -10.103169548885461 0
      vertex 19.14805029709527 -10.02163859753386 0
      vertex 19.14805029709527 -10.02163859753386 20
    endloop
  endfacet
  facet normal 0.41865973753743174 -0.9081431738250796 0
    outer loop
      vertex 19.14805029709527 -10.02163859753386 0
      vertex 19.36197149921864 -9.923019572565103 0
      vertex 19.14805029709527 -10.02163859753386 20
    endloop
  endfacet
  facet normal 0.48862124149695096 -0.8724960070727994 0
    outer loop
      vertex 19.36197149921864 -9.923019572565103 0
      vertex 19.567495694147848 -9.807920493062277 0
      vertex 19.36197149921864 -9.923019572565103 20
    endloop
  endfacet
  facet normal 0.5555702330196 -0.8314696123025469 0
    outer loop
      vertex 19.567495694147848 -9.807920493062277 0
      vertex 19.76335575687742 -9.677050983124843 0
      vertex 19.567495694147848 -9.807920493062277 20
    endloop
  endfacet
  facet normal 0.6190939493098382 -0.7853169308807415 0
    outer loop
      vertex 19.76335575687742 -9.677050983124843 0
      vertex 19.94834414499055 -9.531217896800094 0
      vertex 19.94834414499055 -9.531217896800094 20
    endloop
  endfacet
  facet normal 0.678800745532944 -0.7343225094356836 0
    outer loop
      vertex 19.94834414499055 -9.531217896800094 0
      vertex 20.121320343559642 -9.371320343559642 0
      vertex 19.94834414499055 -9.531217896800094 20
    endloop
  endfacet
  facet normal 0.73432250943568 -0.6788007455329477 0
    outer loop
      vertex 20.121320343559642 -9.371320343559642 0
      vertex 20.281217896800094 -9.198344144990552 0
      vertex 20.281217896800094 -9.198344144990552 20
    endloop
  endfacet
  facet normal 0.7853169308807445 -0.6190939493098346 0
    outer loop
      vertex 20.281217896800094 -9.198344144990552 0
      vertex 20.427050983124843 -9.01335575687742 0
      vertex 20.427050983124843 -9.01335575687742 20
    endloop
  endfacet
  facet normal 0.8314696123025492 -0.5555702330195964 0
    outer loop
      vertex 20.427050983124843 -9.01335575687742 0
      vertex 20.557920493062277 -8.817495694147846 0
      vertex 20.427050983124843 -9.01335575687742 20
    endloop
  endfacet
  facet normal 0.8724960070727976 -0.4886212414969542 0
    outer loop
      vertex 20.557920493062277 -8.817495694147846 0
      vertex 20.673019572565103 -8.61197149921864 0
      vertex 20.673019572565103 -8.61197149921864 20
    endloop
  endfacet
  facet normal 0.9081431738250838 -0.4186597375374227 0
    outer loop
      vertex 20.673019572565103 -8.61197149921864 0
      vertex 20.771638597533858 -8.398050297095269 0
      vertex 20.771638597533858 -8.398050297095269 20
    endloop
  endfacet
  facet normal 0.9381913359224813 -0.34611705707750096 0
    outer loop
      vertex 20.771638597533858 -8.398050297095269 0
      vertex 20.85316954888546 -8.177050983124841 0
      vertex 20.771638597533858 -8.398050297095269 20
    endloop
  endfacet
  facet normal 0.9624552364536487 -0.2714404498650693 0
    outer loop
      vertex 20.85316954888546 -8.177050983124841 0
      vertex 20.91710976119303 -7.950336091567716 0
      vertex 20.85316954888546 -8.177050983124841 20
    endloop
  endfacet
  facet normal 0.9807852804032283 -0.19509032201613946 0
    outer loop
      vertex 20.91710976119303 -7.950336091567716 0
      vertex 20.963065021785415 -7.719303395120693 0
      vertex 20.963065021785415 -7.719303395120693 20
    endloop
  endfacet
  facet normal 0.9930684569549277 -0.11753739745782511 0
    outer loop
      vertex 20.963065021785415 -7.719303395120693 0
      vertex 20.990752001199382 -7.4853772871835345 0
      vertex 20.990752001199382 -7.4853772871835345 20
    endloop
  endfacet
  facet normal 0.9992290362407227 -0.039259815759074945 0
    outer loop
      vertex 20.990752001199382 -7.4853772871835345 0
      vertex 21 -7.25 0
      vertex 20.990752001199382 -7.4853772871835345 20
    endloop
  endfacet
  facet normal 0 0 -1
    outer loop
      vertex 11.7 -6.45 0
      vertex 13.292893218813452 -0.7071067811865476 0
      vertex 13.350551951669816 -0.7604059656000309 0
    endloop
  endfacet
  facet normal 0 0 -1
    outer loop
      vertex 11.7 -6.45 0
      vertex 13.23959403439997 -0.6494480483301837 0
      vertex 13.292893218813452 -0.7071067811865476 0
    endloop
  endfacet
  facet normal 0 0 -1
    outer loop
      vertex 11.7 -6.45 0
      vertex 13.47750143528405 -0.8526401643540922 0
      vertex 13.546009500260453 -0.8910065241883679 0
    endloop
  endfacet
  facet normal 0 0 -1
    outer loop
      vertex 11.7 -6.45 0
      vertex 13.546009500260453 -0.8910065241883679 0
      vertex 13.61731656763491 -0.9238795325112867 0
    endloop
  endfacet
  facet normal 0 0 -1
    outer loop
      vertex 11.7 -6.45 0
      vertex 13.412214747707527 -0.8090169943749475 0
      vertex 13.47750143528405 -0.8526401643540922 0
    endloop
  endfacet
  facet normal 0 0 -1
    outer loop
      vertex 11.7 -6.45 0
      vertex 13.350551951669816 -0.7604059656000309 0
      vertex 13.412214747707527 -0.8090169943749475 0
    endloop
  endfacet
  facet normal 0 0 -1
    outer loop
      vertex 11.7 -6.45 0
      vertex 13.61731656763491 -0.9238795325112867 0
      vertex 15.939339828220179 -5.189339828220179 0
    endloop
  endfacet
  facet normal 0 0 -1
    outer loop
      vertex 15.939339828220179 -5.189339828220179 0
      vertex 14.078459095727846 -0.996917333733128 0
      vertex 16.025827927504725 -5.109391051599953 0
    endloop
  endfacet
  facet normal 0 0 -1
    outer loop
      vertex 16.025827927504725 -5.109391051599953 0
      vertex 14.233445363855905 -0.9723699203976766 0
      vertex 16.11832212156129 -5.036474508437578 0
    endloop
  endfacet
  facet normal 0 0 -1
    outer loop
      vertex 16.11832212156129 -5.036474508437578 0
      vertex 14.309016994374947 -0.9510565162951535 0
      vertex 16.216252152926078 -4.971039753468862 0
    endloop
  endfacet
  facet normal 0 0 -1
    outer loop
      vertex 16.216252152926078 -4.971039753468862 0
      vertex 14.38268343236509 -0.9238795325112867 0
      vertex 16.31901425039068 -4.9134902137174485 0
    endloop
  endfacet
  facet normal 0 0 -1
    outer loop
      vertex 16.31901425039068 -4.9134902137174485 0
      vertex 14.453990499739547 -0.8910065241883679 0
      vertex 16.425974851452366 -4.86418070123307 0
    endloop
  endfacet
  facet normal 0 0 -1
    outer loop
      vertex 11.7 -6.45 0
      vertex 13.076120467488714 -0.3826834323650898 0
      vertex 13.108993475811632 -0.45399049973954675 0
    endloop
  endfacet
  facet normal 0 0 -1
    outer loop
      vertex 11.7 -6.45 0
      vertex 13.190983005625053 -0.5877852522924731 0
      vertex 13.23959403439997 -0.6494480483301837 0
    endloop
  endfacet
  facet normal 0 0 -1
    outer loop
      vertex 11.7 -6.45 0
      vertex 13.147359835645908 -0.5224985647159488 0
      vertex 13.190983005625053 -0.5877852522924731 0
    endloop
  endfacet
  facet normal 0 0 -1
    outer loop
      vertex 11.7 -6.45 0
      vertex 13.108993475811632 -0.45399049973954675 0
      vertex 13.147359835645908 -0.5224985647159488 0
    endloop
  endfacet
  facet normal 0 0 -1
    outer loop
      vertex 11.7 -6.45 0
      vertex 13.048943483704846 -0.3090169943749474 0
      vertex 13.076120467488714 -0.3826834323650898 0
    endloop
  endfacet
  facet normal 0 0 -1
    outer loop
      vertex 13.048943483704846 -0.3090169943749474 0
      vertex 11.7 -6.45 0
      vertex 13.027630079602323 -0.2334453638559054 0
    endloop
  endfacet
  facet normal 0 0 -1
    outer loop
      vertex 13.027630079602323 -0.2334453638559054 0
      vertex 11.7 -6.45 0
      vertex 13.012311659404862 -0.15643446504023087 0
    endloop
  endfacet
  facet normal 0 0 -1
    outer loop
      vertex 13.012311659404862 -0.15643446504023087 0
      vertex 11.7 -6.45 0
      vertex 13.003082666266872 -0.07845909572784494 0
    endloop
  endfacet
  facet normal 0 0 -1
    outer loop
      vertex 13.003082666266872 -0.07845909572784494 0
      vertex 11.7 -6.45 0
      vertex 13 0 0
    endloop
  endfacet
  facet normal 0 0 -1
    outer loop
      vertex 13 0 0
      vertex 11.7 -6.45 0
      vertex 13.003082666266872 0.07845909572784494 0
    endloop
  endfacet
  facet normal 0 0 -1
    outer loop
      vertex 15.939339828220179 -5.189339828220179 0
      vertex 13.61731656763491 -0.9238795325112867 0
      vertex 13.690983005625053 -0.9510565162951535 0
    endloop
  endfacet
  facet normal 0 0 -1
    outer loop
      vertex 15.939339828220179 -5.189339828220179 0
      vertex 13.690983005625053 -0.9510565162951535 0
      vertex 13.766554636144095 -0.9723699203976766 0
    endloop
  endfacet
  facet normal 0 0 -1
    outer loop
      vertex 15.939339828220179 -5.189339828220179 0
      vertex 13.766554636144095 -0.9723699203976766 0
      vertex 13.843565534959769 -0.9876883405951378 0
    endloop
  endfacet
  facet normal 0 0 -1
    outer loop
      vertex 15.939339828220179 -5.189339828220179 0
      vertex 13.843565534959769 -0.9876883405951378 0
      vertex 13.921540904272154 -0.996917333733128 0
    endloop
  endfacet
  facet normal 0 0 -1
    outer loop
      vertex 15.939339828220179 -5.189339828220179 0
      vertex 13.921540904272154 -0.996917333733128 0
      vertex 14 -1 0
    endloop
  endfacet
  facet normal 0 0 -1
    outer loop
      vertex 15.939339828220179 -5.189339828220179 0
      vertex 14 -1 0
      vertex 14.078459095727846 -0.996917333733128 0
    endloop
  endfacet
  facet normal 0 0 -1
    outer loop
      vertex 14.078459095727846 -0.996917333733128 0
      vertex 14.156434465040231 -0.9876883405951378 0
      vertex 16.025827927504725 -5.109391051599953 0
    endloop
  endfacet
  facet normal 0 0 -1
    outer loop
      vertex 16.025827927504725 -5.109391051599953 0
      vertex 14.156434465040231 -0.9876883405951378 0
      vertex 14.233445363855905 -0.9723699203976766 0
    endloop
  endfacet
  facet normal 0 0 -1
    outer loop
      vertex 16.11832212156129 -5.036474508437578 0
      vertex 14.233445363855905 -0.9723699203976766 0
      vertex 14.309016994374947 -0.9510565162951535 0
    endloop
  endfacet
  facet normal 0 0 -1
    outer loop
      vertex 14.309016994374947 -0.9510565162951535 0
      vertex 14.38268343236509 -0.9238795325112867 0
      vertex 16.216252152926078 -4.971039753468862 0
    endloop
  endfacet
  facet normal 0 0 -1
    outer loop
      vertex 14.38268343236509 -0.9238795325112867 0
      vertex 14.453990499739547 -0.8910065241883679 0
      vertex 16.31901425039068 -4.9134902137174485 0
    endloop
  endfacet
  facet normal 0 0 -1
    outer loop
      vertex 14.453990499739547 -0.8910065241883679 0
      vertex 14.52249856471595 -0.8526401643540922 0
      vertex 16.425974851452366 -4.86418070123307 0
    endloop
  endfacet
  facet normal 0 0 -1
    outer loop
      vertex 14.52249856471595 -0.8526401643540922 0
      vertex 14.587785252292473 -0.8090169943749475 0
      vertex 16.53647450843758 -4.8234152255572695 0
    endloop
  endfacet
  facet normal 0 0 -1
    outer loop
      vertex 14.587785252292473 -0.8090169943749475 0
      vertex 14.649448048330184 -0.7604059656000309 0
      vertex 16.649831954216143 -4.791445119403486 0
    endloop
  endfacet
  facet normal 0 0 -1
    outer loop
      vertex 16.649831954216143 -4.791445119403486 0
      vertex 14.649448048330184 -0.7604059656000309 0
      vertex 14.707106781186548 -0.7071067811865476 0
    endloop
  endfacet
  facet normal 0 0 -1
    outer loop
      vertex 16.765348302439655 -4.768467489107294 0
      vertex 14.707106781186548 -0.7071067811865476 0
      vertex 14.76040596560003 -0.6494480483301837 0
    endloop
  endfacet
  facet normal 0 0 -1
    outer loop
      vertex 14.809016994374947 -0.5877852522924731 0
      vertex 16.882311356408234 -4.754623999400308 0
      vertex 14.76040596560003 -0.6494480483301837 0
    endloop
  endfacet
  facet normal 0 0 -1
    outer loop
      vertex 14.852640164354092 -0.5224985647159488 0
      vertex 17 -4.75 0
      vertex 14.809016994374947 -0.5877852522924731 0
    endloop
  endfacet
  facet normal 0 0 -1
    outer loop
      vertex 14.891006524188368 -0.45399049973954675 0
      vertex 17.117688643591766 -4.754623999400308 0
      vertex 14.852640164354092 -0.5224985647159488 0
    endloop
  endfacet
  facet normal 0 0 -1
    outer loop
      vertex 14.923879532511286 -0.3826834323650898 0
      vertex 17.234651697560345 -4.768467489107294 0
      vertex 14.891006524188368 -0.45399049973954675 0
    endloop
  endfacet
  facet normal 0 0 -1
    outer loop
      vertex 14.951056516295154 -0.3090169943749474 0
      vertex 17.234651697560345 -4.768467489107294 0
      vertex 14.923879532511286 -0.3826834323650898 0
    endloop
  endfacet
  facet normal 0 0 -1
    outer loop
      vertex 16.425974851452366 -4.86418070123307 0
      vertex 14.52249856471595 -0.8526401643540922 0
      vertex 16.53647450843758 -4.8234152255572695 0
    endloop
  endfacet
  facet normal 0 0 -1
    outer loop
      vertex 16.53647450843758 -4.8234152255572695 0
      vertex 14.587785252292473 -0.8090169943749475 0
      vertex 16.649831954216143 -4.791445119403486 0
    endloop
  endfacet
  facet normal 0 0 -1
    outer loop
      vertex 16.649831954216143 -4.791445119403486 0
      vertex 14.707106781186548 -0.7071067811865476 0
      vertex 16.765348302439655 -4.768467489107294 0
    endloop
  endfacet
  facet normal 0 0 -1
    outer loop
      vertex 16.765348302439655 -4.768467489107294 0
      vertex 14.76040596560003 -0.6494480483301837 0
      vertex 16.882311356408234 -4.754623999400308 0
    endloop
  endfacet
  facet normal 0 0 -1
    outer loop
      vertex 16.882311356408234 -4.754623999400308 0
      vertex 14.809016994374947 -0.5877852522924731 0
      vertex 17 -4.75 0
    endloop
  endfacet
  facet normal 0 0 -1
    outer loop
      vertex 17 -4.75 0
      vertex 14.852640164354092 -0.5224985647159488 0
      vertex 17.117688643591766 -4.754623999400308 0
    endloop
  endfacet
  facet normal 0 0 -1
    outer loop
      vertex 17.117688643591766 -4.754623999400308 0
      vertex 14.891006524188368 -0.45399049973954675 0
      vertex 17.234651697560345 -4.768467489107294 0
    endloop
  endfacet
  facet normal 0 0 -1
    outer loop
      vertex 21 7.25 0
      vertex 18.49537600059969 -6.132311356408232 0
      vertex 18.481532510892706 -6.015348302439653 0
    endloop
  endfacet
  facet normal 0 0 -1
    outer loop
      vertex 21 7.25 0
      vertex 18.481532510892706 -6.015348302439653 0
      vertex 18.458554880596516 -5.8998319542161415 0
    endloop
  endfacet
  facet normal 0 0 -1
    outer loop
      vertex 21 7.25 0
      vertex 18.458554880596516 -5.8998319542161415 0
      vertex 18.42658477444273 -5.786474508437579 0
    endloop
  endfacet
  facet normal 0 0 -1
    outer loop
      vertex 21 7.25 0
      vertex 18.42658477444273 -5.786474508437579 0
      vertex 18.38581929876693 -5.675974851452366 0
    endloop
  endfacet
  facet normal 0 0 -1
    outer loop
      vertex 21 7.25 0
      vertex 18.38581929876693 -5.675974851452366 0
      vertex 18.33650978628255 -5.56901425039068 0
    endloop
  endfacet
  facet normal 0 0 -1
    outer loop
      vertex 21 -7.25 0
      vertex 18.49537600059969 -6.132311356408232 0
      vertex 21 7.25 0
    endloop
  endfacet
  facet normal 0 0 -1
    outer loop
      vertex 21 7.25 0
      vertex 18.060660171779823 -5.189339828220179 0
      vertex 17.974172072495275 -5.109391051599953 0
    endloop
  endfacet
  facet normal 0 0 -1
    outer loop
      vertex 21 7.25 0
      vertex 17.974172072495275 -5.109391051599953 0
      vertex 17.88167787843871 -5.036474508437578 0
    endloop
  endfacet
  facet normal 0 0 -1
    outer loop
      vertex 21 7.25 0
      vertex 17.574025148547634 -4.86418070123307 0
      vertex 17.46352549156242 -4.8234152255572695 0
    endloop
  endfacet
  facet normal 0 0 -1
    outer loop
      vertex 21 7.25 0
      vertex 17.350168045783857 -4.791445119403486 0
      vertex 17.234651697560345 -4.768467489107294 0
    endloop
  endfacet
  facet normal 0 0 -1
    outer loop
      vertex 21 7.25 0
      vertex 17.46352549156242 -4.8234152255572695 0
      vertex 17.350168045783857 -4.791445119403486 0
    endloop
  endfacet
  facet normal 0 0 -1
    outer loop
      vertex 21 7.25 0
      vertex 17.68098574960932 -4.9134902137174485 0
      vertex 17.574025148547634 -4.86418070123307 0
    endloop
  endfacet
  facet normal 0 0 -1
    outer loop
      vertex 21 7.25 0
      vertex 17.783747847073922 -4.971039753468862 0
      vertex 17.68098574960932 -4.9134902137174485 0
    endloop
  endfacet
  facet normal 0 0 -1
    outer loop
      vertex 21 7.25 0
      vertex 17.88167787843871 -5.036474508437578 0
      vertex 17.783747847073922 -4.971039753468862 0
    endloop
  endfacet
  facet normal 0 0 -1
    outer loop
      vertex 21 7.25 0
      vertex 18.27896024653114 -5.466252152926077 0
      vertex 18.21352549156242 -5.36832212156129 0
    endloop
  endfacet
  facet normal 0 0 -1
    outer loop
      vertex 21 7.25 0
      vertex 18.21352549156242 -5.36832212156129 0
      vertex 18.140608948400047 -5.275827927504724 0
    endloop
  endfacet
  facet normal 0 0 -1
    outer loop
      vertex 21 7.25 0
      vertex 18.33650978628255 -5.56901425039068 0
      vertex 18.27896024653114 -5.466252152926077 0
    endloop
  endfacet
  facet normal 0 0 -1
    outer loop
      vertex 21 7.25 0
      vertex 18.140608948400047 -5.275827927504724 0
      vertex 18.060660171779823 -5.189339828220179 0
    endloop
  endfacet
  facet normal 1 0 0
    outer loop
      vertex 21 -7.25 0
      vertex 21 7.25 0
      vertex 21 -7.25 20
    endloop
  endfacet
  facet normal 0 0 1
    outer loop
      vertex -18 -10.25 20
      vertex 16.425974851452366 -7.63581929876693 20
      vertex 16.31901425039068 -7.5865097862825515 20
    endloop
  endfacet
  facet normal 0 0 1
    outer loop
      vertex -18 -10.25 20
      vertex 16.11832212156129 -7.463525491562422 20
      vertex 16.025827927504725 -7.390608948400047 20
    endloop
  endfacet
  facet normal 0 0 1
    outer loop
      vertex -18 -10.25 20
      vertex 16.216252152926078 -7.528960246531138 20
      vertex 16.11832212156129 -7.463525491562422 20
    endloop
  endfacet
  facet normal 0 0 1
    outer loop
      vertex -18 -10.25 20
      vertex 16.31901425039068 -7.5865097862825515 20
      vertex 16.216252152926078 -7.528960246531138 20
    endloop
  endfacet
  facet normal 0 0 1
    outer loop
      vertex -18 -10.25 20
      vertex 16.53647450843758 -7.6765847744427305 20
      vertex 16.425974851452366 -7.63581929876693 20
    endloop
  endfacet
  facet normal 0 0 1
    outer loop
      vertex -18 -10.25 20
      vertex 16.649831954216143 -7.708554880596514 20
      vertex 16.53647450843758 -7.6765847744427305 20
    endloop
  endfacet
  facet normal 0 0 1
    outer loop
      vertex -18 -10.25 20
      vertex 15.859391051599953 -7.224172072495276 20
      vertex 15.786474508437578 -7.13167787843871 20
    endloop
  endfacet
  facet normal 0 0 1
    outer loop
      vertex -18 -10.25 20
      vertex 15.786474508437578 -7.13167787843871 20
      vertex 15.721039753468862 -7.033747847073923 20
    endloop
  endfacet
  facet normal 0 0 1
    outer loop
      vertex -18 -10.25 20
      vertex 15.721039753468862 -7.033747847073923 20
      vertex 15.663490213717449 -6.93098574960932 20
    endloop
  endfacet
  facet normal 0 0 1
    outer loop
      vertex -18 -10.25 20
      vertex 15.663490213717449 -6.93098574960932 20
      vertex 15.614180701233071 -6.824025148547634 20
    endloop
  endfacet
  facet normal 0 0 1
    outer loop
      vertex -18 -10.25 20
      vertex 15.614180701233071 -6.824025148547634 20
      vertex 15.57341522555727 -6.713525491562421 20
    endloop
  endfacet
  facet normal 0 0 1
    outer loop
      vertex -18 -10.25 20
      vertex 15.57341522555727 -6.713525491562421 20
      vertex 15.541445119403486 -6.6001680457838585 20
    endloop
  endfacet
  facet normal 0 0 1
    outer loop
      vertex -18 -10.25 20
      vertex 15.541445119403486 -6.6001680457838585 20
      vertex 15.518467489107293 -6.484651697560347 20
    endloop
  endfacet
  facet normal 0 0 1
    outer loop
      vertex -18 -10.25 20
      vertex 15.518467489107293 -6.484651697560347 20
      vertex 15.504623999400309 -6.367688643591768 20
    endloop
  endfacet
  facet normal 0 0 1
    outer loop
      vertex -18 -10.25 20
      vertex 16.025827927504725 -7.390608948400047 20
      vertex 15.939339828220179 -7.310660171779821 20
    endloop
  endfacet
  facet normal 0 0 1
    outer loop
      vertex -18 -10.25 20
      vertex 15.939339828220179 -7.310660171779821 20
      vertex 15.859391051599953 -7.224172072495276 20
    endloop
  endfacet
  facet normal 0 0 1
    outer loop
      vertex -18 -10.25 20
      vertex 15.518467489107293 -6.015348302439653 20
      vertex 11.7 -6.45 20
    endloop
  endfacet
  facet normal 0 0 1
    outer loop
      vertex -18 -10.25 20
      vertex 15.504623999400309 -6.367688643591768 20
      vertex 15.5 -6.25 20
    endloop
  endfacet
  facet normal 0 0 1
    outer loop
      vertex -18 -10.25 20
      vertex 15.5 -6.25 20
      vertex 15.504623999400309 -6.132311356408232 20
    endloop
  endfacet
  facet normal 0 0 1
    outer loop
      vertex -18 -10.25 20
      vertex 15.504623999400309 -6.132311356408232 20
      vertex 15.518467489107293 -6.015348302439653 20
    endloop
  endfacet
  facet normal 0 0 1
    outer loop
      vertex -18 -10.25 20
      vertex 18 -10.25 20
      vertex 16.649831954216143 -7.708554880596514 20
    endloop
  endfacet
  facet normal 0.03925981575906727 -0.9992290362407231 0
    outer loop
      vertex 18.235377287183535 -10.240752001199384 0
      vertex 18.235377287183535 -10.240752001199384 20
      vertex 18 -10.25 20
    endloop
  endfacet
  facet normal 0.11753739745783999 -0.9930684569549261 0
    outer loop
      vertex 18.235377287183535 -10.240752001199384 0
      vertex 18.469303395120694 -10.213065021785413 20
      vertex 18.235377287183535 -10.240752001199384 20
    endloop
  endfacet
  facet normal 0.19509032201613216 -0.9807852804032297 0
    outer loop
      vertex 18.469303395120694 -10.213065021785413 0
      vertex 18.700336091567717 -10.167109761193029 20
      vertex 18.469303395120694 -10.213065021785413 20
    endloop
  endfacet
  facet normal 0.2714404498650684 -0.9624552364536489 0
    outer loop
      vertex 18.927050983124843 -10.103169548885461 0
      vertex 18.927050983124843 -10.103169548885461 20
      vertex 18.700336091567717 -10.167109761193029 20
    endloop
  endfacet
  facet normal 0.34611705707749435 -0.9381913359224837 0
    outer loop
      vertex 18.927050983124843 -10.103169548885461 0
      vertex 19.14805029709527 -10.02163859753386 20
      vertex 18.927050983124843 -10.103169548885461 20
    endloop
  endfacet
  facet normal 0.41865973753743174 -0.9081431738250796 0
    outer loop
      vertex 19.36197149921864 -9.923019572565103 0
      vertex 19.36197149921864 -9.923019572565103 20
      vertex 19.14805029709527 -10.02163859753386 20
    endloop
  endfacet
  facet normal 0.48862124149695096 -0.8724960070727994 0
    outer loop
      vertex 19.567495694147848 -9.807920493062277 0
      vertex 19.567495694147848 -9.807920493062277 20
      vertex 19.36197149921864 -9.923019572565103 20
    endloop
  endfacet
  facet normal 0.5555702330196 -0.8314696123025469 0
    outer loop
      vertex 19.76335575687742 -9.677050983124843 0
      vertex 19.76335575687742 -9.677050983124843 20
      vertex 19.567495694147848 -9.807920493062277 20
    endloop
  endfacet
  facet normal 0.6190939493098382 -0.7853169308807415 0
    outer loop
      vertex 19.76335575687742 -9.677050983124843 0
      vertex 19.94834414499055 -9.531217896800094 20
      vertex 19.76335575687742 -9.677050983124843 20
    endloop
  endfacet
  facet normal 0.678800745532944 -0.7343225094356836 0
    outer loop
      vertex 20.121320343559642 -9.371320343559642 0
      vertex 20.121320343559642 -9.371320343559642 20
      vertex 19.94834414499055 -9.531217896800094 20
    endloop
  endfacet
  facet normal 0.73432250943568 -0.6788007455329477 0
    outer loop
      vertex 20.121320343559642 -9.371320343559642 0
      vertex 20.281217896800094 -9.198344144990552 20
      vertex 20.121320343559642 -9.371320343559642 20
    endloop
  endfacet
  facet normal 0.7853169308807445 -0.6190939493098346 0
    outer loop
      vertex 20.281217896800094 -9.198344144990552 0
      vertex 20.427050983124843 -9.01335575687742 20
      vertex 20.281217896800094 -9.198344144990552 20
    endloop
  endfacet
  facet normal 0.8314696123025492 -0.5555702330195964 0
    outer loop
      vertex 20.557920493062277 -8.817495694147846 0
      vertex 20.557920493062277 -8.817495694147846 20
      vertex 20.427050983124843 -9.01335575687742 20
    endloop
  endfacet
  facet normal 0.8724960070727976 -0.4886212414969542 0
    outer loop
      vertex 20.557920493062277 -8.817495694147846 0
      vertex 20.673019572565103 -8.61197149921864 20
      vertex 20.557920493062277 -8.817495694147846 20
    endloop
  endfacet
  facet normal 0.9081431738250838 -0.4186597375374227 0
    outer loop
      vertex 20.673019572565103 -8.61197149921864 0
      vertex 20.771638597533858 -8.398050297095269 20
      vertex 20.673019572565103 -8.61197149921864 20
    endloop
  endfacet
  facet normal 0.9381913359224813 -0.34611705707750096 0
    outer loop
      vertex 20.85316954888546 -8.177050983124841 0
      vertex 20.85316954888546 -8.177050983124841 20
      vertex 20.771638597533858 -8.398050297095269 20
    endloop
  endfacet
  facet normal 0.9624552364536487 -0.2714404498650693 0
    outer loop
      vertex 20.91710976119303 -7.950336091567716 0
      vertex 20.91710976119303 -7.950336091567716 20
      vertex 20.85316954888546 -8.177050983124841 20
    endloop
  endfacet
  facet normal 0.9807852804032283 -0.19509032201613946 0
    outer loop
      vertex 20.91710976119303 -7.950336091567716 0
      vertex 20.963065021785415 -7.719303395120693 20
      vertex 20.91710976119303 -7.950336091567716 20
    endloop
  endfacet
  facet normal 0.9930684569549277 -0.11753739745782511 0
    outer loop
      vertex 20.963065021785415 -7.719303395120693 0
      vertex 20.990752001199382 -7.4853772871835345 20
      vertex 20.963065021785415 -7.719303395120693 20
    endloop
  endfacet
  facet normal 0.9992290362407227 -0.039259815759074945 0
    outer loop
      vertex 21 -7.25 0
      vertex 21 -7.25 20
      vertex 20.990752001199382 -7.4853772871835345 20
    endloop
  endfacet
  facet normal 0 0 1
    outer loop
      vertex 11.7 -6.45 20
      vertex 15.518467489107293 -6.015348302439653 20
      vertex 11.7 -5.418 20
    endloop
  endfacet
  facet normal 0 0 1
    outer loop
      vertex 18 -10.25 20
      vertex 18.235377287183535 -10.240752001199384 20
      vertex 18.140608948400047 -7.224172072495276 20
    endloop
  endfacet
  facet normal 0 0 1
    outer loop
      vertex 18 -10.25 20
      vertex 16.882311356408234 -7.745376000599692 20
      vertex 16.765348302439655 -7.731532510892706 20
    endloop
  endfacet
  facet normal 0 0 1
    outer loop
      vertex 18 -10.25 20
      vertex 16.765348302439655 -7.731532510892706 20
      vertex 16.649831954216143 -7.708554880596514 20
    endloop
  endfacet
  facet normal 0 0 1
    outer loop
      vertex 18 -10.25 20
      vertex 17 -7.75 20
      vertex 16.882311356408234 -7.745376000599692 20
    endloop
  endfacet
  facet normal 0 0 1
    outer loop
      vertex 18 -10.25 20
      vertex 17.117688643591766 -7.745376000599692 20
      vertex 17 -7.75 20
    endloop
  endfacet
  facet normal 0 0 1
    outer loop
      vertex 18 -10.25 20
      vertex 17.234651697560345 -7.731532510892706 20
      vertex 17.117688643591766 -7.745376000599692 20
    endloop
  endfacet
  facet normal 0 0 1
    outer loop
      vertex 18 -10.25 20
      vertex 17.350168045783857 -7.708554880596514 20
      vertex 17.234651697560345 -7.731532510892706 20
    endloop
  endfacet
  facet normal 0 0 1
    outer loop
      vertex 18 -10.25 20
      vertex 17.46352549156242 -7.6765847744427305 20
      vertex 17.350168045783857 -7.708554880596514 20
    endloop
  endfacet
  facet normal 0 0 1
    outer loop
      vertex 18 -10.25 20
      vertex 17.574025148547634 -7.63581929876693 20
      vertex 17.46352549156242 -7.6765847744427305 20
    endloop
  endfacet
  facet normal 0 0 1
    outer loop
      vertex 18 -10.25 20
      vertex 17.68098574960932 -7.5865097862825515 20
      vertex 17.574025148547634 -7.63581929876693 20
    endloop
  endfacet
  facet normal 0 0 1
    outer loop
      vertex 18 -10.25 20
      vertex 17.783747847073922 -7.528960246531138 20
      vertex 17.68098574960932 -7.5865097862825515 20
    endloop
  endfacet
  facet normal 0 0 1
    outer loop
      vertex 18 -10.25 20
      vertex 17.88167787843871 -7.463525491562422 20
      vertex 17.783747847073922 -7.528960246531138 20
    endloop
  endfacet
  facet normal 0 0 1
    outer loop
      vertex 18 -10.25 20
      vertex 17.974172072495275 -7.390608948400047 20
      vertex 17.88167787843871 -7.463525491562422 20
    endloop
  endfacet
  facet normal 0 0 1
    outer loop
      vertex 18 -10.25 20
      vertex 18.060660171779823 -7.310660171779821 20
      vertex 17.974172072495275 -7.390608948400047 20
    endloop
  endfacet
  facet normal 0 0 1
    outer loop
      vertex 18 -10.25 20
      vertex 18.140608948400047 -7.224172072495276 20
      vertex 18.060660171779823 -7.310660171779821 20
    endloop
  endfacet
  facet normal 0 0 1
    outer loop
      vertex 18.235377287183535 -10.240752001199384 20
      vertex 18.21352549156242 -7.13167787843871 20
      vertex 18.140608948400047 -7.224172072495276 20
    endloop
  endfacet
  facet normal 0 0 1
    outer loop
      vertex 18.235377287183535 -10.240752001199384 20
      vertex 18.27896024653114 -7.033747847073923 20
      vertex 18.21352549156242 -7.13167787843871 20
    endloop
  endfacet
  facet normal 0 0 1
    outer loop
      vertex 18.235377287183535 -10.240752001199384 20
      vertex 18.33650978628255 -6.93098574960932 20
      vertex 18.27896024653114 -7.033747847073923 20
    endloop
  endfacet
  facet normal 0 0 1
    outer loop
      vertex 18.235377287183535 -10.240752001199384 20
      vertex 18.38581929876693 -6.824025148547634 20
      vertex 18.33650978628255 -6.93098574960932 20
    endloop
  endfacet
  facet normal 0 0 1
    outer loop
      vertex 18.235377287183535 -10.240752001199384 20
      vertex 18.42658477444273 -6.713525491562421 20
      vertex 18.38581929876693 -6.824025148547634 20
    endloop
  endfacet
  facet normal 0 0 1
    outer loop
      vertex 18.235377287183535 -10.240752001199384 20
      vertex 18.469303395120694 -10.213065021785413 20
      vertex 18.42658477444273 -6.713525491562421 20
    endloop
  endfacet
  facet normal 0 0 1
    outer loop
      vertex 18.469303395120694 -10.213065021785413 20
      vertex 18.458554880596516 -6.6001680457838585 20
      vertex 18.42658477444273 -6.713525491562421 20
    endloop
  endfacet
  facet normal 0 0 1
    outer loop
      vertex 18.469303395120694 -10.213065021785413 20
      vertex 18.481532510892706 -6.484651697560347 20
      vertex 18.458554880596516 -6.6001680457838585 20
    endloop
  endfacet
  facet normal 0 0 1
    outer loop
      vertex 18.469303395120694 -10.213065021785413 20
      vertex 18.49537600059969 -6.367688643591768 20
      vertex 18.481532510892706 -6.484651697560347 20
    endloop
  endfacet
  facet normal 0 0 1
    outer loop
      vertex 15.518467489107293 -6.015348302439653 20
      vertex 13.23959403439997 -0.6494480483301837 20
      vertex 11.7 -5.418 20
    endloop
  endfacet
  facet normal 0 0 1
    outer loop
      vertex 13.412214747707527 -0.8090169943749475 20
      vertex 15.518467489107293 -6.015348302439653 20
      vertex 15.541445119403486 -5.8998319542161415 20
    endloop
  endfacet
  facet normal 0 0 1
    outer loop
      vertex 13.47750143528405 -0.8526401643540922 20
      vertex 15.541445119403486 -5.8998319542161415 20
      vertex 15.57341522555727 -5.786474508437579 20
    endloop
  endfacet
  facet normal 0 0 1
    outer loop
      vertex 13.546009500260453 -0.8910065241883679 20
      vertex 15.57341522555727 -5.786474508437579 20
      vertex 15.614180701233071 -5.675974851452366 20
    endloop
  endfacet
  facet normal 0 0 1
    outer loop
      vertex 13.61731656763491 -0.9238795325112867 20
      vertex 15.614180701233071 -5.675974851452366 20
      vertex 15.663490213717449 -5.56901425039068 20
    endloop
  endfacet
  facet normal 0 0 1
    outer loop
      vertex 13.766554636144095 -0.9723699203976766 20
      vertex 15.663490213717449 -5.56901425039068 20
      vertex 15.721039753468862 -5.466252152926077 20
    endloop
  endfacet
  facet normal 0 0 1
    outer loop
      vertex 13.843565534959769 -0.9876883405951378 20
      vertex 15.721039753468862 -5.466252152926077 20
      vertex 15.786474508437578 -5.36832212156129 20
    endloop
  endfacet
  facet normal 0 0 1
    outer loop
      vertex 13.921540904272154 -0.996917333733128 20
      vertex 15.786474508437578 -5.36832212156129 20
      vertex 15.859391051599953 -5.275827927504724 20
    endloop
  endfacet
  facet normal 0 0 1
    outer loop
      vertex 14 -1 20
      vertex 15.859391051599953 -5.275827927504724 20
      vertex 15.939339828220179 -5.189339828220179 20
    endloop
  endfacet
  facet normal 0 0 1
    outer loop
      vertex 14.078459095727846 -0.996917333733128 20
      vertex 15.939339828220179 -5.189339828220179 20
      vertex 16.025827927504725 -5.109391051599953 20
    endloop
  endfacet
  facet normal 0 0 1
    outer loop
      vertex 14.156434465040231 -0.9876883405951378 20
      vertex 16.025827927504725 -5.109391051599953 20
      vertex 16.11832212156129 -5.036474508437578 20
    endloop
  endfacet
  facet normal 0 0 1
    outer loop
      vertex 14.233445363855905 -0.9723699203976766 20
      vertex 16.11832212156129 -5.036474508437578 20
      vertex 16.216252152926078 -4.971039753468862 20
    endloop
  endfacet
  facet normal 0 0 1
    outer loop
      vertex 14.309016994374947 -0.9510565162951535 20
      vertex 16.216252152926078 -4.971039753468862 20
      vertex 16.31901425039068 -4.9134902137174485 20
    endloop
  endfacet
  facet normal 0 0 1
    outer loop
      vertex 14.453990499739547 -0.8910065241883679 20
      vertex 16.31901425039068 -4.9134902137174485 20
      vertex 16.425974851452366 -4.86418070123307 20
    endloop
  endfacet
  facet normal 0 0 1
    outer loop
      vertex 13.076120467488714 -0.3826834323650898 20
      vertex 11.7 -5.418 20
      vertex 13.108993475811632 -0.45399049973954675 20
    endloop
  endfacet
  facet normal 0 0 1
    outer loop
      vertex 13.190983005625053 -0.5877852522924731 20
      vertex 11.7 -5.418 20
      vertex 13.23959403439997 -0.6494480483301837 20
    endloop
  endfacet
  facet normal 0 0 1
    outer loop
      vertex 13.147359835645908 -0.5224985647159488 20
      vertex 11.7 -5.418 20
      vertex 13.190983005625053 -0.5877852522924731 20
    endloop
  endfacet
  facet normal 0 0 1
    outer loop
      vertex 13.108993475811632 -0.45399049973954675 20
      vertex 11.7 -5.418 20
      vertex 13.147359835645908 -0.5224985647159488 20
    endloop
  endfacet
  facet normal 0 0 1
    outer loop
      vertex 13.048943483704846 -0.3090169943749474 20
      vertex 11.7 -5.418 20
      vertex 13.076120467488714 -0.3826834323650898 20
    endloop
  endfacet
  facet normal 0 0 1
    outer loop
      vertex 13.027630079602323 -0.2334453638559054 20
      vertex 11.7 -5.418 20
      vertex 13.048943483704846 -0.3090169943749474 20
    endloop
  endfacet
  facet normal 0 0 1
    outer loop
      vertex 13.012311659404862 -0.15643446504023087 20
      vertex 11.7 -5.418 20
      vertex 13.027630079602323 -0.2334453638559054 20
    endloop
  endfacet
  facet normal 0 0 1
    outer loop
      vertex 13.003082666266872 -0.07845909572784494 20
      vertex 11.7 -5.418 20
      vertex 13.012311659404862 -0.15643446504023087 20
    endloop
  endfacet
  facet normal 0 0 1
    outer loop
      vertex 13 0 20
      vertex 11.7 -5.418 20
      vertex 13.003082666266872 -0.07845909572784494 20
    endloop
  endfacet
  facet normal 0 0 1
    outer loop
      vertex 13.003082666266872 0.07845909572784494 20
      vertex 11.7 -5.418 20
      vertex 13 0 20
    endloop
  endfacet
  facet normal 0 0 1
    outer loop
      vertex 13.012311659404862 0.15643446504023087 20
      vertex 11.7 -5.418 20
      vertex 13.003082666266872 0.07845909572784494 20
    endloop
  endfacet
  facet normal 0 0 1
    outer loop
      vertex 13.027630079602323 0.2334453638559054 20
      vertex 11.7 -5.418 20
      vertex 13.012311659404862 0.15643446504023087 20
    endloop
  endfacet
  facet normal 0 0 1
    outer loop
      vertex 13.412214747707527 -0.8090169943749475 20
      vertex 13.350551951669816 -0.7604059656000309 20
      vertex 15.518467489107293 -6.015348302439653 20
    endloop
  endfacet
  facet normal 0 0 1
    outer loop
      vertex 13.350551951669816 -0.7604059656000309 20
      vertex 13.292893218813452 -0.7071067811865476 20
      vertex 15.518467489107293 -6.015348302439653 20
    endloop
  endfacet
  facet normal 0 0 1
    outer loop
      vertex 13.23959403439997 -0.6494480483301837 20
      vertex 15.518467489107293 -6.015348302439653 20
      vertex 13.292893218813452 -0.7071067811865476 20
    endloop
  endfacet
  facet normal 0 0 1
    outer loop
      vertex 13.47750143528405 -0.8526401643540922 20
      vertex 13.412214747707527 -0.8090169943749475 20
      vertex 15.541445119403486 -5.8998319542161415 20
    endloop
  endfacet
  facet normal 0 0 1
    outer loop
      vertex 13.546009500260453 -0.8910065241883679 20
      vertex 13.47750143528405 -0.8526401643540922 20
      vertex 15.57341522555727 -5.786474508437579 20
    endloop
  endfacet
  facet normal 0 0 1
    outer loop
      vertex 13.61731656763491 -0.9238795325112867 20
      vertex 13.546009500260453 -0.8910065241883679 20
      vertex 15.614180701233071 -5.675974851452366 20
    endloop
  endfacet
  facet normal 0 0 1
    outer loop
      vertex 13.766554636144095 -0.9723699203976766 20
      vertex 13.690983005625053 -0.9510565162951535 20
      vertex 15.663490213717449 -5.56901425039068 20
    endloop
  endfacet
  facet normal 0 0 1
    outer loop
      vertex 13.690983005625053 -0.9510565162951535 20
      vertex 13.61731656763491 -0.9238795325112867 20
      vertex 15.663490213717449 -5.56901425039068 20
    endloop
  endfacet
  facet normal 0 0 1
    outer loop
      vertex 13.843565534959769 -0.9876883405951378 20
      vertex 13.766554636144095 -0.9723699203976766 20
      vertex 15.721039753468862 -5.466252152926077 20
    endloop
  endfacet
  facet normal 0 0 1
    outer loop
      vertex 13.921540904272154 -0.996917333733128 20
      vertex 13.843565534959769 -0.9876883405951378 20
      vertex 15.786474508437578 -5.36832212156129 20
    endloop
  endfacet
  facet normal 0 0 1
    outer loop
      vertex 14 -1 20
      vertex 13.921540904272154 -0.996917333733128 20
      vertex 15.859391051599953 -5.275827927504724 20
    endloop
  endfacet
  facet normal 0 0 1
    outer loop
      vertex 14.078459095727846 -0.996917333733128 20
      vertex 14 -1 20
      vertex 15.939339828220179 -5.189339828220179 20
    endloop
  endfacet
  facet normal 0 0 1
    outer loop
      vertex 14.156434465040231 -0.9876883405951378 20
      vertex 14.078459095727846 -0.996917333733128 20
      vertex 16.025827927504725 -5.109391051599953 20
    endloop
  endfacet
  facet normal 0 0 1
    outer loop
      vertex 14.233445363855905 -0.9723699203976766 20
      vertex 14.156434465040231 -0.9876883405951378 20
      vertex 16.11832212156129 -5.036474508437578 20
    endloop
  endfacet
  facet normal 0 0 1
    outer loop
      vertex 14.309016994374947 -0.9510565162951535 20
      vertex 14.233445363855905 -0.9723699203976766 20
      vertex 16.216252152926078 -4.971039753468862 20
    endloop
  endfacet
  facet normal 0 0 1
    outer loop
      vertex 14.38268343236509 -0.9238795325112867 20
      vertex 14.309016994374947 -0.9510565162951535 20
      vertex 16.31901425039068 -4.9134902137174485 20
    endloop
  endfacet
  facet normal 0 0 1
    outer loop
      vertex 14.453990499739547 -0.8910065241883679 20
      vertex 14.38268343236509 -0.9238795325112867 20
      vertex 16.31901425039068 -4.9134902137174485 20
    endloop
  endfacet
  facet normal 0 0 1
    outer loop
      vertex 14.52249856471595 -0.8526401643540922 20
      vertex 14.453990499739547 -0.8910065241883679 20
      vertex 16.53647450843758 -4.8234152255572695 20
    endloop
  endfacet
  facet normal 0 0 1
    outer loop
      vertex 14.587785252292473 -0.8090169943749475 20
      vertex 14.52249856471595 -0.8526401643540922 20
      vertex 16.53647450843758 -4.8234152255572695 20
    endloop
  endfacet
  facet normal 0 0 1
    outer loop
      vertex 14.649448048330184 -0.7604059656000309 20
      vertex 14.587785252292473 -0.8090169943749475 20
      vertex 16.649831954216143 -4.791445119403486 20
    endloop
  endfacet
  facet normal 0 0 1
    outer loop
      vertex 14.707106781186548 -0.7071067811865476 20
      vertex 14.649448048330184 -0.7604059656000309 20
      vertex 16.765348302439655 -4.768467489107294 20
    endloop
  endfacet
  facet normal 0 0 1
    outer loop
      vertex 14.707106781186548 -0.7071067811865476 20
      vertex 16.882311356408234 -4.754623999400308 20
      vertex 14.76040596560003 -0.6494480483301837 20
    endloop
  endfacet
  facet normal 0 0 1
    outer loop
      vertex 14.76040596560003 -0.6494480483301837 20
      vertex 17 -4.75 20
      vertex 14.809016994374947 -0.5877852522924731 20
    endloop
  endfacet
  facet normal 0 0 1
    outer loop
      vertex 14.809016994374947 -0.5877852522924731 20
      vertex 17 -4.75 20
      vertex 14.852640164354092 -0.5224985647159488 20
    endloop
  endfacet
  facet normal 0 0 1
    outer loop
      vertex 14.852640164354092 -0.5224985647159488 20
      vertex 17.117688643591766 -4.754623999400308 20
      vertex 14.891006524188368 -0.45399049973954675 20
    endloop
  endfacet
  facet normal 0 0 1
    outer loop
      vertex 14.891006524188368 -0.45399049973954675 20
      vertex 17.234651697560345 -4.768467489107294 20
      vertex 14.923879532511286 -0.3826834323650898 20
    endloop
  endfacet
  facet normal 0 0 1
    outer loop
      vertex 14.923879532511286 -0.3826834323650898 20
      vertex 17.350168045783857 -4.791445119403486 20
      vertex 14.951056516295154 -0.3090169943749474 20
    endloop
  endfacet
  facet normal 0 0 1
    outer loop
      vertex 14.453990499739547 -0.8910065241883679 20
      vertex 16.425974851452366 -4.86418070123307 20
      vertex 16.53647450843758 -4.8234152255572695 20
    endloop
  endfacet
  facet normal 0 0 1
    outer loop
      vertex 14.587785252292473 -0.8090169943749475 20
      vertex 16.53647450843758 -4.8234152255572695 20
      vertex 16.649831954216143 -4.791445119403486 20
    endloop
  endfacet
  facet normal 0 0 1
    outer loop
      vertex 14.649448048330184 -0.7604059656000309 20
      vertex 16.649831954216143 -4.791445119403486 20
      vertex 16.765348302439655 -4.768467489107294 20
    endloop
  endfacet
  facet normal 0 0 1
    outer loop
      vertex 14.707106781186548 -0.7071067811865476 20
      vertex 16.765348302439655 -4.768467489107294 20
      vertex 16.882311356408234 -4.754623999400308 20
    endloop
  endfacet
  facet normal 0 0 1
    outer loop
      vertex 14.76040596560003 -0.6494480483301837 20
      vertex 16.882311356408234 -4.754623999400308 20
      vertex 17 -4.75 20
    endloop
  endfacet
  facet normal 0 0 1
    outer loop
      vertex 17.117688643591766 -4.754623999400308 20
      vertex 14.852640164354092 -0.5224985647159488 20
      vertex 17 -4.75 20
    endloop
  endfacet
  facet normal 0 0 1
    outer loop
      vertex 14.891006524188368 -0.45399049973954675 20
      vertex 17.117688643591766 -4.754623999400308 20
      vertex 17.234651697560345 -4.768467489107294 20
    endloop
  endfacet
  facet normal 0 0 1
    outer loop
      vertex 14.923879532511286 -0.3826834323650898 20
      vertex 17.234651697560345 -4.768467489107294 20
      vertex 17.350168045783857 -4.791445119403486 20
    endloop
  endfacet
  facet normal 0 0 1
    outer loop
      vertex 17.46352549156242 -4.8234152255572695 20
      vertex 14.972369920397677 -0.2334453638559054 20
      vertex 17.350168045783857 -4.791445119403486 20
    endloop
  endfacet
  facet normal 0 0 1
    outer loop
      vertex 14.987688340595138 -0.15643446504023087 20
      vertex 17.46352549156242 -4.8234152255572695 20
      vertex 17.574025148547634 -4.86418070123307 20
    endloop
  endfacet
  facet normal 0 0 1
    outer loop
      vertex 17.974172072495275 -5.109391051599953 20
      vertex 15 0 20
      vertex 17.88167787843871 -5.036474508437578 20
    endloop
  endfacet
  facet normal 0 0 1
    outer loop
      vertex 18.060660171779823 -5.189339828220179 20
      vertex 15 0 20
      vertex 17.974172072495275 -5.109391051599953 20
    endloop
  endfacet
  facet normal 0 0 1
    outer loop
      vertex 17.68098574960932 -4.9134902137174485 20
      vertex 14.996917333733128 -0.07845909572784494 20
      vertex 17.574025148547634 -4.86418070123307 20
    endloop
  endfacet
  facet normal 0 0 1
    outer loop
      vertex 17.88167787843871 -5.036474508437578 20
      vertex 15 0 20
      vertex 17.783747847073922 -4.971039753468862 20
    endloop
  endfacet
  facet normal 0 0 1
    outer loop
      vertex 17.783747847073922 -4.971039753468862 20
      vertex 15 0 20
      vertex 17.68098574960932 -4.9134902137174485 20
    endloop
  endfacet
  facet normal 0 0 1
    outer loop
      vertex 18.27896024653114 -5.466252152926077 20
      vertex 15 0 20
      vertex 18.21352549156242 -5.36832212156129 20
    endloop
  endfacet
  facet normal 0 0 1
    outer loop
      vertex 18.21352549156242 -5.36832212156129 20
      vertex 15 0 20
      vertex 18.140608948400047 -5.275827927504724 20
    endloop
  endfacet
  facet normal 0 0 1
    outer loop
      vertex 18.140608948400047 -5.275827927504724 20
      vertex 15 0 20
      vertex 18.060660171779823 -5.189339828220179 20
    endloop
  endfacet
  facet normal 0 0 1
    outer loop
      vertex 18.469303395120694 -10.213065021785413 20
      vertex 18.700336091567717 -10.167109761193029 20
      vertex 19.36197149921864 9.923019572565103 20
    endloop
  endfacet
  facet normal 0 0 1
    outer loop
      vertex 18.700336091567717 -10.167109761193029 20
      vertex 18.927050983124843 -10.103169548885461 20
      vertex 19.36197149921864 9.923019572565103 20
    endloop
  endfacet
  facet normal 0 0 1
    outer loop
      vertex 18.927050983124843 -10.103169548885461 20
      vertex 19.14805029709527 -10.02163859753386 20
      vertex 19.36197149921864 9.923019572565103 20
    endloop
  endfacet
  facet normal 0 0 1
    outer loop
      vertex 19.14805029709527 -10.02163859753386 20
      vertex 19.36197149921864 -9.923019572565103 20
      vertex 19.36197149921864 9.923019572565103 20
    endloop
  endfacet
  facet normal 0 0 1
    outer loop
      vertex 19.36197149921864 -9.923019572565103 20
      vertex 19.567495694147848 -9.807920493062277 20
      vertex 19.36197149921864 9.923019572565103 20
    endloop
  endfacet
  facet normal 0 0 1
    outer loop
      vertex 19.567495694147848 -9.807920493062277 20
      vertex 19.76335575687742 -9.677050983124843 20
      vertex 19.36197149921864 9.923019572565103 20
    endloop
  endfacet
  facet normal 0 0 1
    outer loop
      vertex 19.76335575687742 -9.677050983124843 20
      vertex 19.94834414499055 -9.531217896800094 20
      vertex 19.36197149921864 9.923019572565103 20
    endloop
  endfacet
  facet normal 0 0 1
    outer loop
      vertex 19.94834414499055 -9.531217896800094 20
      vertex 20.121320343559642 -9.371320343559642 20
      vertex 19.36197149921864 9.923019572565103 20
    endloop
  endfacet
  facet normal 0 0 1
    outer loop
      vertex 20.121320343559642 -9.371320343559642 20
      vertex 20.281217896800094 -9.198344144990552 20
      vertex 19.36197149921864 9.923019572565103 20
    endloop
  endfacet
  facet normal 0 0 1
    outer loop
      vertex 20.281217896800094 -9.198344144990552 20
      vertex 20.427050983124843 -9.01335575687742 20
      vertex 19.36197149921864 9.923019572565103 20
    endloop
  endfacet
  facet normal 0 0 1
    outer loop
      vertex 20.427050983124843 -9.01335575687742 20
      vertex 20.557920493062277 -8.817495694147846 20
      vertex 19.36197149921864 9.923019572565103 20
    endloop
  endfacet
  facet normal 0 0 1
    outer loop
      vertex 14.951056516295154 -0.3090169943749474 20
      vertex 17.350168045783857 -4.791445119403486 20
      vertex 14.972369920397677 -0.2334453638559054 20
    endloop
  endfacet
  facet normal 0 0 1
    outer loop
      vertex 14.972369920397677 -0.2334453638559054 20
      vertex 17.46352549156242 -4.8234152255572695 20
      vertex 14.987688340595138 -0.15643446504023087 20
    endloop
  endfacet
  facet normal 0 0 1
    outer loop
      vertex 14.987688340595138 -0.15643446504023087 20
      vertex 17.574025148547634 -4.86418070123307 20
      vertex 14.996917333733128 -0.07845909572784494 20
    endloop
  endfacet
  facet normal 0 0 1
    outer loop
      vertex 17.68098574960932 -4.9134902137174485 20
      vertex 15 0 20
      vertex 14.996917333733128 -0.07845909572784494 20
    endloop
  endfacet
  facet normal 0 0 1
    outer loop
      vertex 18.33650978628255 -5.56901425039068 20
      vertex 18.33650978628255 5.56901425039068 20
      vertex 18.27896024653114 -5.466252152926077 20
    endloop
  endfacet
  facet normal 0 0 1
    outer loop
      vertex 18.469303395120694 -10.213065021785413 20
      vertex 19.36197149921864 9.923019572565103 20
      vertex 18.49537600059969 -6.367688643591768 20
    endloop
  endfacet
  facet normal 0 0 1
    outer loop
      vertex 20.557920493062277 -8.817495694147846 20
      vertex 20.673019572565103 -8.61197149921864 20
      vertex 19.36197149921864 9.923019572565103 20
    endloop
  endfacet
  facet normal 0 0 1
    outer loop
      vertex 20.673019572565103 -8.61197149921864 20
      vertex 20.771638597533858 -8.398050297095269 20
      vertex 19.36197149921864 9.923019572565103 20
    endloop
  endfacet
  facet normal 0 0 1
    outer loop
      vertex 20.771638597533858 -8.398050297095269 20
      vertex 20.85316954888546 -8.177050983124841 20
      vertex 19.36197149921864 9.923019572565103 20
    endloop
  endfacet
  facet normal 0 0 1
    outer loop
      vertex 20.85316954888546 -8.177050983124841 20
      vertex 20.91710976119303 -7.950336091567716 20
      vertex 19.36197149921864 9.923019572565103 20
    endloop
  endfacet
  facet normal 0 0 1
    outer loop
      vertex 20.91710976119303 -7.950336091567716 20
      vertex 20.963065021785415 -7.719303395120693 20
      vertex 19.36197149921864 9.923019572565103 20
    endloop
  endfacet
  facet normal 0 0 1
    outer loop
      vertex 20.963065021785415 -7.719303395120693 20
      vertex 20.990752001199382 -7.4853772871835345 20
      vertex 19.36197149921864 9.923019572565103 20
    endloop
  endfacet
  facet normal 0 0 1
    outer loop
      vertex 20.990752001199382 -7.4853772871835345 20
      vertex 21 -7.25 20
      vertex 19.36197149921864 9.923019572565103 20
    endloop
  endfacet
  facet normal 0 0 1
    outer loop
      vertex 19.36197149921864 9.923019572565103 20
      vertex 18.5 -6.25 20
      vertex 18.49537600059969 -6.367688643591768 20
    endloop
  endfacet
  facet normal 0 0 1
    outer loop
      vertex 19.36197149921864 9.923019572565103 20
      vertex 18.49537600059969 -6.132311356408232 20
      vertex 18.5 -6.25 20
    endloop
  endfacet
  facet normal 0 0 1
    outer loop
      vertex 19.36197149921864 9.923019572565103 20
      vertex 18.481532510892706 -6.015348302439653 20
      vertex 18.49537600059969 -6.132311356408232 20
    endloop
  endfacet
  facet normal 0 0 1
    outer loop
      vertex 19.36197149921864 9.923019572565103 20
      vertex 18.458554880596516 -5.8998319542161415 20
      vertex 18.481532510892706 -6.015348302439653 20
    endloop
  endfacet
  facet normal 0 0 1
    outer loop
      vertex 19.36197149921864 9.923019572565103 20
      vertex 18.33650978628255 -5.56901425039068 20
      vertex 18.38581929876693 -5.675974851452366 20
    endloop
  endfacet
  facet normal 0 0 1
    outer loop
      vertex 19.36197149921864 9.923019572565103 20
      vertex 18.42658477444273 -5.786474508437579 20
      vertex 18.458554880596516 -5.8998319542161415 20
    endloop
  endfacet
  facet normal 0 0 1
    outer loop
      vertex 19.36197149921864 9.923019572565103 20
      vertex 18.38581929876693 -5.675974851452366 20
      vertex 18.42658477444273 -5.786474508437579 20
    endloop
  endfacet
  facet normal 0 0 -1
    outer loop
      vertex -19.94834414499055 9.531217896800094 0
      vertex 16.216252152926078 7.528960246531138 0
      vertex 16.11832212156129 7.463525491562422 0
    endloop
  endfacet
  facet normal 0 0 -1
    outer loop
      vertex -19.94834414499055 9.531217896800094 0
      vertex 16.31901425039068 7.5865097862825515 0
      vertex 16.216252152926078 7.528960246531138 0
    endloop
  endfacet
  facet normal 0 0 -1
    outer loop
      vertex -19.94834414499055 9.531217896800094 0
      vertex 16.425974851452366 7.63581929876693 0
      vertex 16.31901425039068 7.5865097862825515 0
    endloop
  endfacet
  facet normal 0 0 -1
    outer loop
      vertex -19.94834414499055 9.531217896800094 0
      vertex 16.53647450843758 7.6765847744427305 0
      vertex 16.425974851452366 7.63581929876693 0
    endloop
  endfacet
  facet normal 0 0 -1
    outer loop
      vertex -19.94834414499055 9.531217896800094 0
      vertex 16.649831954216143 7.708554880596514 0
      vertex 16.53647450843758 7.6765847744427305 0
    endloop
  endfacet
  facet normal 0 0 -1
    outer loop
      vertex -19.94834414499055 9.531217896800094 0
      vertex 16.765348302439655 7.731532510892706 0
      vertex 16.649831954216143 7.708554880596514 0
    endloop
  endfacet
  facet normal 0 0 -1
    outer loop
      vertex -19.94834414499055 9.531217896800094 0
      vertex 16.882311356408234 7.745376000599692 0
      vertex 16.765348302439655 7.731532510892706 0
    endloop
  endfacet
  facet normal 0 0 -1
    outer loop
      vertex -19.94834414499055 9.531217896800094 0
      vertex 17 7.75 0
      vertex 16.882311356408234 7.745376000599692 0
    endloop
  endfacet
  facet normal 0 0 -1
    outer loop
      vertex -19.94834414499055 9.531217896800094 0
      vertex 17.117688643591766 7.745376000599692 0
      vertex 17 7.75 0
    endloop
  endfacet
  facet normal 0 0 -1
    outer loop
      vertex 16.11832212156129 7.463525491562422 0
      vertex 11.7 6.45 0
      vertex -11.7 6.45 0
    endloop
  endfacet
  facet normal 0 0 -1
    outer loop
      vertex -19.94834414499055 9.531217896800094 0
      vertex 20.963065021785415 7.719303395120693 0
      vertex 17.117688643591766 7.745376000599692 0
    endloop
  endfacet
  facet normal 0 0 -1
    outer loop
      vertex -19.94834414499055 9.531217896800094 0
      vertex 20.673019572565103 8.61197149921864 0
      vertex 20.771638597533858 8.398050297095269 0
    endloop
  endfacet
  facet normal 0 0 -1
    outer loop
      vertex -19.94834414499055 9.531217896800094 0
      vertex 20.91710976119303 7.950336091567716 0
      vertex 20.963065021785415 7.719303395120693 0
    endloop
  endfacet
  facet normal 0 0 -1
    outer loop
      vertex -19.94834414499055 9.531217896800094 0
      vertex 20.85316954888546 8.177050983124841 0
      vertex 20.91710976119303 7.950336091567716 0
    endloop
  endfacet
  facet normal 0 0 -1
    outer loop
      vertex -19.94834414499055 9.531217896800094 0
      vertex 20.771638597533858 8.398050297095269 0
      vertex 20.85316954888546 8.177050983124841 0
    endloop
  endfacet
  facet normal 0 0 -1
    outer loop
      vertex -19.94834414499055 9.531217896800094 0
      vertex 18 10.25 0
      vertex 18.235377287183535 10.240752001199384 0
    endloop
  endfacet
  facet normal 0 0 -1
    outer loop
      vertex -19.94834414499055 9.531217896800094 0
      vertex 18.235377287183535 10.240752001199384 0
      vertex 18.469303395120694 10.213065021785413 0
    endloop
  endfacet
  facet normal 0 0 -1
    outer loop
      vertex -19.94834414499055 9.531217896800094 0
      vertex 18.469303395120694 10.213065021785413 0
      vertex 18.700336091567717 10.167109761193029 0
    endloop
  endfacet
  facet normal 0 0 -1
    outer loop
      vertex -19.94834414499055 9.531217896800094 0
      vertex 18.700336091567717 10.167109761193029 0
      vertex 18.927050983124843 10.103169548885461 0
    endloop
  endfacet
  facet normal 0 0 -1
    outer loop
      vertex -19.94834414499055 9.531217896800094 0
      vertex 18.927050983124843 10.103169548885461 0
      vertex 19.14805029709527 10.02163859753386 0
    endloop
  endfacet
  facet normal 0 0 -1
    outer loop
      vertex -19.94834414499055 9.531217896800094 0
      vertex 19.14805029709527 10.02163859753386 0
      vertex 19.36197149921864 9.923019572565103 0
    endloop
  endfacet
  facet normal 0 0 -1
    outer loop
      vertex -19.94834414499055 9.531217896800094 0
      vertex 19.36197149921864 9.923019572565103 0
      vertex 19.567495694147848 9.807920493062277 0
    endloop
  endfacet
  facet normal 0 0 -1
    outer loop
      vertex -19.94834414499055 9.531217896800094 0
      vertex 19.567495694147848 9.807920493062277 0
      vertex 19.76335575687742 9.677050983124843 0
    endloop
  endfacet
  facet normal 0 0 -1
    outer loop
      vertex -19.94834414499055 9.531217896800094 0
      vertex 20.427050983124843 9.01335575687742 0
      vertex 20.557920493062277 8.817495694147846 0
    endloop
  endfacet
  facet normal 0 0 -1
    outer loop
      vertex -19.94834414499055 9.531217896800094 0
      vertex 20.557920493062277 8.817495694147846 0
      vertex 20.673019572565103 8.61197149921864 0
    endloop
  endfacet
  facet normal 0 0 -1
    outer loop
      vertex -19.94834414499055 9.531217896800094 0
      vertex 20.281217896800094 9.198344144990552 0
      vertex 20.427050983124843 9.01335575687742 0
    endloop
  endfacet
  facet normal 0 0 -1
    outer loop
      vertex -19.94834414499055 9.531217896800094 0
      vertex 20.121320343559642 9.371320343559642 0
      vertex 20.281217896800094 9.198344144990552 0
    endloop
  endfacet
  facet normal 0 0 -1
    outer loop
      vertex -19.94834414499055 9.531217896800094 0
      vertex 19.94834414499055 9.531217896800094 0
      vertex 20.121320343559642 9.371320343559642 0
    endloop
  endfacet
  facet normal 0 0 -1
    outer loop
      vertex -19.94834414499055 9.531217896800094 0
      vertex 19.76335575687742 9.677050983124843 0
      vertex 19.94834414499055 9.531217896800094 0
    endloop
  endfacet
  facet normal 0 1 0
    outer loop
      vertex -18 10.25 0
      vertex 18 10.25 20
      vertex 18 10.25 0
    endloop
  endfacet
  facet normal 0 0 -1
    outer loop
      vertex 11.7 -6.45 0
      vertex 11.7 6.45 0
      vertex 13.003082666266872 0.07845909572784494 0
    endloop
  endfacet
  facet normal 0 0 -1
    outer loop
      vertex 13.003082666266872 0.07845909572784494 0
      vertex 11.7 6.45 0
      vertex 13.012311659404862 0.15643446504023087 0
    endloop
  endfacet
  facet normal 0 0 -1
    outer loop
      vertex 13.012311659404862 0.15643446504023087 0
      vertex 11.7 6.45 0
      vertex 13.027630079602323 0.2334453638559054 0
    endloop
  endfacet
  facet normal 0 0 -1
    outer loop
      vertex 13.027630079602323 0.2334453638559054 0
      vertex 11.7 6.45 0
      vertex 13.048943483704846 0.3090169943749474 0
    endloop
  endfacet
  facet normal 0 0 -1
    outer loop
      vertex 13.048943483704846 0.3090169943749474 0
      vertex 11.7 6.45 0
      vertex 13.076120467488714 0.3826834323650898 0
    endloop
  endfacet
  facet normal 0 0 -1
    outer loop
      vertex 13.076120467488714 0.3826834323650898 0
      vertex 11.7 6.45 0
      vertex 13.108993475811632 0.45399049973954675 0
    endloop
  endfacet
  facet normal 0 0 -1
    outer loop
      vertex 13.108993475811632 0.45399049973954675 0
      vertex 11.7 6.45 0
      vertex 13.147359835645908 0.5224985647159488 0
    endloop
  endfacet
  facet normal 0 0 -1
    outer loop
      vertex 13.147359835645908 0.5224985647159488 0
      vertex 11.7 6.45 0
      vertex 13.190983005625053 0.5877852522924731 0
    endloop
  endfacet
  facet normal 0 0 -1
    outer loop
      vertex 13.190983005625053 0.5877852522924731 0
      vertex 11.7 6.45 0
      vertex 13.23959403439997 0.6494480483301837 0
    endloop
  endfacet
  facet normal 0 0 -1
    outer loop
      vertex 14.923879532511286 0.3826834323650898 0
      vertex 17.350168045783857 4.791445119403486 0
      vertex 14.951056516295154 0.3090169943749474 0
    endloop
  endfacet
  facet normal 0 0 -1
    outer loop
      vertex 14.852640164354092 0.5224985647159488 0
      vertex 17.117688643591766 4.754623999400308 0
      vertex 14.891006524188368 0.45399049973954675 0
    endloop
  endfacet
  facet normal 0 0 -1
    outer loop
      vertex 14.891006524188368 0.45399049973954675 0
      vertex 17.234651697560345 4.768467489107294 0
      vertex 14.923879532511286 0.3826834323650898 0
    endloop
  endfacet
  facet normal 0 0 -1
    outer loop
      vertex 14.38268343236509 0.9238795325112867 0
      vertex 14.309016994374947 0.9510565162951535 0
      vertex 16.216252152926078 4.971039753468862 0
    endloop
  endfacet
  facet normal 0 0 -1
    outer loop
      vertex 14.453990499739547 0.8910065241883679 0
      vertex 14.38268343236509 0.9238795325112867 0
      vertex 16.31901425039068 4.9134902137174485 0
    endloop
  endfacet
  facet normal 0 0 -1
    outer loop
      vertex 16.765348302439655 4.768467489107294 0
      vertex 14.707106781186548 0.7071067811865476 0
      vertex 14.649448048330184 0.7604059656000309 0
    endloop
  endfacet
  facet normal 0 0 -1
    outer loop
      vertex 14.587785252292473 0.8090169943749475 0
      vertex 14.52249856471595 0.8526401643540922 0
      vertex 16.53647450843758 4.8234152255572695 0
    endloop
  endfacet
  facet normal 0 0 -1
    outer loop
      vertex 14.52249856471595 0.8526401643540922 0
      vertex 14.453990499739547 0.8910065241883679 0
      vertex 16.425974851452366 4.86418070123307 0
    endloop
  endfacet
  facet normal 0 0 -1
    outer loop
      vertex 14.649448048330184 0.7604059656000309 0
      vertex 14.587785252292473 0.8090169943749475 0
      vertex 16.649831954216143 4.791445119403486 0
    endloop
  endfacet
  facet normal 0 0 -1
    outer loop
      vertex 14.76040596560003 0.6494480483301837 0
      vertex 16.882311356408234 4.754623999400308 0
      vertex 14.809016994374947 0.5877852522924731 0
    endloop
  endfacet
  facet normal 0 0 -1
    outer loop
      vertex 14.809016994374947 0.5877852522924731 0
      vertex 17 4.75 0
      vertex 14.852640164354092 0.5224985647159488 0
    endloop
  endfacet
  facet normal 0 0 -1
    outer loop
      vertex 14.707106781186548 0.7071067811865476 0
      vertex 16.882311356408234 4.754623999400308 0
      vertex 14.76040596560003 0.6494480483301837 0
    endloop
  endfacet
  facet normal 0 0 -1
    outer loop
      vertex 13.23959403439997 0.6494480483301837 0
      vertex 11.7 6.45 0
      vertex 13.292893218813452 0.7071067811865476 0
    endloop
  endfacet
  facet normal 0 0 -1
    outer loop
      vertex 13.350551951669816 0.7604059656000309 0
      vertex 13.292893218813452 0.7071067811865476 0
      vertex 11.7 6.45 0
    endloop
  endfacet
  facet normal 0 0 -1
    outer loop
      vertex 13.412214747707527 0.8090169943749475 0
      vertex 13.350551951669816 0.7604059656000309 0
      vertex 11.7 6.45 0
    endloop
  endfacet
  facet normal 0 0 -1
    outer loop
      vertex 13.47750143528405 0.8526401643540922 0
      vertex 13.412214747707527 0.8090169943749475 0
      vertex 11.7 6.45 0
    endloop
  endfacet
  facet normal 0 0 -1
    outer loop
      vertex 13.546009500260453 0.8910065241883679 0
      vertex 13.47750143528405 0.8526401643540922 0
      vertex 11.7 6.45 0
    endloop
  endfacet
  facet normal 0 0 -1
    outer loop
      vertex 13.61731656763491 0.9238795325112867 0
      vertex 13.546009500260453 0.8910065241883679 0
      vertex 11.7 6.45 0
    endloop
  endfacet
  facet normal 0 0 -1
    outer loop
      vertex 13.690983005625053 0.9510565162951535 0
      vertex 13.61731656763491 0.9238795325112867 0
      vertex 11.7 6.45 0
    endloop
  endfacet
  facet normal 0 0 -1
    outer loop
      vertex 13.766554636144095 0.9723699203976766 0
      vertex 13.690983005625053 0.9510565162951535 0
      vertex 11.7 6.45 0
    endloop
  endfacet
  facet normal 0 0 -1
    outer loop
      vertex 13.843565534959769 0.9876883405951378 0
      vertex 13.766554636144095 0.9723699203976766 0
      vertex 11.7 6.45 0
    endloop
  endfacet
  facet normal 0 0 -1
    outer loop
      vertex 13.921540904272154 0.996917333733128 0
      vertex 13.843565534959769 0.9876883405951378 0
      vertex 11.7 6.45 0
    endloop
  endfacet
  facet normal 0 0 -1
    outer loop
      vertex 14 1 0
      vertex 13.921540904272154 0.996917333733128 0
      vertex 11.7 6.45 0
    endloop
  endfacet
  facet normal 0 0 -1
    outer loop
      vertex 14.078459095727846 0.996917333733128 0
      vertex 14 1 0
      vertex 11.7 6.45 0
    endloop
  endfacet
  facet normal 0 0 -1
    outer loop
      vertex 14.309016994374947 0.9510565162951535 0
      vertex 14.233445363855905 0.9723699203976766 0
      vertex 11.7 6.45 0
    endloop
  endfacet
  facet normal 0 0 -1
    outer loop
      vertex 14.156434465040231 0.9876883405951378 0
      vertex 14.078459095727846 0.996917333733128 0
      vertex 11.7 6.45 0
    endloop
  endfacet
  facet normal 0 0 -1
    outer loop
      vertex 14.233445363855905 0.9723699203976766 0
      vertex 14.156434465040231 0.9876883405951378 0
      vertex 11.7 6.45 0
    endloop
  endfacet
  facet normal 0 0 -1
    outer loop
      vertex 14.309016994374947 0.9510565162951535 0
      vertex 16.11832212156129 5.036474508437578 0
      vertex 16.216252152926078 4.971039753468862 0
    endloop
  endfacet
  facet normal 0 0 -1
    outer loop
      vertex 14.38268343236509 0.9238795325112867 0
      vertex 16.216252152926078 4.971039753468862 0
      vertex 16.31901425039068 4.9134902137174485 0
    endloop
  endfacet
  facet normal 0 0 -1
    outer loop
      vertex 14.453990499739547 0.8910065241883679 0
      vertex 16.31901425039068 4.9134902137174485 0
      vertex 16.425974851452366 4.86418070123307 0
    endloop
  endfacet
  facet normal 0 0 -1
    outer loop
      vertex 14.309016994374947 0.9510565162951535 0
      vertex 16.025827927504725 5.109391051599953 0
      vertex 16.11832212156129 5.036474508437578 0
    endloop
  endfacet
  facet normal 0 0 -1
    outer loop
      vertex 14.309016994374947 0.9510565162951535 0
      vertex 15.939339828220179 5.189339828220179 0
      vertex 16.025827927504725 5.109391051599953 0
    endloop
  endfacet
  facet normal 0 0 -1
    outer loop
      vertex 14.309016994374947 0.9510565162951535 0
      vertex 11.7 6.45 0
      vertex 15.939339828220179 5.189339828220179 0
    endloop
  endfacet
  facet normal 0 0 -1
    outer loop
      vertex 17.234651697560345 -4.768467489107294 0
      vertex 14.951056516295154 -0.3090169943749474 0
      vertex 18.27896024653114 5.466252152926077 0
    endloop
  endfacet
  facet normal 0 0 -1
    outer loop
      vertex 14.987688340595138 -0.15643446504023087 0
      vertex 17.88167787843871 5.036474508437578 0
      vertex 14.972369920397677 -0.2334453638559054 0
    endloop
  endfacet
  facet normal 0 0 -1
    outer loop
      vertex 14.972369920397677 -0.2334453638559054 0
      vertex 17.974172072495275 5.109391051599953 0
      vertex 14.951056516295154 -0.3090169943749474 0
    endloop
  endfacet
  facet normal 0 0 -1
    outer loop
      vertex 14.996917333733128 -0.07845909572784494 0
      vertex 17.783747847073922 4.971039753468862 0
      vertex 14.987688340595138 -0.15643446504023087 0
    endloop
  endfacet
  facet normal 0 0 -1
    outer loop
      vertex 14.996917333733128 -0.07845909572784494 0
      vertex 15 0 0
      vertex 17.68098574960932 4.9134902137174485 0
    endloop
  endfacet
  facet normal 0 0 -1
    outer loop
      vertex 15 0 0
      vertex 14.996917333733128 0.07845909572784494 0
      vertex 17.68098574960932 4.9134902137174485 0
    endloop
  endfacet
  facet normal 0 0 -1
    outer loop
      vertex 14.972369920397677 0.2334453638559054 0
      vertex 17.46352549156242 4.8234152255572695 0
      vertex 14.987688340595138 0.15643446504023087 0
    endloop
  endfacet
  facet normal 0 0 -1
    outer loop
      vertex 14.987688340595138 0.15643446504023087 0
      vertex 17.574025148547634 4.86418070123307 0
      vertex 14.996917333733128 0.07845909572784494 0
    endloop
  endfacet
  facet normal 0 0 -1
    outer loop
      vertex 14.951056516295154 0.3090169943749474 0
      vertex 17.350168045783857 4.791445119403486 0
      vertex 14.972369920397677 0.2334453638559054 0
    endloop
  endfacet
  facet normal 0 0 -1
    outer loop
      vertex 17.234651697560345 -4.768467489107294 0
      vertex 18.27896024653114 5.466252152926077 0
      vertex 18.33650978628255 5.56901425039068 0
    endloop
  endfacet
  facet normal 0 0 -1
    outer loop
      vertex 17.234651697560345 -4.768467489107294 0
      vertex 18.33650978628255 5.56901425039068 0
      vertex 18.38581929876693 5.675974851452366 0
    endloop
  endfacet
  facet normal 0 0 -1
    outer loop
      vertex 17.234651697560345 -4.768467489107294 0
      vertex 18.38581929876693 5.675974851452366 0
      vertex 18.42658477444273 5.786474508437579 0
    endloop
  endfacet
  facet normal 0 0 -1
    outer loop
      vertex 14.52249856471595 0.8526401643540922 0
      vertex 16.425974851452366 4.86418070123307 0
      vertex 16.53647450843758 4.8234152255572695 0
    endloop
  endfacet
  facet normal 0 0 -1
    outer loop
      vertex 16.765348302439655 4.768467489107294 0
      vertex 14.649448048330184 0.7604059656000309 0
      vertex 16.649831954216143 4.791445119403486 0
    endloop
  endfacet
  facet normal 0 0 -1
    outer loop
      vertex 14.587785252292473 0.8090169943749475 0
      vertex 16.53647450843758 4.8234152255572695 0
      vertex 16.649831954216143 4.791445119403486 0
    endloop
  endfacet
  facet normal 0 0 -1
    outer loop
      vertex 17.117688643591766 4.754623999400308 0
      vertex 14.852640164354092 0.5224985647159488 0
      vertex 17 4.75 0
    endloop
  endfacet
  facet normal 0 0 -1
    outer loop
      vertex 14.707106781186548 0.7071067811865476 0
      vertex 16.765348302439655 4.768467489107294 0
      vertex 16.882311356408234 4.754623999400308 0
    endloop
  endfacet
  facet normal 0 0 -1
    outer loop
      vertex 17 4.75 0
      vertex 14.809016994374947 0.5877852522924731 0
      vertex 16.882311356408234 4.754623999400308 0
    endloop
  endfacet
  facet normal 0 0 -1
    outer loop
      vertex 14.891006524188368 0.45399049973954675 0
      vertex 17.117688643591766 4.754623999400308 0
      vertex 17.234651697560345 4.768467489107294 0
    endloop
  endfacet
  facet normal 0 0 -1
    outer loop
      vertex 14.923879532511286 0.3826834323650898 0
      vertex 17.234651697560345 4.768467489107294 0
      vertex 17.350168045783857 4.791445119403486 0
    endloop
  endfacet
  facet normal 0 0 -1
    outer loop
      vertex 17.46352549156242 4.8234152255572695 0
      vertex 14.972369920397677 0.2334453638559054 0
      vertex 17.350168045783857 4.791445119403486 0
    endloop
  endfacet
  facet normal 0 0 -1
    outer loop
      vertex 17.574025148547634 4.86418070123307 0
      vertex 14.987688340595138 0.15643446504023087 0
      vertex 17.46352549156242 4.8234152255572695 0
    endloop
  endfacet
  facet normal 0 0 -1
    outer loop
      vertex 14.996917333733128 -0.07845909572784494 0
      vertex 17.68098574960932 4.9134902137174485 0
      vertex 17.783747847073922 4.971039753468862 0
    endloop
  endfacet
  facet normal 0 0 -1
    outer loop
      vertex 14.996917333733128 0.07845909572784494 0
      vertex 17.574025148547634 4.86418070123307 0
      vertex 17.68098574960932 4.9134902137174485 0
    endloop
  endfacet
  facet normal 0 0 -1
    outer loop
      vertex 14.987688340595138 -0.15643446504023087 0
      vertex 17.783747847073922 4.971039753468862 0
      vertex 17.88167787843871 5.036474508437578 0
    endloop
  endfacet
  facet normal 0 0 -1
    outer loop
      vertex 14.972369920397677 -0.2334453638559054 0
      vertex 17.88167787843871 5.036474508437578 0
      vertex 17.974172072495275 5.109391051599953 0
    endloop
  endfacet
  facet normal 0 0 -1
    outer loop
      vertex 14.951056516295154 -0.3090169943749474 0
      vertex 17.974172072495275 5.109391051599953 0
      vertex 18.060660171779823 5.189339828220179 0
    endloop
  endfacet
  facet normal 0 0 -1
    outer loop
      vertex 14.951056516295154 -0.3090169943749474 0
      vertex 18.060660171779823 5.189339828220179 0
      vertex 18.140608948400047 5.275827927504724 0
    endloop
  endfacet
  facet normal 0 0 -1
    outer loop
      vertex 14.951056516295154 -0.3090169943749474 0
      vertex 18.140608948400047 5.275827927504724 0
      vertex 18.21352549156242 5.36832212156129 0
    endloop
  endfacet
  facet normal 0 0 -1
    outer loop
      vertex 14.951056516295154 -0.3090169943749474 0
      vertex 18.21352549156242 5.36832212156129 0
      vertex 18.27896024653114 5.466252152926077 0
    endloop
  endfacet
  facet normal 0 0 -1
    outer loop
      vertex 21 7.25 0
      vertex 17.234651697560345 -4.768467489107294 0
      vertex 18.42658477444273 5.786474508437579 0
    endloop
  endfacet
  facet normal 0 0 -1
    outer loop
      vertex 15.786474508437578 5.36832212156129 0
      vertex 11.7 6.45 0
      vertex 15.721039753468862 5.466252152926077 0
    endloop
  endfacet
  facet normal 0 0 -1
    outer loop
      vertex 15.721039753468862 5.466252152926077 0
      vertex 11.7 6.45 0
      vertex 15.663490213717449 5.56901425039068 0
    endloop
  endfacet
  facet normal 0 0 -1
    outer loop
      vertex 15.663490213717449 5.56901425039068 0
      vertex 11.7 6.45 0
      vertex 15.614180701233071 5.675974851452366 0
    endloop
  endfacet
  facet normal 0 0 -1
    outer loop
      vertex 15.57341522555727 5.786474508437579 0
      vertex 11.7 6.45 0
      vertex 15.541445119403486 5.8998319542161415 0
    endloop
  endfacet
  facet normal 0 0 -1
    outer loop
      vertex 15.614180701233071 5.675974851452366 0
      vertex 11.7 6.45 0
      vertex 15.57341522555727 5.786474508437579 0
    endloop
  endfacet
  facet normal 0 0 -1
    outer loop
      vertex 15.541445119403486 5.8998319542161415 0
      vertex 11.7 6.45 0
      vertex 15.518467489107293 6.015348302439653 0
    endloop
  endfacet
  facet normal 0 0 -1
    outer loop
      vertex 15.518467489107293 6.015348302439653 0
      vertex 11.7 6.45 0
      vertex 15.504623999400309 6.132311356408232 0
    endloop
  endfacet
  facet normal 0 0 -1
    outer loop
      vertex 15.504623999400309 6.132311356408232 0
      vertex 11.7 6.45 0
      vertex 15.5 6.25 0
    endloop
  endfacet
  facet normal 0 0 -1
    outer loop
      vertex 15.5 6.25 0
      vertex 11.7 6.45 0
      vertex 15.504623999400309 6.367688643591768 0
    endloop
  endfacet
  facet normal 0 0 -1
    outer loop
      vertex 15.939339828220179 5.189339828220179 0
      vertex 11.7 6.45 0
      vertex 15.859391051599953 5.275827927504724 0
    endloop
  endfacet
  facet normal 0 0 -1
    outer loop
      vertex 15.859391051599953 5.275827927504724 0
      vertex 11.7 6.45 0
      vertex 15.786474508437578 5.36832212156129 0
    endloop
  endfacet
  facet normal 0 0 -1
    outer loop
      vertex 15.504623999400309 6.367688643591768 0
      vertex 11.7 6.45 0
      vertex 15.518467489107293 6.484651697560347 0
    endloop
  endfacet
  facet normal 0 0 -1
    outer loop
      vertex 15.518467489107293 6.484651697560347 0
      vertex 11.7 6.45 0
      vertex 15.541445119403486 6.6001680457838585 0
    endloop
  endfacet
  facet normal 0 0 -1
    outer loop
      vertex 15.541445119403486 6.6001680457838585 0
      vertex 11.7 6.45 0
      vertex 15.57341522555727 6.713525491562421 0
    endloop
  endfacet
  facet normal 0 0 -1
    outer loop
      vertex 15.57341522555727 6.713525491562421 0
      vertex 11.7 6.45 0
      vertex 15.614180701233071 6.824025148547634 0
    endloop
  endfacet
  facet normal 0 0 -1
    outer loop
      vertex 15.614180701233071 6.824025148547634 0
      vertex 11.7 6.45 0
      vertex 15.663490213717449 6.93098574960932 0
    endloop
  endfacet
  facet normal 0 0 -1
    outer loop
      vertex 15.663490213717449 6.93098574960932 0
      vertex 11.7 6.45 0
      vertex 15.721039753468862 7.033747847073923 0
    endloop
  endfacet
  facet normal 0 0 -1
    outer loop
      vertex 15.721039753468862 7.033747847073923 0
      vertex 11.7 6.45 0
      vertex 15.786474508437578 7.13167787843871 0
    endloop
  endfacet
  facet normal 0 0 -1
    outer loop
      vertex 15.786474508437578 7.13167787843871 0
      vertex 11.7 6.45 0
      vertex 15.859391051599953 7.224172072495276 0
    endloop
  endfacet
  facet normal 0 0 -1
    outer loop
      vertex 15.859391051599953 7.224172072495276 0
      vertex 11.7 6.45 0
      vertex 15.939339828220179 7.310660171779821 0
    endloop
  endfacet
  facet normal 0 0 -1
    outer loop
      vertex 15.939339828220179 7.310660171779821 0
      vertex 11.7 6.45 0
      vertex 16.025827927504725 7.390608948400047 0
    endloop
  endfacet
  facet normal 0 0 -1
    outer loop
      vertex 16.025827927504725 7.390608948400047 0
      vertex 11.7 6.45 0
      vertex 16.11832212156129 7.463525491562422 0
    endloop
  endfacet
  facet normal 0 0 -1
    outer loop
      vertex 21 7.25 0
      vertex 18.42658477444273 5.786474508437579 0
      vertex 18.458554880596516 5.8998319542161415 0
    endloop
  endfacet
  facet normal 0 0 -1
    outer loop
      vertex 21 7.25 0
      vertex 18.458554880596516 5.8998319542161415 0
      vertex 18.481532510892706 6.015348302439653 0
    endloop
  endfacet
  facet normal 0 0 -1
    outer loop
      vertex 21 7.25 0
      vertex 18.481532510892706 6.015348302439653 0
      vertex 18.49537600059969 6.132311356408232 0
    endloop
  endfacet
  facet normal 0 0 -1
    outer loop
      vertex 21 7.25 0
      vertex 18.49537600059969 6.132311356408232 0
      vertex 18.5 6.25 0
    endloop
  endfacet
  facet normal 0 0 -1
    outer loop
      vertex 21 7.25 0
      vertex 18.5 6.25 0
      vertex 18.49537600059969 6.367688643591768 0
    endloop
  endfacet
  facet normal 0 0 -1
    outer loop
      vertex 21 7.25 0
      vertex 18.49537600059969 6.367688643591768 0
      vertex 18.481532510892706 6.484651697560347 0
    endloop
  endfacet
  facet normal 0 0 -1
    outer loop
      vertex 21 7.25 0
      vertex 18.481532510892706 6.484651697560347 0
      vertex 18.458554880596516 6.6001680457838585 0
    endloop
  endfacet
  facet normal 0 0 -1
    outer loop
      vertex 21 7.25 0
      vertex 18.458554880596516 6.6001680457838585 0
      vertex 18.42658477444273 6.713525491562421 0
    endloop
  endfacet
  facet normal 0 0 -1
    outer loop
      vertex 21 7.25 0
      vertex 18.42658477444273 6.713525491562421 0
      vertex 18.38581929876693 6.824025148547634 0
    endloop
  endfacet
  facet normal 0 0 -1
    outer loop
      vertex 21 7.25 0
      vertex 18.38581929876693 6.824025148547634 0
      vertex 18.33650978628255 6.93098574960932 0
    endloop
  endfacet
  facet normal 0 0 -1
    outer loop
      vertex 21 7.25 0
      vertex 18.060660171779823 7.310660171779821 0
      vertex 17.974172072495275 7.390608948400047 0
    endloop
  endfacet
  facet normal 0 0 -1
    outer loop
      vertex 20.990752001199382 7.4853772871835345 0
      vertex 17.574025148547634 7.63581929876693 0
      vertex 17.46352549156242 7.6765847744427305 0
    endloop
  endfacet
  facet normal 0 0 -1
    outer loop
      vertex 21 7.25 0
      vertex 17.974172072495275 7.390608948400047 0
      vertex 17.88167787843871 7.463525491562422 0
    endloop
  endfacet
  facet normal 0 0 -1
    outer loop
      vertex 20.990752001199382 7.4853772871835345 0
      vertex 17.88167787843871 7.463525491562422 0
      vertex 17.783747847073922 7.528960246531138 0
    endloop
  endfacet
  facet normal 0 0 -1
    outer loop
      vertex 20.990752001199382 7.4853772871835345 0
      vertex 17.68098574960932 7.5865097862825515 0
      vertex 17.574025148547634 7.63581929876693 0
    endloop
  endfacet
  facet normal 0 0 -1
    outer loop
      vertex 20.990752001199382 7.4853772871835345 0
      vertex 17.783747847073922 7.528960246531138 0
      vertex 17.68098574960932 7.5865097862825515 0
    endloop
  endfacet
  facet normal 0 0 -1
    outer loop
      vertex 21 7.25 0
      vertex 18.27896024653114 7.033747847073923 0
      vertex 18.21352549156242 7.13167787843871 0
    endloop
  endfacet
  facet normal 0 0 -1
    outer loop
      vertex 21 7.25 0
      vertex 18.21352549156242 7.13167787843871 0
      vertex 18.140608948400047 7.224172072495276 0
    endloop
  endfacet
  facet normal 0 0 -1
    outer loop
      vertex 21 7.25 0
      vertex 18.33650978628255 6.93098574960932 0
      vertex 18.27896024653114 7.033747847073923 0
    endloop
  endfacet
  facet normal 0 0 -1
    outer loop
      vertex 21 7.25 0
      vertex 18.140608948400047 7.224172072495276 0
      vertex 18.060660171779823 7.310660171779821 0
    endloop
  endfacet
  facet normal 0 0 -1
    outer loop
      vertex 21 7.25 0
      vertex 17.88167787843871 7.463525491562422 0
      vertex 20.990752001199382 7.4853772871835345 0
    endloop
  endfacet
  facet normal 0 0 -1
    outer loop
      vertex 20.990752001199382 7.4853772871835345 0
      vertex 17.46352549156242 7.6765847744427305 0
      vertex 20.963065021785415 7.719303395120693 0
    endloop
  endfacet
  facet normal 0 0 -1
    outer loop
      vertex 20.963065021785415 7.719303395120693 0
      vertex 17.234651697560345 7.731532510892706 0
      vertex 17.117688643591766 7.745376000599692 0
    endloop
  endfacet
  facet normal 0 0 -1
    outer loop
      vertex 20.963065021785415 7.719303395120693 0
      vertex 17.350168045783857 7.708554880596514 0
      vertex 17.234651697560345 7.731532510892706 0
    endloop
  endfacet
  facet normal 0 0 -1
    outer loop
      vertex 20.963065021785415 7.719303395120693 0
      vertex 17.46352549156242 7.6765847744427305 0
      vertex 17.350168045783857 7.708554880596514 0
    endloop
  endfacet
  facet normal 0.9992290362407227 0.039259815759074945 0
    outer loop
      vertex 21 7.25 0
      vertex 20.990752001199382 7.4853772871835345 0
      vertex 20.990752001199382 7.4853772871835345 20
    endloop
  endfacet
  facet normal 0.9930684569549277 0.11753739745782511 0
    outer loop
      vertex 20.990752001199382 7.4853772871835345 0
      vertex 20.963065021785415 7.719303395120693 0
      vertex 20.990752001199382 7.4853772871835345 20
    endloop
  endfacet
  facet normal 0.03925981575906727 0.9992290362407231 0
    outer loop
      vertex 18 10.25 0
      vertex 18 10.25 20
      vertex 18.235377287183535 10.240752001199384 0
    endloop
  endfacet
  facet normal 0.9807852804032283 0.19509032201613946 0
    outer loop
      vertex 20.963065021785415 7.719303395120693 0
      vertex 20.91710976119303 7.950336091567716 0
      vertex 20.91710976119303 7.950336091567716 20
    endloop
  endfacet
  facet normal 0.9624552364536487 0.2714404498650693 0
    outer loop
      vertex 20.91710976119303 7.950336091567716 0
      vertex 20.85316954888546 8.177050983124841 0
      vertex 20.85316954888546 8.177050983124841 20
    endloop
  endfacet
  facet normal 0.9381913359224813 0.34611705707750096 0
    outer loop
      vertex 20.85316954888546 8.177050983124841 0
      vertex 20.771638597533858 8.398050297095269 0
      vertex 20.771638597533858 8.398050297095269 20
    endloop
  endfacet
  facet normal 0.9081431738250838 0.4186597375374227 0
    outer loop
      vertex 20.771638597533858 8.398050297095269 0
      vertex 20.673019572565103 8.61197149921864 0
      vertex 20.771638597533858 8.398050297095269 20
    endloop
  endfacet
  facet normal 0.8724960070727976 0.4886212414969542 0
    outer loop
      vertex 20.673019572565103 8.61197149921864 0
      vertex 20.557920493062277 8.817495694147846 0
      vertex 20.557920493062277 8.817495694147846 20
    endloop
  endfacet
  facet normal 0.8314696123025492 0.5555702330195964 0
    outer loop
      vertex 20.557920493062277 8.817495694147846 0
      vertex 20.427050983124843 9.01335575687742 0
      vertex 20.557920493062277 8.817495694147846 20
    endloop
  endfacet
  facet normal 0.11753739745783999 0.9930684569549261 0
    outer loop
      vertex 18.235377287183535 10.240752001199384 0
      vertex 18.469303395120694 10.213065021785413 20
      vertex 18.469303395120694 10.213065021785413 0
    endloop
  endfacet
  facet normal 0.19509032201613216 0.9807852804032297 0
    outer loop
      vertex 18.469303395120694 10.213065021785413 0
      vertex 18.469303395120694 10.213065021785413 20
      vertex 18.700336091567717 10.167109761193029 0
    endloop
  endfacet
  facet normal 0.34611705707749435 0.9381913359224837 0
    outer loop
      vertex 18.927050983124843 10.103169548885461 0
      vertex 18.927050983124843 10.103169548885461 20
      vertex 19.14805029709527 10.02163859753386 0
    endloop
  endfacet
  facet normal 0.2714404498650684 0.9624552364536489 0
    outer loop
      vertex 18.700336091567717 10.167109761193029 0
      vertex 18.927050983124843 10.103169548885461 20
      vertex 18.927050983124843 10.103169548885461 0
    endloop
  endfacet
  facet normal 0.48862124149695096 0.8724960070727994 0
    outer loop
      vertex 19.36197149921864 9.923019572565103 0
      vertex 19.36197149921864 9.923019572565103 20
      vertex 19.567495694147848 9.807920493062277 0
    endloop
  endfacet
  facet normal 0.41865973753743174 0.9081431738250796 0
    outer loop
      vertex 19.36197149921864 9.923019572565103 0
      vertex 19.14805029709527 10.02163859753386 0
      vertex 19.36197149921864 9.923019572565103 20
    endloop
  endfacet
  facet normal 0.73432250943568 0.6788007455329477 0
    outer loop
      vertex 20.281217896800094 9.198344144990552 0
      vertex 20.121320343559642 9.371320343559642 0
      vertex 20.121320343559642 9.371320343559642 20
    endloop
  endfacet
  facet normal 0.678800745532944 0.7343225094356836 0
    outer loop
      vertex 19.94834414499055 9.531217896800094 0
      vertex 20.121320343559642 9.371320343559642 20
      vertex 20.121320343559642 9.371320343559642 0
    endloop
  endfacet
  facet normal 0.7853169308807445 0.6190939493098346 0
    outer loop
      vertex 20.281217896800094 9.198344144990552 0
      vertex 20.427050983124843 9.01335575687742 20
      vertex 20.427050983124843 9.01335575687742 0
    endloop
  endfacet
  facet normal 0.6190939493098382 0.7853169308807415 0
    outer loop
      vertex 19.94834414499055 9.531217896800094 0
      vertex 19.76335575687742 9.677050983124843 0
      vertex 19.76335575687742 9.677050983124843 20
    endloop
  endfacet
  facet normal 0.5555702330196 0.8314696123025469 0
    outer loop
      vertex 19.567495694147848 9.807920493062277 0
      vertex 19.76335575687742 9.677050983124843 20
      vertex 19.76335575687742 9.677050983124843 0
    endloop
  endfacet
  facet normal 0 0 1
    outer loop
      vertex 19.36197149921864 9.923019572565103 20
      vertex -15.939339828220179 7.310660171779821 20
      vertex 11.7 6.45 20
    endloop
  endfacet
  facet normal 0 0 1
    outer loop
      vertex -18 10.25 20
      vertex 19.36197149921864 9.923019572565103 20
      vertex 18 10.25 20
    endloop
  endfacet
  facet normal 1 0 0
    outer loop
      vertex 21 -7.25 20
      vertex 21 7.25 0
      vertex 21 7.25 20
    endloop
  endfacet
  facet normal 0 0 1
    outer loop
      vertex 11.7 6.45 20
      vertex 11.7 -5.418 20
      vertex 13.027630079602323 0.2334453638559054 20
    endloop
  endfacet
  facet normal 0 0 1
    outer loop
      vertex 11.7 6.45 20
      vertex 13.027630079602323 0.2334453638559054 20
      vertex 13.048943483704846 0.3090169943749474 20
    endloop
  endfacet
  facet normal 0 0 1
    outer loop
      vertex 11.7 6.45 20
      vertex 13.048943483704846 0.3090169943749474 20
      vertex 13.076120467488714 0.3826834323650898 20
    endloop
  endfacet
  facet normal 0 0 1
    outer loop
      vertex 11.7 6.45 20
      vertex 13.076120467488714 0.3826834323650898 20
      vertex 13.108993475811632 0.45399049973954675 20
    endloop
  endfacet
  facet normal 0 0 1
    outer loop
      vertex 11.7 6.45 20
      vertex 13.108993475811632 0.45399049973954675 20
      vertex 13.147359835645908 0.5224985647159488 20
    endloop
  endfacet
  facet normal 0 0 1
    outer loop
      vertex 11.7 6.45 20
      vertex 13.147359835645908 0.5224985647159488 20
      vertex 13.190983005625053 0.5877852522924731 20
    endloop
  endfacet
  facet normal 0 0 1
    outer loop
      vertex 11.7 6.45 20
      vertex 13.190983005625053 0.5877852522924731 20
      vertex 13.23959403439997 0.6494480483301837 20
    endloop
  endfacet
  facet normal 0 0 1
    outer loop
      vertex 13.292893218813452 0.7071067811865476 20
      vertex 15.5 6.25 20
      vertex 13.23959403439997 0.6494480483301837 20
    endloop
  endfacet
  facet normal 0 0 1
    outer loop
      vertex 13.292893218813452 0.7071067811865476 20
      vertex 13.350551951669816 0.7604059656000309 20
      vertex 15.504623999400309 6.132311356408232 20
    endloop
  endfacet
  facet normal 0 0 1
    outer loop
      vertex 13.350551951669816 0.7604059656000309 20
      vertex 13.412214747707527 0.8090169943749475 20
      vertex 15.518467489107293 6.015348302439653 20
    endloop
  endfacet
  facet normal 0 0 1
    outer loop
      vertex 13.412214747707527 0.8090169943749475 20
      vertex 13.47750143528405 0.8526401643540922 20
      vertex 15.518467489107293 6.015348302439653 20
    endloop
  endfacet
  facet normal 0 0 1
    outer loop
      vertex 13.47750143528405 0.8526401643540922 20
      vertex 13.546009500260453 0.8910065241883679 20
      vertex 15.541445119403486 5.8998319542161415 20
    endloop
  endfacet
  facet normal 0 0 1
    outer loop
      vertex 13.546009500260453 0.8910065241883679 20
      vertex 13.61731656763491 0.9238795325112867 20
      vertex 15.57341522555727 5.786474508437579 20
    endloop
  endfacet
  facet normal 0 0 1
    outer loop
      vertex 13.61731656763491 0.9238795325112867 20
      vertex 13.690983005625053 0.9510565162951535 20
      vertex 15.614180701233071 5.675974851452366 20
    endloop
  endfacet
  facet normal 0 0 1
    outer loop
      vertex 13.690983005625053 0.9510565162951535 20
      vertex 13.766554636144095 0.9723699203976766 20
      vertex 15.663490213717449 5.56901425039068 20
    endloop
  endfacet
  facet normal 0 0 1
    outer loop
      vertex 14.891006524188368 0.45399049973954675 20
      vertex 17 4.75 20
      vertex 14.852640164354092 0.5224985647159488 20
    endloop
  endfacet
  facet normal 0 0 1
    outer loop
      vertex 14.951056516295154 0.3090169943749474 20
      vertex 17.234651697560345 4.768467489107294 20
      vertex 14.923879532511286 0.3826834323650898 20
    endloop
  endfacet
  facet normal 0 0 1
    outer loop
      vertex 14.923879532511286 0.3826834323650898 20
      vertex 17.117688643591766 4.754623999400308 20
      vertex 14.891006524188368 0.45399049973954675 20
    endloop
  endfacet
  facet normal 0 0 1
    outer loop
      vertex 14.078459095727846 0.996917333733128 20
      vertex 14.156434465040231 0.9876883405951378 20
      vertex 15.939339828220179 5.189339828220179 20
    endloop
  endfacet
  facet normal 0 0 1
    outer loop
      vertex 13.766554636144095 0.9723699203976766 20
      vertex 13.843565534959769 0.9876883405951378 20
      vertex 15.721039753468862 5.466252152926077 20
    endloop
  endfacet
  facet normal 0 0 1
    outer loop
      vertex 13.843565534959769 0.9876883405951378 20
      vertex 13.921540904272154 0.996917333733128 20
      vertex 15.786474508437578 5.36832212156129 20
    endloop
  endfacet
  facet normal 0 0 1
    outer loop
      vertex 13.921540904272154 0.996917333733128 20
      vertex 14 1 20
      vertex 15.859391051599953 5.275827927504724 20
    endloop
  endfacet
  facet normal 0 0 1
    outer loop
      vertex 14 1 20
      vertex 14.078459095727846 0.996917333733128 20
      vertex 15.859391051599953 5.275827927504724 20
    endloop
  endfacet
  facet normal 0 0 1
    outer loop
      vertex 14.233445363855905 0.9723699203976766 20
      vertex 14.309016994374947 0.9510565162951535 20
      vertex 16.11832212156129 5.036474508437578 20
    endloop
  endfacet
  facet normal 0 0 1
    outer loop
      vertex 14.156434465040231 0.9876883405951378 20
      vertex 14.233445363855905 0.9723699203976766 20
      vertex 16.025827927504725 5.109391051599953 20
    endloop
  endfacet
  facet normal 0 0 1
    outer loop
      vertex 14.309016994374947 0.9510565162951535 20
      vertex 14.38268343236509 0.9238795325112867 20
      vertex 16.216252152926078 4.971039753468862 20
    endloop
  endfacet
  facet normal 0 0 1
    outer loop
      vertex 14.38268343236509 0.9238795325112867 20
      vertex 14.453990499739547 0.8910065241883679 20
      vertex 16.31901425039068 4.9134902137174485 20
    endloop
  endfacet
  facet normal 0 0 1
    outer loop
      vertex 14.76040596560003 0.6494480483301837 20
      vertex 16.765348302439655 4.768467489107294 20
      vertex 14.707106781186548 0.7071067811865476 20
    endloop
  endfacet
  facet normal 0 0 1
    outer loop
      vertex 14.453990499739547 0.8910065241883679 20
      vertex 14.52249856471595 0.8526401643540922 20
      vertex 16.31901425039068 4.9134902137174485 20
    endloop
  endfacet
  facet normal 0 0 1
    outer loop
      vertex 14.52249856471595 0.8526401643540922 20
      vertex 14.587785252292473 0.8090169943749475 20
      vertex 16.425974851452366 4.86418070123307 20
    endloop
  endfacet
  facet normal 0 0 1
    outer loop
      vertex 14.649448048330184 0.7604059656000309 20
      vertex 14.707106781186548 0.7071067811865476 20
      vertex 16.649831954216143 4.791445119403486 20
    endloop
  endfacet
  facet normal 0 0 1
    outer loop
      vertex 14.587785252292473 0.8090169943749475 20
      vertex 14.649448048330184 0.7604059656000309 20
      vertex 16.53647450843758 4.8234152255572695 20
    endloop
  endfacet
  facet normal 0 0 1
    outer loop
      vertex 14.809016994374947 0.5877852522924731 20
      vertex 16.882311356408234 4.754623999400308 20
      vertex 14.76040596560003 0.6494480483301837 20
    endloop
  endfacet
  facet normal 0 0 1
    outer loop
      vertex 14.852640164354092 0.5224985647159488 20
      vertex 16.882311356408234 4.754623999400308 20
      vertex 14.809016994374947 0.5877852522924731 20
    endloop
  endfacet
  facet normal 0 0 1
    outer loop
      vertex 14.156434465040231 0.9876883405951378 20
      vertex 16.025827927504725 5.109391051599953 20
      vertex 15.939339828220179 5.189339828220179 20
    endloop
  endfacet
  facet normal 0 0 1
    outer loop
      vertex 14.078459095727846 0.996917333733128 20
      vertex 15.939339828220179 5.189339828220179 20
      vertex 15.859391051599953 5.275827927504724 20
    endloop
  endfacet
  facet normal 0 0 1
    outer loop
      vertex 14.309016994374947 0.9510565162951535 20
      vertex 16.216252152926078 4.971039753468862 20
      vertex 16.11832212156129 5.036474508437578 20
    endloop
  endfacet
  facet normal 0 0 1
    outer loop
      vertex 14.38268343236509 0.9238795325112867 20
      vertex 16.31901425039068 4.9134902137174485 20
      vertex 16.216252152926078 4.971039753468862 20
    endloop
  endfacet
  facet normal 0 0 1
    outer loop
      vertex 14.233445363855905 0.9723699203976766 20
      vertex 16.11832212156129 5.036474508437578 20
      vertex 16.025827927504725 5.109391051599953 20
    endloop
  endfacet
  facet normal 0 0 1
    outer loop
      vertex 11.7 6.45 20
      vertex 13.23959403439997 0.6494480483301837 20
      vertex 15.504623999400309 6.367688643591768 20
    endloop
  endfacet
  facet normal 0 0 1
    outer loop
      vertex 13.766554636144095 0.9723699203976766 20
      vertex 15.721039753468862 5.466252152926077 20
      vertex 15.663490213717449 5.56901425039068 20
    endloop
  endfacet
  facet normal 0 0 1
    outer loop
      vertex 13.690983005625053 0.9510565162951535 20
      vertex 15.663490213717449 5.56901425039068 20
      vertex 15.614180701233071 5.675974851452366 20
    endloop
  endfacet
  facet normal 0 0 1
    outer loop
      vertex 13.61731656763491 0.9238795325112867 20
      vertex 15.614180701233071 5.675974851452366 20
      vertex 15.57341522555727 5.786474508437579 20
    endloop
  endfacet
  facet normal 0 0 1
    outer loop
      vertex 13.23959403439997 0.6494480483301837 20
      vertex 15.5 6.25 20
      vertex 15.504623999400309 6.367688643591768 20
    endloop
  endfacet
  facet normal 0 0 1
    outer loop
      vertex 13.546009500260453 0.8910065241883679 20
      vertex 15.57341522555727 5.786474508437579 20
      vertex 15.541445119403486 5.8998319542161415 20
    endloop
  endfacet
  facet normal 0 0 1
    outer loop
      vertex 13.47750143528405 0.8526401643540922 20
      vertex 15.541445119403486 5.8998319542161415 20
      vertex 15.518467489107293 6.015348302439653 20
    endloop
  endfacet
  facet normal 0 0 1
    outer loop
      vertex 13.350551951669816 0.7604059656000309 20
      vertex 15.518467489107293 6.015348302439653 20
      vertex 15.504623999400309 6.132311356408232 20
    endloop
  endfacet
  facet normal 0 0 1
    outer loop
      vertex 13.292893218813452 0.7071067811865476 20
      vertex 15.504623999400309 6.132311356408232 20
      vertex 15.5 6.25 20
    endloop
  endfacet
  facet normal 0 0 1
    outer loop
      vertex 13.921540904272154 0.996917333733128 20
      vertex 15.859391051599953 5.275827927504724 20
      vertex 15.786474508437578 5.36832212156129 20
    endloop
  endfacet
  facet normal 0 0 1
    outer loop
      vertex 13.843565534959769 0.9876883405951378 20
      vertex 15.786474508437578 5.36832212156129 20
      vertex 15.721039753468862 5.466252152926077 20
    endloop
  endfacet
  facet normal 0 0 1
    outer loop
      vertex 18.27896024653114 -5.466252152926077 20
      vertex 18.27896024653114 5.466252152926077 20
      vertex 15 0 20
    endloop
  endfacet
  facet normal 0 0 1
    outer loop
      vertex 15 0 20
      vertex 17.574025148547634 4.86418070123307 20
      vertex 14.996917333733128 0.07845909572784494 20
    endloop
  endfacet
  facet normal 0 0 1
    outer loop
      vertex 14.996917333733128 0.07845909572784494 20
      vertex 17.46352549156242 4.8234152255572695 20
      vertex 14.987688340595138 0.15643446504023087 20
    endloop
  endfacet
  facet normal 0 0 1
    outer loop
      vertex 14.987688340595138 0.15643446504023087 20
      vertex 17.350168045783857 4.791445119403486 20
      vertex 14.972369920397677 0.2334453638559054 20
    endloop
  endfacet
  facet normal 0 0 1
    outer loop
      vertex 14.972369920397677 0.2334453638559054 20
      vertex 17.350168045783857 4.791445119403486 20
      vertex 14.951056516295154 0.3090169943749474 20
    endloop
  endfacet
  facet normal 0 0 1
    outer loop
      vertex 18.27896024653114 -5.466252152926077 20
      vertex 18.33650978628255 5.56901425039068 20
      vertex 18.27896024653114 5.466252152926077 20
    endloop
  endfacet
  facet normal 0 0 1
    outer loop
      vertex 18.33650978628255 -5.56901425039068 20
      vertex 18.38581929876693 5.675974851452366 20
      vertex 18.33650978628255 5.56901425039068 20
    endloop
  endfacet
  facet normal 0 0 1
    outer loop
      vertex 18.33650978628255 -5.56901425039068 20
      vertex 18.42658477444273 5.786474508437579 20
      vertex 18.38581929876693 5.675974851452366 20
    endloop
  endfacet
  facet normal 0 0 1
    outer loop
      vertex 18.33650978628255 -5.56901425039068 20
      vertex 18.458554880596516 5.8998319542161415 20
      vertex 18.42658477444273 5.786474508437579 20
    endloop
  endfacet
  facet normal 0 0 1
    outer loop
      vertex 18.33650978628255 -5.56901425039068 20
      vertex 18.481532510892706 6.015348302439653 20
      vertex 18.458554880596516 5.8998319542161415 20
    endloop
  endfacet
  facet normal 0 0 1
    outer loop
      vertex 18.33650978628255 -5.56901425039068 20
      vertex 18.49537600059969 6.132311356408232 20
      vertex 18.481532510892706 6.015348302439653 20
    endloop
  endfacet
  facet normal 0 0 1
    outer loop
      vertex 18.33650978628255 -5.56901425039068 20
      vertex 18.5 6.25 20
      vertex 18.49537600059969 6.132311356408232 20
    endloop
  endfacet
  facet normal 0 0 1
    outer loop
      vertex 14.587785252292473 0.8090169943749475 20
      vertex 16.53647450843758 4.8234152255572695 20
      vertex 16.425974851452366 4.86418070123307 20
    endloop
  endfacet
  facet normal 0 0 1
    outer loop
      vertex 14.707106781186548 0.7071067811865476 20
      vertex 16.765348302439655 4.768467489107294 20
      vertex 16.649831954216143 4.791445119403486 20
    endloop
  endfacet
  facet normal 0 0 1
    outer loop
      vertex 14.649448048330184 0.7604059656000309 20
      vertex 16.649831954216143 4.791445119403486 20
      vertex 16.53647450843758 4.8234152255572695 20
    endloop
  endfacet
  facet normal 0 0 1
    outer loop
      vertex 14.852640164354092 0.5224985647159488 20
      vertex 17 4.75 20
      vertex 16.882311356408234 4.754623999400308 20
    endloop
  endfacet
  facet normal 0 0 1
    outer loop
      vertex 14.891006524188368 0.45399049973954675 20
      vertex 17.117688643591766 4.754623999400308 20
      vertex 17 4.75 20
    endloop
  endfacet
  facet normal 0 0 1
    outer loop
      vertex 14.76040596560003 0.6494480483301837 20
      vertex 16.882311356408234 4.754623999400308 20
      vertex 16.765348302439655 4.768467489107294 20
    endloop
  endfacet
  facet normal 0 0 1
    outer loop
      vertex 14.52249856471595 0.8526401643540922 20
      vertex 16.425974851452366 4.86418070123307 20
      vertex 16.31901425039068 4.9134902137174485 20
    endloop
  endfacet
  facet normal 0 0 1
    outer loop
      vertex 14.923879532511286 0.3826834323650898 20
      vertex 17.234651697560345 4.768467489107294 20
      vertex 17.117688643591766 4.754623999400308 20
    endloop
  endfacet
  facet normal 0 0 1
    outer loop
      vertex 14.951056516295154 0.3090169943749474 20
      vertex 17.350168045783857 4.791445119403486 20
      vertex 17.234651697560345 4.768467489107294 20
    endloop
  endfacet
  facet normal 0 0 1
    outer loop
      vertex 14.987688340595138 0.15643446504023087 20
      vertex 17.46352549156242 4.8234152255572695 20
      vertex 17.350168045783857 4.791445119403486 20
    endloop
  endfacet
  facet normal 0 0 1
    outer loop
      vertex 14.996917333733128 0.07845909572784494 20
      vertex 17.574025148547634 4.86418070123307 20
      vertex 17.46352549156242 4.8234152255572695 20
    endloop
  endfacet
  facet normal 0 0 1
    outer loop
      vertex 15 0 20
      vertex 17.68098574960932 4.9134902137174485 20
      vertex 17.574025148547634 4.86418070123307 20
    endloop
  endfacet
  facet normal 0 0 1
    outer loop
      vertex 15 0 20
      vertex 17.783747847073922 4.971039753468862 20
      vertex 17.68098574960932 4.9134902137174485 20
    endloop
  endfacet
  facet normal 0 0 1
    outer loop
      vertex 15 0 20
      vertex 17.88167787843871 5.036474508437578 20
      vertex 17.783747847073922 4.971039753468862 20
    endloop
  endfacet
  facet normal 0 0 1
    outer loop
      vertex 15 0 20
      vertex 17.974172072495275 5.109391051599953 20
      vertex 17.88167787843871 5.036474508437578 20
    endloop
  endfacet
  facet normal 0 0 1
    outer loop
      vertex 15 0 20
      vertex 18.060660171779823 5.189339828220179 20
      vertex 17.974172072495275 5.109391051599953 20
    endloop
  endfacet
  facet normal 0 0 1
    outer loop
      vertex 15 0 20
      vertex 18.140608948400047 5.275827927504724 20
      vertex 18.060660171779823 5.189339828220179 20
    endloop
  endfacet
  facet normal 0 0 1
    outer loop
      vertex 15 0 20
      vertex 18.21352549156242 5.36832212156129 20
      vertex 18.140608948400047 5.275827927504724 20
    endloop
  endfacet
  facet normal 0 0 1
    outer loop
      vertex 15 0 20
      vertex 18.27896024653114 5.466252152926077 20
      vertex 18.21352549156242 5.36832212156129 20
    endloop
  endfacet
  facet normal 0 0 1
    outer loop
      vertex 19.36197149921864 9.923019572565103 20
      vertex 18.5 6.25 20
      vertex 18.33650978628255 -5.56901425039068 20
    endloop
  endfacet
  facet normal 0 0 1
    outer loop
      vertex 21 -7.25 20
      vertex 21 7.25 20
      vertex 19.36197149921864 9.923019572565103 20
    endloop
  endfacet
  facet normal 0.9992290362407227 0.039259815759074945 0
    outer loop
      vertex 21 7.25 0
      vertex 20.990752001199382 7.4853772871835345 20
      vertex 21 7.25 20
    endloop
  endfacet
  facet normal 0.9930684569549277 0.11753739745782511 0
    outer loop
      vertex 20.963065021785415 7.719303395120693 0
      vertex 20.963065021785415 7.719303395120693 20
      vertex 20.990752001199382 7.4853772871835345 20
    endloop
  endfacet
  facet normal 0.03925981575906727 0.9992290362407231 0
    outer loop
      vertex 18.235377287183535 10.240752001199384 0
      vertex 18 10.25 20
      vertex 18.235377287183535 10.240752001199384 20
    endloop
  endfacet
  facet normal 0.11753739745783999 0.9930684569549261 0
    outer loop
      vertex 18.235377287183535 10.240752001199384 0
      vertex 18.235377287183535 10.240752001199384 20
      vertex 18.469303395120694 10.213065021785413 20
    endloop
  endfacet
  facet normal 0.9807852804032283 0.19509032201613946 0
    outer loop
      vertex 20.963065021785415 7.719303395120693 0
      vertex 20.91710976119303 7.950336091567716 20
      vertex 20.963065021785415 7.719303395120693 20
    endloop
  endfacet
  facet normal 0.9624552364536487 0.2714404498650693 0
    outer loop
      vertex 20.91710976119303 7.950336091567716 0
      vertex 20.85316954888546 8.177050983124841 20
      vertex 20.91710976119303 7.950336091567716 20
    endloop
  endfacet
  facet normal 0.9381913359224813 0.34611705707750096 0
    outer loop
      vertex 20.85316954888546 8.177050983124841 0
      vertex 20.771638597533858 8.398050297095269 20
      vertex 20.85316954888546 8.177050983124841 20
    endloop
  endfacet
  facet normal 0.9081431738250838 0.4186597375374227 0
    outer loop
      vertex 20.673019572565103 8.61197149921864 0
      vertex 20.673019572565103 8.61197149921864 20
      vertex 20.771638597533858 8.398050297095269 20
    endloop
  endfacet
  facet normal 0.8724960070727976 0.4886212414969542 0
    outer loop
      vertex 20.673019572565103 8.61197149921864 0
      vertex 20.557920493062277 8.817495694147846 20
      vertex 20.673019572565103 8.61197149921864 20
    endloop
  endfacet
  facet normal 0.8314696123025492 0.5555702330195964 0
    outer loop
      vertex 20.427050983124843 9.01335575687742 0
      vertex 20.427050983124843 9.01335575687742 20
      vertex 20.557920493062277 8.817495694147846 20
    endloop
  endfacet
  facet normal 0.19509032201613216 0.9807852804032297 0
    outer loop
      vertex 18.700336091567717 10.167109761193029 0
      vertex 18.469303395120694 10.213065021785413 20
      vertex 18.700336091567717 10.167109761193029 20
    endloop
  endfacet
  facet normal 0.2714404498650684 0.9624552364536489 0
    outer loop
      vertex 18.700336091567717 10.167109761193029 0
      vertex 18.700336091567717 10.167109761193029 20
      vertex 18.927050983124843 10.103169548885461 20
    endloop
  endfacet
  facet normal 0.5555702330196 0.8314696123025469 0
    outer loop
      vertex 19.567495694147848 9.807920493062277 0
      vertex 19.567495694147848 9.807920493062277 20
      vertex 19.76335575687742 9.677050983124843 20
    endloop
  endfacet
  facet normal 0.48862124149695096 0.8724960070727994 0
    outer loop
      vertex 19.567495694147848 9.807920493062277 0
      vertex 19.36197149921864 9.923019572565103 20
      vertex 19.567495694147848 9.807920493062277 20
    endloop
  endfacet
  facet normal 0.34611705707749435 0.9381913359224837 0
    outer loop
      vertex 19.14805029709527 10.02163859753386 0
      vertex 18.927050983124843 10.103169548885461 20
      vertex 19.14805029709527 10.02163859753386 20
    endloop
  endfacet
  facet normal 0.41865973753743174 0.9081431738250796 0
    outer loop
      vertex 19.14805029709527 10.02163859753386 0
      vertex 19.14805029709527 10.02163859753386 20
      vertex 19.36197149921864 9.923019572565103 20
    endloop
  endfacet
  facet normal 0.7853169308807445 0.6190939493098346 0
    outer loop
      vertex 20.281217896800094 9.198344144990552 0
      vertex 20.281217896800094 9.198344144990552 20
      vertex 20.427050983124843 9.01335575687742 20
    endloop
  endfacet
  facet normal 0.73432250943568 0.6788007455329477 0
    outer loop
      vertex 20.281217896800094 9.198344144990552 0
      vertex 20.121320343559642 9.371320343559642 20
      vertex 20.281217896800094 9.198344144990552 20
    endloop
  endfacet
  facet normal 0.678800745532944 0.7343225094356836 0
    outer loop
      vertex 19.94834414499055 9.531217896800094 0
      vertex 19.94834414499055 9.531217896800094 20
      vertex 20.121320343559642 9.371320343559642 20
    endloop
  endfacet
  facet normal 0.6190939493098382 0.7853169308807415 0
    outer loop
      vertex 19.94834414499055 9.531217896800094 0
      vertex 19.76335575687742 9.677050983124843 20
      vertex 19.94834414499055 9.531217896800094 20
    endloop
  endfacet
  facet normal 0 0 1
    outer loop
      vertex 11.7 6.45 20
      vertex 15.504623999400309 6.367688643591768 20
      vertex 15.518467489107293 6.484651697560347 20
    endloop
  endfacet
  facet normal 0 0 1
    outer loop
      vertex 11.7 6.45 20
      vertex 15.518467489107293 6.484651697560347 20
      vertex 15.541445119403486 6.6001680457838585 20
    endloop
  endfacet
  facet normal 0 0 1
    outer loop
      vertex 11.7 6.45 20
      vertex 15.541445119403486 6.6001680457838585 20
      vertex 15.57341522555727 6.713525491562421 20
    endloop
  endfacet
  facet normal 0 0 1
    outer loop
      vertex 11.7 6.45 20
      vertex 15.57341522555727 6.713525491562421 20
      vertex 15.614180701233071 6.824025148547634 20
    endloop
  endfacet
  facet normal 0 0 1
    outer loop
      vertex 11.7 6.45 20
      vertex 15.614180701233071 6.824025148547634 20
      vertex 15.663490213717449 6.93098574960932 20
    endloop
  endfacet
  facet normal 0 0 1
    outer loop
      vertex 11.7 6.45 20
      vertex 15.663490213717449 6.93098574960932 20
      vertex 15.721039753468862 7.033747847073923 20
    endloop
  endfacet
  facet normal 0 0 1
    outer loop
      vertex 11.7 6.45 20
      vertex 15.721039753468862 7.033747847073923 20
      vertex 15.786474508437578 7.13167787843871 20
    endloop
  endfacet
  facet normal 0 0 1
    outer loop
      vertex 11.7 6.45 20
      vertex 15.786474508437578 7.13167787843871 20
      vertex 15.859391051599953 7.224172072495276 20
    endloop
  endfacet
  facet normal 0 0 1
    outer loop
      vertex 11.7 6.45 20
      vertex 15.859391051599953 7.224172072495276 20
      vertex 15.939339828220179 7.310660171779821 20
    endloop
  endfacet
  facet normal 0 0 1
    outer loop
      vertex 11.7 6.45 20
      vertex 15.939339828220179 7.310660171779821 20
      vertex 16.025827927504725 7.390608948400047 20
    endloop
  endfacet
  facet normal 0 0 1
    outer loop
      vertex 11.7 6.45 20
      vertex 16.025827927504725 7.390608948400047 20
      vertex 16.11832212156129 7.463525491562422 20
    endloop
  endfacet
  facet normal 0 0 1
    outer loop
      vertex 11.7 6.45 20
      vertex 16.11832212156129 7.463525491562422 20
      vertex 16.216252152926078 7.528960246531138 20
    endloop
  endfacet
  facet normal 0 0 1
    outer loop
      vertex 11.7 6.45 20
      vertex 16.216252152926078 7.528960246531138 20
      vertex 16.31901425039068 7.5865097862825515 20
    endloop
  endfacet
  facet normal 0 0 1
    outer loop
      vertex 11.7 6.45 20
      vertex 16.31901425039068 7.5865097862825515 20
      vertex 16.425974851452366 7.63581929876693 20
    endloop
  endfacet
  facet normal 0 0 1
    outer loop
      vertex 19.36197149921864 9.923019572565103 20
      vertex 18.49537600059969 6.367688643591768 20
      vertex 18.5 6.25 20
    endloop
  endfacet
  facet normal 0 0 1
    outer loop
      vertex 19.36197149921864 9.923019572565103 20
      vertex 18.481532510892706 6.484651697560347 20
      vertex 18.49537600059969 6.367688643591768 20
    endloop
  endfacet
  facet normal 0 0 1
    outer loop
      vertex 19.36197149921864 9.923019572565103 20
      vertex 18.458554880596516 6.6001680457838585 20
      vertex 18.481532510892706 6.484651697560347 20
    endloop
  endfacet
  facet normal 0 0 1
    outer loop
      vertex 19.36197149921864 9.923019572565103 20
      vertex 11.7 6.45 20
      vertex 16.425974851452366 7.63581929876693 20
    endloop
  endfacet
  facet normal 0 0 1
    outer loop
      vertex 19.36197149921864 9.923019572565103 20
      vertex 17.783747847073922 7.528960246531138 20
      vertex 17.88167787843871 7.463525491562422 20
    endloop
  endfacet
  facet normal 0 0 1
    outer loop
      vertex 19.36197149921864 9.923019572565103 20
      vertex 16.425974851452366 7.63581929876693 20
      vertex 16.53647450843758 7.6765847744427305 20
    endloop
  endfacet
  facet normal 0 0 1
    outer loop
      vertex 19.36197149921864 9.923019572565103 20
      vertex 16.53647450843758 7.6765847744427305 20
      vertex 16.649831954216143 7.708554880596514 20
    endloop
  endfacet
  facet normal 0 0 1
    outer loop
      vertex 19.36197149921864 9.923019572565103 20
      vertex 16.649831954216143 7.708554880596514 20
      vertex 16.765348302439655 7.731532510892706 20
    endloop
  endfacet
  facet normal 0 0 1
    outer loop
      vertex 19.36197149921864 9.923019572565103 20
      vertex 16.765348302439655 7.731532510892706 20
      vertex 16.882311356408234 7.745376000599692 20
    endloop
  endfacet
  facet normal 0 0 1
    outer loop
      vertex 19.36197149921864 9.923019572565103 20
      vertex 16.882311356408234 7.745376000599692 20
      vertex 17 7.75 20
    endloop
  endfacet
  facet normal 0 0 1
    outer loop
      vertex 19.36197149921864 9.923019572565103 20
      vertex 17 7.75 20
      vertex 17.117688643591766 7.745376000599692 20
    endloop
  endfacet
  facet normal 0 0 1
    outer loop
      vertex 19.36197149921864 9.923019572565103 20
      vertex 17.117688643591766 7.745376000599692 20
      vertex 17.234651697560345 7.731532510892706 20
    endloop
  endfacet
  facet normal 0 0 1
    outer loop
      vertex 19.36197149921864 9.923019572565103 20
      vertex 17.234651697560345 7.731532510892706 20
      vertex 17.350168045783857 7.708554880596514 20
    endloop
  endfacet
  facet normal 0 0 1
    outer loop
      vertex 19.36197149921864 9.923019572565103 20
      vertex 17.574025148547634 7.63581929876693 20
      vertex 17.68098574960932 7.5865097862825515 20
    endloop
  endfacet
  facet normal 0 0 1
    outer loop
      vertex 19.36197149921864 9.923019572565103 20
      vertex 17.350168045783857 7.708554880596514 20
      vertex 17.46352549156242 7.6765847744427305 20
    endloop
  endfacet
  facet normal 0 0 1
    outer loop
      vertex 19.36197149921864 9.923019572565103 20
      vertex 17.46352549156242 7.6765847744427305 20
      vertex 17.574025148547634 7.63581929876693 20
    endloop
  endfacet
  facet normal 0 0 1
    outer loop
      vertex 19.36197149921864 9.923019572565103 20
      vertex 17.68098574960932 7.5865097862825515 20
      vertex 17.783747847073922 7.528960246531138 20
    endloop
  endfacet
  facet normal 0 0 1
    outer loop
      vertex 19.36197149921864 9.923019572565103 20
      vertex 18.33650978628255 6.93098574960932 20
      vertex 18.38581929876693 6.824025148547634 20
    endloop
  endfacet
  facet normal 0 0 1
    outer loop
      vertex 19.36197149921864 9.923019572565103 20
      vertex 18.27896024653114 7.033747847073923 20
      vertex 18.33650978628255 6.93098574960932 20
    endloop
  endfacet
  facet normal 0 0 1
    outer loop
      vertex 19.36197149921864 9.923019572565103 20
      vertex 18.42658477444273 6.713525491562421 20
      vertex 18.458554880596516 6.6001680457838585 20
    endloop
  endfacet
  facet normal 0 0 1
    outer loop
      vertex 19.36197149921864 9.923019572565103 20
      vertex 18.38581929876693 6.824025148547634 20
      vertex 18.42658477444273 6.713525491562421 20
    endloop
  endfacet
  facet normal 0 0 1
    outer loop
      vertex 19.36197149921864 9.923019572565103 20
      vertex 18.060660171779823 7.310660171779821 20
      vertex 18.140608948400047 7.224172072495276 20
    endloop
  endfacet
  facet normal 0 0 1
    outer loop
      vertex 19.36197149921864 9.923019572565103 20
      vertex 18.21352549156242 7.13167787843871 20
      vertex 18.27896024653114 7.033747847073923 20
    endloop
  endfacet
  facet normal 0 0 1
    outer loop
      vertex 19.36197149921864 9.923019572565103 20
      vertex 18.140608948400047 7.224172072495276 20
      vertex 18.21352549156242 7.13167787843871 20
    endloop
  endfacet
  facet normal 0 0 1
    outer loop
      vertex 19.36197149921864 9.923019572565103 20
      vertex 17.974172072495275 7.390608948400047 20
      vertex 18.060660171779823 7.310660171779821 20
    endloop
  endfacet
  facet normal 0 0 1
    outer loop
      vertex 19.36197149921864 9.923019572565103 20
      vertex 17.88167787843871 7.463525491562422 20
      vertex 17.974172072495275 7.390608948400047 20
    endloop
  endfacet
  facet normal 0 0 1
    outer loop
      vertex 21 7.25 20
      vertex 20.990752001199382 7.4853772871835345 20
      vertex 19.36197149921864 9.923019572565103 20
    endloop
  endfacet
  facet normal 0 0 1
    outer loop
      vertex 20.85316954888546 8.177050983124841 20
      vertex 20.771638597533858 8.398050297095269 20
      vertex 19.36197149921864 9.923019572565103 20
    endloop
  endfacet
  facet normal 0 0 1
    outer loop
      vertex 20.990752001199382 7.4853772871835345 20
      vertex 20.963065021785415 7.719303395120693 20
      vertex 19.36197149921864 9.923019572565103 20
    endloop
  endfacet
  facet normal 0 0 1
    outer loop
      vertex 20.963065021785415 7.719303395120693 20
      vertex 20.91710976119303 7.950336091567716 20
      vertex 19.36197149921864 9.923019572565103 20
    endloop
  endfacet
  facet normal 0 0 1
    outer loop
      vertex 20.91710976119303 7.950336091567716 20
      vertex 20.85316954888546 8.177050983124841 20
      vertex 19.36197149921864 9.923019572565103 20
    endloop
  endfacet
  facet normal 0 0 1
    outer loop
      vertex 18 10.25 20
      vertex 19.36197149921864 9.923019572565103 20
      vertex 18.235377287183535 10.240752001199384 20
    endloop
  endfacet
  facet normal 0 0 1
    outer loop
      vertex 18.235377287183535 10.240752001199384 20
      vertex 19.36197149921864 9.923019572565103 20
      vertex 18.469303395120694 10.213065021785413 20
    endloop
  endfacet
  facet normal 0 0 1
    outer loop
      vertex 18.700336091567717 10.167109761193029 20
      vertex 19.36197149921864 9.923019572565103 20
      vertex 18.927050983124843 10.103169548885461 20
    endloop
  endfacet
  facet normal 0 0 1
    outer loop
      vertex 18.469303395120694 10.213065021785413 20
      vertex 19.36197149921864 9.923019572565103 20
      vertex 18.700336091567717 10.167109761193029 20
    endloop
  endfacet
  facet normal 0 0 1
    outer loop
      vertex 19.36197149921864 9.923019572565103 20
      vertex 19.76335575687742 9.677050983124843 20
      vertex 19.567495694147848 9.807920493062277 20
    endloop
  endfacet
  facet normal 0 0 1
    outer loop
      vertex 18.927050983124843 10.103169548885461 20
      vertex 19.36197149921864 9.923019572565103 20
      vertex 19.14805029709527 10.02163859753386 20
    endloop
  endfacet
  facet normal 0 0 1
    outer loop
      vertex 20.771638597533858 8.398050297095269 20
      vertex 20.673019572565103 8.61197149921864 20
      vertex 19.36197149921864 9.923019572565103 20
    endloop
  endfacet
  facet normal 0 0 1
    outer loop
      vertex 20.673019572565103 8.61197149921864 20
      vertex 20.557920493062277 8.817495694147846 20
      vertex 19.36197149921864 9.923019572565103 20
    endloop
  endfacet
  facet normal 0 0 1
    outer loop
      vertex 20.557920493062277 8.817495694147846 20
      vertex 20.427050983124843 9.01335575687742 20
      vertex 19.36197149921864 9.923019572565103 20
    endloop
  endfacet
  facet normal 0 0 1
    outer loop
      vertex 19.36197149921864 9.923019572565103 20
      vertex 20.121320343559642 9.371320343559642 20
      vertex 19.94834414499055 9.531217896800094 20
    endloop
  endfacet
  facet normal 0 0 1
    outer loop
      vertex 19.36197149921864 9.923019572565103 20
      vertex 20.281217896800094 9.198344144990552 20
      vertex 20.121320343559642 9.371320343559642 20
    endloop
  endfacet
  facet normal 0 0 1
    outer loop
      vertex 19.36197149921864 9.923019572565103 20
      vertex 20.427050983124843 9.01335575687742 20
      vertex 20.281217896800094 9.198344144990552 20
    endloop
  endfacet
  facet normal 0 0 1
    outer loop
      vertex 19.36197149921864 9.923019572565103 20
      vertex 19.94834414499055 9.531217896800094 20
      vertex 19.76335575687742 9.677050983124843 20
    endloop
  endfacet
endsolid OpenSCAD_Model
