solid OpenSCAD_Model
  facet normal -1 0 0
    outer loop
      vertex -35 -10 0
      vertex -35 -10 2
      vertex -35 10 2
    endloop
  endfacet
  facet normal 0 0 -1
    outer loop
      vertex -35 -10 0
      vertex -3.7255688011943837 -7.660628194714182 0
      vertex -2.7038987007807895 -8.079405493649212 0
    endloop
  endfacet
  facet normal 0 0 -1
    outer loop
      vertex -35 -10 0
      vertex -4.688484456066222 -7.112586775251588 0
      vertex -3.7255688011943837 -7.660628194714182 0
    endloop
  endfacet
  facet normal 0 -1 0
    outer loop
      vertex -35 -10 0
      vertex 35 -10 2
      vertex -35 -10 2
    endloop
  endfacet
  facet normal 0 0 -1
    outer loop
      vertex -35 -10 0
      vertex -1.6395865026250922 -8.36231430388704 0
      vertex -0.5494170458814954 -8.504892984488688 0
    endloop
  endfacet
  facet normal 0 0 -1
    outer loop
      vertex -35 -10 0
      vertex -2.7038987007807895 -8.079405493649212 0
      vertex -1.6395865026250922 -8.36231430388704 0
    endloop
  endfacet
  facet normal 0 0 1
    outer loop
      vertex -35 -10 2
      vertex -3.7255688011943837 -8.196526579576426 2
      vertex -4.688484456066222 -7.648485160113832 2
    endloop
  endfacet
  facet normal 0 0 1
    outer loop
      vertex -35 -10 2
      vertex -2.7038987007807895 -8.615303878511456 2
      vertex -3.7255688011943837 -8.196526579576426 2
    endloop
  endfacet
  facet normal 0 0 1
    outer loop
      vertex -35 -10 2
      vertex -4.688484456066222 -7.648485160113832 2
      vertex -5.577459910301035 -6.979822560692679 2
    endloop
  endfacet
  facet normal 0 0 1
    outer loop
      vertex -35 -10 2
      vertex -0.5494170458814954 -9.040791369350934 2
      vertex -1.6395865026250922 -8.898212688749286 2
    endloop
  endfacet
  facet normal 0 0 1
    outer loop
      vertex -35 -10 2
      vertex 0.5494170458814954 -9.040791369350934 2
      vertex -0.5494170458814954 -9.040791369350934 2
    endloop
  endfacet
  facet normal 0 0 1
    outer loop
      vertex -35 -10 2
      vertex -1.6395865026250922 -8.898212688749286 2
      vertex -2.7038987007807895 -8.615303878511456 2
    endloop
  endfacet
  facet normal 0 0 -1
    outer loop
      vertex -35 -10 0
      vertex -6.378475489937352 -5.66518560508326 0
      vertex -5.577459910301035 -6.443924175830434 0
    endloop
  endfacet
  facet normal 0 0 -1
    outer loop
      vertex -35 -10 0
      vertex -7.07889870078079 -4.78865223546663 0
      vertex -6.378475489937352 -5.66518560508326 0
    endloop
  endfacet
  facet normal 0 0 -1
    outer loop
      vertex -35 -10 0
      vertex -5.577459910301035 -6.443924175830434 0
      vertex -4.688484456066222 -7.112586775251588 0
    endloop
  endfacet
  facet normal 0 0 -1
    outer loop
      vertex -35 -10 0
      vertex -7.667683450383805 -3.8281475218350485 0
      vertex -7.07889870078079 -4.78865223546663 0
    endloop
  endfacet
  facet normal 0 0 -1
    outer loop
      vertex -35 -10 0
      vertex -8.1355442515222 -2.798819197300187 0
      vertex -7.667683450383805 -3.8281475218350485 0
    endloop
  endfacet
  facet normal 0 0 1
    outer loop
      vertex -35 -10 2
      vertex -5.577459910301035 -6.979822560692679 2
      vertex -6.378475489937352 -6.201083989945506 2
    endloop
  endfacet
  facet normal 0 0 1
    outer loop
      vertex -35 -10 2
      vertex -6.378475489937352 -6.201083989945506 2
      vertex -7.07889870078079 -5.324550620328876 2
    endloop
  endfacet
  facet normal 0 0 1
    outer loop
      vertex -35 -10 2
      vertex -7.07889870078079 -5.324550620328876 2
      vertex -7.667683450383805 -4.364045906697294 2
    endloop
  endfacet
  facet normal 0 0 1
    outer loop
      vertex -35 -10 2
      vertex -7.667683450383805 -4.364045906697294 2
      vertex -8.1355442515222 -3.334717582162432 2
    endloop
  endfacet
  facet normal 0 0 -1
    outer loop
      vertex -35 -10 0
      vertex -0.5494170458814954 -8.504892984488688 0
      vertex 35 -10 0
    endloop
  endfacet
  facet normal 0 0 -1
    outer loop
      vertex -35 -10 0
      vertex -8.475102659875521 -1.7169003844309028 0
      vertex -8.1355442515222 -2.798819197300187 0
    endloop
  endfacet
  facet normal 0 0 -1
    outer loop
      vertex -35 -10 0
      vertex -8.681003636501682 -0.5994535892131081 0
      vertex -8.475102659875521 -1.7169003844309028 0
    endloop
  endfacet
  facet normal 0 0 1
    outer loop
      vertex -35 -10 2
      vertex -8.1355442515222 -3.334717582162432 2
      vertex -8.475102659875521 -2.252798769293148 2
    endloop
  endfacet
  facet normal 0 0 1
    outer loop
      vertex -35 -10 2
      vertex -8.475102659875521 -2.252798769293148 2
      vertex -8.681003636501682 -1.1353519740753535 2
    endloop
  endfacet
  facet normal 0 0 1
    outer loop
      vertex -35 -10 2
      vertex -8.681003636501682 -1.1353519740753535 2
      vertex -8.75 0 2
    endloop
  endfacet
  facet normal 0 0 1
    outer loop
      vertex -35 -10 2
      vertex -8.75 0 2
      vertex -8.681003636501682 1.1353519740753533 2
    endloop
  endfacet
  facet normal 0 0 1
    outer loop
      vertex -35 -10 2
      vertex -8.681003636501682 1.1353519740753533 2
      vertex -8.475102659875521 2.2527987692931477 2
    endloop
  endfacet
  facet normal -1 0 0
    outer loop
      vertex -35 -10 0
      vertex -35 10 2
      vertex -35 10 0
    endloop
  endfacet
  facet normal 0 0 -1
    outer loop
      vertex -35 -10 0
      vertex -35 10 0
      vertex -8.681003636501682 -0.5994535892131081 0
    endloop
  endfacet
  facet normal 0 0 1
    outer loop
      vertex -35 -10 2
      vertex -8.475102659875521 2.2527987692931477 2
      vertex -35 10 2
    endloop
  endfacet
  facet normal 0 0 -1
    outer loop
      vertex -8.681003636501682 -0.5994535892131081 0
      vertex -35 10 0
      vertex -8.75 0.5358983848622453 0
    endloop
  endfacet
  facet normal 0 0 -1
    outer loop
      vertex -35 10 0
      vertex -8.681003636501682 1.6712503589375987 0
      vertex -8.75 0.5358983848622453 0
    endloop
  endfacet
  facet normal 0 0 -1
    outer loop
      vertex -35 10 0
      vertex -8.475102659875521 2.7886971541553933 0
      vertex -8.681003636501682 1.6712503589375987 0
    endloop
  endfacet
  facet normal 0 0 -1
    outer loop
      vertex -35 10 0
      vertex -8.1355442515222 3.870615967024677 0
      vertex -8.475102659875521 2.7886971541553933 0
    endloop
  endfacet
  facet normal 0 0 -1
    outer loop
      vertex -35 10 0
      vertex -7.66777223385588 4.899748961362321 0
      vertex -8.1355442515222 3.870615967024677 0
    endloop
  endfacet
  facet normal 0 0 1
    outer loop
      vertex -35 10 2
      vertex -8.475102659875521 2.2527987692931477 2
      vertex -8.1355442515222 3.334717582162432 2
    endloop
  endfacet
  facet normal 0 0 1
    outer loop
      vertex -35 10 2
      vertex -8.1355442515222 3.334717582162432 2
      vertex -7.667683450383805 4.364045906697294 2
    endloop
  endfacet
  facet normal 0 0 1
    outer loop
      vertex -35 10 2
      vertex -7.667683450383805 4.364045906697294 2
      vertex -7.07889870078079 5.324550620328876 2
    endloop
  endfacet
  facet normal 0 0 1
    outer loop
      vertex -35 10 2
      vertex -7.07889870078079 5.324550620328876 2
      vertex -6.378475489937352 6.201083989945506 2
    endloop
  endfacet
  facet normal 0 1 0
    outer loop
      vertex -35 10 0
      vertex -35 10 2
      vertex 35 10 0
    endloop
  endfacet
  facet normal 0 0 1
    outer loop
      vertex -35 10 2
      vertex -6.378475489937352 6.201083989945506 2
      vertex -5.577459910301035 6.979822560692679 2
    endloop
  endfacet
  facet normal 0 0 1
    outer loop
      vertex -35 10 2
      vertex -5.577459910301035 6.979822560692679 2
      vertex -4.688484456066222 7.648485160113832 2
    endloop
  endfacet
  facet normal 0 0 1
    outer loop
      vertex -35 10 2
      vertex -4.688484456066222 7.648485160113832 2
      vertex -3.7255688011943864 8.196526579576425 2
    endloop
  endfacet
  facet normal 0 0 1
    outer loop
      vertex -35 10 2
      vertex -3.7255688011943864 8.196526579576425 2
      vertex -2.7038987007807895 8.615303878511456 2
    endloop
  endfacet
  facet normal 0 0 1
    outer loop
      vertex -35 10 2
      vertex -2.7038987007807895 8.615303878511456 2
      vertex -1.63958650262509 8.898212688749286 2
    endloop
  endfacet
  facet normal 0 0 1
    outer loop
      vertex -35 10 2
      vertex -1.63958650262509 8.898212688749286 2
      vertex -0.5494170458814912 9.040791369350933 2
    endloop
  endfacet
  facet normal 0 0 -1
    outer loop
      vertex -35 10 0
      vertex 35 10 0
      vertex -7.66777223385588 4.899748961362321 0
    endloop
  endfacet
  facet normal 0 0 1
    outer loop
      vertex -35 10 2
      vertex -0.5494170458814912 9.040791369350933 2
      vertex 35 10 2
    endloop
  endfacet
  facet normal 0 0 1
    outer loop
      vertex -35 -10 2
      vertex 35 -10 2
      vertex 0.5494170458814954 -9.040791369350934 2
    endloop
  endfacet
  facet normal 0 -1 0
    outer loop
      vertex -35 -10 0
      vertex 35 -10 0
      vertex 35 -10 2
    endloop
  endfacet
  facet normal 0 0 -1
    outer loop
      vertex -0.5494170458814954 -8.504892984488688 0
      vertex 0.5494170458814954 -8.504892984488688 0
      vertex 35 -10 0
    endloop
  endfacet
  facet normal 0 0 -1
    outer loop
      vertex 0.5494170458814954 -8.504892984488688 0
      vertex 1.6395865026250922 -8.36231430388704 0
      vertex 35 -10 0
    endloop
  endfacet
  facet normal 0 0 -1
    outer loop
      vertex 1.6395865026250922 -8.36231430388704 0
      vertex 2.7038987007807895 -8.079405493649212 0
      vertex 35 -10 0
    endloop
  endfacet
  facet normal 0 0 -1
    outer loop
      vertex 2.7038987007807895 -8.079405493649212 0
      vertex 3.7255688011943837 -7.660628194714182 0
      vertex 35 -10 0
    endloop
  endfacet
  facet normal 0 0 -1
    outer loop
      vertex 3.7255688011943837 -7.660628194714182 0
      vertex 4.688484456066217 -7.112586775251591 0
      vertex 35 -10 0
    endloop
  endfacet
  facet normal 0 0 1
    outer loop
      vertex 0.5494170458814954 -9.040791369350934 2
      vertex 35 -10 2
      vertex 1.6395865026250922 -8.898212688749286 2
    endloop
  endfacet
  facet normal 0 0 1
    outer loop
      vertex 1.6395865026250922 -8.898212688749286 2
      vertex 35 -10 2
      vertex 2.7038987007807895 -8.615303878511456 2
    endloop
  endfacet
  facet normal 0 0 1
    outer loop
      vertex 2.7038987007807895 -8.615303878511456 2
      vertex 35 -10 2
      vertex 3.7255688011943837 -8.196526579576426 2
    endloop
  endfacet
  facet normal 0 0 1
    outer loop
      vertex 3.7255688011943837 -8.196526579576426 2
      vertex 35 -10 2
      vertex 4.688484456066217 -7.648485160113837 2
    endloop
  endfacet
  facet normal 0 0 1
    outer loop
      vertex 4.688484456066217 -7.648485160113837 2
      vertex 35 -10 2
      vertex 5.577459910301037 -6.979822560692677 2
    endloop
  endfacet
  facet normal 0 0 -1
    outer loop
      vertex 4.688484456066217 -7.112586775251591 0
      vertex 5.577459910301037 -6.443924175830432 0
      vertex 35 -10 0
    endloop
  endfacet
  facet normal 0 0 -1
    outer loop
      vertex 5.577459910301037 -6.443924175830432 0
      vertex 6.378475489937352 -5.66518560508326 0
      vertex 35 -10 0
    endloop
  endfacet
  facet normal 0 0 -1
    outer loop
      vertex 6.378475489937352 -5.66518560508326 0
      vertex 7.07889870078079 -4.78865223546663 0
      vertex 35 -10 0
    endloop
  endfacet
  facet normal 0 0 -1
    outer loop
      vertex 7.07889870078079 -4.78865223546663 0
      vertex 7.667683450383805 -3.8281475218350485 0
      vertex 35 -10 0
    endloop
  endfacet
  facet normal 0 0 -1
    outer loop
      vertex 7.667683450383805 -3.8281475218350485 0
      vertex 8.135544251522198 -2.7988191973001917 0
      vertex 35 -10 0
    endloop
  endfacet
  facet normal 0 0 1
    outer loop
      vertex 5.577459910301037 -6.979822560692677 2
      vertex 35 -10 2
      vertex 6.378475489937352 -6.201083989945506 2
    endloop
  endfacet
  facet normal 0 0 1
    outer loop
      vertex 6.378475489937352 -6.201083989945506 2
      vertex 35 -10 2
      vertex 7.07889870078079 -5.324550620328876 2
    endloop
  endfacet
  facet normal 0 0 1
    outer loop
      vertex 7.07889870078079 -5.324550620328876 2
      vertex 35 -10 2
      vertex 7.667683450383805 -4.364045906697294 2
    endloop
  endfacet
  facet normal 0 0 1
    outer loop
      vertex 7.667683450383805 -4.364045906697294 2
      vertex 35 -10 2
      vertex 8.135544251522198 -3.334717582162437 2
    endloop
  endfacet
  facet normal 0 0 -1
    outer loop
      vertex 8.135544251522198 -2.7988191973001917 0
      vertex 8.475102659875523 -1.7169003844308988 0
      vertex 35 -10 0
    endloop
  endfacet
  facet normal 0 0 -1
    outer loop
      vertex 8.475102659875523 -1.7169003844308988 0
      vertex 8.681003636501682 -0.5994535892131082 0
      vertex 35 -10 0
    endloop
  endfacet
  facet normal 0 0 -1
    outer loop
      vertex 8.681003636501682 -0.5994535892131082 0
      vertex 8.75 0.5358983848622453 0
      vertex 35 -10 0
    endloop
  endfacet
  facet normal 0 0 1
    outer loop
      vertex 8.135544251522198 -3.334717582162437 2
      vertex 35 -10 2
      vertex 8.475102659875523 -2.252798769293144 2
    endloop
  endfacet
  facet normal 0 0 1
    outer loop
      vertex 8.475102659875523 -2.252798769293144 2
      vertex 35 -10 2
      vertex 8.681003636501682 -1.1353519740753533 2
    endloop
  endfacet
  facet normal 0 0 -1
    outer loop
      vertex 35 -10 0
      vertex 8.75 0.5358983848622453 0
      vertex 8.681003636501682 1.6712503589376004 0
    endloop
  endfacet
  facet normal 0 0 -1
    outer loop
      vertex 35 -10 0
      vertex 8.681003636501682 1.6712503589376004 0
      vertex 8.475102659875521 2.788697154155393 0
    endloop
  endfacet
  facet normal 0 0 1
    outer loop
      vertex 8.681003636501682 -1.1353519740753533 2
      vertex 35 -10 2
      vertex 35 10 2
    endloop
  endfacet
  facet normal 1 0 0
    outer loop
      vertex 35 -10 0
      vertex 35 10 0
      vertex 35 -10 2
    endloop
  endfacet
  facet normal 0 0 1
    outer loop
      vertex 8.681003636501682 -1.1353519740753533 2
      vertex 35 10 2
      vertex 8.75 0 2
    endloop
  endfacet
  facet normal 0 0 1
    outer loop
      vertex 8.681003636501682 1.135351974075355 2
      vertex 8.75 0 2
      vertex 35 10 2
    endloop
  endfacet
  facet normal 0 0 1
    outer loop
      vertex 8.681003636501682 1.135351974075355 2
      vertex 35 10 2
      vertex 8.475102659875521 2.2527987692931473 2
    endloop
  endfacet
  facet normal 0 0 -1
    outer loop
      vertex -7.66777223385588 4.899748961362321 0
      vertex 35 10 0
      vertex 7.667772233855881 4.899748961362321 0
    endloop
  endfacet
  facet normal 0 0 -1
    outer loop
      vertex 8.475102659875521 2.788697154155393 0
      vertex 8.1355442515222 3.8706159670246785 0
      vertex 35 10 0
    endloop
  endfacet
  facet normal 0 0 -1
    outer loop
      vertex 8.1355442515222 3.8706159670246785 0
      vertex 7.667772233855881 4.899748961362321 0
      vertex 35 10 0
    endloop
  endfacet
  facet normal 0 0 1
    outer loop
      vertex 8.475102659875521 2.2527987692931473 2
      vertex 35 10 2
      vertex 8.1355442515222 3.334717582162433 2
    endloop
  endfacet
  facet normal 0 0 1
    outer loop
      vertex 8.1355442515222 3.334717582162433 2
      vertex 35 10 2
      vertex 7.667683450383806 4.364045906697294 2
    endloop
  endfacet
  facet normal 0 0 1
    outer loop
      vertex 7.667683450383806 4.364045906697294 2
      vertex 35 10 2
      vertex 7.07889870078079 5.324550620328876 2
    endloop
  endfacet
  facet normal 0 0 1
    outer loop
      vertex 7.07889870078079 5.324550620328876 2
      vertex 35 10 2
      vertex 6.378475489937351 6.2010839899455075 2
    endloop
  endfacet
  facet normal 0 1 0
    outer loop
      vertex -35 10 2
      vertex 35 10 2
      vertex 35 10 0
    endloop
  endfacet
  facet normal 0 0 1
    outer loop
      vertex -0.5494170458814912 9.040791369350933 2
      vertex 0.5494170458814912 9.040791369350933 2
      vertex 35 10 2
    endloop
  endfacet
  facet normal 0 0 1
    outer loop
      vertex 0.5494170458814912 9.040791369350933 2
      vertex 1.63958650262509 8.898212688749286 2
      vertex 35 10 2
    endloop
  endfacet
  facet normal 0 0 1
    outer loop
      vertex 2.7038987007807895 8.615303878511456 2
      vertex 35 10 2
      vertex 1.63958650262509 8.898212688749286 2
    endloop
  endfacet
  facet normal 0 0 1
    outer loop
      vertex 5.577459910301036 6.979822560692678 2
      vertex 35 10 2
      vertex 4.688484456066221 7.648485160113834 2
    endloop
  endfacet
  facet normal 0 0 1
    outer loop
      vertex 3.7255688011943864 8.196526579576425 2
      vertex 4.688484456066221 7.648485160113834 2
      vertex 35 10 2
    endloop
  endfacet
  facet normal 0 0 1
    outer loop
      vertex 6.378475489937351 6.2010839899455075 2
      vertex 35 10 2
      vertex 5.577459910301036 6.979822560692678 2
    endloop
  endfacet
  facet normal 0 0 1
    outer loop
      vertex 2.7038987007807895 8.615303878511456 2
      vertex 3.7255688011943864 8.196526579576425 2
      vertex 35 10 2
    endloop
  endfacet
  facet normal 0 0 -1
    outer loop
      vertex 35 -10 0
      vertex 8.475102659875521 2.788697154155393 0
      vertex 35 10 0
    endloop
  endfacet
  facet normal 1 0 0
    outer loop
      vertex 35 -10 2
      vertex 35 10 0
      vertex 35 10 2
    endloop
  endfacet
  facet normal -0.5877852522924724 -0.7814504087735201 -0.2093890059558355
    outer loop
      vertex -4.688484456066222 -7.648485160113832 2
      vertex -4.688484456066222 -9.154922356420013 7.622100155026274
      vertex -5.577459910301035 -6.979822560692679 2
    endloop
  endfacet
  facet normal -0.24868988716485582 -0.9355794902428506 -0.25068776886569305
    outer loop
      vertex -2.7038987007807895 -8.615303878511456 2
      vertex -1.6395865026250922 -8.898212688749286 2
      vertex -1.6395865026250922 -10.320934014541262 7.309668272867411
    endloop
  endfacet
  facet normal -0.12533323356430628 -0.958309212640719 -0.25677817962638566
    outer loop
      vertex -1.6395865026250922 -8.898212688749286 2
      vertex -0.5494170458814954 -9.040791369350934 2
      vertex -0.5494170458814954 -10.453961734561634 7.2740236027169995
    endloop
  endfacet
  facet normal -0.3681245526846785 -0.8980951203957551 -0.24064386223637466
    outer loop
      vertex -2.7038987007807895 -8.615303878511456 2
      vertex -2.7038987007807895 -10.056976501112153 7.380395475426869
      vertex -3.7255688011943837 -8.196526579576426 2
    endloop
  endfacet
  facet normal -0.48175367410171466 -0.8464472540039994 -0.22680485814591306
    outer loop
      vertex -3.7255688011943837 -8.196526579576426 2
      vertex -3.7255688011943837 -9.666251961941654 7.485089800160626
      vertex -4.688484456066222 -7.648485160113832 2
    endloop
  endfacet
  facet normal -0.5877852522924728 -0.7814504087735198 -0.20938900595583532
    outer loop
      vertex -5.577459910301035 -6.979822560692679 2
      vertex -4.688484456066222 -9.154922356420013 7.622100155026274
      vertex -5.577459910301035 -8.531051657879807 7.789265804881563
    endloop
  endfacet
  facet normal -0.3681245526846792 -0.898095120395755 -0.2406438622363745
    outer loop
      vertex -3.7255688011943837 -8.196526579576426 2
      vertex -2.7038987007807895 -10.056976501112153 7.380395475426869
      vertex -3.7255688011943837 -9.666251961941654 7.485089800160626
    endloop
  endfacet
  facet normal -0.24868988716485435 -0.9355794902428508 -0.25068776886569344
    outer loop
      vertex -2.7038987007807895 -8.615303878511456 2
      vertex -1.6395865026250922 -10.320934014541262 7.309668272867411
      vertex -2.7038987007807895 -10.056976501112153 7.380395475426869
    endloop
  endfacet
  facet normal -0.1253332335643068 -0.958309212640719 -0.2567781796263855
    outer loop
      vertex -1.6395865026250922 -8.898212688749286 2
      vertex -0.5494170458814954 -10.453961734561634 7.2740236027169995
      vertex -1.6395865026250922 -10.320934014541262 7.309668272867411
    endloop
  endfacet
  facet normal 0 -0.9659258262890683 -0.2588190451025207
    outer loop
      vertex -0.5494170458814954 -9.040791369350934 2
      vertex 0.5494170458814954 -10.453961734561634 7.2740236027169995
      vertex -0.5494170458814954 -10.453961734561634 7.2740236027169995
    endloop
  endfacet
  facet normal -0.48175367410171427 -0.8464472540039996 -0.2268048581459131
    outer loop
      vertex -4.688484456066222 -7.648485160113832 2
      vertex -3.7255688011943837 -9.666251961941654 7.485089800160626
      vertex -4.688484456066222 -9.154922356420013 7.622100155026274
    endloop
  endfacet
  facet normal -0.6845471059286891 -0.7041296237808345 -0.18867096405890482
    outer loop
      vertex -5.577459910301035 -6.979822560692679 2
      vertex -5.577459910301035 -8.531051657879807 7.789265804881563
      vertex -6.378475489937352 -6.201083989945506 2
    endloop
  endfacet
  facet normal -0.7705132427757889 -0.615704293994478 -0.16497746835219493
    outer loop
      vertex -6.378475489937352 -6.201083989945506 2
      vertex -7.07889870078079 -6.986661912434599 8.203083789972514
      vertex -7.07889870078079 -5.324550620328876 2
    endloop
  endfacet
  facet normal -0.8443279255020156 -0.5175689396879098 -0.13868217941680788
    outer loop
      vertex -7.07889870078079 -5.324550620328876 2
      vertex -7.667683450383805 -6.090498814388984 8.443209968380408
      vertex -7.667683450383805 -4.364045906697294 2
    endloop
  endfacet
  facet normal -0.9048270524660196 -0.41127121402176703 -0.1101997896672999
    outer loop
      vertex -7.667683450383805 -4.364045906697294 2
      vertex -8.1355442515222 -5.130122413180521 8.700542049514123
      vertex -8.1355442515222 -3.334717582162432 2
    endloop
  endfacet
  facet normal -0.9510565162951538 -0.2984874956289849 -0.07997948340457475
    outer loop
      vertex -8.1355442515222 -3.334717582162432 2
      vertex -8.475102659875521 -4.120678418357328 8.971021752731446
      vertex -8.475102659875521 -2.252798769293148 2
    endloop
  endfacet
  facet normal -0.9822872507286883 -0.18099645112234947 -0.0484978529111327
    outer loop
      vertex -8.475102659875521 -2.252798769293148 2
      vertex -8.681003636501682 -3.078086364730372 9.250383451535894
      vertex -8.681003636501682 -1.1353519740753535 2
    endloop
  endfacet
  facet normal -0.9980267284282716 -0.06065098445947108 -0.016251382306067846
    outer loop
      vertex -8.681003636501682 -1.1353519740753535 2
      vertex -8.75 -2.0187885517996618 9.534221445054733
      vertex -8.75 0 2
    endloop
  endfacet
  facet normal 2.4030038455655552e-17 -0.2588190451025208 0.9659258262890682
    outer loop
      vertex -4.688484456066222 -9.154922356420013 7.622100155026274
      vertex -4.920538235094528 -6.4820352220633835 8.33829810413667
      vertex -5.577459910301035 -8.531051657879807 7.789265804881563
    endloop
  endfacet
  facet normal -3.6698130710662234e-16 -0.258819045102521 0.9659258262890682
    outer loop
      vertex -2.7038987007807895 -10.056976501112153 7.380395475426869
      vertex -2.874010218064239 -7.918260325337771 7.953462747564994
      vertex -3.7255688011943837 -9.666251961941654 7.485089800160626
    endloop
  endfacet
  facet normal 9.11126003850925e-16 -0.25881904510252063 0.9659258262890682
    outer loop
      vertex -2.7038987007807895 -10.056976501112153 7.380395475426869
      vertex -1.6395865026250922 -10.320934014541262 7.309668272867411
      vertex -2.085864712030895 -8.219676398412155 7.872698554198951
    endloop
  endfacet
  facet normal -9.743986430072382e-16 -0.25881904510252063 0.9659258262890684
    outer loop
      vertex -1.6395865026250922 -10.320934014541262 7.309668272867411
      vertex -0.5494170458814954 -10.453961734561634 7.2740236027169995
      vertex -1.2648238734536426 -8.42330076591461 7.81813756936737
    endloop
  endfacet
  facet normal 0 -0.2588190451025208 0.9659258262890683
    outer loop
      vertex -0.5494170458814954 -10.453961734561634 7.2740236027169995
      vertex 0.5494170458814954 -10.453961734561634 7.2740236027169995
      vertex -0.4238360068228679 -8.525922149930325 7.790640252394196
    endloop
  endfacet
  facet normal 1.4435535451959098e-15 -0.2588190451025209 0.9659258262890683
    outer loop
      vertex -2.7038987007807895 -10.056976501112153 7.380395475426869
      vertex -2.085864712030895 -8.219676398412155 7.872698554198951
      vertex -2.874010218064239 -7.918260325337771 7.953462747564994
    endloop
  endfacet
  facet normal -1.2015019227827724e-16 -0.2588190451025203 0.9659258262890683
    outer loop
      vertex -4.688484456066222 -9.154922356420013 7.622100155026274
      vertex -3.7255688011943837 -9.666251961941654 7.485089800160626
      vertex -4.302611930803655 -7.04253437649006 8.188112808349715
    endloop
  endfacet
  facet normal -9.186249833064837e-16 -0.2588190451025208 0.9659258262890683
    outer loop
      vertex -3.7255688011943837 -9.666251961941654 7.485089800160626
      vertex -2.874010218064239 -7.918260325337771 7.953462747564994
      vertex -3.616830866108228 -7.523806058221075 8.059156449889922
    endloop
  endfacet
  facet normal -1.97340793803619e-15 -0.2588190451025207 0.9659258262890682
    outer loop
      vertex -3.7255688011943837 -9.666251961941654 7.485089800160626
      vertex -3.616830866108228 -7.523806058221075 8.059156449889922
      vertex -4.302611930803655 -7.04253437649006 8.188112808349715
    endloop
  endfacet
  facet normal 2.6246428094471083e-16 -0.25881904510252085 0.9659258262890683
    outer loop
      vertex -1.6395865026250922 -10.320934014541262 7.309668272867411
      vertex -1.2648238734536426 -8.42330076591461 7.81813756936737
      vertex -2.085864712030895 -8.219676398412155 7.872698554198951
    endloop
  endfacet
  facet normal -1.1810892642511978e-15 -0.2588190451025207 0.9659258262890683
    outer loop
      vertex -0.5494170458814954 -10.453961734561634 7.2740236027169995
      vertex -0.4238360068228679 -8.525922149930325 7.790640252394196
      vertex -1.2648238734536426 -8.42330076591461 7.81813756936737
    endloop
  endfacet
  facet normal -0.7705132427757888 -0.615704293994478 -0.16497746835219493
    outer loop
      vertex -6.378475489937352 -6.201083989945506 2
      vertex -6.378475489937352 -7.804478679919302 7.983950447568356
      vertex -7.07889870078079 -6.986661912434599 8.203083789972514
    endloop
  endfacet
  facet normal -0.6845471059286888 -0.7041296237808347 -0.1886709640589049
    outer loop
      vertex -6.378475489937352 -6.201083989945506 2
      vertex -5.577459910301035 -8.531051657879807 7.789265804881563
      vertex -6.378475489937352 -7.804478679919302 7.983950447568356
    endloop
  endfacet
  facet normal -0.8443279255020157 -0.5175689396879097 -0.13868217941680788
    outer loop
      vertex -7.07889870078079 -5.324550620328876 2
      vertex -7.07889870078079 -6.986661912434599 8.203083789972514
      vertex -7.667683450383805 -6.090498814388984 8.443209968380408
    endloop
  endfacet
  facet normal 1.8324502281764557e-15 -0.2588190451025207 0.9659258262890683
    outer loop
      vertex -4.688484456066222 -9.154922356420013 7.622100155026274
      vertex -4.302611930803655 -7.04253437649006 8.188112808349715
      vertex -4.920538235094528 -6.4820352220633835 8.33829810413667
    endloop
  endfacet
  facet normal -2.620803728734954e-16 -0.2588190451025208 0.9659258262890683
    outer loop
      vertex -5.577459910301035 -8.531051657879807 7.789265804881563
      vertex -5.915070090296078 -5.159822182939996 8.692584020191683
      vertex -6.378475489937352 -7.804478679919302 7.983950447568356
    endloop
  endfacet
  facet normal -1.1276616788778215e-15 -0.25881904510252046 0.9659258262890684
    outer loop
      vertex -5.577459910301035 -8.531051657879807 7.789265804881563
      vertex -4.920538235094528 -6.4820352220633835 8.33829810413667
      vertex -5.4608647120308955 -5.851148001432327 8.507343825419877
    endloop
  endfacet
  facet normal 2.313628291352336e-15 -0.2588190451025206 0.9659258262890683
    outer loop
      vertex -5.577459910301035 -8.531051657879807 7.789265804881563
      vertex -5.4608647120308955 -5.851148001432327 8.507343825419877
      vertex -5.915070090296078 -5.159822182939996 8.692584020191683
    endloop
  endfacet
  facet normal -2.313628291352321e-15 -0.2588190451025205 0.9659258262890684
    outer loop
      vertex -6.378475489937352 -7.804478679919302 7.983950447568356
      vertex -5.915070090296078 -5.159822182939996 8.692584020191683
      vertex -6.275991279745697 -4.41896038772204 8.891097339923405
    endloop
  endfacet
  facet normal -0.9048270524660194 -0.4112712140217671 -0.1101997896672999
    outer loop
      vertex -7.667683450383805 -4.364045906697294 2
      vertex -7.667683450383805 -6.090498814388984 8.443209968380408
      vertex -8.1355442515222 -5.130122413180521 8.700542049514123
    endloop
  endfacet
  facet normal -0.9510565162951538 -0.2984874956289848 -0.07997948340457474
    outer loop
      vertex -8.1355442515222 -3.334717582162432 2
      vertex -8.1355442515222 -5.130122413180521 8.700542049514123
      vertex -8.475102659875521 -4.120678418357328 8.971021752731446
    endloop
  endfacet
  facet normal -0.9822872507286884 -0.18099645112234947 -0.048497852911132705
    outer loop
      vertex -8.475102659875521 -2.252798769293148 2
      vertex -8.475102659875521 -4.120678418357328 8.971021752731446
      vertex -8.681003636501682 -3.078086364730372 9.250383451535894
    endloop
  endfacet
  facet normal -4.437676871050417e-16 -0.2588190451025205 0.9659258262890684
    outer loop
      vertex -6.378475489937352 -7.804478679919302 7.983950447568356
      vertex -6.275991279745697 -4.41896038772204 8.891097339923405
      vertex -6.53793633761826 -3.6402464488584325 9.099753110976767
    endloop
  endfacet
  facet normal 9.654207130467485e-15 -0.25881904510252024 0.9659258262890683
    outer loop
      vertex -6.378475489937352 -7.804478679919302 7.983950447568356
      vertex -6.53793633761826 -3.6402464488584325 9.099753110976767
      vertex -6.696774233872726 -2.8359611503462094 9.315260707197343
    endloop
  endfacet
  facet normal -0.9980267284282717 -0.0606509844594711 -0.01625138230606785
    outer loop
      vertex -8.681003636501682 -1.1353519740753535 2
      vertex -8.681003636501682 -3.078086364730372 9.250383451535894
      vertex -8.75 -2.0187885517996618 9.534221445054733
    endloop
  endfacet
  facet normal -0.9980267284282718 0.06065098445947111 0.016251382306067857
    outer loop
      vertex -8.75 -2.0187885517996618 9.534221445054733
      vertex -8.681003636501682 -0.9594907388689513 9.81805943857357
      vertex -8.75 0 2
    endloop
  endfacet
  facet normal 4.3147039046233325e-16 -0.25881904510252074 0.9659258262890683
    outer loop
      vertex -6.378475489937352 -7.804478679919302 7.983950447568356
      vertex -7.07889870078079 2.9490848088352752 10.865359100136951
      vertex -7.07889870078079 -6.986661912434599 8.203083789972514
    endloop
  endfacet
  facet normal -1.341967021873241e-15 -0.2588190451025208 0.9659258262890682
    outer loop
      vertex -7.07889870078079 -6.986661912434599 8.203083789972514
      vertex -7.667683450383805 2.0529217107896605 10.625232921729056
      vertex -7.667683450383805 -6.090498814388984 8.443209968380408
    endloop
  endfacet
  facet normal -1.8417502645086315e-15 -0.25881904510252085 0.9659258262890683
    outer loop
      vertex -7.667683450383805 -6.090498814388984 8.443209968380408
      vertex -8.1355442515222 1.0925453095811979 10.36790084059534
      vertex -8.1355442515222 -5.130122413180521 8.700542049514123
    endloop
  endfacet
  facet normal 4.958422186752256e-15 -0.25881904510252063 0.9659258262890683
    outer loop
      vertex -8.1355442515222 -5.130122413180521 8.700542049514123
      vertex -8.475102659875521 0.08310131475800464 10.097421137378019
      vertex -8.475102659875521 -4.120678418357328 8.971021752731446
    endloop
  endfacet
  facet normal 1.7208601196617164e-15 -0.2588190451025205 0.9659258262890684
    outer loop
      vertex -8.475102659875521 -4.120678418357328 8.971021752731446
      vertex -8.681003636501682 -0.9594907388689513 9.81805943857357
      vertex -8.681003636501682 -3.078086364730372 9.250383451535894
    endloop
  endfacet
  facet normal -2.9986917881869865e-14 -0.25881904510252124 0.9659258262890682
    outer loop
      vertex -6.378475489937352 -7.804478679919302 7.983950447568356
      vertex -6.696774233872726 -2.8359611503462094 9.315260707197343
      vertex -7.07889870078079 2.9490848088352752 10.865359100136951
    endloop
  endfacet
  facet normal 1.2471786176772225e-14 -0.25881904510252046 0.9659258262890683
    outer loop
      vertex -8.681003636501682 -3.078086364730372 9.250383451535894
      vertex -8.681003636501682 -0.9594907388689513 9.81805943857357
      vertex -8.75 -2.0187885517996618 9.534221445054733
    endloop
  endfacet
  facet normal -9.91164266091239e-16 -0.25881904510252063 0.9659258262890683
    outer loop
      vertex -8.475102659875521 -4.120678418357328 8.971021752731446
      vertex -8.475102659875521 0.08310131475800464 10.097421137378019
      vertex -8.681003636501682 -0.9594907388689513 9.81805943857357
    endloop
  endfacet
  facet normal 8.120502233979146e-16 -0.25881904510252085 0.9659258262890681
    outer loop
      vertex -8.1355442515222 -5.130122413180521 8.700542049514123
      vertex -8.1355442515222 1.0925453095811979 10.36790084059534
      vertex -8.475102659875521 0.08310131475800464 10.097421137378019
    endloop
  endfacet
  facet normal -1.8014012487511462e-15 -0.25881904510252085 0.9659258262890683
    outer loop
      vertex -7.667683450383805 -6.090498814388984 8.443209968380408
      vertex -7.667683450383805 2.0529217107896605 10.625232921729056
      vertex -8.1355442515222 1.0925453095811979 10.36790084059534
    endloop
  endfacet
  facet normal 1.1732131366718191e-15 -0.2588190451025207 0.9659258262890682
    outer loop
      vertex -7.07889870078079 -6.986661912434599 8.203083789972514
      vertex -7.07889870078079 2.9490848088352752 10.865359100136951
      vertex -7.667683450383805 2.0529217107896605 10.625232921729056
    endloop
  endfacet
  facet normal 1.3811424789183288e-12 -0.2588190451024101 0.9659258262890978
    outer loop
      vertex -7.07889870078079 2.9490848088352752 10.865359100136951
      vertex -6.696774233872726 -2.8359611503462094 9.315260707197343
      vertex -6.75 -2.0187885517996613 9.534221445054731
    endloop
  endfacet
  facet normal -0.9980267284282716 0.060650984459471105 0.016251382306067853
    outer loop
      vertex -8.681003636501682 -0.9594907388689513 9.81805943857357
      vertex -8.681003636501682 1.1353519740753533 2
      vertex -8.75 0 2
    endloop
  endfacet
  facet normal -0.9822872507286885 0.18099645112234952 0.04849785291113272
    outer loop
      vertex -8.681003636501682 1.1353519740753533 2
      vertex -8.475102659875521 0.08310131475800464 10.097421137378019
      vertex -8.475102659875521 2.2527987692931477 2
    endloop
  endfacet
  facet normal -0.9510565162951539 0.2984874956289848 0.07997948340457475
    outer loop
      vertex -8.475102659875521 2.2527987692931477 2
      vertex -8.1355442515222 1.0925453095811979 10.36790084059534
      vertex -8.1355442515222 3.334717582162432 2
    endloop
  endfacet
  facet normal -0.9048270524660196 0.41127121402176703 0.11019978966729992
    outer loop
      vertex -8.1355442515222 3.334717582162432 2
      vertex -7.667683450383805 2.0529217107896605 10.625232921729056
      vertex -7.667683450383805 4.364045906697294 2
    endloop
  endfacet
  facet normal -0.8443279255020155 0.5175689396879097 0.13868217941680785
    outer loop
      vertex -7.667683450383805 4.364045906697294 2
      vertex -7.667683450383805 2.0529217107896605 10.625232921729056
      vertex -7.07889870078079 5.324550620328876 2
    endloop
  endfacet
  facet normal -0.770513242775789 0.615704293994478 0.16497746835219493
    outer loop
      vertex -7.07889870078079 5.324550620328876 2
      vertex -7.07889870078079 2.9490848088352752 10.865359100136951
      vertex -6.378475489937352 6.201083989945506 2
    endloop
  endfacet
  facet normal -0.684547105928689 0.7041296237808345 0.18867096405890488
    outer loop
      vertex -6.378475489937352 6.201083989945506 2
      vertex -6.378475489937352 3.7669015763199782 11.084492442541109
      vertex -5.577459910301035 6.979822560692679 2
    endloop
  endfacet
  facet normal -0.5877852522924724 0.7814504087735201 0.20938900595583537
    outer loop
      vertex -5.577459910301035 6.979822560692679 2
      vertex -5.577459910301035 4.493474554280485 11.279177085227902
      vertex -4.688484456066222 7.648485160113832 2
    endloop
  endfacet
  facet normal -0.4817536741017145 0.8464472540039996 0.22680485814591306
    outer loop
      vertex -4.688484456066222 7.648485160113832 2
      vertex -4.688484456066222 5.117345252820689 11.44634273508319
      vertex -3.7255688011943864 8.196526579576425 2
    endloop
  endfacet
  facet normal -0.36812455268467903 0.8980951203957551 0.24064386223637435
    outer loop
      vertex -3.7255688011943864 8.196526579576425 2
      vertex -3.7255688011943864 5.628674858342331 11.583353089948838
      vertex -2.7038987007807895 8.615303878511456 2
    endloop
  endfacet
  facet normal -0.2486898871648553 0.9355794902428506 0.2506877688656932
    outer loop
      vertex -2.7038987007807895 8.615303878511456 2
      vertex -2.7038987007807895 6.019399397512829 11.688047414682597
      vertex -1.63958650262509 8.898212688749286 2
    endloop
  endfacet
  facet normal -0.12533323356430445 0.9583092126407191 0.2567781796263857
    outer loop
      vertex -1.63958650262509 8.898212688749286 2
      vertex -1.63958650262509 6.283356910941939 11.758774617242054
      vertex -0.5494170458814912 9.040791369350933 2
    endloop
  endfacet
  facet normal 0 0.9659258262890683 0.2588190451025207
    outer loop
      vertex -0.5494170458814912 9.040791369350933 2
      vertex -0.5494170458814912 6.41638463096231 11.794419287392465
      vertex 0.5494170458814912 9.040791369350933 2
    endloop
  endfacet
  facet normal -0.9822872507286884 0.18099645112234952 0.048497852911132726
    outer loop
      vertex -8.681003636501682 -0.9594907388689513 9.81805943857357
      vertex -8.475102659875521 0.08310131475800464 10.097421137378019
      vertex -8.681003636501682 1.1353519740753533 2
    endloop
  endfacet
  facet normal -0.9510565162951536 0.2984874956289848 0.07997948340457472
    outer loop
      vertex -8.475102659875521 2.2527987692931477 2
      vertex -8.475102659875521 0.08310131475800464 10.097421137378019
      vertex -8.1355442515222 1.0925453095811979 10.36790084059534
    endloop
  endfacet
  facet normal -0.9048270524660194 0.41127121402176703 0.1101997896672999
    outer loop
      vertex -8.1355442515222 3.334717582162432 2
      vertex -8.1355442515222 1.0925453095811979 10.36790084059534
      vertex -7.667683450383805 2.0529217107896605 10.625232921729056
    endloop
  endfacet
  facet normal -0.8443279255020157 0.5175689396879097 0.13868217941680783
    outer loop
      vertex -7.07889870078079 5.324550620328876 2
      vertex -7.667683450383805 2.0529217107896605 10.625232921729056
      vertex -7.07889870078079 2.9490848088352752 10.865359100136951
    endloop
  endfacet
  facet normal -0.770513242775789 0.6157042939944781 0.16497746835219496
    outer loop
      vertex -6.378475489937352 6.201083989945506 2
      vertex -7.07889870078079 2.9490848088352752 10.865359100136951
      vertex -6.378475489937352 3.7669015763199782 11.084492442541109
    endloop
  endfacet
  facet normal -6.436138086978424e-15 -0.2588190451025213 0.965925826289068
    outer loop
      vertex -7.07889870078079 2.9490848088352752 10.865359100136951
      vertex -6.75 -2.0187885517996613 9.534221445054731
      vertex -6.696774233872726 -1.2016159532531134 9.753182182912122
    endloop
  endfacet
  facet normal 2.6626061226302342e-15 -0.2588190451025205 0.9659258262890683
    outer loop
      vertex -7.07889870078079 2.9490848088352752 10.865359100136951
      vertex -6.696774233872726 -1.2016159532531134 9.753182182912122
      vertex -6.53793633761826 -0.39733065474089013 9.968689779132696
    endloop
  endfacet
  facet normal 6.610366546720946e-16 -0.25881904510252074 0.9659258262890682
    outer loop
      vertex -7.07889870078079 2.9490848088352752 10.865359100136951
      vertex -6.53793633761826 -0.39733065474089013 9.968689779132696
      vertex -6.275991279745697 0.3813832841227158 10.177345550186057
    endloop
  endfacet
  facet normal -6.610366546720915e-16 -0.2588190451025211 0.9659258262890682
    outer loop
      vertex -6.378475489937352 3.7669015763199782 11.084492442541109
      vertex -6.275991279745697 0.3813832841227158 10.177345550186057
      vertex -5.915070090296078 1.122245079340673 10.375858869917781
    endloop
  endfacet
  facet normal -1.6914925183167349e-15 -0.2588190451025212 0.9659258262890681
    outer loop
      vertex -6.378475489937352 3.7669015763199782 11.084492442541109
      vertex -5.915070090296078 1.122245079340673 10.375858869917781
      vertex -5.4608647120308955 1.8135708978330036 10.561099064689587
    endloop
  endfacet
  facet normal -4.368006214558268e-17 -0.2588190451025211 0.9659258262890682
    outer loop
      vertex -7.07889870078079 2.9490848088352752 10.865359100136951
      vertex -6.275991279745697 0.3813832841227158 10.177345550186057
      vertex -6.378475489937352 3.7669015763199782 11.084492442541109
    endloop
  endfacet
  facet normal 9.867039690180935e-16 -0.25881904510252035 0.9659258262890684
    outer loop
      vertex -5.577459910301035 4.493474554280485 11.279177085227902
      vertex -5.4608647120308955 1.8135708978330036 10.561099064689587
      vertex -4.920538235094528 2.44445811846406 10.730144785972794
    endloop
  endfacet
  facet normal 1.441802307339328e-16 -0.2588190451025204 0.9659258262890683
    outer loop
      vertex -6.378475489937352 3.7669015763199782 11.084492442541109
      vertex -5.4608647120308955 1.8135708978330036 10.561099064689587
      vertex -5.577459910301035 4.493474554280485 11.279177085227902
    endloop
  endfacet
  facet normal 7.87392842834129e-16 -0.2588190451025204 0.9659258262890683
    outer loop
      vertex -5.577459910301035 4.493474554280485 11.279177085227902
      vertex -4.920538235094528 2.44445811846406 10.730144785972794
      vertex -4.302611930803655 3.0049572728907368 10.880330081759748
    endloop
  endfacet
  facet normal -2.5309055662525715e-17 -0.25881904510252113 0.9659258262890682
    outer loop
      vertex -5.577459910301035 4.493474554280485 11.279177085227902
      vertex -4.302611930803655 3.0049572728907368 10.880330081759748
      vertex -4.688484456066222 5.117345252820689 11.44634273508319
    endloop
  endfacet
  facet normal -2.0340981773215104e-15 -0.25881904510252146 0.965925826289068
    outer loop
      vertex -4.688484456066222 5.117345252820689 11.44634273508319
      vertex -4.302611930803655 3.0049572728907368 10.880330081759748
      vertex -3.616830866108228 3.486228954621752 11.009286440219544
    endloop
  endfacet
  facet normal 1.0498571237788411e-15 -0.25881904510252013 0.9659258262890684
    outer loop
      vertex -3.7255688011943864 5.628674858342331 11.583353089948838
      vertex -3.616830866108228 3.486228954621752 11.009286440219544
      vertex -2.8740102180642406 3.8806832217384466 11.114980142544471
    endloop
  endfacet
  facet normal 3.796358349378845e-17 -0.25881904510252024 0.9659258262890684
    outer loop
      vertex -4.688484456066222 5.117345252820689 11.44634273508319
      vertex -3.616830866108228 3.486228954621752 11.009286440219544
      vertex -3.7255688011943864 5.628674858342331 11.583353089948838
    endloop
  endfacet
  facet normal -1.3123214047235517e-16 -0.2588190451025207 0.9659258262890683
    outer loop
      vertex -3.7255688011943864 5.628674858342331 11.583353089948838
      vertex -2.8740102180642406 3.8806832217384466 11.114980142544471
      vertex -2.085864712030895 4.182099294812831 11.195744335910513
    endloop
  endfacet
  facet normal 1.3123214047235517e-15 -0.2588190451025205 0.9659258262890683
    outer loop
      vertex -2.7038987007807895 6.019399397512829 11.688047414682597
      vertex -2.085864712030895 4.182099294812831 11.195744335910513
      vertex -1.2648238734536408 4.3857236623152875 11.250305320742093
    endloop
  endfacet
  facet normal -0.6845471059286893 0.7041296237808342 0.18867096405890474
    outer loop
      vertex -5.577459910301035 6.979822560692679 2
      vertex -6.378475489937352 3.7669015763199782 11.084492442541109
      vertex -5.577459910301035 4.493474554280485 11.279177085227902
    endloop
  endfacet
  facet normal -0.5877852522924724 0.7814504087735202 0.20938900595583543
    outer loop
      vertex -4.688484456066222 7.648485160113832 2
      vertex -5.577459910301035 4.493474554280485 11.279177085227902
      vertex -4.688484456066222 5.117345252820689 11.44634273508319
    endloop
  endfacet
  facet normal -0.4817536741017155 0.846447254003999 0.22680485814591275
    outer loop
      vertex -3.7255688011943864 8.196526579576425 2
      vertex -4.688484456066222 5.117345252820689 11.44634273508319
      vertex -3.7255688011943864 5.628674858342331 11.583353089948838
    endloop
  endfacet
  facet normal -0.368124552684678 0.8980951203957555 0.24064386223637454
    outer loop
      vertex -2.7038987007807895 8.615303878511456 2
      vertex -3.7255688011943864 5.628674858342331 11.583353089948838
      vertex -2.7038987007807895 6.019399397512829 11.688047414682597
    endloop
  endfacet
  facet normal -0.248689887164855 0.9355794902428507 0.2506877688656933
    outer loop
      vertex -1.63958650262509 8.898212688749286 2
      vertex -2.7038987007807895 6.019399397512829 11.688047414682597
      vertex -1.63958650262509 6.283356910941939 11.758774617242054
    endloop
  endfacet
  facet normal -0.12533323356430517 0.958309212640719 0.25677817962638566
    outer loop
      vertex -0.5494170458814912 9.040791369350933 2
      vertex -1.63958650262509 6.283356910941939 11.758774617242054
      vertex -0.5494170458814912 6.41638463096231 11.794419287392465
    endloop
  endfacet
  facet normal -6.327263915631407e-16 -0.25881904510252124 0.9659258262890683
    outer loop
      vertex -3.7255688011943864 5.628674858342331 11.583353089948838
      vertex -2.085864712030895 4.182099294812831 11.195744335910513
      vertex -2.7038987007807895 6.019399397512829 11.688047414682597
    endloop
  endfacet
  facet normal -2.624642809447102e-16 -0.2588190451025214 0.9659258262890681
    outer loop
      vertex -1.63958650262509 6.283356910941939 11.758774617242054
      vertex -1.2648238734536408 4.3857236623152875 11.250305320742093
      vertex -0.4238360068228641 4.488345046331002 11.277802637715268
    endloop
  endfacet
  facet normal -2.62464280944711e-16 -0.2588190451025209 0.9659258262890682
    outer loop
      vertex -0.5494170458814912 6.41638463096231 11.794419287392465
      vertex -0.4238360068228641 4.488345046331002 11.277802637715268
      vertex 0.4238360068228646 4.488345046331001 11.277802637715268
    endloop
  endfacet
  facet normal 4.682175297567244e-16 -0.2588190451025212 0.9659258262890681
    outer loop
      vertex -2.7038987007807895 6.019399397512829 11.688047414682597
      vertex -1.2648238734536408 4.3857236623152875 11.250305320742093
      vertex -1.63958650262509 6.283356910941939 11.758774617242054
    endloop
  endfacet
  facet normal 5.757810163224581e-16 -0.25881904510252085 0.9659258262890683
    outer loop
      vertex -1.63958650262509 6.283356910941939 11.758774617242054
      vertex -0.4238360068228641 4.488345046331002 11.277802637715268
      vertex -0.5494170458814912 6.41638463096231 11.794419287392465
    endloop
  endfacet
  facet normal 0 -0.9659258262890683 -0.2588190451025207
    outer loop
      vertex -0.5494170458814954 -9.040791369350934 2
      vertex 0.5494170458814954 -9.040791369350934 2
      vertex 0.5494170458814954 -10.453961734561634 7.2740236027169995
    endloop
  endfacet
  facet normal 0.12533323356430628 -0.958309212640719 -0.2567781796263855
    outer loop
      vertex 0.5494170458814954 -9.040791369350934 2
      vertex 1.6395865026250922 -8.898212688749286 2
      vertex 1.6395865026250922 -10.320934014541262 7.309668272867411
    endloop
  endfacet
  facet normal 0.24868988716485577 -0.9355794902428506 -0.2506877688656934
    outer loop
      vertex 1.6395865026250922 -8.898212688749286 2
      vertex 2.7038987007807895 -8.615303878511456 2
      vertex 2.7038987007807895 -10.056976501112153 7.380395475426869
    endloop
  endfacet
  facet normal 0.36812455268467853 -0.8980951203957552 -0.24064386223637454
    outer loop
      vertex 2.7038987007807895 -8.615303878511456 2
      vertex 3.7255688011943837 -8.196526579576426 2
      vertex 3.7255688011943837 -9.666251961941654 7.485089800160626
    endloop
  endfacet
  facet normal 0.4817536741017137 -0.846447254004 -0.22680485814591317
    outer loop
      vertex 3.7255688011943837 -8.196526579576426 2
      vertex 4.688484456066217 -7.648485160113837 2
      vertex 3.7255688011943837 -9.666251961941654 7.485089800160626
    endloop
  endfacet
  facet normal 0.5877852522924729 -0.7814504087735197 -0.2093890059558353
    outer loop
      vertex 4.688484456066217 -7.648485160113837 2
      vertex 5.577459910301037 -6.979822560692677 2
      vertex 4.688484456066217 -9.154922356420016 7.622100155026273
    endloop
  endfacet
  facet normal 0.12533323356430684 -0.9583092126407189 -0.2567781796263856
    outer loop
      vertex 0.5494170458814954 -9.040791369350934 2
      vertex 1.6395865026250922 -10.320934014541262 7.309668272867411
      vertex 0.5494170458814954 -10.453961734561634 7.2740236027169995
    endloop
  endfacet
  facet normal 0.24868988716485424 -0.935579490242851 -0.25068776886569316
    outer loop
      vertex 1.6395865026250922 -8.898212688749286 2
      vertex 2.7038987007807895 -10.056976501112153 7.380395475426869
      vertex 1.6395865026250922 -10.320934014541262 7.309668272867411
    endloop
  endfacet
  facet normal 0.36812455268467936 -0.8980951203957549 -0.24064386223637457
    outer loop
      vertex 2.7038987007807895 -8.615303878511456 2
      vertex 3.7255688011943837 -9.666251961941654 7.485089800160626
      vertex 2.7038987007807895 -10.056976501112153 7.380395475426869
    endloop
  endfacet
  facet normal 0.4817536741017138 -0.8464472540039999 -0.22680485814591309
    outer loop
      vertex 4.688484456066217 -7.648485160113837 2
      vertex 4.688484456066217 -9.154922356420016 7.622100155026273
      vertex 3.7255688011943837 -9.666251961941654 7.485089800160626
    endloop
  endfacet
  facet normal 0.5877852522924727 -0.7814504087735199 -0.2093890059558354
    outer loop
      vertex 5.577459910301037 -6.979822560692677 2
      vertex 5.577459910301037 -8.531051657879805 7.7892658048815635
      vertex 4.688484456066217 -9.154922356420016 7.622100155026273
    endloop
  endfacet
  facet normal 0.684547105928689 -0.7041296237808345 -0.18867096405890493
    outer loop
      vertex 5.577459910301037 -6.979822560692677 2
      vertex 6.378475489937352 -6.201083989945506 2
      vertex 5.577459910301037 -8.531051657879805 7.7892658048815635
    endloop
  endfacet
  facet normal 0.7705132427757889 -0.615704293994478 -0.16497746835219493
    outer loop
      vertex 6.378475489937352 -6.201083989945506 2
      vertex 7.07889870078079 -5.324550620328876 2
      vertex 7.07889870078079 -6.986661912434599 8.203083789972514
    endloop
  endfacet
  facet normal 0.8443279255020156 -0.5175689396879098 -0.13868217941680788
    outer loop
      vertex 7.07889870078079 -5.324550620328876 2
      vertex 7.667683450383805 -4.364045906697294 2
      vertex 7.667683450383805 -6.090498814388984 8.443209968380408
    endloop
  endfacet
  facet normal 0.9048270524660192 -0.4112712140217673 -0.1101997896673
    outer loop
      vertex 7.667683450383805 -4.364045906697294 2
      vertex 8.135544251522198 -3.334717582162437 2
      vertex 8.135544251522198 -5.130122413180526 8.700542049514123
    endloop
  endfacet
  facet normal 0.9510565162951536 -0.2984874956289856 -0.07997948340457495
    outer loop
      vertex 8.135544251522198 -3.334717582162437 2
      vertex 8.475102659875523 -2.252798769293144 2
      vertex 8.475102659875523 -4.120678418357325 8.971021752731446
    endloop
  endfacet
  facet normal 0.9822872507286885 -0.18099645112234855 -0.04849785291113246
    outer loop
      vertex 8.475102659875523 -2.252798769293144 2
      vertex 8.681003636501682 -1.1353519740753533 2
      vertex 8.681003636501682 -3.078086364730372 9.250383451535894
    endloop
  endfacet
  facet normal 0.9980267284282718 -0.060650984459471105 -0.016251382306067853
    outer loop
      vertex 8.681003636501682 -1.1353519740753533 2
      vertex 8.75 0 2
      vertex 8.75 -2.0187885517996618 9.534221445054733
    endloop
  endfacet
  facet normal 9.8072590692287e-16 -0.25881904510252074 0.9659258262890684
    outer loop
      vertex 0.5494170458814954 -10.453961734561634 7.2740236027169995
      vertex 1.6395865026250922 -10.320934014541262 7.309668272867411
      vertex 0.4238360068228679 -8.525922149930325 7.790640252394196
    endloop
  endfacet
  facet normal -8.351988368633479e-16 -0.258819045102521 0.9659258262890682
    outer loop
      vertex 1.6395865026250922 -10.320934014541262 7.309668272867411
      vertex 2.7038987007807895 -10.056976501112153 7.380395475426869
      vertex 1.2648238734536426 -8.42330076591461 7.81813756936737
    endloop
  endfacet
  facet normal 1.1389075048136554e-16 -0.2588190451025204 0.9659258262890684
    outer loop
      vertex 2.7038987007807895 -10.056976501112153 7.380395475426869
      vertex 3.7255688011943837 -9.666251961941654 7.485089800160626
      vertex 2.085864712030895 -8.219676398412155 7.872698554198951
    endloop
  endfacet
  facet normal 0 -0.25881904510252074 0.9659258262890683
    outer loop
      vertex 0.5494170458814954 -10.453961734561634 7.2740236027169995
      vertex 0.4238360068228679 -8.525922149930325 7.790640252394196
      vertex -0.4238360068228679 -8.525922149930325 7.790640252394196
    endloop
  endfacet
  facet normal 1.1810892642511978e-15 -0.25881904510252063 0.9659258262890684
    outer loop
      vertex 1.6395865026250922 -10.320934014541262 7.309668272867411
      vertex 1.2648238734536426 -8.42330076591461 7.81813756936737
      vertex 0.4238360068228679 -8.525922149930325 7.790640252394196
    endloop
  endfacet
  facet normal -3.280803511808887e-16 -0.2588190451025206 0.9659258262890684
    outer loop
      vertex 2.7038987007807895 -10.056976501112153 7.380395475426869
      vertex 2.085864712030895 -8.219676398412155 7.872698554198951
      vertex 1.2648238734536426 -8.42330076591461 7.81813756936737
    endloop
  endfacet
  facet normal 1.2654527831262864e-16 -0.25881904510252046 0.9659258262890683
    outer loop
      vertex 3.7255688011943837 -9.666251961941654 7.485089800160626
      vertex 4.688484456066217 -9.154922356420016 7.622100155026273
      vertex 3.6168308661082245 -7.523806058221078 8.05915644988992
    endloop
  endfacet
  facet normal -3.2808035118088887e-16 -0.2588190451025209 0.9659258262890682
    outer loop
      vertex 3.7255688011943837 -9.666251961941654 7.485089800160626
      vertex 2.874010218064239 -7.918260325337771 7.953462747564993
      vertex 2.085864712030895 -8.219676398412155 7.872698554198951
    endloop
  endfacet
  facet normal 6.561607023617779e-16 -0.25881904510252046 0.9659258262890683
    outer loop
      vertex 3.7255688011943837 -9.666251961941654 7.485089800160626
      vertex 3.6168308661082245 -7.523806058221078 8.05915644988992
      vertex 2.874010218064239 -7.918260325337771 7.953462747564993
    endloop
  endfacet
  facet normal -7.873928428341267e-16 -0.258819045102521 0.9659258262890683
    outer loop
      vertex 4.688484456066217 -9.154922356420016 7.622100155026273
      vertex 4.302611930803657 -7.0425343764900585 8.188112808349716
      vertex 3.6168308661082245 -7.523806058221078 8.05915644988992
    endloop
  endfacet
  facet normal -3.037086679503058e-16 -0.2588190451025209 0.9659258262890683
    outer loop
      vertex 4.688484456066217 -9.154922356420016 7.622100155026273
      vertex 5.577459910301037 -8.531051657879805 7.7892658048815635
      vertex 4.302611930803657 -7.0425343764900585 8.188112808349716
    endloop
  endfacet
  facet normal 0.6845471059286893 -0.7041296237808343 -0.18867096405890482
    outer loop
      vertex 6.378475489937352 -6.201083989945506 2
      vertex 6.378475489937352 -7.804478679919302 7.983950447568356
      vertex 5.577459910301037 -8.531051657879805 7.7892658048815635
    endloop
  endfacet
  facet normal 0.7705132427757888 -0.615704293994478 -0.16497746835219493
    outer loop
      vertex 6.378475489937352 -6.201083989945506 2
      vertex 7.07889870078079 -6.986661912434599 8.203083789972514
      vertex 6.378475489937352 -7.804478679919302 7.983950447568356
    endloop
  endfacet
  facet normal 0.8443279255020157 -0.5175689396879097 -0.13868217941680788
    outer loop
      vertex 7.07889870078079 -5.324550620328876 2
      vertex 7.667683450383805 -6.090498814388984 8.443209968380408
      vertex 7.07889870078079 -6.986661912434599 8.203083789972514
    endloop
  endfacet
  facet normal 1.3123214047235527e-16 -0.2588190451025206 0.9659258262890684
    outer loop
      vertex 5.577459910301037 -8.531051657879805 7.7892658048815635
      vertex 4.920538235094528 -6.4820352220633835 8.33829810413667
      vertex 4.302611930803657 -7.0425343764900585 8.188112808349716
    endloop
  endfacet
  facet normal 8.650813844035997e-16 -0.2588190451025209 0.9659258262890682
    outer loop
      vertex 5.577459910301037 -8.531051657879805 7.7892658048815635
      vertex 6.378475489937352 -7.804478679919302 7.983950447568356
      vertex 5.4608647120308955 -5.851148001432327 8.507343825419879
    endloop
  endfacet
  facet normal -1.4095770985972758e-15 -0.258819045102521 0.9659258262890682
    outer loop
      vertex 5.577459910301037 -8.531051657879805 7.7892658048815635
      vertex 5.4608647120308955 -5.851148001432327 8.507343825419879
      vertex 4.920538235094528 -6.4820352220633835 8.33829810413667
    endloop
  endfacet
  facet normal 1.5505348084570063e-15 -0.2588190451025206 0.9659258262890684
    outer loop
      vertex 6.378475489937352 -7.804478679919302 7.983950447568356
      vertex 5.915070090296078 -5.159822182939996 8.692584020191683
      vertex 5.4608647120308955 -5.851148001432327 8.507343825419879
    endloop
  endfacet
  facet normal 3.305183273360468e-16 -0.2588190451025208 0.9659258262890683
    outer loop
      vertex 6.378475489937352 -7.804478679919302 7.983950447568356
      vertex 6.275991279745696 -4.418960387722043 8.891097339923405
      vertex 5.915070090296078 -5.159822182939996 8.692584020191683
    endloop
  endfacet
  facet normal -3.05760435019079e-16 -0.2588190451025208 0.9659258262890682
    outer loop
      vertex 6.378475489937352 -7.804478679919302 7.983950447568356
      vertex 7.07889870078079 -6.986661912434599 8.203083789972514
      vertex 6.275991279745696 -4.418960387722043 8.891097339923405
    endloop
  endfacet
  facet normal 0.9048270524660192 -0.41127121402176753 -0.11019978966730004
    outer loop
      vertex 7.667683450383805 -4.364045906697294 2
      vertex 8.135544251522198 -5.130122413180526 8.700542049514123
      vertex 7.667683450383805 -6.090498814388984 8.443209968380408
    endloop
  endfacet
  facet normal 0.9510565162951535 -0.29848749562898547 -0.07997948340457493
    outer loop
      vertex 8.135544251522198 -3.334717582162437 2
      vertex 8.475102659875523 -4.120678418357325 8.971021752731446
      vertex 8.135544251522198 -5.130122413180526 8.700542049514123
    endloop
  endfacet
  facet normal 0.9822872507286885 -0.1809964511223485 -0.048497852911132455
    outer loop
      vertex 8.475102659875523 -2.252798769293144 2
      vertex 8.681003636501682 -3.078086364730372 9.250383451535894
      vertex 8.475102659875523 -4.120678418357325 8.971021752731446
    endloop
  endfacet
  facet normal 0 -0.25881904510252085 0.9659258262890683
    outer loop
      vertex 7.07889870078079 -6.986661912434599 8.203083789972514
      vertex 6.537936337618261 -3.6402464488584307 9.099753110976769
      vertex 6.275991279745696 -4.418960387722043 8.891097339923405
    endloop
  endfacet
  facet normal 0.9980267284282717 -0.0606509844594711 -0.016251382306067853
    outer loop
      vertex 8.681003636501682 -1.1353519740753533 2
      vertex 8.75 -2.0187885517996618 9.534221445054733
      vertex 8.681003636501682 -3.078086364730372 9.250383451535894
    endloop
  endfacet
  facet normal 0.9980267284282718 0.06065098445947103 0.016251382306067833
    outer loop
      vertex 8.681003636501682 -0.9594907388689498 9.81805943857357
      vertex 8.75 -2.0187885517996618 9.534221445054733
      vertex 8.75 0 2
    endloop
  endfacet
  facet normal 8.875353742100818e-16 -0.25881904510252063 0.9659258262890682
    outer loop
      vertex 7.07889870078079 -6.986661912434599 8.203083789972514
      vertex 6.696774233872726 -2.8359611503462094 9.315260707197343
      vertex 6.537936337618261 -3.6402464488584307 9.099753110976769
    endloop
  endfacet
  facet normal -6.436138086978424e-15 -0.2588190451025213 0.965925826289068
    outer loop
      vertex 7.07889870078079 -6.986661912434599 8.203083789972514
      vertex 6.75 -2.0187885517996618 9.534221445054733
      vertex 6.696774233872726 -2.8359611503462094 9.315260707197343
    endloop
  endfacet
  facet normal -3.946121368337932e-13 -0.2588190451025482 0.965925826289061
    outer loop
      vertex 7.07889870078079 -6.986661912434599 8.203083789972514
      vertex 6.696774233872726 -1.2016159532531123 9.753182182912123
      vertex 6.75 -2.0187885517996618 9.534221445054733
    endloop
  endfacet
  facet normal 1.1732131366718191e-15 -0.2588190451025207 0.9659258262890682
    outer loop
      vertex 7.07889870078079 -6.986661912434599 8.203083789972514
      vertex 7.667683450383805 -6.090498814388984 8.443209968380408
      vertex 7.07889870078079 2.9490848088352752 10.865359100136951
    endloop
  endfacet
  facet normal -1.0132882024225237e-15 -0.2588190451025209 0.9659258262890682
    outer loop
      vertex 7.667683450383805 -6.090498814388984 8.443209968380408
      vertex 8.135544251522198 -5.130122413180526 8.700542049514123
      vertex 7.667683450383806 2.0529217107896605 10.625232921729056
    endloop
  endfacet
  facet normal 1.72560672472055e-15 -0.2588190451025206 0.9659258262890682
    outer loop
      vertex 8.135544251522198 -5.130122413180526 8.700542049514123
      vertex 8.475102659875523 -4.120678418357325 8.971021752731446
      vertex 8.1355442515222 1.0925453095811988 10.36790084059534
    endloop
  endfacet
  facet normal -4.212448130887796e-15 -0.25881904510252085 0.9659258262890683
    outer loop
      vertex 8.475102659875523 -4.120678418357325 8.971021752731446
      vertex 8.681003636501682 -3.078086364730372 9.250383451535894
      vertex 8.475102659875521 0.0831013147580042 10.097421137378019
    endloop
  endfacet
  facet normal -1.6139958581705223e-14 -0.2588190451025203 0.9659258262890683
    outer loop
      vertex 8.681003636501682 -3.078086364730372 9.250383451535894
      vertex 8.75 -2.0187885517996618 9.534221445054733
      vertex 8.681003636501682 -0.9594907388689498 9.81805943857357
    endloop
  endfacet
  facet normal 2.99869178818728e-13 -0.2588190451025035 0.9659258262890729
    outer loop
      vertex 7.07889870078079 -6.986661912434599 8.203083789972514
      vertex 6.378475489937351 3.76690157631998 11.084492442541109
      vertex 6.696774233872726 -1.2016159532531123 9.753182182912123
    endloop
  endfacet
  facet normal 5.900091838840165e-15 -0.2588190451025203 0.9659258262890683
    outer loop
      vertex 8.681003636501682 -3.078086364730372 9.250383451535894
      vertex 8.681003636501682 -0.9594907388689498 9.81805943857357
      vertex 8.475102659875521 0.0831013147580042 10.097421137378019
    endloop
  endfacet
  facet normal -1.8030626133644607e-15 -0.25881904510252085 0.9659258262890682
    outer loop
      vertex 8.475102659875523 -4.120678418357325 8.971021752731446
      vertex 8.475102659875521 0.0831013147580042 10.097421137378019
      vertex 8.1355442515222 1.0925453095811988 10.36790084059534
    endloop
  endfacet
  facet normal 2.9468004232138122e-15 -0.25881904510252063 0.9659258262890684
    outer loop
      vertex 8.135544251522198 -5.130122413180526 8.700542049514123
      vertex 8.1355442515222 1.0925453095811988 10.36790084059534
      vertex 7.667683450383806 2.0529217107896605 10.625232921729056
    endloop
  endfacet
  facet normal -2.1471472349971825e-15 -0.2588190451025209 0.9659258262890683
    outer loop
      vertex 7.667683450383805 -6.090498814388984 8.443209968380408
      vertex 7.667683450383806 2.0529217107896605 10.625232921729056
      vertex 7.07889870078079 2.9490848088352752 10.865359100136951
    endloop
  endfacet
  facet normal 0.9980267284282716 0.06065098445947101 0.01625138230606783
    outer loop
      vertex 8.681003636501682 -0.9594907388689498 9.81805943857357
      vertex 8.75 0 2
      vertex 8.681003636501682 1.135351974075355 2
    endloop
  endfacet
  facet normal 0.9822872507286883 0.18099645112234988 0.048497852911132816
    outer loop
      vertex 8.681003636501682 1.135351974075355 2
      vertex 8.475102659875521 2.2527987692931473 2
      vertex 8.475102659875521 0.0831013147580042 10.097421137378019
    endloop
  endfacet
  facet normal 0.951056516295154 0.29848749562898447 0.07997948340457466
    outer loop
      vertex 8.475102659875521 2.2527987692931473 2
      vertex 8.1355442515222 3.334717582162433 2
      vertex 8.1355442515222 1.0925453095811988 10.36790084059534
    endloop
  endfacet
  facet normal 0.9048270524660197 0.4112712140217667 0.11019978966729982
    outer loop
      vertex 8.1355442515222 3.334717582162433 2
      vertex 7.667683450383806 4.364045906697294 2
      vertex 7.667683450383806 2.0529217107896605 10.625232921729056
    endloop
  endfacet
  facet normal 0.8443279255020152 0.5175689396879103 0.13868217941680802
    outer loop
      vertex 7.667683450383806 4.364045906697294 2
      vertex 7.07889870078079 5.324550620328876 2
      vertex 7.07889870078079 2.9490848088352752 10.865359100136951
    endloop
  endfacet
  facet normal 0.48175367410171366 0.846447254004 0.22680485814591303
    outer loop
      vertex 3.7255688011943864 8.196526579576425 2
      vertex 3.7255688011943864 5.628674858342331 11.583353089948838
      vertex 4.688484456066221 7.648485160113834 2
    endloop
  endfacet
  facet normal 0.6845471059286881 0.7041296237808354 0.18867096405890504
    outer loop
      vertex 6.378475489937351 6.2010839899455075 2
      vertex 5.577459910301036 6.979822560692678 2
      vertex 5.577459910301036 4.493474554280483 11.279177085227902
    endloop
  endfacet
  facet normal 0.7705132427757893 0.6157042939944777 0.16497746835219482
    outer loop
      vertex 7.07889870078079 5.324550620328876 2
      vertex 6.378475489937351 6.2010839899455075 2
      vertex 6.378475489937351 3.76690157631998 11.084492442541109
    endloop
  endfacet
  facet normal 0.5877852522924736 0.7814504087735193 0.2093890059558352
    outer loop
      vertex 5.577459910301036 6.979822560692678 2
      vertex 4.688484456066221 7.648485160113834 2
      vertex 4.688484456066221 5.117345252820691 11.44634273508319
    endloop
  endfacet
  facet normal 0.2486898871648553 0.9355794902428506 0.2506877688656932
    outer loop
      vertex 2.7038987007807895 8.615303878511456 2
      vertex 1.63958650262509 8.898212688749286 2
      vertex 1.63958650262509 6.283356910941939 11.758774617242054
    endloop
  endfacet
  facet normal 0.12533323356430448 0.9583092126407192 0.2567781796263857
    outer loop
      vertex 0.5494170458814912 9.040791369350933 2
      vertex 0.5494170458814912 6.41638463096231 11.794419287392465
      vertex 1.63958650262509 8.898212688749286 2
    endloop
  endfacet
  facet normal 0.36812455268467903 0.898095120395755 0.24064386223637443
    outer loop
      vertex 2.7038987007807895 8.615303878511456 2
      vertex 2.7038987007807895 6.019399397512829 11.688047414682597
      vertex 3.7255688011943864 8.196526579576425 2
    endloop
  endfacet
  facet normal 0.9822872507286884 0.1809964511223498 0.04849785291113281
    outer loop
      vertex 8.681003636501682 -0.9594907388689498 9.81805943857357
      vertex 8.681003636501682 1.135351974075355 2
      vertex 8.475102659875521 0.0831013147580042 10.097421137378019
    endloop
  endfacet
  facet normal 0.951056516295154 0.2984874956289845 0.07997948340457466
    outer loop
      vertex 8.475102659875521 2.2527987692931473 2
      vertex 8.1355442515222 1.0925453095811988 10.36790084059534
      vertex 8.475102659875521 0.0831013147580042 10.097421137378019
    endloop
  endfacet
  facet normal 0.9048270524660197 0.4112712140217667 0.11019978966729982
    outer loop
      vertex 8.1355442515222 3.334717582162433 2
      vertex 7.667683450383806 2.0529217107896605 10.625232921729056
      vertex 8.1355442515222 1.0925453095811988 10.36790084059534
    endloop
  endfacet
  facet normal 0.8443279255020154 0.5175689396879103 0.138682179416808
    outer loop
      vertex 7.667683450383806 4.364045906697294 2
      vertex 7.07889870078079 2.9490848088352752 10.865359100136951
      vertex 7.667683450383806 2.0529217107896605 10.625232921729056
    endloop
  endfacet
  facet normal 0.7705132427757891 0.6157042939944778 0.16497746835219487
    outer loop
      vertex 7.07889870078079 5.324550620328876 2
      vertex 6.378475489937351 3.76690157631998 11.084492442541109
      vertex 7.07889870078079 2.9490848088352752 10.865359100136951
    endloop
  endfacet
  facet normal 0.6845471059286883 0.7041296237808351 0.18867096405890502
    outer loop
      vertex 6.378475489937351 6.2010839899455075 2
      vertex 5.577459910301036 4.493474554280483 11.279177085227902
      vertex 6.378475489937351 3.76690157631998 11.084492442541109
    endloop
  endfacet
  facet normal -1.76993797391904e-14 -0.25881904510252157 0.9659258262890681
    outer loop
      vertex 6.378475489937351 3.76690157631998 11.084492442541109
      vertex 6.53793633761826 -0.3973306547408906 9.968689779132696
      vertex 6.696774233872726 -1.2016159532531123 9.753182182912123
    endloop
  endfacet
  facet normal -4.931090176712373e-16 -0.25881904510252074 0.9659258262890683
    outer loop
      vertex 7.07889870078079 -6.986661912434599 8.203083789972514
      vertex 7.07889870078079 2.9490848088352752 10.865359100136951
      vertex 6.378475489937351 3.76690157631998 11.084492442541109
    endloop
  endfacet
  facet normal -1.7750707484201608e-15 -0.25881904510252096 0.9659258262890683
    outer loop
      vertex 6.378475489937351 3.76690157631998 11.084492442541109
      vertex 6.275991279745696 0.38138328412271694 10.177345550186057
      vertex 6.53793633761826 -0.3973306547408906 9.968689779132696
    endloop
  endfacet
  facet normal 1.9831099640162834e-15 -0.258819045102521 0.9659258262890683
    outer loop
      vertex 6.378475489937351 3.76690157631998 11.084492442541109
      vertex 5.915070090296079 1.1222450793406726 10.375858869917781
      vertex 6.275991279745696 0.38138328412271694 10.177345550186057
    endloop
  endfacet
  facet normal -9.867039690180933e-16 -0.2588190451025211 0.9659258262890683
    outer loop
      vertex 3.7255688011943864 5.628674858342331 11.583353089948838
      vertex 3.6168308661082276 3.4862289546217538 11.009286440219542
      vertex 4.302611930803656 3.0049572728907363 10.880330081759748
    endloop
  endfacet
  facet normal -1.968482107085328e-15 -0.2588190451025204 0.9659258262890684
    outer loop
      vertex 2.7038987007807895 6.019399397512829 11.688047414682597
      vertex 2.085864712030895 4.182099294812831 11.195744335910513
      vertex 2.8740102180642406 3.8806832217384466 11.114980142544473
    endloop
  endfacet
  facet normal 3.543267792753593e-15 -0.2588190451025213 0.9659258262890682
    outer loop
      vertex 3.7255688011943864 5.628674858342331 11.583353089948838
      vertex 2.8740102180642406 3.8806832217384466 11.114980142544473
      vertex 3.6168308661082276 3.4862289546217538 11.009286440219542
    endloop
  endfacet
  facet normal 4.8060076911311036e-17 -0.25881904510252085 0.9659258262890682
    outer loop
      vertex 3.7255688011943864 5.628674858342331 11.583353089948838
      vertex 4.302611930803656 3.0049572728907363 10.880330081759748
      vertex 4.688484456066221 5.117345252820691 11.44634273508319
    endloop
  endfacet
  facet normal 9.867039690180935e-16 -0.25881904510252063 0.9659258262890683
    outer loop
      vertex 5.577459910301036 4.493474554280483 11.279177085227902
      vertex 4.920538235094528 2.4444581184640617 10.730144785972795
      vertex 5.4608647120308955 1.8135708978330038 10.561099064689587
    endloop
  endfacet
  facet normal 2.3136282913523312e-15 -0.2588190451025207 0.9659258262890682
    outer loop
      vertex 5.577459910301036 4.493474554280483 11.279177085227902
      vertex 5.4608647120308955 1.8135708978330038 10.561099064689587
      vertex 5.915070090296079 1.1222450793406726 10.375858869917781
    endloop
  endfacet
  facet normal -2.6781964873348242e-15 -0.2588190451025204 0.9659258262890684
    outer loop
      vertex 4.688484456066221 5.117345252820691 11.44634273508319
      vertex 4.302611930803656 3.0049572728907363 10.880330081759748
      vertex 4.920538235094528 2.4444581184640617 10.730144785972795
    endloop
  endfacet
  facet normal 5.678408078925749e-16 -0.2588190451025209 0.9659258262890682
    outer loop
      vertex 6.378475489937351 3.76690157631998 11.084492442541109
      vertex 5.577459910301036 4.493474554280483 11.279177085227902
      vertex 5.915070090296079 1.1222450793406726 10.375858869917781
    endloop
  endfacet
  facet normal -3.364205383791773e-16 -0.25881904510252024 0.9659258262890684
    outer loop
      vertex 5.577459910301036 4.493474554280483 11.279177085227902
      vertex 4.688484456066221 5.117345252820691 11.44634273508319
      vertex 4.920538235094528 2.4444581184640617 10.730144785972795
    endloop
  endfacet
  facet normal 0.4817536741017147 0.8464472540039994 0.22680485814591303
    outer loop
      vertex 4.688484456066221 7.648485160113834 2
      vertex 3.7255688011943864 5.628674858342331 11.583353089948838
      vertex 4.688484456066221 5.117345252820691 11.44634273508319
    endloop
  endfacet
  facet normal 0 0.9659258262890683 0.2588190451025207
    outer loop
      vertex -0.5494170458814912 6.41638463096231 11.794419287392465
      vertex 0.5494170458814912 6.41638463096231 11.794419287392465
      vertex 0.5494170458814912 9.040791369350933 2
    endloop
  endfacet
  facet normal 0.1253332335643051 0.9583092126407191 0.2567781796263857
    outer loop
      vertex 1.63958650262509 8.898212688749286 2
      vertex 0.5494170458814912 6.41638463096231 11.794419287392465
      vertex 1.63958650262509 6.283356910941939 11.758774617242054
    endloop
  endfacet
  facet normal 0.36812455268467775 0.8980951203957556 0.24064386223637446
    outer loop
      vertex 3.7255688011943864 8.196526579576425 2
      vertex 2.7038987007807895 6.019399397512829 11.688047414682597
      vertex 3.7255688011943864 5.628674858342331 11.583353089948838
    endloop
  endfacet
  facet normal 0.2486898871648551 0.9355794902428506 0.2506877688656932
    outer loop
      vertex 2.7038987007807895 8.615303878511456 2
      vertex 1.63958650262509 6.283356910941939 11.758774617242054
      vertex 2.7038987007807895 6.019399397512829 11.688047414682597
    endloop
  endfacet
  facet normal 0.5877852522924736 0.7814504087735192 0.20938900595583518
    outer loop
      vertex 5.577459910301036 6.979822560692678 2
      vertex 4.688484456066221 5.117345252820691 11.44634273508319
      vertex 5.577459910301036 4.493474554280483 11.279177085227902
    endloop
  endfacet
  facet normal -1.4435535451959066e-15 -0.2588190451025211 0.9659258262890682
    outer loop
      vertex 1.63958650262509 6.283356910941939 11.758774617242054
      vertex 1.2648238734536408 4.3857236623152875 11.250305320742093
      vertex 2.085864712030895 4.182099294812831 11.195744335910513
    endloop
  endfacet
  facet normal 6.561607023617756e-16 -0.2588190451025208 0.9659258262890682
    outer loop
      vertex 0.5494170458814912 6.41638463096231 11.794419287392465
      vertex 0.4238360068228646 4.488345046331001 11.277802637715268
      vertex 1.2648238734536408 4.3857236623152875 11.250305320742093
    endloop
  endfacet
  facet normal -3.669813071066219e-16 -0.2588190451025209 0.9659258262890682
    outer loop
      vertex 2.7038987007807895 6.019399397512829 11.688047414682597
      vertex 1.63958650262509 6.283356910941939 11.758774617242054
      vertex 2.085864712030895 4.182099294812831 11.195744335910513
    endloop
  endfacet
  facet normal 0 -0.2588190451025208 0.9659258262890684
    outer loop
      vertex -0.5494170458814912 6.41638463096231 11.794419287392465
      vertex 0.4238360068228646 4.488345046331001 11.277802637715268
      vertex 0.5494170458814912 6.41638463096231 11.794419287392465
    endloop
  endfacet
  facet normal -6.327263915631408e-16 -0.25881904510252124 0.9659258262890681
    outer loop
      vertex 0.5494170458814912 6.41638463096231 11.794419287392465
      vertex 1.2648238734536408 4.3857236623152875 11.250305320742093
      vertex 1.63958650262509 6.283356910941939 11.758774617242054
    endloop
  endfacet
  facet normal 1.0629803378260764e-15 -0.2588190451025202 0.9659258262890684
    outer loop
      vertex 2.7038987007807895 6.019399397512829 11.688047414682597
      vertex 2.8740102180642406 3.8806832217384466 11.114980142544473
      vertex 3.7255688011943864 5.628674858342331 11.583353089948838
    endloop
  endfacet
  facet normal 0.24868988716485432 0.9355794902428508 0.25068776886569333
    outer loop
      vertex -1.2648238734536426 -6.328437117887202 0
      vertex -2.085864712030895 -6.110193178560878 0
      vertex -2.085864712030895 -8.219676398412155 7.872698554198951
    endloop
  endfacet
  facet normal 0.12533323356430584 0.9583092126407189 0.25677817962638566
    outer loop
      vertex -1.2648238734536426 -6.328437117887202 0
      vertex -1.2648238734536426 -8.42330076591461 7.81813756936737
      vertex -0.4238360068228679 -6.438426385779902 0
    endloop
  endfacet
  facet normal 0 0.9659258262890682 0.25881904510252085
    outer loop
      vertex -0.4238360068228679 -6.438426385779902 0
      vertex -0.4238360068228679 -8.525922149930325 7.790640252394196
      vertex 0.4238360068228679 -6.438426385779902 0
    endloop
  endfacet
  facet normal 0.4817536741017151 0.8464472540039992 0.22680485814591286
    outer loop
      vertex -3.616830866108228 -5.364361595796997 0
      vertex -3.616830866108228 -7.523806058221075 8.059156449889922
      vertex -2.874010218064239 -5.787136405096713 0
    endloop
  endfacet
  facet normal 0.3681245526846777 0.8980951203957557 0.24064386223637463
    outer loop
      vertex -2.874010218064239 -5.787136405096713 0
      vertex -2.874010218064239 -7.918260325337771 7.953462747564994
      vertex -2.085864712030895 -6.110193178560878 0
    endloop
  endfacet
  facet normal 0.5877852522924719 0.7814504087735205 0.20938900595583543
    outer loop
      vertex -4.302611930803655 -4.848536161957822 0
      vertex -3.616830866108228 -7.523806058221075 8.059156449889922
      vertex -3.616830866108228 -5.364361595796997 0
    endloop
  endfacet
  facet normal 0.68454710592869 0.7041296237808339 0.18867096405890468
    outer loop
      vertex -4.302611930803655 -4.848536161957822 0
      vertex -4.920538235094528 -6.4820352220633835 8.33829810413667
      vertex -4.302611930803655 -7.04253437649006 8.188112808349715
    endloop
  endfacet
  facet normal 0.7705132427757884 0.6157042939944787 0.16497746835219512
    outer loop
      vertex -4.920538235094528 -4.247794978810001 0
      vertex -5.4608647120308955 -5.851148001432327 8.507343825419877
      vertex -4.920538235094528 -6.4820352220633835 8.33829810413667
    endloop
  endfacet
  facet normal 0.3681245526846785 0.8980951203957552 0.24064386223637457
    outer loop
      vertex -2.085864712030895 -6.110193178560878 0
      vertex -2.874010218064239 -7.918260325337771 7.953462747564994
      vertex -2.085864712030895 -8.219676398412155 7.872698554198951
    endloop
  endfacet
  facet normal 0.4817536741017159 0.8464472540039989 0.22680485814591286
    outer loop
      vertex -2.874010218064239 -5.787136405096713 0
      vertex -3.616830866108228 -7.523806058221075 8.059156449889922
      vertex -2.874010218064239 -7.918260325337771 7.953462747564994
    endloop
  endfacet
  facet normal 0.24868988716485316 0.9355794902428511 0.25068776886569333
    outer loop
      vertex -1.2648238734536426 -6.328437117887202 0
      vertex -2.085864712030895 -8.219676398412155 7.872698554198951
      vertex -1.2648238734536426 -8.42330076591461 7.81813756936737
    endloop
  endfacet
  facet normal 0.12533323356430695 0.9583092126407189 0.25677817962638577
    outer loop
      vertex -0.4238360068228679 -6.438426385779902 0
      vertex -1.2648238734536426 -8.42330076591461 7.81813756936737
      vertex -0.4238360068228679 -8.525922149930325 7.790640252394196
    endloop
  endfacet
  facet normal 0.5877852522924714 0.7814504087735209 0.2093890059558356
    outer loop
      vertex -4.302611930803655 -4.848536161957822 0
      vertex -4.302611930803655 -7.04253437649006 8.188112808349715
      vertex -3.616830866108228 -7.523806058221075 8.059156449889922
    endloop
  endfacet
  facet normal 0.6845471059286902 0.7041296237808335 0.18867096405890463
    outer loop
      vertex -4.920538235094528 -4.247794978810001 0
      vertex -4.920538235094528 -6.4820352220633835 8.33829810413667
      vertex -4.302611930803655 -4.848536161957822 0
    endloop
  endfacet
  facet normal 0.7705132427757884 0.6157042939944787 0.16497746835219512
    outer loop
      vertex -4.920538235094528 -4.247794978810001 0
      vertex -5.4608647120308955 -3.571612093677173 0
      vertex -5.4608647120308955 -5.851148001432327 8.507343825419877
    endloop
  endfacet
  facet normal 0.8443279255020156 0.5175689396879095 0.13868217941680777
    outer loop
      vertex -5.4608647120308955 -3.571612093677173 0
      vertex -5.915070090296078 -2.830651314589953 0
      vertex -5.915070090296078 -5.159822182939996 8.692584020191683
    endloop
  endfacet
  facet normal 0.9048270524660192 0.4112712140217672 0.11019978966729999
    outer loop
      vertex -6.275991279745697 -2.0365980356630593 0
      vertex -6.275991279745697 -4.41896038772204 8.891097339923405
      vertex -5.915070090296078 -2.830651314589953 0
    endloop
  endfacet
  facet normal 0.844327925502016 0.5175689396879093 0.13868217941680774
    outer loop
      vertex -5.4608647120308955 -3.571612093677173 0
      vertex -5.915070090296078 -5.159822182939996 8.692584020191683
      vertex -5.4608647120308955 -5.851148001432327 8.507343825419877
    endloop
  endfacet
  facet normal 0.9048270524660191 0.4112712140217677 0.11019978966730005
    outer loop
      vertex -5.915070090296078 -2.830651314589953 0
      vertex -6.275991279745697 -4.41896038772204 8.891097339923405
      vertex -5.915070090296078 -5.159822182939996 8.692584020191683
    endloop
  endfacet
  facet normal 0.9510565162951536 0.29848749562898547 0.07997948340457489
    outer loop
      vertex -6.275991279745697 -2.0365980356630593 0
      vertex -6.53793633761826 -1.2019749514496116 0
      vertex -6.53793633761826 -3.6402464488584325 9.099753110976767
    endloop
  endfacet
  facet normal 0.9822872507286886 0.18099645112234866 0.04849785291113249
    outer loop
      vertex -6.53793633761826 -1.2019749514496116 0
      vertex -6.696774233872726 -0.339944566567313 0
      vertex -6.696774233872726 -2.8359611503462094 9.315260707197343
    endloop
  endfacet
  facet normal 0.9980267284282716 0.06065098445947117 0.01625138230606787
    outer loop
      vertex -6.696774233872726 -0.339944566567313 0
      vertex -6.75 0.5358983848622453 0
      vertex -6.75 -2.0187885517996613 9.534221445054731
    endloop
  endfacet
  facet normal 0.9510565162951538 0.2984874956289852 0.07997948340457486
    outer loop
      vertex -6.275991279745697 -2.0365980356630593 0
      vertex -6.53793633761826 -3.6402464488584325 9.099753110976767
      vertex -6.275991279745697 -4.41896038772204 8.891097339923405
    endloop
  endfacet
  facet normal 0.9822872507286886 0.18099645112234858 0.04849785291113246
    outer loop
      vertex -6.53793633761826 -1.2019749514496116 0
      vertex -6.696774233872726 -2.8359611503462094 9.315260707197343
      vertex -6.53793633761826 -3.6402464488584325 9.099753110976767
    endloop
  endfacet
  facet normal 0.9980267284282717 0.060650984459471174 0.01625138230606787
    outer loop
      vertex -6.696774233872726 -0.339944566567313 0
      vertex -6.75 -2.0187885517996613 9.534221445054731
      vertex -6.696774233872726 -2.8359611503462094 9.315260707197343
    endloop
  endfacet
  facet normal 0.9980267284282716 -0.06065098445947118 -0.016251382306067874
    outer loop
      vertex -6.75 0.5358983848622453 0
      vertex -6.696774233872726 -1.2016159532531134 9.753182182912122
      vertex -6.75 -2.0187885517996613 9.534221445054731
    endloop
  endfacet
  facet normal 0 -0.2588190451025213 0.9659258262890682
    outer loop
      vertex -5.777415762647603 4.127008300331067 0
      vertex 5.777415762647604 4.127008300331067 0
      vertex -5.4608647120308955 4.608816584940228 0.12910014076764953
    endloop
  endfacet
  facet normal 2.0060625651721943e-17 -0.2588190451025208 0.9659258262890682
    outer loop
      vertex -5.4608647120308955 4.608816584940228 0.12910014076764953
      vertex 5.777415762647604 4.127008300331067 0
      vertex -4.920538235094528 5.239703805571284 0.2981458620508566
    endloop
  endfacet
  facet normal 0.9980267284282717 -0.06065098445947117 -0.01625138230606787
    outer loop
      vertex -6.75 0.5358983848622453 0
      vertex -6.696774233872726 1.4117413362918037 0
      vertex -6.696774233872726 -1.2016159532531134 9.753182182912122
    endloop
  endfacet
  facet normal 0.9822872507286885 -0.18099645112234866 -0.04849785291113249
    outer loop
      vertex -6.696774233872726 1.4117413362918037 0
      vertex -6.53793633761826 2.273771721174102 0
      vertex -6.53793633761826 -0.39733065474089013 9.968689779132696
    endloop
  endfacet
  facet normal 0.9510565162951535 -0.29848749562898536 -0.07997948340457489
    outer loop
      vertex -6.53793633761826 2.273771721174102 0
      vertex -6.275991279745697 3.10839480538755 0
      vertex -6.275991279745697 0.3813832841227158 10.177345550186057
    endloop
  endfacet
  facet normal 0.9048270524660194 -0.4112712140217673 -0.11019978966729996
    outer loop
      vertex -6.275991279745697 3.10839480538755 0
      vertex -5.915070090296078 3.9024480843144436 0
      vertex -5.915070090296078 1.122245079340673 10.375858869917781
    endloop
  endfacet
  facet normal 0.8443279255020156 -0.5175689396879097 -0.13868217941680788
    outer loop
      vertex -5.915070090296078 3.9024480843144436 0
      vertex -5.777415762647603 4.127008300331067 0
      vertex -5.4608647120308955 1.8135708978330036 10.561099064689587
    endloop
  endfacet
  facet normal 0.8443279255020157 -0.5175689396879096 -0.1386821794168078
    outer loop
      vertex -5.777415762647603 4.127008300331067 0
      vertex -5.4608647120308955 4.608816584940228 0.12910014076764953
      vertex -5.4608647120308955 1.8135708978330036 10.561099064689587
    endloop
  endfacet
  facet normal 0.7705132427757885 -0.6157042939944787 -0.16497746835219507
    outer loop
      vertex -5.4608647120308955 4.608816584940228 0.12910014076764953
      vertex -4.920538235094528 5.239703805571284 0.2981458620508566
      vertex -4.920538235094528 2.44445811846406 10.730144785972794
    endloop
  endfacet
  facet normal 0.6845471059286897 -0.704129623780834 -0.1886709640589047
    outer loop
      vertex -4.920538235094528 5.239703805571284 0.2981458620508566
      vertex -4.302611930803655 5.800202959997961 0.4483311578378115
      vertex -4.302611930803655 3.0049572728907368 10.880330081759748
    endloop
  endfacet
  facet normal 6.819024041299733e-17 -0.2588190451025204 0.9659258262890684
    outer loop
      vertex -4.920538235094528 5.239703805571284 0.2981458620508566
      vertex 5.777415762647604 4.127008300331067 0
      vertex -4.302611930803655 5.800202959997961 0.4483311578378115
    endloop
  endfacet
  facet normal -1.787715983757932e-17 -0.25881904510252085 0.9659258262890682
    outer loop
      vertex -4.302611930803655 5.800202959997961 0.4483311578378115
      vertex 5.777415762647604 4.127008300331067 0
      vertex -3.616830866108228 6.281474641728976 0.5772875162976054
    endloop
  endfacet
  facet normal 5.0527543263632095e-18 -0.25881904510252085 0.9659258262890682
    outer loop
      vertex -3.616830866108228 6.281474641728976 0.5772875162976054
      vertex 5.777415762647604 4.127008300331067 0
      vertex -2.8740102180642406 6.675928908845671 0.6829812186225341
    endloop
  endfacet
  facet normal 0.5877852522924725 -0.7814504087735202 -0.20938900595583548
    outer loop
      vertex -4.302611930803655 5.800202959997961 0.4483311578378115
      vertex -3.616830866108228 6.281474641728976 0.5772875162976054
      vertex -3.616830866108228 3.486228954621752 11.009286440219544
    endloop
  endfacet
  facet normal 0.48175367410171516 -0.8464472540039991 -0.22680485814591295
    outer loop
      vertex -3.616830866108228 6.281474641728976 0.5772875162976054
      vertex -2.8740102180642406 6.675928908845671 0.6829812186225341
      vertex -3.616830866108228 3.486228954621752 11.009286440219544
    endloop
  endfacet
  facet normal 0.3681245526846782 -0.8980951203957553 -0.2406438622363745
    outer loop
      vertex -2.8740102180642406 6.675928908845671 0.6829812186225341
      vertex -2.085864712030895 6.977344981920055 0.7637454119885756
      vertex -2.8740102180642406 3.8806832217384466 11.114980142544471
    endloop
  endfacet
  facet normal 0.24868988716485493 -0.9355794902428507 -0.2506877688656933
    outer loop
      vertex -2.085864712030895 6.977344981920055 0.7637454119885756
      vertex -1.2648238734536408 7.1809693494225115 0.8183063968201572
      vertex -1.2648238734536408 4.3857236623152875 11.250305320742093
    endloop
  endfacet
  facet normal 0.12533323356430398 -0.9583092126407192 -0.25677817962638577
    outer loop
      vertex -1.2648238734536408 7.1809693494225115 0.8183063968201572
      vertex -0.4238360068228646 7.283590733438225 0.8458037137933316
      vertex -0.4238360068228641 4.488345046331002 11.277802637715268
    endloop
  endfacet
  facet normal 0.9822872507286885 -0.18099645112234866 -0.04849785291113249
    outer loop
      vertex -6.696774233872726 1.4117413362918037 0
      vertex -6.53793633761826 -0.39733065474089013 9.968689779132696
      vertex -6.696774233872726 -1.2016159532531134 9.753182182912122
    endloop
  endfacet
  facet normal 0.9510565162951534 -0.2984874956289855 -0.0799794834045749
    outer loop
      vertex -6.53793633761826 2.273771721174102 0
      vertex -6.275991279745697 0.3813832841227158 10.177345550186057
      vertex -6.53793633761826 -0.39733065474089013 9.968689779132696
    endloop
  endfacet
  facet normal 0.9048270524660195 -0.4112712140217673 -0.11019978966729996
    outer loop
      vertex -6.275991279745697 3.10839480538755 0
      vertex -5.915070090296078 1.122245079340673 10.375858869917781
      vertex -6.275991279745697 0.3813832841227158 10.177345550186057
    endloop
  endfacet
  facet normal 0.8443279255020154 -0.51756893968791 -0.1386821794168079
    outer loop
      vertex -5.915070090296078 3.9024480843144436 0
      vertex -5.4608647120308955 1.8135708978330036 10.561099064689587
      vertex -5.915070090296078 1.122245079340673 10.375858869917781
    endloop
  endfacet
  facet normal 0.7705132427757881 -0.6157042939944788 -0.16497746835219512
    outer loop
      vertex -5.4608647120308955 4.608816584940228 0.12910014076764953
      vertex -4.920538235094528 2.44445811846406 10.730144785972794
      vertex -5.4608647120308955 1.8135708978330036 10.561099064689587
    endloop
  endfacet
  facet normal 0.6845471059286896 -0.7041296237808342 -0.18867096405890477
    outer loop
      vertex -4.920538235094528 5.239703805571284 0.2981458620508566
      vertex -4.302611930803655 3.0049572728907368 10.880330081759748
      vertex -4.920538235094528 2.44445811846406 10.730144785972794
    endloop
  endfacet
  facet normal 0.5877852522924726 -0.7814504087735198 -0.20938900595583537
    outer loop
      vertex -4.302611930803655 5.800202959997961 0.4483311578378115
      vertex -3.616830866108228 3.486228954621752 11.009286440219544
      vertex -4.302611930803655 3.0049572728907368 10.880330081759748
    endloop
  endfacet
  facet normal 0.48175367410171505 -0.8464472540039993 -0.226804858145913
    outer loop
      vertex -2.8740102180642406 6.675928908845671 0.6829812186225341
      vertex -2.8740102180642406 3.8806832217384466 11.114980142544471
      vertex -3.616830866108228 3.486228954621752 11.009286440219544
    endloop
  endfacet
  facet normal 0.3681245526846785 -0.8980951203957553 -0.2406438622363745
    outer loop
      vertex -2.085864712030895 6.977344981920055 0.7637454119885756
      vertex -2.085864712030895 4.182099294812831 11.195744335910513
      vertex -2.8740102180642406 3.8806832217384466 11.114980142544471
    endloop
  endfacet
  facet normal 0.24868988716485435 -0.9355794902428508 -0.2506877688656933
    outer loop
      vertex -2.085864712030895 6.977344981920055 0.7637454119885756
      vertex -1.2648238734536408 4.3857236623152875 11.250305320742093
      vertex -2.085864712030895 4.182099294812831 11.195744335910513
    endloop
  endfacet
  facet normal 0.12533323356430537 -0.9583092126407189 -0.25677817962638566
    outer loop
      vertex -1.2648238734536408 7.1809693494225115 0.8183063968201572
      vertex -0.4238360068228641 4.488345046331002 11.277802637715268
      vertex -1.2648238734536408 4.3857236623152875 11.250305320742093
    endloop
  endfacet
  facet normal -7.761373856015667e-16 -0.9659258262890684 -0.25881904510252074
    outer loop
      vertex -0.4238360068228646 7.283590733438225 0.8458037137933316
      vertex 0.4238360068228646 4.488345046331001 11.277802637715268
      vertex -0.4238360068228641 4.488345046331002 11.277802637715268
    endloop
  endfacet
  facet normal -0.12533323356430584 0.958309212640719 0.25677817962638577
    outer loop
      vertex 0.4238360068228679 -6.438426385779902 0
      vertex 0.4238360068228679 -8.525922149930325 7.790640252394196
      vertex 1.2648238734536426 -6.328437117887202 0
    endloop
  endfacet
  facet normal -0.24868988716485432 0.9355794902428508 0.25068776886569333
    outer loop
      vertex 1.2648238734536426 -6.328437117887202 0
      vertex 2.085864712030895 -8.219676398412155 7.872698554198951
      vertex 2.085864712030895 -6.110193178560878 0
    endloop
  endfacet
  facet normal -0.3681245526846776 0.8980951203957556 0.24064386223637466
    outer loop
      vertex 2.085864712030895 -6.110193178560878 0
      vertex 2.085864712030895 -8.219676398412155 7.872698554198951
      vertex 2.874010218064239 -5.787136405096713 0
    endloop
  endfacet
  facet normal -0.48175367410171455 0.8464472540039996 0.22680485814591306
    outer loop
      vertex 2.874010218064239 -5.787136405096713 0
      vertex 2.874010218064239 -7.918260325337771 7.953462747564993
      vertex 3.6168308661082245 -5.364361595797 0
    endloop
  endfacet
  facet normal -0.5877852522924729 0.7814504087735198 0.20938900595583534
    outer loop
      vertex 3.6168308661082245 -5.364361595797 0
      vertex 4.302611930803657 -7.0425343764900585 8.188112808349716
      vertex 4.302611930803657 -4.84853616195782 0
    endloop
  endfacet
  facet normal -0.6845471059286896 0.704129623780834 0.1886709640589047
    outer loop
      vertex 4.302611930803657 -4.84853616195782 0
      vertex 4.302611930803657 -7.0425343764900585 8.188112808349716
      vertex 4.920538235094528 -4.247794978810001 0
    endloop
  endfacet
  facet normal 0 0.9659258262890682 0.25881904510252085
    outer loop
      vertex 0.4238360068228679 -6.438426385779902 0
      vertex -0.4238360068228679 -8.525922149930325 7.790640252394196
      vertex 0.4238360068228679 -8.525922149930325 7.790640252394196
    endloop
  endfacet
  facet normal -0.12533323356430706 0.9583092126407188 0.2567781796263856
    outer loop
      vertex 1.2648238734536426 -6.328437117887202 0
      vertex 0.4238360068228679 -8.525922149930325 7.790640252394196
      vertex 1.2648238734536426 -8.42330076591461 7.81813756936737
    endloop
  endfacet
  facet normal -0.24868988716485316 0.9355794902428511 0.25068776886569333
    outer loop
      vertex 1.2648238734536426 -6.328437117887202 0
      vertex 1.2648238734536426 -8.42330076591461 7.81813756936737
      vertex 2.085864712030895 -8.219676398412155 7.872698554198951
    endloop
  endfacet
  facet normal -0.36812455268467814 0.8980951203957553 0.24064386223637457
    outer loop
      vertex 2.874010218064239 -5.787136405096713 0
      vertex 2.085864712030895 -8.219676398412155 7.872698554198951
      vertex 2.874010218064239 -7.918260325337771 7.953462747564993
    endloop
  endfacet
  facet normal -0.48175367410171427 0.8464472540039996 0.2268048581459131
    outer loop
      vertex 3.6168308661082245 -5.364361595797 0
      vertex 2.874010218064239 -7.918260325337771 7.953462747564993
      vertex 3.6168308661082245 -7.523806058221078 8.05915644988992
    endloop
  endfacet
  facet normal -0.587785252292473 0.7814504087735196 0.20938900595583532
    outer loop
      vertex 3.6168308661082245 -5.364361595797 0
      vertex 3.6168308661082245 -7.523806058221078 8.05915644988992
      vertex 4.302611930803657 -7.0425343764900585 8.188112808349716
    endloop
  endfacet
  facet normal -0.6845471059286894 0.7041296237808342 0.1886709640589048
    outer loop
      vertex 4.920538235094528 -4.247794978810001 0
      vertex 4.302611930803657 -7.0425343764900585 8.188112808349716
      vertex 4.920538235094528 -6.4820352220633835 8.33829810413667
    endloop
  endfacet
  facet normal -0.7705132427757886 0.6157042939944785 0.16497746835219507
    outer loop
      vertex 4.920538235094528 -4.247794978810001 0
      vertex 4.920538235094528 -6.4820352220633835 8.33829810413667
      vertex 5.4608647120308955 -5.851148001432327 8.507343825419879
    endloop
  endfacet
  facet normal -0.7705132427757883 0.6157042939944788 0.1649774683521951
    outer loop
      vertex 4.920538235094528 -4.247794978810001 0
      vertex 5.4608647120308955 -5.851148001432327 8.507343825419879
      vertex 5.4608647120308955 -3.571612093677173 0
    endloop
  endfacet
  facet normal -0.8443279255020156 0.5175689396879095 0.13868217941680777
    outer loop
      vertex 5.4608647120308955 -3.571612093677173 0
      vertex 5.915070090296078 -5.159822182939996 8.692584020191683
      vertex 5.915070090296078 -2.830651314589953 0
    endloop
  endfacet
  facet normal -0.9048270524660189 0.4112712140217682 0.11019978966730021
    outer loop
      vertex 5.915070090296078 -2.830651314589953 0
      vertex 6.275991279745696 -4.418960387722043 8.891097339923405
      vertex 6.275991279745696 -2.0365980356630633 0
    endloop
  endfacet
  facet normal -0.8443279255020157 0.5175689396879096 0.1386821794168078
    outer loop
      vertex 5.4608647120308955 -3.571612093677173 0
      vertex 5.4608647120308955 -5.851148001432327 8.507343825419879
      vertex 5.915070090296078 -5.159822182939996 8.692584020191683
    endloop
  endfacet
  facet normal -0.9048270524660189 0.4112712140217683 0.11019978966730022
    outer loop
      vertex 5.915070090296078 -2.830651314589953 0
      vertex 5.915070090296078 -5.159822182939996 8.692584020191683
      vertex 6.275991279745696 -4.418960387722043 8.891097339923405
    endloop
  endfacet
  facet normal -0.9510565162951536 0.298487495628985 0.07997948340457481
    outer loop
      vertex 6.275991279745696 -2.0365980356630633 0
      vertex 6.537936337618261 -3.6402464488584307 9.099753110976769
      vertex 6.537936337618261 -1.2019749514496088 0
    endloop
  endfacet
  facet normal -0.9822872507286886 0.18099645112234825 0.04849785291113237
    outer loop
      vertex 6.537936337618261 -1.2019749514496088 0
      vertex 6.696774233872726 -2.8359611503462094 9.315260707197343
      vertex 6.696774233872726 -0.339944566567313 0
    endloop
  endfacet
  facet normal -0.9980267284282716 0.06065098445947117 0.01625138230606787
    outer loop
      vertex 6.696774233872726 -0.339944566567313 0
      vertex 6.75 -2.0187885517996618 9.534221445054733
      vertex 6.75 0.5358983848622453 0
    endloop
  endfacet
  facet normal -0.9510565162951536 0.2984874956289851 0.07997948340457484
    outer loop
      vertex 6.275991279745696 -2.0365980356630633 0
      vertex 6.275991279745696 -4.418960387722043 8.891097339923405
      vertex 6.537936337618261 -3.6402464488584307 9.099753110976769
    endloop
  endfacet
  facet normal -0.9822872507286887 0.18099645112234813 0.04849785291113236
    outer loop
      vertex 6.537936337618261 -1.2019749514496088 0
      vertex 6.537936337618261 -3.6402464488584307 9.099753110976769
      vertex 6.696774233872726 -2.8359611503462094 9.315260707197343
    endloop
  endfacet
  facet normal -0.9980267284282717 0.06065098445947119 0.016251382306067874
    outer loop
      vertex 6.696774233872726 -0.339944566567313 0
      vertex 6.696774233872726 -2.8359611503462094 9.315260707197343
      vertex 6.75 -2.0187885517996618 9.534221445054733
    endloop
  endfacet
  facet normal -0.9980267284282716 -0.06065098445947106 -0.016251382306067843
    outer loop
      vertex 6.75 0.5358983848622453 0
      vertex 6.75 -2.0187885517996618 9.534221445054733
      vertex 6.696774233872726 -1.2016159532531123 9.753182182912123
    endloop
  endfacet
  facet normal -0.8443279255020151 -0.5175689396879085 -0.13868217941681638
    outer loop
      vertex 5.4608647120308955 4.608816584940228 0.12910014076764953
      vertex 5.777415762647604 4.127008300331067 0
      vertex 5.915070090296079 3.902448084314443 0
    endloop
  endfacet
  facet normal -2.6533104511403754e-15 -0.25881904510252296 0.9659258262890679
    outer loop
      vertex 5.4608647120308955 4.608816584940228 0.12910014076764953
      vertex 4.920538235094528 5.239703805571286 0.298145862050857
      vertex 5.777415762647604 4.127008300331067 0
    endloop
  endfacet
  facet normal -0.9980267284282717 -0.060650984459471056 -0.016251382306067843
    outer loop
      vertex 6.75 0.5358983848622453 0
      vertex 6.696774233872726 -1.2016159532531123 9.753182182912123
      vertex 6.696774233872726 1.4117413362918052 0
    endloop
  endfacet
  facet normal -0.9510565162951534 -0.29848749562898585 -0.07997948340457503
    outer loop
      vertex 6.53793633761826 2.2737717211741018 0
      vertex 6.275991279745696 0.38138328412271694 10.177345550186057
      vertex 6.275991279745696 3.108394805387551 0
    endloop
  endfacet
  facet normal -0.9822872507286885 -0.1809964511223491 -0.04849785291113261
    outer loop
      vertex 6.696774233872726 1.4117413362918052 0
      vertex 6.53793633761826 -0.3973306547408906 9.968689779132696
      vertex 6.53793633761826 2.2737717211741018 0
    endloop
  endfacet
  facet normal -0.9048270524660199 -0.41127121402176614 -0.11019978966729964
    outer loop
      vertex 5.915070090296079 3.902448084314443 0
      vertex 6.275991279745696 3.108394805387551 0
      vertex 5.915070090296079 1.1222450793406726 10.375858869917781
    endloop
  endfacet
  facet normal -0.8443279255020153 -0.5175689396879101 -0.13868217941680794
    outer loop
      vertex 5.4608647120308955 4.608816584940228 0.12910014076764953
      vertex 5.915070090296079 3.902448084314443 0
      vertex 5.4608647120308955 1.8135708978330038 10.561099064689587
    endloop
  endfacet
  facet normal -0.7705132427757893 -0.6157042939944775 -0.1649774683521948
    outer loop
      vertex 5.4608647120308955 4.608816584940228 0.12910014076764953
      vertex 5.4608647120308955 1.8135708978330038 10.561099064689587
      vertex 4.920538235094528 5.239703805571286 0.298145862050857
    endloop
  endfacet
  facet normal -0.6845471059286884 -0.704129623780835 -0.18867096405890496
    outer loop
      vertex 4.302611930803656 5.80020295999796 0.4483311578378113
      vertex 4.920538235094528 5.239703805571286 0.298145862050857
      vertex 4.920538235094528 2.4444581184640617 10.730144785972795
    endloop
  endfacet
  facet normal 7.549448031386196e-17 -0.2588190451025206 0.9659258262890683
    outer loop
      vertex -2.8740102180642406 6.675928908845671 0.6829812186225341
      vertex 5.777415762647604 4.127008300331067 0
      vertex -2.085864712030895 6.977344981920055 0.7637454119885756
    endloop
  endfacet
  facet normal -1.3604221166920156e-16 -0.25881904510252113 0.9659258262890682
    outer loop
      vertex -2.085864712030895 6.977344981920055 0.7637454119885756
      vertex 5.777415762647604 4.127008300331067 0
      vertex -1.2648238734536408 7.1809693494225115 0.8183063968201572
    endloop
  endfacet
  facet normal 5.400603161050551e-16 -0.25881904510252024 0.9659258262890684
    outer loop
      vertex 5.777415762647604 4.127008300331067 0
      vertex 2.085864712030895 6.977344981920055 0.7637454119885756
      vertex 1.2648238734536408 7.1809693494225115 0.8183063968201572
    endloop
  endfacet
  facet normal 0 -0.25881904510252096 0.9659258262890683
    outer loop
      vertex 5.777415762647604 4.127008300331067 0
      vertex 3.6168308661082276 6.281474641728977 0.5772875162976057
      vertex 2.8740102180642406 6.675928908845671 0.6829812186225341
    endloop
  endfacet
  facet normal -3.7834015721347785e-16 -0.25881904510252113 0.9659258262890682
    outer loop
      vertex 5.777415762647604 4.127008300331067 0
      vertex 2.8740102180642406 6.675928908845671 0.6829812186225341
      vertex 2.085864712030895 6.977344981920055 0.7637454119885756
    endloop
  endfacet
  facet normal 8.146336860123249e-17 -0.2588190451025207 0.9659258262890684
    outer loop
      vertex -1.2648238734536408 7.1809693494225115 0.8183063968201572
      vertex 5.777415762647604 4.127008300331067 0
      vertex -0.4238360068228646 7.283590733438225 0.8458037137933316
    endloop
  endfacet
  facet normal 0 -0.25881904510252085 0.9659258262890684
    outer loop
      vertex -0.4238360068228646 7.283590733438225 0.8458037137933316
      vertex 5.777415762647604 4.127008300331067 0
      vertex 0.4238360068228646 7.283590733438225 0.8458037137933316
    endloop
  endfacet
  facet normal 0 -0.2588190451025208 0.9659258262890683
    outer loop
      vertex 5.777415762647604 4.127008300331067 0
      vertex 1.2648238734536408 7.1809693494225115 0.8183063968201572
      vertex 0.4238360068228646 7.283590733438225 0.8458037137933316
    endloop
  endfacet
  facet normal -2.0694110762578723e-15 -0.2588190451025223 0.9659258262890679
    outer loop
      vertex 4.302611930803656 5.80020295999796 0.4483311578378113
      vertex 5.777415762647604 4.127008300331067 0
      vertex 4.920538235094528 5.239703805571286 0.298145862050857
    endloop
  endfacet
  facet normal 1.2251331503818887e-16 -0.2588190451025207 0.9659258262890683
    outer loop
      vertex 4.302611930803656 5.80020295999796 0.4483311578378113
      vertex 3.6168308661082276 6.281474641728977 0.5772875162976057
      vertex 5.777415762647604 4.127008300331067 0
    endloop
  endfacet
  facet normal -0.248689887164855 -0.9355794902428508 -0.2506877688656933
    outer loop
      vertex 1.2648238734536408 7.1809693494225115 0.8183063968201572
      vertex 2.085864712030895 6.977344981920055 0.7637454119885756
      vertex 2.085864712030895 4.182099294812831 11.195744335910513
    endloop
  endfacet
  facet normal -0.5877852522924729 -0.7814504087735197 -0.20938900595583532
    outer loop
      vertex 4.302611930803656 5.80020295999796 0.4483311578378113
      vertex 4.302611930803656 3.0049572728907363 10.880330081759748
      vertex 3.6168308661082276 6.281474641728977 0.5772875162976057
    endloop
  endfacet
  facet normal -0.48175367410171455 -0.8464472540039996 -0.22680485814591309
    outer loop
      vertex 2.8740102180642406 6.675928908845671 0.6829812186225341
      vertex 3.6168308661082276 6.281474641728977 0.5772875162976057
      vertex 3.6168308661082276 3.4862289546217538 11.009286440219542
    endloop
  endfacet
  facet normal -0.36812455268467825 -0.8980951203957553 -0.2406438622363745
    outer loop
      vertex 2.085864712030895 6.977344981920055 0.7637454119885756
      vertex 2.8740102180642406 6.675928908845671 0.6829812186225341
      vertex 2.8740102180642406 3.8806832217384466 11.114980142544473
    endloop
  endfacet
  facet normal 0 -0.9659258262890682 -0.25881904510252074
    outer loop
      vertex -0.4238360068228646 7.283590733438225 0.8458037137933316
      vertex 0.4238360068228646 7.283590733438225 0.8458037137933316
      vertex 0.4238360068228646 4.488345046331001 11.277802637715268
    endloop
  endfacet
  facet normal -0.12533323356430398 -0.9583092126407192 -0.2567781796263858
    outer loop
      vertex 0.4238360068228646 7.283590733438225 0.8458037137933316
      vertex 1.2648238734536408 7.1809693494225115 0.8183063968201572
      vertex 1.2648238734536408 4.3857236623152875 11.250305320742093
    endloop
  endfacet
  facet normal -0.9822872507286885 -0.18099645112234908 -0.0484978529111326
    outer loop
      vertex 6.696774233872726 1.4117413362918052 0
      vertex 6.696774233872726 -1.2016159532531123 9.753182182912123
      vertex 6.53793633761826 -0.3973306547408906 9.968689779132696
    endloop
  endfacet
  facet normal -0.9510565162951534 -0.29848749562898585 -0.07997948340457502
    outer loop
      vertex 6.53793633761826 2.2737717211741018 0
      vertex 6.53793633761826 -0.3973306547408906 9.968689779132696
      vertex 6.275991279745696 0.38138328412271694 10.177345550186057
    endloop
  endfacet
  facet normal -0.9048270524660199 -0.411271214021766 -0.11019978966729962
    outer loop
      vertex 6.275991279745696 3.108394805387551 0
      vertex 6.275991279745696 0.38138328412271694 10.177345550186057
      vertex 5.915070090296079 1.1222450793406726 10.375858869917781
    endloop
  endfacet
  facet normal -0.8443279255020153 -0.5175689396879102 -0.13868217941680797
    outer loop
      vertex 5.915070090296079 3.902448084314443 0
      vertex 5.915070090296079 1.1222450793406726 10.375858869917781
      vertex 5.4608647120308955 1.8135708978330038 10.561099064689587
    endloop
  endfacet
  facet normal -0.7705132427757895 -0.6157042939944773 -0.16497746835219476
    outer loop
      vertex 4.920538235094528 5.239703805571286 0.298145862050857
      vertex 5.4608647120308955 1.8135708978330038 10.561099064689587
      vertex 4.920538235094528 2.4444581184640617 10.730144785972795
    endloop
  endfacet
  facet normal -0.6845471059286885 -0.7041296237808352 -0.18867096405890502
    outer loop
      vertex 4.302611930803656 5.80020295999796 0.4483311578378113
      vertex 4.920538235094528 2.4444581184640617 10.730144785972795
      vertex 4.302611930803656 3.0049572728907363 10.880330081759748
    endloop
  endfacet
  facet normal -0.4817536741017144 -0.8464472540039997 -0.22680485814591309
    outer loop
      vertex 2.8740102180642406 6.675928908845671 0.6829812186225341
      vertex 3.6168308661082276 3.4862289546217538 11.009286440219542
      vertex 2.8740102180642406 3.8806832217384466 11.114980142544473
    endloop
  endfacet
  facet normal -0.5877852522924735 -0.7814504087735193 -0.20938900595583518
    outer loop
      vertex 3.6168308661082276 6.281474641728977 0.5772875162976057
      vertex 4.302611930803656 3.0049572728907363 10.880330081759748
      vertex 3.6168308661082276 3.4862289546217538 11.009286440219542
    endloop
  endfacet
  facet normal -0.1253332335643043 -0.9583092126407192 -0.2567781796263858
    outer loop
      vertex 0.4238360068228646 7.283590733438225 0.8458037137933316
      vertex 1.2648238734536408 4.3857236623152875 11.250305320742093
      vertex 0.4238360068228646 4.488345046331001 11.277802637715268
    endloop
  endfacet
  facet normal -0.2486898871648544 -0.9355794902428508 -0.25068776886569333
    outer loop
      vertex 1.2648238734536408 7.1809693494225115 0.8183063968201572
      vertex 2.085864712030895 4.182099294812831 11.195744335910513
      vertex 1.2648238734536408 4.3857236623152875 11.250305320742093
    endloop
  endfacet
  facet normal -0.3681245526846781 -0.8980951203957553 -0.2406438622363745
    outer loop
      vertex 2.085864712030895 6.977344981920055 0.7637454119885756
      vertex 2.8740102180642406 3.8806832217384466 11.114980142544473
      vertex 2.085864712030895 4.182099294812831 11.195744335910513
    endloop
  endfacet
  facet normal 0 0 -1
    outer loop
      vertex -4.302611930803655 -4.848536161957822 0
      vertex -4.688484456066222 -7.112586775251588 0
      vertex -5.577459910301035 -6.443924175830434 0
    endloop
  endfacet
  facet normal 0 0 -1
    outer loop
      vertex -4.302611930803655 -4.848536161957822 0
      vertex -5.577459910301035 -6.443924175830434 0
      vertex -6.378475489937352 -5.66518560508326 0
    endloop
  endfacet
  facet normal 0 0 -1
    outer loop
      vertex -3.616830866108228 -5.364361595796997 0
      vertex -1.6395865026250922 -8.36231430388704 0
      vertex -2.7038987007807895 -8.079405493649212 0
    endloop
  endfacet
  facet normal 0 0 -1
    outer loop
      vertex -3.616830866108228 -5.364361595796997 0
      vertex -2.7038987007807895 -8.079405493649212 0
      vertex -3.7255688011943837 -7.660628194714182 0
    endloop
  endfacet
  facet normal 0 0 -1
    outer loop
      vertex -3.616830866108228 -5.364361595796997 0
      vertex -3.7255688011943837 -7.660628194714182 0
      vertex -4.688484456066222 -7.112586775251588 0
    endloop
  endfacet
  facet normal 0 0 -1
    outer loop
      vertex -3.616830866108228 -5.364361595796997 0
      vertex -0.5494170458814954 -8.504892984488688 0
      vertex -1.6395865026250922 -8.36231430388704 0
    endloop
  endfacet
  facet normal 0 0 -1
    outer loop
      vertex -2.085864712030895 -6.110193178560878 0
      vertex 0.5494170458814954 -8.504892984488688 0
      vertex -0.5494170458814954 -8.504892984488688 0
    endloop
  endfacet
  facet normal 0 0 -1
    outer loop
      vertex -2.874010218064239 -5.787136405096713 0
      vertex -2.085864712030895 -6.110193178560878 0
      vertex -0.5494170458814954 -8.504892984488688 0
    endloop
  endfacet
  facet normal 0 0 -1
    outer loop
      vertex -1.2648238734536426 -6.328437117887202 0
      vertex 0.5494170458814954 -8.504892984488688 0
      vertex -2.085864712030895 -6.110193178560878 0
    endloop
  endfacet
  facet normal 0 0 -1
    outer loop
      vertex -1.2648238734536426 -6.328437117887202 0
      vertex -0.4238360068228679 -6.438426385779902 0
      vertex 0.5494170458814954 -8.504892984488688 0
    endloop
  endfacet
  facet normal 0 0 -1
    outer loop
      vertex -3.616830866108228 -5.364361595796997 0
      vertex -2.874010218064239 -5.787136405096713 0
      vertex -0.5494170458814954 -8.504892984488688 0
    endloop
  endfacet
  facet normal 0 0 -1
    outer loop
      vertex -4.302611930803655 -4.848536161957822 0
      vertex -3.616830866108228 -5.364361595796997 0
      vertex -4.688484456066222 -7.112586775251588 0
    endloop
  endfacet
  facet normal 0 0 -1
    outer loop
      vertex -4.920538235094528 -4.247794978810001 0
      vertex -4.302611930803655 -4.848536161957822 0
      vertex -6.378475489937352 -5.66518560508326 0
    endloop
  endfacet
  facet normal 0 0 -1
    outer loop
      vertex -5.4608647120308955 -3.571612093677173 0
      vertex -6.378475489937352 -5.66518560508326 0
      vertex -7.07889870078079 -4.78865223546663 0
    endloop
  endfacet
  facet normal 0 0 -1
    outer loop
      vertex -4.920538235094528 -4.247794978810001 0
      vertex -6.378475489937352 -5.66518560508326 0
      vertex -5.4608647120308955 -3.571612093677173 0
    endloop
  endfacet
  facet normal 0 0 -1
    outer loop
      vertex -5.915070090296078 -2.830651314589953 0
      vertex -7.07889870078079 -4.78865223546663 0
      vertex -7.667683450383805 -3.8281475218350485 0
    endloop
  endfacet
  facet normal 0 0 -1
    outer loop
      vertex -5.915070090296078 -2.830651314589953 0
      vertex -7.667683450383805 -3.8281475218350485 0
      vertex -8.1355442515222 -2.798819197300187 0
    endloop
  endfacet
  facet normal 0 0 -1
    outer loop
      vertex -5.4608647120308955 -3.571612093677173 0
      vertex -7.07889870078079 -4.78865223546663 0
      vertex -5.915070090296078 -2.830651314589953 0
    endloop
  endfacet
  facet normal 0 0 -1
    outer loop
      vertex -6.275991279745697 -2.0365980356630593 0
      vertex -5.915070090296078 -2.830651314589953 0
      vertex -8.1355442515222 -2.798819197300187 0
    endloop
  endfacet
  facet normal 0 0 -1
    outer loop
      vertex -6.696774233872726 -0.339944566567313 0
      vertex -8.1355442515222 -2.798819197300187 0
      vertex -8.475102659875521 -1.7169003844309028 0
    endloop
  endfacet
  facet normal 0 0 -1
    outer loop
      vertex -6.275991279745697 -2.0365980356630593 0
      vertex -8.1355442515222 -2.798819197300187 0
      vertex -6.53793633761826 -1.2019749514496116 0
    endloop
  endfacet
  facet normal 0 0 -1
    outer loop
      vertex -6.696774233872726 -0.339944566567313 0
      vertex -8.475102659875521 -1.7169003844309028 0
      vertex -8.681003636501682 -0.5994535892131081 0
    endloop
  endfacet
  facet normal 0 0 -1
    outer loop
      vertex -6.53793633761826 -1.2019749514496116 0
      vertex -8.1355442515222 -2.798819197300187 0
      vertex -6.696774233872726 -0.339944566567313 0
    endloop
  endfacet
  facet normal 0 0 -1
    outer loop
      vertex -6.696774233872726 -0.339944566567313 0
      vertex -8.681003636501682 -0.5994535892131081 0
      vertex -6.75 0.5358983848622453 0
    endloop
  endfacet
  facet normal 0 0 -1
    outer loop
      vertex -6.696774233872726 1.4117413362918037 0
      vertex -8.681003636501682 -0.5994535892131081 0
      vertex -8.75 0.5358983848622453 0
    endloop
  endfacet
  facet normal 0 0 -1
    outer loop
      vertex -6.75 0.5358983848622453 0
      vertex -8.681003636501682 -0.5994535892131081 0
      vertex -6.696774233872726 1.4117413362918037 0
    endloop
  endfacet
  facet normal 0 0 -1
    outer loop
      vertex -6.696774233872726 1.4117413362918037 0
      vertex -8.75 0.5358983848622453 0
      vertex -6.53793633761826 2.273771721174102 0
    endloop
  endfacet
  facet normal 0 0 -1
    outer loop
      vertex -5.915070090296078 3.9024480843144436 0
      vertex -8.75 0.5358983848622453 0
      vertex -8.681003636501682 1.6712503589375987 0
    endloop
  endfacet
  facet normal 0 0 -1
    outer loop
      vertex -6.53793633761826 2.273771721174102 0
      vertex -8.75 0.5358983848622453 0
      vertex -6.275991279745697 3.10839480538755 0
    endloop
  endfacet
  facet normal 0 0 -1
    outer loop
      vertex -5.915070090296078 3.9024480843144436 0
      vertex -8.681003636501682 1.6712503589375987 0
      vertex -8.475102659875521 2.7886971541553933 0
    endloop
  endfacet
  facet normal 0 0 -1
    outer loop
      vertex -6.275991279745697 3.10839480538755 0
      vertex -8.75 0.5358983848622453 0
      vertex -5.915070090296078 3.9024480843144436 0
    endloop
  endfacet
  facet normal 0 0 -1
    outer loop
      vertex -5.915070090296078 3.9024480843144436 0
      vertex -8.475102659875521 2.7886971541553933 0
      vertex -8.1355442515222 3.870615967024677 0
    endloop
  endfacet
  facet normal 0 0 -1
    outer loop
      vertex -5.915070090296078 3.9024480843144436 0
      vertex -8.1355442515222 3.870615967024677 0
      vertex -7.66777223385588 4.899748961362321 0
    endloop
  endfacet
  facet normal 0 0 -1
    outer loop
      vertex -5.915070090296078 3.9024480843144436 0
      vertex -7.66777223385588 4.899748961362321 0
      vertex -5.777415762647603 4.127008300331067 0
    endloop
  endfacet
  facet normal 0 0 -1
    outer loop
      vertex -5.777415762647603 4.127008300331067 0
      vertex -7.66777223385588 4.899748961362321 0
      vertex 5.777415762647604 4.127008300331067 0
    endloop
  endfacet
  facet normal 0 0 -1
    outer loop
      vertex -0.4238360068228679 -6.438426385779902 0
      vertex 1.6395865026250922 -8.36231430388704 0
      vertex 0.5494170458814954 -8.504892984488688 0
    endloop
  endfacet
  facet normal 0 0 -1
    outer loop
      vertex 1.2648238734536426 -6.328437117887202 0
      vertex 2.7038987007807895 -8.079405493649212 0
      vertex 1.6395865026250922 -8.36231430388704 0
    endloop
  endfacet
  facet normal 0 0 -1
    outer loop
      vertex -0.4238360068228679 -6.438426385779902 0
      vertex 0.4238360068228679 -6.438426385779902 0
      vertex 1.6395865026250922 -8.36231430388704 0
    endloop
  endfacet
  facet normal 0 0 -1
    outer loop
      vertex 0.4238360068228679 -6.438426385779902 0
      vertex 1.2648238734536426 -6.328437117887202 0
      vertex 1.6395865026250922 -8.36231430388704 0
    endloop
  endfacet
  facet normal 0 0 -1
    outer loop
      vertex 1.2648238734536426 -6.328437117887202 0
      vertex 3.7255688011943837 -7.660628194714182 0
      vertex 2.7038987007807895 -8.079405493649212 0
    endloop
  endfacet
  facet normal 0 0 -1
    outer loop
      vertex 1.2648238734536426 -6.328437117887202 0
      vertex 2.085864712030895 -6.110193178560878 0
      vertex 3.7255688011943837 -7.660628194714182 0
    endloop
  endfacet
  facet normal 0 0 -1
    outer loop
      vertex 3.6168308661082245 -5.364361595797 0
      vertex 4.688484456066217 -7.112586775251591 0
      vertex 3.7255688011943837 -7.660628194714182 0
    endloop
  endfacet
  facet normal 0 0 -1
    outer loop
      vertex 2.085864712030895 -6.110193178560878 0
      vertex 2.874010218064239 -5.787136405096713 0
      vertex 3.7255688011943837 -7.660628194714182 0
    endloop
  endfacet
  facet normal 0 0 -1
    outer loop
      vertex 2.874010218064239 -5.787136405096713 0
      vertex 3.6168308661082245 -5.364361595797 0
      vertex 3.7255688011943837 -7.660628194714182 0
    endloop
  endfacet
  facet normal 0 0 -1
    outer loop
      vertex 3.6168308661082245 -5.364361595797 0
      vertex 5.577459910301037 -6.443924175830432 0
      vertex 4.688484456066217 -7.112586775251591 0
    endloop
  endfacet
  facet normal 0 0 -1
    outer loop
      vertex 3.6168308661082245 -5.364361595797 0
      vertex 4.302611930803657 -4.84853616195782 0
      vertex 5.577459910301037 -6.443924175830432 0
    endloop
  endfacet
  facet normal 0 0 -1
    outer loop
      vertex 4.920538235094528 -4.247794978810001 0
      vertex 6.378475489937352 -5.66518560508326 0
      vertex 5.577459910301037 -6.443924175830432 0
    endloop
  endfacet
  facet normal 0 0 -1
    outer loop
      vertex 4.302611930803657 -4.84853616195782 0
      vertex 4.920538235094528 -4.247794978810001 0
      vertex 5.577459910301037 -6.443924175830432 0
    endloop
  endfacet
  facet normal 0 0 -1
    outer loop
      vertex 4.920538235094528 -4.247794978810001 0
      vertex 7.07889870078079 -4.78865223546663 0
      vertex 6.378475489937352 -5.66518560508326 0
    endloop
  endfacet
  facet normal 0 0 -1
    outer loop
      vertex 4.920538235094528 -4.247794978810001 0
      vertex 5.4608647120308955 -3.571612093677173 0
      vertex 7.07889870078079 -4.78865223546663 0
    endloop
  endfacet
  facet normal 0 0 -1
    outer loop
      vertex 5.4608647120308955 -3.571612093677173 0
      vertex 7.667683450383805 -3.8281475218350485 0
      vertex 7.07889870078079 -4.78865223546663 0
    endloop
  endfacet
  facet normal 0 0 -1
    outer loop
      vertex 5.4608647120308955 -3.571612093677173 0
      vertex 5.915070090296078 -2.830651314589953 0
      vertex 7.667683450383805 -3.8281475218350485 0
    endloop
  endfacet
  facet normal 0 0 -1
    outer loop
      vertex 5.915070090296078 -2.830651314589953 0
      vertex 8.135544251522198 -2.7988191973001917 0
      vertex 7.667683450383805 -3.8281475218350485 0
    endloop
  endfacet
  facet normal 0 0 -1
    outer loop
      vertex 5.915070090296078 -2.830651314589953 0
      vertex 8.475102659875523 -1.7169003844308988 0
      vertex 8.135544251522198 -2.7988191973001917 0
    endloop
  endfacet
  facet normal 0 0 -1
    outer loop
      vertex 5.915070090296078 -2.830651314589953 0
      vertex 8.681003636501682 -0.5994535892131082 0
      vertex 8.475102659875523 -1.7169003844308988 0
    endloop
  endfacet
  facet normal 0 0 -1
    outer loop
      vertex 5.915070090296078 -2.830651314589953 0
      vertex 6.275991279745696 -2.0365980356630633 0
      vertex 8.75 0.5358983848622453 0
    endloop
  endfacet
  facet normal 0 0 -1
    outer loop
      vertex 6.275991279745696 -2.0365980356630633 0
      vertex 6.537936337618261 -1.2019749514496088 0
      vertex 8.75 0.5358983848622453 0
    endloop
  endfacet
  facet normal 0 0 -1
    outer loop
      vertex 5.915070090296078 -2.830651314589953 0
      vertex 8.75 0.5358983848622453 0
      vertex 8.681003636501682 -0.5994535892131082 0
    endloop
  endfacet
  facet normal 0 0 -1
    outer loop
      vertex 6.537936337618261 -1.2019749514496088 0
      vertex 6.696774233872726 -0.339944566567313 0
      vertex 8.75 0.5358983848622453 0
    endloop
  endfacet
  facet normal 0 0 -1
    outer loop
      vertex 6.696774233872726 -0.339944566567313 0
      vertex 6.75 0.5358983848622453 0
      vertex 8.681003636501682 1.6712503589376004 0
    endloop
  endfacet
  facet normal 0 0 -1
    outer loop
      vertex 6.696774233872726 -0.339944566567313 0
      vertex 8.681003636501682 1.6712503589376004 0
      vertex 8.75 0.5358983848622453 0
    endloop
  endfacet
  facet normal 0 0 -1
    outer loop
      vertex 6.75 0.5358983848622453 0
      vertex 6.696774233872726 1.4117413362918052 0
      vertex 8.681003636501682 1.6712503589376004 0
    endloop
  endfacet
  facet normal 0 0 -1
    outer loop
      vertex 6.696774233872726 1.4117413362918052 0
      vertex 8.475102659875521 2.788697154155393 0
      vertex 8.681003636501682 1.6712503589376004 0
    endloop
  endfacet
  facet normal 0 0 -1
    outer loop
      vertex 5.777415762647604 4.127008300331067 0
      vertex -7.66777223385588 4.899748961362321 0
      vertex 7.667772233855881 4.899748961362321 0
    endloop
  endfacet
  facet normal 0 0 -1
    outer loop
      vertex 6.696774233872726 1.4117413362918052 0
      vertex 6.53793633761826 2.2737717211741018 0
      vertex 8.1355442515222 3.8706159670246785 0
    endloop
  endfacet
  facet normal 0 0 -1
    outer loop
      vertex 6.696774233872726 1.4117413362918052 0
      vertex 8.1355442515222 3.8706159670246785 0
      vertex 8.475102659875521 2.788697154155393 0
    endloop
  endfacet
  facet normal 0 0 -1
    outer loop
      vertex 6.53793633761826 2.2737717211741018 0
      vertex 6.275991279745696 3.108394805387551 0
      vertex 8.1355442515222 3.8706159670246785 0
    endloop
  endfacet
  facet normal 0 0 -1
    outer loop
      vertex 5.915070090296079 3.902448084314443 0
      vertex 5.777415762647604 4.127008300331067 0
      vertex 7.667772233855881 4.899748961362321 0
    endloop
  endfacet
  facet normal 0 0 -1
    outer loop
      vertex 5.915070090296079 3.902448084314443 0
      vertex 7.667772233855881 4.899748961362321 0
      vertex 6.275991279745696 3.108394805387551 0
    endloop
  endfacet
  facet normal 0 0 -1
    outer loop
      vertex 6.275991279745696 3.108394805387551 0
      vertex 7.667772233855881 4.899748961362321 0
      vertex 8.1355442515222 3.8706159670246785 0
    endloop
  endfacet
endsolid OpenSCAD_Model
